service,method,external_route,internal_route,controller,handler,file,line,permissions,guard,public,body_dto,params,query,mounted,in_baseline,web_callers,ctrl_writes,ctrl_reads,ctrl_tx,ctrl_events
iam,GET,/api/iam/workspace/ai-settings,/api/workspace/ai-settings,AiSettingsController,status,apps/iam/src/modules/ai-settings/ai-settings.controller.ts,20,iam.security.manage,PermissionsGuard,False,,,,True,True,1,aiProviderSetting auditLog,,True,False
iam,PUT,/api/iam/workspace/ai-settings,/api/workspace/ai-settings,AiSettingsController,save,apps/iam/src/modules/ai-settings/ai-settings.controller.ts,26,iam.security.manage,PermissionsGuard,False,SaveAiSettingsDto,,,True,True,1,aiProviderSetting auditLog,,True,False
iam,POST,/api/iam/workspace/ai-settings/discover,/api/workspace/ai-settings/discover,AiSettingsController,discover,apps/iam/src/modules/ai-settings/ai-settings.controller.ts,33,iam.security.manage,PermissionsGuard,False,DiscoverAiModelsDto,,,True,True,0,aiProviderSetting auditLog,,True,False
iam,POST,/api/iam/workspace/ai-settings/test,/api/workspace/ai-settings/test,AiSettingsController,test,apps/iam/src/modules/ai-settings/ai-settings.controller.ts,41,iam.security.manage,PermissionsGuard,False,,,,True,True,0,aiProviderSetting auditLog,,True,False
iam,GET,/api/iam/audit,/api/audit,AuditController,query,apps/iam/src/modules/audit/audit.controller.ts,11,iam.audit.read,PermissionsGuard,False,,,user_id entity from to,True,True,1,,auditLog,False,False
iam,POST,/api/iam/auth/login,/api/auth/login,AuthController,login,apps/iam/src/modules/auth/auth.controller.ts,21,,Public,True,LoginDto,,,True,True,0,auditLog session user,securityPolicy,False,False
iam,POST,/api/iam/auth/refresh,/api/auth/refresh,AuthController,refresh,apps/iam/src/modules/auth/auth.controller.ts,38,,Public,True,RefreshDto,,,True,True,0,auditLog session user,securityPolicy,False,False
iam,GET,/api/iam/auth/session-check,/api/auth/session-check,AuthController,session,apps/iam/src/modules/auth/auth.controller.ts,52,,Public,True,,,,True,True,1,auditLog session user,securityPolicy,False,False
iam,POST,/api/iam/auth/extend,/api/auth/extend,AuthController,extend,apps/iam/src/modules/auth/auth.controller.ts,60,,Public,True,RefreshDto,,,True,True,1,auditLog session user,securityPolicy,False,False
iam,POST,/api/iam/auth/logout,/api/auth/logout,AuthController,logout,apps/iam/src/modules/auth/auth.controller.ts,65,,Public,True,RefreshDto,,,True,True,0,auditLog session user,securityPolicy,False,False
iam,POST,/api/iam/auth/change-password,/api/auth/change-password,AuthController,changePassword,apps/iam/src/modules/auth/auth.controller.ts,71,iam.users.update,JwtAuthGuard only,False,ChangePasswordDto,,,True,True,0,auditLog session user,securityPolicy,False,False
iam,GET,/api/iam/notifications,/api/notifications,NotificationsController,list,apps/iam/src/modules/notifications/notifications.controller.ts,22,notifications.read,PermissionsGuard,False,,,,True,True,1,notification user,userRole,True,False
iam,GET,/api/iam/notifications/unread-count,/api/notifications/unread-count,NotificationsController,unread,apps/iam/src/modules/notifications/notifications.controller.ts,31,notifications.read,PermissionsGuard,False,,,,True,True,1,notification user,userRole,True,False
iam,GET,/api/iam/notifications/catalogue,/api/notifications/catalogue,NotificationsController,catalogue,apps/iam/src/modules/notifications/notifications.controller.ts,36,notifications.send,PermissionsGuard,False,,,,True,True,1,notification user,userRole,True,False
iam,GET,/api/iam/notifications/preferences,/api/notifications/preferences,NotificationsController,preferences,apps/iam/src/modules/notifications/notifications.controller.ts,41,notifications.read,PermissionsGuard,False,,,,True,True,1,notification user,userRole,True,False
iam,PATCH,/api/iam/notifications/preferences,/api/notifications/preferences,NotificationsController,updatePreferences,apps/iam/src/modules/notifications/notifications.controller.ts,46,notifications.read,PermissionsGuard,False,UpdateNotificationPreferencesDto,,,True,True,1,notification user,userRole,True,False
iam,POST,/api/iam/notifications/read-all,/api/notifications/read-all,NotificationsController,readAll,apps/iam/src/modules/notifications/notifications.controller.ts,51,notifications.read,PermissionsGuard,False,,,,True,True,1,notification user,userRole,True,False
iam,POST,/api/iam/notifications/:id/read,/api/notifications/:id/read,NotificationsController,markRead,apps/iam/src/modules/notifications/notifications.controller.ts,56,notifications.read,PermissionsGuard,False,,id,,True,True,1,notification user,userRole,True,False
iam,POST,/api/iam/notifications,/api/notifications,NotificationsController,send,apps/iam/src/modules/notifications/notifications.controller.ts,62,notifications.send,PermissionsGuard,False,SendNotificationDto,,,True,True,1,notification user,userRole,True,False
iam,POST,/api/iam/notifications/broadcast,/api/notifications/broadcast,NotificationsController,broadcast,apps/iam/src/modules/notifications/notifications.controller.ts,72,notifications.bulk.send,PermissionsGuard,False,BroadcastNotificationDto,,,True,True,1,notification user,userRole,True,False
iam,POST,/api/iam/notifications/dispatch,/api/notifications/dispatch,NotificationsController,dispatch,apps/iam/src/modules/notifications/notifications.controller.ts,84,notifications.send,PermissionsGuard,False,,,limit,True,True,1,notification user,userRole,True,False
iam,GET,/api/iam/notifications/channels,/api/notifications/channels,NotificationsController,channels,apps/iam/src/modules/notifications/notifications.controller.ts,94,notifications.send,PermissionsGuard,False,,,,True,True,1,notification user,userRole,True,False
iam,GET,/api/iam/notifications/queue-stats,/api/notifications/queue-stats,NotificationsController,queueStats,apps/iam/src/modules/notifications/notifications.controller.ts,100,notifications.send,PermissionsGuard,False,,,,True,True,1,notification user,userRole,True,False
iam,GET,/api/iam/permissions,/api/permissions,PermissionsController,list,apps/iam/src/modules/permissions/permissions.controller.ts,11,iam.permissions.read,PermissionsGuard,False,,,domain,True,True,0,,permission,False,False
iam,GET,/api/iam/roles,/api/roles,RolesController,list,apps/iam/src/modules/roles/roles.controller.ts,15,iam.roles.read,PermissionsGuard,False,,,,True,True,0,role rolePermission,permission userRole,True,True
iam,GET,/api/iam/roles/:id,/api/roles/:id,RolesController,get,apps/iam/src/modules/roles/roles.controller.ts,21,iam.roles.read,PermissionsGuard,False,,id,,True,True,0,role rolePermission,permission userRole,True,True
iam,POST,/api/iam/roles,/api/roles,RolesController,create,apps/iam/src/modules/roles/roles.controller.ts,27,iam.roles.create,PermissionsGuard,False,CreateRoleDto,,,True,True,0,role rolePermission,permission userRole,True,True
iam,POST,/api/iam/roles/:id/permissions,/api/roles/:id/permissions,RolesController,assign,apps/iam/src/modules/roles/roles.controller.ts,33,iam.roles.update,PermissionsGuard,False,AssignPermissionsDto,id,,True,True,0,role rolePermission,permission userRole,True,True
iam,PATCH,/api/iam/roles/:id,/api/roles/:id,RolesController,update,apps/iam/src/modules/roles/roles.controller.ts,44,iam.roles.update,PermissionsGuard,False,UpdateRoleDto,id,,True,True,0,role rolePermission,permission userRole,True,True
iam,DELETE,/api/iam/roles/:id,/api/roles/:id,RolesController,remove,apps/iam/src/modules/roles/roles.controller.ts,50,iam.roles.delete,PermissionsGuard,False,,id,,True,True,0,role rolePermission,permission userRole,True,True
iam,DELETE,/api/iam/roles/:id/permissions/:code,/api/roles/:id/permissions/:code,RolesController,revokePermission,apps/iam/src/modules/roles/roles.controller.ts,56,iam.roles.update,PermissionsGuard,False,,id code,,True,True,0,role rolePermission,permission userRole,True,True
iam,POST,/api/iam/signatures/create,/api/signatures/create,SignaturesController,create,apps/iam/src/modules/signatures/signatures.controller.ts,14,iam.signatures.create,PermissionsGuard,False,CreateSignatureDto,,,True,True,0,electronicSignature,,False,False
iam,POST,/api/iam/signatures/verify,/api/signatures/verify,SignaturesController,verify,apps/iam/src/modules/signatures/signatures.controller.ts,20,iam.signatures.read,PermissionsGuard,False,VerifySignatureDto,,,True,True,0,electronicSignature,,False,False
iam,GET,/api/iam/signatures/:id,/api/signatures/:id,SignaturesController,get,apps/iam/src/modules/signatures/signatures.controller.ts,26,iam.signatures.read,PermissionsGuard,False,,id,,True,True,0,electronicSignature,,False,False
iam,GET,/api/iam/sod/rules,/api/sod/rules,SodController,getRules,apps/iam/src/modules/sod/sod.controller.ts,15,iam.roles.read,PermissionsGuard,False,,,,True,True,0,,role user,False,False
iam,GET,/api/iam/sod/scan,/api/sod/scan,SodController,scanViolations,apps/iam/src/modules/sod/sod.controller.ts,21,iam.roles.manage,PermissionsGuard,False,,,,True,True,0,,role user,False,False
iam,GET,/api/iam/sod/evaluate/:userId/:roleId,/api/sod/evaluate/:userId/:roleId,SodController,evaluateAssignment,apps/iam/src/modules/sod/sod.controller.ts,27,iam.roles.read,PermissionsGuard,False,,userId roleId,,True,True,0,,role user,False,False
iam,GET,/api/iam/users,/api/users,UsersController,list,apps/iam/src/modules/users/users.controller.ts,15,iam.users.read,PermissionsGuard,False,,,,True,True,0,session user userRole,role,True,True
iam,GET,/api/iam/users/account-assignees,/api/users/account-assignees,UsersController,accountAssignees,apps/iam/src/modules/users/users.controller.ts,21,crm.accounts.read,PermissionsGuard,False,,,q id,True,True,3,session user userRole,role,True,True
iam,GET,/api/iam/users/:id,/api/users/:id,UsersController,get,apps/iam/src/modules/users/users.controller.ts,27,iam.users.read,PermissionsGuard,False,,id,,True,True,3,session user userRole,role,True,True
iam,POST,/api/iam/users,/api/users,UsersController,create,apps/iam/src/modules/users/users.controller.ts,33,iam.users.create,PermissionsGuard,False,CreateUserDto,,,True,True,0,session user userRole,role,True,True
iam,PATCH,/api/iam/users/:id,/api/users/:id,UsersController,update,apps/iam/src/modules/users/users.controller.ts,43,iam.users.update,PermissionsGuard,False,UpdateUserDto,id,,True,True,3,session user userRole,role,True,True
iam,DELETE,/api/iam/users/:id,/api/users/:id,UsersController,remove,apps/iam/src/modules/users/users.controller.ts,49,iam.users.delete,PermissionsGuard,False,,id,,True,True,3,session user userRole,role,True,True
iam,POST,/api/iam/users/:id/roles,/api/users/:id/roles,UsersController,assignRole,apps/iam/src/modules/users/users.controller.ts,55,iam.users.roles.manage,PermissionsGuard,False,AssignRoleDto,id,,True,True,0,session user userRole,role,True,True
iam,DELETE,/api/iam/users/:id/roles/:roleId,/api/users/:id/roles/:roleId,UsersController,removeRole,apps/iam/src/modules/users/users.controller.ts,66,iam.users.roles.manage,PermissionsGuard,False,,id roleId,,True,True,0,session user userRole,role,True,True
iam,GET,/api/iam/workspace/session-policy,/api/workspace/session-policy,WorkspaceController,policy,apps/iam/src/modules/workspace/workspace.controller.ts,41,iam.security.manage,PermissionsGuard,False,,,,True,True,2,auditLog securityPolicy session workspaceDraft,aiProviderSetting,True,False
iam,PUT,/api/iam/workspace/session-policy,/api/workspace/session-policy,WorkspaceController,updatePolicy,apps/iam/src/modules/workspace/workspace.controller.ts,47,iam.security.manage,PermissionsGuard,False,PolicyDto,,,True,True,2,auditLog securityPolicy session workspaceDraft,aiProviderSetting,True,False
iam,GET,/api/iam/workspace/drafts/:namespace/:key,/api/workspace/drafts/:namespace/:key,WorkspaceController,draft,apps/iam/src/modules/workspace/workspace.controller.ts,53,workspace.drafts.manage,PermissionsGuard,False,,namespace key,,True,True,2,auditLog securityPolicy session workspaceDraft,aiProviderSetting,True,False
iam,PUT,/api/iam/workspace/drafts/:namespace/:key,/api/workspace/drafts/:namespace/:key,WorkspaceController,save,apps/iam/src/modules/workspace/workspace.controller.ts,63,workspace.drafts.manage,PermissionsGuard,False,DraftDto,namespace key,,True,True,2,auditLog securityPolicy session workspaceDraft,aiProviderSetting,True,False
iam,POST,/api/iam/workspace/copilot,/api/workspace/copilot,WorkspaceController,explain,apps/iam/src/modules/workspace/workspace.controller.ts,80,copilot.read,PermissionsGuard,False,CopilotDto,,,True,True,2,auditLog securityPolicy session workspaceDraft,aiProviderSetting,True,False
iam,GET,/api/iam/workspace/copilot/tools,/api/workspace/copilot/tools,WorkspaceController,listTools,apps/iam/src/modules/workspace/workspace.controller.ts,95,copilot.read,PermissionsGuard,False,,,,True,True,0,auditLog securityPolicy session workspaceDraft,aiProviderSetting,True,False
iam,GET,/api/iam/workspace/copilot/ai-health,/api/workspace/copilot/ai-health,WorkspaceController,aiHealth,apps/iam/src/modules/workspace/workspace.controller.ts,101,copilot.read,PermissionsGuard,False,,,,True,True,0,auditLog securityPolicy session workspaceDraft,aiProviderSetting,True,False
iam,POST,/api/iam/workspace/copilot/tools/draft,/api/workspace/copilot/tools/draft,WorkspaceController,draftTool,apps/iam/src/modules/workspace/workspace.controller.ts,108,copilot.read,PermissionsGuard,False,CopilotToolCallDto,,,True,True,0,auditLog securityPolicy session workspaceDraft,aiProviderSetting,True,False
iam,POST,/api/iam/workspace/copilot/tools/execute,/api/workspace/copilot/tools/execute,WorkspaceController,executeTool,apps/iam/src/modules/workspace/workspace.controller.ts,123,copilot.read,PermissionsGuard,False,CopilotToolExecuteDto,,,True,True,1,auditLog securityPolicy session workspaceDraft,aiProviderSetting,True,False
organization,GET,/api/org/attendance/report,/api/attendance/report,AttendanceController,report,apps/organization/src/modules/attendance/attendance.controller.ts,21,org.attendance.read,PermissionsGuard,False,,,employeeId from to,True,True,0,attendanceRecord leaveBalance leaveRequest,employee,False,False
organization,GET,/api/org/attendance/leaves,/api/attendance/leaves,AttendanceController,leaves,apps/organization/src/modules/attendance/attendance.controller.ts,31,org.leaves.read,PermissionsGuard,False,,,employeeId status leaveType,True,True,0,attendanceRecord leaveBalance leaveRequest,employee,False,False
organization,GET,/api/org/attendance/leaves/balance/:employeeId,/api/attendance/leaves/balance/:employeeId,AttendanceController,balance,apps/organization/src/modules/attendance/attendance.controller.ts,41,org.leaves.read,PermissionsGuard,False,,employeeId,fiscalYear,True,True,0,attendanceRecord leaveBalance leaveRequest,employee,False,False
organization,GET,/api/org/attendance/tax-calc,/api/attendance/tax-calc,AttendanceController,taxCalc,apps/organization/src/modules/attendance/attendance.controller.ts,53,org.attendance.read,PermissionsGuard,False,,,salary unpaidDays,True,True,0,attendanceRecord leaveBalance leaveRequest,employee,False,False
organization,POST,/api/org/attendance/record,/api/attendance/record,AttendanceController,record,apps/organization/src/modules/attendance/attendance.controller.ts,65,org.attendance.record,PermissionsGuard,False,RecordAttendanceDto,,,True,True,0,attendanceRecord leaveBalance leaveRequest,employee,False,False
organization,POST,/api/org/attendance/leaves/apply,/api/attendance/leaves/apply,AttendanceController,applyLeave,apps/organization/src/modules/attendance/attendance.controller.ts,71,org.leaves.apply,PermissionsGuard,False,ApplyLeaveDto,,,True,True,0,attendanceRecord leaveBalance leaveRequest,employee,False,False
organization,POST,/api/org/attendance/leaves/:id/approve,/api/attendance/leaves/:id/approve,AttendanceController,approveLeave,apps/organization/src/modules/attendance/attendance.controller.ts,77,org.leaves.approve,PermissionsGuard,False,,id,,True,True,0,attendanceRecord leaveBalance leaveRequest,employee,False,False
organization,POST,/api/org/attendance/leaves/:id/reject,/api/attendance/leaves/:id/reject,AttendanceController,rejectLeave,apps/organization/src/modules/attendance/attendance.controller.ts,83,org.leaves.approve,PermissionsGuard,False,RejectLeaveDto,id,,True,True,0,attendanceRecord leaveBalance leaveRequest,employee,False,False
organization,GET,/api/org/branches,/api/branches,BranchesController,list,apps/organization/src/modules/branches/branches.controller.ts,12,org.branches.read,PermissionsGuard,False,,,,True,True,0,branch,,False,False
organization,GET,/api/org/branches/:id,/api/branches/:id,BranchesController,get,apps/organization/src/modules/branches/branches.controller.ts,15,org.branches.read,PermissionsGuard,False,,id,,True,True,0,branch,,False,False
organization,POST,/api/org/branches,/api/branches,BranchesController,create,apps/organization/src/modules/branches/branches.controller.ts,18,org.branches.create,PermissionsGuard,False,CreateBranchDto,,,True,True,0,branch,,False,False
organization,GET,/api/org/contracts,/api/contracts,ContractsController,list,apps/organization/src/modules/contracts/contracts.controller.ts,25,org.contracts.read,PermissionsGuard,False,,,employeeId status type departmentId expiringWithinDays search,True,True,0,employmentContract,department employee jobTitle,True,True
organization,GET,/api/org/contracts/expiring,/api/contracts/expiring,ContractsController,expiring,apps/organization/src/modules/contracts/contracts.controller.ts,46,org.contracts.read,PermissionsGuard,False,,,days,True,True,0,employmentContract,department employee jobTitle,True,True
organization,GET,/api/org/contracts/by-employee/:employeeId,/api/contracts/by-employee/:employeeId,ContractsController,byEmployee,apps/organization/src/modules/contracts/contracts.controller.ts,52,org.contracts.read,PermissionsGuard,False,,employeeId,,True,True,0,employmentContract,department employee jobTitle,True,True
organization,GET,/api/org/contracts/:id,/api/contracts/:id,ContractsController,get,apps/organization/src/modules/contracts/contracts.controller.ts,58,org.contracts.read,PermissionsGuard,False,,id,,True,True,0,employmentContract,department employee jobTitle,True,True
organization,POST,/api/org/contracts,/api/contracts,ContractsController,create,apps/organization/src/modules/contracts/contracts.controller.ts,64,org.contracts.create,PermissionsGuard,False,CreateContractDto,,,True,True,0,employmentContract,department employee jobTitle,True,True
organization,PATCH,/api/org/contracts/:id,/api/contracts/:id,ContractsController,update,apps/organization/src/modules/contracts/contracts.controller.ts,70,org.contracts.update,PermissionsGuard,False,UpdateContractDto,id,,True,True,0,employmentContract,department employee jobTitle,True,True
organization,POST,/api/org/contracts/:id/renew,/api/contracts/:id/renew,ContractsController,renew,apps/organization/src/modules/contracts/contracts.controller.ts,80,org.contracts.renew,PermissionsGuard,False,RenewContractDto,id,,True,True,0,employmentContract,department employee jobTitle,True,True
organization,POST,/api/org/contracts/:id/terminate,/api/contracts/:id/terminate,ContractsController,terminate,apps/organization/src/modules/contracts/contracts.controller.ts,90,org.contracts.terminate,PermissionsGuard,False,TerminateContractDto,id,,True,True,0,employmentContract,department employee jobTitle,True,True
organization,GET,/api/org/customer-gifts,/api/customer-gifts,CustomerGiftsController,findAll,apps/organization/src/modules/customer-gifts/customer-gifts.controller.ts,23,organization.customer-gifts.read,PermissionsGuard,False,,,employeeId status accountId,True,True,0,customerGift,,False,False
organization,GET,/api/org/customer-gifts/:id,/api/customer-gifts/:id,CustomerGiftsController,findOne,apps/organization/src/modules/customer-gifts/customer-gifts.controller.ts,28,organization.customer-gifts.read,PermissionsGuard,False,,id,,True,True,0,customerGift,,False,False
organization,POST,/api/org/customer-gifts,/api/customer-gifts,CustomerGiftsController,create,apps/organization/src/modules/customer-gifts/customer-gifts.controller.ts,31,organization.customer-gifts.create,PermissionsGuard,False,CreateCustomerGiftDto,,,True,True,0,customerGift,,False,False
organization,POST,/api/org/customer-gifts/:id/submit,/api/customer-gifts/:id/submit,CustomerGiftsController,submit,apps/organization/src/modules/customer-gifts/customer-gifts.controller.ts,34,organization.customer-gifts.create,PermissionsGuard,False,,id,,True,True,0,customerGift,,False,False
organization,POST,/api/org/customer-gifts/:id/manager-approve,/api/customer-gifts/:id/manager-approve,CustomerGiftsController,managerApprove,apps/organization/src/modules/customer-gifts/customer-gifts.controller.ts,37,organization.customer-gifts.approve,PermissionsGuard,False,,id,,True,True,0,customerGift,,False,False
organization,POST,/api/org/customer-gifts/:id/reject,/api/customer-gifts/:id/reject,CustomerGiftsController,reject,apps/organization/src/modules/customer-gifts/customer-gifts.controller.ts,40,organization.customer-gifts.approve,PermissionsGuard,False,RejectCustomerGiftDto,id,,True,True,0,customerGift,,False,False
organization,POST,/api/org/customer-gifts/:id/finance-approve,/api/customer-gifts/:id/finance-approve,CustomerGiftsController,financeApprove,apps/organization/src/modules/customer-gifts/customer-gifts.controller.ts,43,organization.customer-gifts.finance,PermissionsGuard,False,,id,,True,True,0,customerGift,,False,False
organization,POST,/api/org/customer-gifts/:id/pay,/api/customer-gifts/:id/pay,CustomerGiftsController,pay,apps/organization/src/modules/customer-gifts/customer-gifts.controller.ts,46,organization.customer-gifts.finance,PermissionsGuard,False,PayCustomerGiftDto,id,,True,True,0,customerGift,,False,False
organization,GET,/api/org/departments,/api/departments,DepartmentsController,list,apps/organization/src/modules/departments/departments.controller.ts,13,org.departments.read,PermissionsGuard,False,,,,True,True,0,department,,False,True
organization,GET,/api/org/departments/tree,/api/departments/tree,DepartmentsController,tree,apps/organization/src/modules/departments/departments.controller.ts,16,org.departments.read,PermissionsGuard,False,,,,True,True,0,department,,False,True
organization,GET,/api/org/departments/:id,/api/departments/:id,DepartmentsController,get,apps/organization/src/modules/departments/departments.controller.ts,19,org.departments.read,PermissionsGuard,False,,id,,True,True,0,department,,False,True
organization,POST,/api/org/departments,/api/departments,DepartmentsController,create,apps/organization/src/modules/departments/departments.controller.ts,22,org.departments.create,PermissionsGuard,False,CreateDepartmentDto,,,True,True,0,department,,False,True
organization,PATCH,/api/org/departments/:id,/api/departments/:id,DepartmentsController,update,apps/organization/src/modules/departments/departments.controller.ts,25,org.departments.update,PermissionsGuard,False,UpdateDepartmentDto,id,,True,True,0,department,,False,True
organization,GET,/api/org/employees/export,/api/employees/export,EmployeesController,exportFile,apps/organization/src/modules/employees/employees.controller.ts,14,org.employees.read,PermissionsGuard,False,,,,True,False,0,employee,branch department jobTitle,False,False
organization,GET,/api/org/employees,/api/employees,EmployeesController,list,apps/organization/src/modules/employees/employees.controller.ts,29,org.employees.read,PermissionsGuard,False,,,,True,True,0,employee,branch department jobTitle,False,False
organization,GET,/api/org/employees/:id,/api/employees/:id,EmployeesController,get,apps/organization/src/modules/employees/employees.controller.ts,35,org.employees.read,PermissionsGuard,False,,id,,True,True,0,employee,branch department jobTitle,False,False
organization,POST,/api/org/employees,/api/employees,EmployeesController,create,apps/organization/src/modules/employees/employees.controller.ts,41,org.employees.create,PermissionsGuard,False,CreateEmployeeDto,,,True,True,0,employee,branch department jobTitle,False,False
organization,PATCH,/api/org/employees/:id,/api/employees/:id,EmployeesController,update,apps/organization/src/modules/employees/employees.controller.ts,47,org.employees.update,PermissionsGuard,False,UpdateEmployeeDto,id,,True,True,0,employee,branch department jobTitle,False,False
organization,POST,/api/org/employees/:id/terminate,/api/employees/:id/terminate,EmployeesController,terminate,apps/organization/src/modules/employees/employees.controller.ts,53,org.employees.terminate,PermissionsGuard,False,,id,,True,True,0,employee,branch department jobTitle,False,False
organization,POST,/api/org/expenses,/api/expenses,ExpensesController,create,apps/organization/src/modules/expenses/expenses.controller.ts,27,organization.employees.read,PermissionsGuard,False,CreateExpenseClaimDto,,,True,True,0,expenseClaim,,False,False
organization,GET,/api/org/expenses,/api/expenses,ExpensesController,findAll,apps/organization/src/modules/expenses/expenses.controller.ts,34,organization.employees.read,PermissionsGuard,False,,,employeeId status departmentId,True,True,0,expenseClaim,,False,False
organization,GET,/api/org/expenses/:id,/api/expenses/:id,ExpensesController,findOne,apps/organization/src/modules/expenses/expenses.controller.ts,44,organization.employees.read,PermissionsGuard,False,,id,,True,True,0,expenseClaim,,False,False
organization,POST,/api/org/expenses/:id/submit,/api/expenses/:id/submit,ExpensesController,submit,apps/organization/src/modules/expenses/expenses.controller.ts,50,organization.employees.read,PermissionsGuard,False,,id,,True,True,0,expenseClaim,,False,False
organization,POST,/api/org/expenses/:id/manager-approve,/api/expenses/:id/manager-approve,ExpensesController,managerApprove,apps/organization/src/modules/expenses/expenses.controller.ts,57,organization.departments.manage,PermissionsGuard,False,,id,,True,True,0,expenseClaim,,False,False
organization,POST,/api/org/expenses/:id/finance-approve,/api/expenses/:id/finance-approve,ExpensesController,financeApprove,apps/organization/src/modules/expenses/expenses.controller.ts,64,accounting.payments.create,PermissionsGuard,False,,id,,True,True,0,expenseClaim,,False,False
organization,POST,/api/org/expenses/:id/reject,/api/expenses/:id/reject,ExpensesController,reject,apps/organization/src/modules/expenses/expenses.controller.ts,71,organization.departments.manage,PermissionsGuard,False,RejectExpenseClaimDto,id,,True,True,0,expenseClaim,,False,False
organization,POST,/api/org/expenses/:id/pay,/api/expenses/:id/pay,ExpensesController,markPaid,apps/organization/src/modules/expenses/expenses.controller.ts,82,accounting.payments.create,PermissionsGuard,False,"string,",id,,True,True,0,expenseClaim,,False,False
organization,GET,/api/org/lookups,/api/lookups,LookupsController,list,apps/organization/src/modules/lookups/lookups.controller.ts,12,org.lookups.read,PermissionsGuard,False,,,category,True,True,0,lookupTable,,False,False
organization,GET,/api/org/lookups/categories,/api/lookups/categories,LookupsController,categories,apps/organization/src/modules/lookups/lookups.controller.ts,15,org.lookups.read,PermissionsGuard,False,,,,True,True,0,lookupTable,,False,False
organization,POST,/api/org/lookups,/api/lookups,LookupsController,create,apps/organization/src/modules/lookups/lookups.controller.ts,18,org.lookups.create,PermissionsGuard,False,CreateLookupDto,,,True,True,0,lookupTable,,False,False
organization,GET,/api/org/payroll/components,/api/payroll/components,PayrollController,listComponents,apps/organization/src/modules/payroll/payroll.controller.ts,22,payroll.components.read,PermissionsGuard,False,,,,True,True,0,compensationProfile payrollAdjustment payrollApproval payrollEntry payrollPeriod payrollRun salaryComponent,employee leaveRequest,True,False
organization,POST,/api/org/payroll/components,/api/payroll/components,PayrollController,createComponent,apps/organization/src/modules/payroll/payroll.controller.ts,27,payroll.components.manage,PermissionsGuard,False,CreateSalaryComponentDto,,,True,True,0,compensationProfile payrollAdjustment payrollApproval payrollEntry payrollPeriod payrollRun salaryComponent,employee leaveRequest,True,False
organization,PATCH,/api/org/payroll/components/:id,/api/payroll/components/:id,PayrollController,updateComponent,apps/organization/src/modules/payroll/payroll.controller.ts,32,payroll.components.manage,PermissionsGuard,False,UpdateSalaryComponentDto,id,,True,True,0,compensationProfile payrollAdjustment payrollApproval payrollEntry payrollPeriod payrollRun salaryComponent,employee leaveRequest,True,False
organization,GET,/api/org/payroll/profiles,/api/payroll/profiles,PayrollController,listProfiles,apps/organization/src/modules/payroll/payroll.controller.ts,38,payroll.profiles.read,PermissionsGuard,False,,,,True,True,0,compensationProfile payrollAdjustment payrollApproval payrollEntry payrollPeriod payrollRun salaryComponent,employee leaveRequest,True,False
organization,GET,/api/org/payroll/profiles/:employeeId,/api/payroll/profiles/:employeeId,PayrollController,employeeProfiles,apps/organization/src/modules/payroll/payroll.controller.ts,43,payroll.profiles.read,PermissionsGuard,False,,employeeId,,True,True,0,compensationProfile payrollAdjustment payrollApproval payrollEntry payrollPeriod payrollRun salaryComponent,employee leaveRequest,True,False
organization,POST,/api/org/payroll/profiles/:employeeId,/api/payroll/profiles/:employeeId,PayrollController,setProfile,apps/organization/src/modules/payroll/payroll.controller.ts,48,payroll.profiles.manage,PermissionsGuard,False,SetCompensationProfileDto,employeeId,,True,True,0,compensationProfile payrollAdjustment payrollApproval payrollEntry payrollPeriod payrollRun salaryComponent,employee leaveRequest,True,False
organization,GET,/api/org/payroll/periods,/api/payroll/periods,PayrollController,listPeriods,apps/organization/src/modules/payroll/payroll.controller.ts,54,payroll.periods.read,PermissionsGuard,False,,,,True,True,0,compensationProfile payrollAdjustment payrollApproval payrollEntry payrollPeriod payrollRun salaryComponent,employee leaveRequest,True,False
organization,POST,/api/org/payroll/periods,/api/payroll/periods,PayrollController,createPeriod,apps/organization/src/modules/payroll/payroll.controller.ts,59,payroll.periods.create,PermissionsGuard,False,CreatePayrollPeriodDto,,,True,True,0,compensationProfile payrollAdjustment payrollApproval payrollEntry payrollPeriod payrollRun salaryComponent,employee leaveRequest,True,False
organization,POST,/api/org/payroll/periods/current,/api/payroll/periods/current,PayrollController,currentPeriod,apps/organization/src/modules/payroll/payroll.controller.ts,64,payroll.periods.create,PermissionsGuard,False,,,,True,True,0,compensationProfile payrollAdjustment payrollApproval payrollEntry payrollPeriod payrollRun salaryComponent,employee leaveRequest,True,False
organization,GET,/api/org/payroll/runs,/api/payroll/runs,PayrollController,listRuns,apps/organization/src/modules/payroll/payroll.controller.ts,70,payroll.runs.read,PermissionsGuard,False,,,,True,True,0,compensationProfile payrollAdjustment payrollApproval payrollEntry payrollPeriod payrollRun salaryComponent,employee leaveRequest,True,False
organization,GET,/api/org/payroll/summary,/api/payroll/summary,PayrollController,summary,apps/organization/src/modules/payroll/payroll.controller.ts,75,payroll.runs.read,PermissionsGuard,False,,,,True,True,0,compensationProfile payrollAdjustment payrollApproval payrollEntry payrollPeriod payrollRun salaryComponent,employee leaveRequest,True,False
organization,GET,/api/org/payroll/runs/:id,/api/payroll/runs/:id,PayrollController,findRun,apps/organization/src/modules/payroll/payroll.controller.ts,80,payroll.runs.read,PermissionsGuard,False,,id,,True,True,0,compensationProfile payrollAdjustment payrollApproval payrollEntry payrollPeriod payrollRun salaryComponent,employee leaveRequest,True,False
organization,POST,/api/org/payroll/runs,/api/payroll/runs,PayrollController,createRun,apps/organization/src/modules/payroll/payroll.controller.ts,85,payroll.runs.calculate,PermissionsGuard,False,CreatePayrollRunDto,,,True,True,0,compensationProfile payrollAdjustment payrollApproval payrollEntry payrollPeriod payrollRun salaryComponent,employee leaveRequest,True,False
organization,POST,/api/org/payroll/runs/:id/calculate,/api/payroll/runs/:id/calculate,PayrollController,calculate,apps/organization/src/modules/payroll/payroll.controller.ts,91,payroll.runs.calculate,PermissionsGuard,False,,id,,True,True,0,compensationProfile payrollAdjustment payrollApproval payrollEntry payrollPeriod payrollRun salaryComponent,employee leaveRequest,True,False
organization,POST,/api/org/payroll/runs/:id/approve,/api/payroll/runs/:id/approve,PayrollController,approve,apps/organization/src/modules/payroll/payroll.controller.ts,96,payroll.runs.approve,PermissionsGuard,False,DecidePayrollRunDto,id,,True,True,0,compensationProfile payrollAdjustment payrollApproval payrollEntry payrollPeriod payrollRun salaryComponent,employee leaveRequest,True,False
organization,POST,/api/org/payroll/runs/:id/reject,/api/payroll/runs/:id/reject,PayrollController,reject,apps/organization/src/modules/payroll/payroll.controller.ts,105,payroll.runs.approve,PermissionsGuard,False,DecidePayrollRunDto,id,,True,True,0,compensationProfile payrollAdjustment payrollApproval payrollEntry payrollPeriod payrollRun salaryComponent,employee leaveRequest,True,False
organization,POST,/api/org/payroll/runs/:id/finalize,/api/payroll/runs/:id/finalize,PayrollController,finalize,apps/organization/src/modules/payroll/payroll.controller.ts,114,payroll.runs.finalize,PermissionsGuard,False,,id,,True,True,0,compensationProfile payrollAdjustment payrollApproval payrollEntry payrollPeriod payrollRun salaryComponent,employee leaveRequest,True,False
organization,POST,/api/org/payroll/runs/:id/mark-paid,/api/payroll/runs/:id/mark-paid,PayrollController,markPaid,apps/organization/src/modules/payroll/payroll.controller.ts,119,payroll.runs.finalize,PermissionsGuard,False,,id,,True,True,0,compensationProfile payrollAdjustment payrollApproval payrollEntry payrollPeriod payrollRun salaryComponent,employee leaveRequest,True,False
organization,POST,/api/org/payroll/runs/:id/cancel,/api/payroll/runs/:id/cancel,PayrollController,cancel,apps/organization/src/modules/payroll/payroll.controller.ts,124,payroll.runs.calculate,PermissionsGuard,False,,id,,True,True,0,compensationProfile payrollAdjustment payrollApproval payrollEntry payrollPeriod payrollRun salaryComponent,employee leaveRequest,True,False
organization,POST,/api/org/payroll/entries/:id/adjust,/api/payroll/entries/:id/adjust,PayrollController,adjust,apps/organization/src/modules/payroll/payroll.controller.ts,130,payroll.entries.adjust,PermissionsGuard,False,AdjustPayrollEntryDto,id,,True,True,0,compensationProfile payrollAdjustment payrollApproval payrollEntry payrollPeriod payrollRun salaryComponent,employee leaveRequest,True,False
organization,GET,/api/org/territories,/api/territories,TerritoriesController,list,apps/organization/src/modules/territories/territories.controller.ts,16,org.territories.read,PermissionsGuard,False,,,,True,True,0,repCoverage territory,employee,False,True
organization,GET,/api/org/territories/rep-coverages,/api/territories/rep-coverages,TerritoriesController,repCoverages,apps/organization/src/modules/territories/territories.controller.ts,19,org.territories.read,PermissionsGuard,False,,,,True,False,0,repCoverage territory,employee,False,True
organization,POST,/api/org/territories/rep-coverages,/api/territories/rep-coverages,TerritoriesController,createRepCoverage,apps/organization/src/modules/territories/territories.controller.ts,22,org.territories.update,PermissionsGuard,False,CreateRepCoverageDto,,,True,False,0,repCoverage territory,employee,False,True
organization,PATCH,/api/org/territories/rep-coverages/:coverageId/deactivate,/api/territories/rep-coverages/:coverageId/deactivate,TerritoriesController,deactivateRepCoverage,apps/organization/src/modules/territories/territories.controller.ts,25,org.territories.update,PermissionsGuard,False,,coverageId,,True,False,0,repCoverage territory,employee,False,True
organization,GET,/api/org/territories/:id,/api/territories/:id,TerritoriesController,get,apps/organization/src/modules/territories/territories.controller.ts,28,org.territories.read,PermissionsGuard,False,,id,,True,True,0,repCoverage territory,employee,False,True
organization,POST,/api/org/territories,/api/territories,TerritoriesController,create,apps/organization/src/modules/territories/territories.controller.ts,31,org.territories.create,PermissionsGuard,False,CreateTerritoryDto,,,True,True,0,repCoverage territory,employee,False,True
organization,POST,/api/org/territories/:id/assign-rep,/api/territories/:id/assign-rep,TerritoriesController,assign,apps/organization/src/modules/territories/territories.controller.ts,34,org.territories.update,PermissionsGuard,False,AssignRepDto,id,,True,True,0,repCoverage territory,employee,False,True
products,GET,/api/products/batches,/api/batches,BatchesController,list,apps/products/src/modules/batches/batches.controller.ts,14,products.batches.read,PermissionsGuard,False,,,productId,True,True,1,batch batchQcRecord,,False,True
products,GET,/api/products/batches/near-expiry,/api/batches/near-expiry,BatchesController,nearExpiry,apps/products/src/modules/batches/batches.controller.ts,17,products.batches.read,PermissionsGuard,False,,,days,True,True,1,batch batchQcRecord,,False,True
products,GET,/api/products/batches/quarantine-queue,/api/batches/quarantine-queue,BatchesController,quarantineQueue,apps/products/src/modules/batches/batches.controller.ts,19,products.batches.read,PermissionsGuard,False,,,,True,True,1,batch batchQcRecord,,False,True
products,GET,/api/products/batches/:id,/api/batches/:id,BatchesController,get,apps/products/src/modules/batches/batches.controller.ts,21,products.batches.read,PermissionsGuard,False,,id,,True,True,2,batch batchQcRecord,,False,True
products,GET,/api/products/batches/:id/qc,/api/batches/:id/qc,BatchesController,listQc,apps/products/src/modules/batches/batches.controller.ts,24,products.batches.read,PermissionsGuard,False,,id,,True,True,1,batch batchQcRecord,,False,True
products,POST,/api/products/batches/:id/qc,/api/batches/:id/qc,BatchesController,createQc,apps/products/src/modules/batches/batches.controller.ts,26,products.batches.qc,PermissionsGuard,False,CreateQcRecordDto,id,,True,True,1,batch batchQcRecord,,False,True
products,PATCH,/api/products/batches/:id/qc/:qcId,/api/batches/:id/qc/:qcId,BatchesController,updateQc,apps/products/src/modules/batches/batches.controller.ts,28,products.batches.qc,PermissionsGuard,False,UpdateQcRecordDto,id qcId,,True,True,1,batch batchQcRecord,,False,True
products,POST,/api/products/batches/:id/reject,/api/batches/:id/reject,BatchesController,reject,apps/products/src/modules/batches/batches.controller.ts,30,products.batches.release,PermissionsGuard,False,RejectBatchDto,id,,True,True,1,batch batchQcRecord,,False,True
products,POST,/api/products/batches,/api/batches,BatchesController,create,apps/products/src/modules/batches/batches.controller.ts,32,products.batches.create,PermissionsGuard,False,CreateBatchDto,,,True,True,1,batch batchQcRecord,,False,True
products,POST,/api/products/batches/:id/release,/api/batches/:id/release,BatchesController,release,apps/products/src/modules/batches/batches.controller.ts,34,products.batches.release,PermissionsGuard,False,ReleaseBatchDto,id,,True,True,1,batch batchQcRecord,,False,True
products,POST,/api/products/batches/:id/quarantine,/api/batches/:id/quarantine,BatchesController,quarantine,apps/products/src/modules/batches/batches.controller.ts,36,products.batches.release,PermissionsGuard,False,QuarantineBatchDto,id,,True,True,1,batch batchQcRecord,,False,True
products,POST,/api/products/batches/:id/recall,/api/batches/:id/recall,BatchesController,recall,apps/products/src/modules/batches/batches.controller.ts,38,products.batches.recall,PermissionsGuard,False,RecallBatchDto,id,,True,True,1,batch batchQcRecord,,False,True
products,GET,/api/products/categories,/api/categories,CategoriesController,categories,apps/products/src/modules/categories/categories.controller.ts,16,products.products.read,PermissionsGuard,False,,,,True,True,1,,productBrand productCategory productManufacturer,False,False
products,GET,/api/products/brands,/api/brands,CategoriesController,brands,apps/products/src/modules/categories/categories.controller.ts,19,products.products.read,PermissionsGuard,False,,,,True,True,1,,productBrand productCategory productManufacturer,False,False
products,GET,/api/products/manufacturers,/api/manufacturers,CategoriesController,manufacturers,apps/products/src/modules/categories/categories.controller.ts,22,products.products.read,PermissionsGuard,False,,,,True,True,1,,productBrand productCategory productManufacturer,False,False
products,GET,/api/products/products/price-lists/export.csv,/api/products/price-lists/export.csv,PriceListsController,exportLists,apps/products/src/modules/price-lists/price-lists.controller.ts,16,products.price-lists.read,PermissionsGuard,False,,,,True,False,0,auditLog priceList priceListItem,product,True,False
products,GET,/api/products/products/price-lists,/api/products/price-lists,PriceListsController,listLists,apps/products/src/modules/price-lists/price-lists.controller.ts,29,products.price-lists.read,PermissionsGuard,False,,,,True,True,1,auditLog priceList priceListItem,product,True,False
products,POST,/api/products/products/price-lists,/api/products/price-lists,PriceListsController,createList,apps/products/src/modules/price-lists/price-lists.controller.ts,32,products.price-lists.manage,PermissionsGuard,False,CreatePriceListDto,,,True,True,1,auditLog priceList priceListItem,product,True,False
products,PATCH,/api/products/products/price-lists/:id,/api/products/price-lists/:id,PriceListsController,updateList,apps/products/src/modules/price-lists/price-lists.controller.ts,35,products.price-lists.manage,PermissionsGuard,False,UpdatePriceListDto,id,,True,True,1,auditLog priceList priceListItem,product,True,False
products,GET,/api/products/products/price-lists/:id/items/export.csv,/api/products/price-lists/:id/items/export.csv,PriceListsController,exportItems,apps/products/src/modules/price-lists/price-lists.controller.ts,38,products.price-lists.read,PermissionsGuard,False,,id,,True,False,0,auditLog priceList priceListItem,product,True,False
products,GET,/api/products/products/price-lists/:id/items,/api/products/price-lists/:id/items,PriceListsController,listItems,apps/products/src/modules/price-lists/price-lists.controller.ts,51,products.price-lists.read,PermissionsGuard,False,,id,,True,True,1,auditLog priceList priceListItem,product,True,False
products,POST,/api/products/products/price-lists/:id/items,/api/products/price-lists/:id/items,PriceListsController,setItem,apps/products/src/modules/price-lists/price-lists.controller.ts,55,products.price-lists.manage,PermissionsGuard,False,SetPriceListItemDto,id,,True,True,1,auditLog priceList priceListItem,product,True,False
products,DELETE,/api/products/products/price-lists/:id/items/:productId,/api/products/price-lists/:id/items/:productId,PriceListsController,removeItem,apps/products/src/modules/price-lists/price-lists.controller.ts,58,products.price-lists.manage,PermissionsGuard,False,,id productId,,True,True,1,auditLog priceList priceListItem,product,True,False
products,POST,/api/products/products/price-lists/:id/items/bulk-adjust,/api/products/price-lists/:id/items/bulk-adjust,PriceListsController,bulkAdjust,apps/products/src/modules/price-lists/price-lists.controller.ts,63,products.price-lists.manage,PermissionsGuard,False,BulkAdjustPriceListDto,id,,True,True,1,auditLog priceList priceListItem,product,True,False
products,POST,/api/products/products/price-lists/:id/items/import,/api/products/price-lists/:id/items/import,PriceListsController,importItems,apps/products/src/modules/price-lists/price-lists.controller.ts,66,products.price-lists.manage,PermissionsGuard,False,ImportPriceListItemsDto,id,,True,True,1,auditLog priceList priceListItem,product,True,False
products,POST,/api/products/products/price-lists/:id/items/import/file,/api/products/price-lists/:id/items/import/file,PriceListsController,importItemsFile,apps/products/src/modules/price-lists/price-lists.controller.ts,75,products.price-lists.manage,PermissionsGuard,False,,id,dryRun,True,False,0,auditLog priceList priceListItem,product,True,False
products,GET,/api/products/products/export,/api/products/export,ProductsController,exportFile,apps/products/src/modules/products/products.controller.ts,18,products.products.read,PermissionsGuard,False,,,includeInactive q priceMin priceMax,True,False,0,product productPriceHistory,,True,True
products,GET,/api/products/products,/api/products,ProductsController,list,apps/products/src/modules/products/products.controller.ts,28,products.products.read,PermissionsGuard,False,,,includeInactive page pageSize q priceMin priceMax,True,True,2,product productPriceHistory,,True,True
products,GET,/api/products/products/public-prices,/api/products/public-prices,ProductsController,publicPrices,apps/products/src/modules/products/products.controller.ts,48,accounting.invoices.create,PermissionsGuard,False,,,ids,True,True,0,product productPriceHistory,,True,True
products,GET,/api/products/products/:id,/api/products/:id,ProductsController,get,apps/products/src/modules/products/products.controller.ts,53,products.products.read,PermissionsGuard,False,,id,,True,True,2,product productPriceHistory,,True,True
products,GET,/api/products/products/:id/price-history,/api/products/:id/price-history,ProductsController,priceHistory,apps/products/src/modules/products/products.controller.ts,57,products.products.read,PermissionsGuard,False,,id,limit,True,True,1,product productPriceHistory,,True,True
products,POST,/api/products/products,/api/products,ProductsController,create,apps/products/src/modules/products/products.controller.ts,62,products.products.create,PermissionsGuard,False,CreateProductDto,,,True,True,1,product productPriceHistory,,True,True
products,PATCH,/api/products/products/:id,/api/products/:id,ProductsController,update,apps/products/src/modules/products/products.controller.ts,65,products.products.update,PermissionsGuard,False,UpdateProductDto,id,,True,True,1,product productPriceHistory,,True,True
products,POST,/api/products/products/:id/archive,/api/products/:id/archive,ProductsController,archive,apps/products/src/modules/products/products.controller.ts,68,products.products.archive,PermissionsGuard,False,,id,,True,True,1,product productPriceHistory,,True,True
products,POST,/api/products/products/:id/activate,/api/products/:id/activate,ProductsController,activate,apps/products/src/modules/products/products.controller.ts,71,products.products.archive,PermissionsGuard,False,,id,,True,True,1,product productPriceHistory,,True,True
products,POST,/api/products/products/bulk-update,/api/products/bulk-update,ProductsController,bulkUpdate,apps/products/src/modules/products/products.controller.ts,77,products.products.update,PermissionsGuard,False,BulkUpdateProductsDto,,,True,True,1,product productPriceHistory,,True,True
products,POST,/api/products/products/bulk-import,/api/products/bulk-import,ProductsController,bulkImport,apps/products/src/modules/products/products.controller.ts,80,products.products.import,PermissionsGuard,False,BulkImportProductsDto,,,True,True,1,product productPriceHistory,,True,True
products,POST,/api/products/products/import-prices,/api/products/import-prices,ProductsController,importPrices,apps/products/src/modules/products/products.controller.ts,86,products.products.import,PermissionsGuard,False,ImportPricesDto,,,True,True,1,product productPriceHistory,,True,True
products,POST,/api/products/products/bulk-adjust-prices,/api/products/bulk-adjust-prices,ProductsController,bulkAdjustPrices,apps/products/src/modules/products/products.controller.ts,92,products.products.update,PermissionsGuard,False,BulkAdjustPricesDto,,,True,True,1,product productPriceHistory,,True,True
products,POST,/api/products/products/publish-price-catalog,/api/products/publish-price-catalog,ProductsController,publishPriceCatalog,apps/products/src/modules/products/products.controller.ts,97,products.products.update,PermissionsGuard,False,,,,True,True,1,product productPriceHistory,,True,True
products,GET,/api/products/serialization,/api/serialization,SerializationController,list,apps/products/src/modules/serialization/serialization.controller.ts,11,products.serialization.read,PermissionsGuard,False,,,batchId,True,True,1,serializedUnit,batch,True,False
products,GET,/api/products/serialization/trace/:serial,/api/serialization/trace/:serial,SerializationController,trace,apps/products/src/modules/serialization/serialization.controller.ts,13,products.serialization.read,PermissionsGuard,False,,serial,,True,True,1,serializedUnit,batch,True,False
products,POST,/api/products/serialization,/api/serialization,SerializationController,serialize,apps/products/src/modules/serialization/serialization.controller.ts,15,products.serialization.create,PermissionsGuard,False,SerializeBatchDto,,,True,True,1,serializedUnit,batch,True,False
products,GET,/api/products/suppliers/export,/api/suppliers/export,SuppliersController,exportFile,apps/products/src/modules/suppliers/suppliers.controller.ts,15,products.suppliers.read,PermissionsGuard,False,,,status,True,False,0,auditLog supplier,batch,False,False
products,GET,/api/products/suppliers,/api/suppliers,SuppliersController,list,apps/products/src/modules/suppliers/suppliers.controller.ts,26,products.suppliers.read,PermissionsGuard,False,,,status,True,True,1,auditLog supplier,batch,False,False
products,GET,/api/products/suppliers/:id,/api/suppliers/:id,SuppliersController,detail,apps/products/src/modules/suppliers/suppliers.controller.ts,29,products.suppliers.read,PermissionsGuard,False,,id,,True,True,1,auditLog supplier,batch,False,False
products,GET,/api/products/suppliers/:id/batches,/api/suppliers/:id/batches,SuppliersController,batches,apps/products/src/modules/suppliers/suppliers.controller.ts,32,products.suppliers.read products.batches.read,PermissionsGuard,False,,id,,True,True,1,auditLog supplier,batch,False,False
products,POST,/api/products/suppliers,/api/suppliers,SuppliersController,create,apps/products/src/modules/suppliers/suppliers.controller.ts,35,products.suppliers.create,PermissionsGuard,False,CreateSupplierDto,,,True,True,1,auditLog supplier,batch,False,False
products,PATCH,/api/products/suppliers/:id,/api/suppliers/:id,SuppliersController,update,apps/products/src/modules/suppliers/suppliers.controller.ts,38,products.suppliers.update,PermissionsGuard,False,UpdateSupplierDto,id,,True,True,1,auditLog supplier,batch,False,False
products,PATCH,/api/products/suppliers/:id/archive,/api/suppliers/:id/archive,SuppliersController,archive,apps/products/src/modules/suppliers/suppliers.controller.ts,43,products.suppliers.archive,PermissionsGuard,False,"{ archived: boolean },",id,,True,False,1,auditLog supplier,batch,False,False
products,PATCH,/api/products/suppliers/:id/credit-limit,/api/suppliers/:id/credit-limit,SuppliersController,updateCreditLimit,apps/products/src/modules/suppliers/suppliers.controller.ts,48,products.suppliers.credit-limit.update,PermissionsGuard,False,UpdateSupplierCreditLimitDto,id,,True,True,1,auditLog supplier,batch,False,False
products,GET,/api/products/uom/units/export.csv,/api/uom/units/export.csv,UomController,exportUnits,apps/products/src/modules/uom/uom.controller.ts,26,products.uom.read,PermissionsGuard,False,,,,True,False,0,auditLog productUomConversion unitOfMeasure,product,True,False
products,GET,/api/products/uom/units,/api/uom/units,UomController,getUnits,apps/products/src/modules/uom/uom.controller.ts,40,products.uom.read,PermissionsGuard,False,,,,True,True,1,auditLog productUomConversion unitOfMeasure,product,True,False
products,GET,/api/products/uom/products/:productId/export.csv,/api/uom/products/:productId/export.csv,UomController,exportProductConversions,apps/products/src/modules/uom/uom.controller.ts,46,products.uom.read,PermissionsGuard,False,,productId,,True,False,0,auditLog productUomConversion unitOfMeasure,product,True,False
products,GET,/api/products/uom/products/:productId,/api/uom/products/:productId,UomController,getProductConversions,apps/products/src/modules/uom/uom.controller.ts,60,products.uom.read,PermissionsGuard,False,,productId,,True,True,1,auditLog productUomConversion unitOfMeasure,product,True,False
products,GET,/api/products/uom/convert,/api/uom/convert,UomController,convert,apps/products/src/modules/uom/uom.controller.ts,66,products.uom.read,PermissionsGuard,False,,,productId quantity from to,True,True,1,auditLog productUomConversion unitOfMeasure,product,True,False
products,GET,/api/products/uom/breakdown/:productId,/api/uom/breakdown/:productId,UomController,breakdown,apps/products/src/modules/uom/uom.controller.ts,77,products.uom.read,PermissionsGuard,False,,productId,quantity,True,True,1,auditLog productUomConversion unitOfMeasure,product,True,False
products,POST,/api/products/uom/products/:productId,/api/uom/products/:productId,UomController,addConversion,apps/products/src/modules/uom/uom.controller.ts,86,products.uom.manage,PermissionsGuard,False,CreateConversionDto,productId,,True,True,1,auditLog productUomConversion unitOfMeasure,product,True,False
products,POST,/api/products/uom/conversions/import/file,/api/uom/conversions/import/file,UomController,importConversionsFile,apps/products/src/modules/uom/uom.controller.ts,95,products.uom.manage,PermissionsGuard,False,,,dryRun,True,False,0,auditLog productUomConversion unitOfMeasure,product,True,False
products,POST,/api/products/uom/seed-units,/api/uom/seed-units,UomController,seedUnits,apps/products/src/modules/uom/uom.controller.ts,109,products.uom.manage,PermissionsGuard,False,,,,True,True,1,auditLog productUomConversion unitOfMeasure,product,True,False
inventory,POST,/api/inventory/allocation/preview,/api/allocation/preview,AllocationController,preview,apps/inventory/src/modules/allocation/allocation.controller.ts,26,inventory.allocation.read,PermissionsGuard,False,AllocationRequestDto,,,True,True,1,,,False,False
inventory,POST,/api/inventory/allocation/preview-direct,/api/allocation/preview-direct,AllocationController,previewDirect,apps/inventory/src/modules/allocation/allocation.controller.ts,37,accounting.invoices.create,PermissionsGuard,False,AllocationRequestDto,,,True,True,1,,,False,False
inventory,POST,/api/inventory/allocation/validate-batch,/api/allocation/validate-batch,AllocationController,validateBatch,apps/inventory/src/modules/allocation/allocation.controller.ts,42,accounting.invoices.create,PermissionsGuard,False,BatchValidationRequestDto,,,True,True,0,,,False,False
inventory,POST,/api/inventory/allocation/issue-direct,/api/allocation/issue-direct,AllocationController,issueDirect,apps/inventory/src/modules/allocation/allocation.controller.ts,59,accounting.invoices.create,PermissionsGuard,False,DirectInvoiceStockDto,,,True,True,0,,,False,False
inventory,POST,/api/inventory/allocation/rollback-direct,/api/allocation/rollback-direct,AllocationController,rollbackDirect,apps/inventory/src/modules/allocation/allocation.controller.ts,65,accounting.invoices.create,PermissionsGuard,False,DirectInvoiceStockRollbackDto,,,True,True,0,,,False,False
inventory,GET,/api/inventory/consignment/agreements,/api/consignment/agreements,ConsignmentController,agreements,apps/inventory/src/modules/consignment/consignment.controller.ts,16,inventory.consignment.read,PermissionsGuard,False,,,,True,True,1,consignmentAgreement consignmentStock inventoryTransaction stockBalance,blockedBatch,True,True
inventory,GET,/api/inventory/consignment/customer/:customerId,/api/consignment/customer/:customerId,ConsignmentController,customer,apps/inventory/src/modules/consignment/consignment.controller.ts,17,inventory.consignment.read,PermissionsGuard,False,,customerId,,True,True,1,consignmentAgreement consignmentStock inventoryTransaction stockBalance,blockedBatch,True,True
inventory,POST,/api/inventory/consignment/agreements,/api/consignment/agreements,ConsignmentController,createAgreement,apps/inventory/src/modules/consignment/consignment.controller.ts,18,inventory.consignment.create,PermissionsGuard,False,CreateAgreementDto,,,True,True,1,consignmentAgreement consignmentStock inventoryTransaction stockBalance,blockedBatch,True,True
inventory,POST,/api/inventory/consignment/stock,/api/consignment/stock,ConsignmentController,addStock,apps/inventory/src/modules/consignment/consignment.controller.ts,20,inventory.consignment.create,PermissionsGuard,False,AddConsignmentStockDto,,,True,True,1,consignmentAgreement consignmentStock inventoryTransaction stockBalance,blockedBatch,True,True
inventory,POST,/api/inventory/consignment/deliveries,/api/consignment/deliveries,ConsignmentController,addStockBulk,apps/inventory/src/modules/consignment/consignment.controller.ts,23,inventory.consignment.create,PermissionsGuard,False,AddConsignmentStockBulkDto,,,True,True,1,consignmentAgreement consignmentStock inventoryTransaction stockBalance,blockedBatch,True,True
inventory,POST,/api/inventory/consignment/return,/api/consignment/return,ConsignmentController,returnStock,apps/inventory/src/modules/consignment/consignment.controller.ts,25,inventory.consignment.update,PermissionsGuard,False,ReturnConsignmentStockDto,,,True,True,1,consignmentAgreement consignmentStock inventoryTransaction stockBalance,blockedBatch,True,True
inventory,POST,/api/inventory/consignment/write-off,/api/consignment/write-off,ConsignmentController,writeOff,apps/inventory/src/modules/consignment/consignment.controller.ts,27,inventory.consignment.writeoff.create,PermissionsGuard,False,WriteOffConsignmentStockDto,,,True,True,1,consignmentAgreement consignmentStock inventoryTransaction stockBalance,blockedBatch,True,True
inventory,GET,/api/inventory/quarantine,/api/quarantine,QuarantineController,list,apps/inventory/src/modules/quarantine/quarantine.controller.ts,13,inventory.stock.read,PermissionsGuard,False,,,pool,True,True,1,inventoryTransaction stockBalance,inventoryReservation,True,False
inventory,GET,/api/inventory/quarantine/summary,/api/quarantine/summary,QuarantineController,summary,apps/inventory/src/modules/quarantine/quarantine.controller.ts,16,inventory.stock.read,PermissionsGuard,False,,,,True,True,1,inventoryTransaction stockBalance,inventoryReservation,True,False
inventory,POST,/api/inventory/quarantine/:batchId/move,/api/quarantine/:batchId/move,QuarantineController,move,apps/inventory/src/modules/quarantine/quarantine.controller.ts,20,inventory.transactions.receive-released,PermissionsGuard,False,MoveBatchDto,batchId,,True,True,1,inventoryTransaction stockBalance,inventoryReservation,True,False
inventory,GET,/api/inventory/stock/export,/api/stock/export,StockController,exportFile,apps/inventory/src/modules/stock/stock.controller.ts,11,inventory.stock.read,PermissionsGuard,False,,,productId,True,False,0,,blockedBatch consignmentStock inventoryReservation inventoryTransaction stockBalance,False,False
inventory,GET,/api/inventory/stock,/api/stock,StockController,overview,apps/inventory/src/modules/stock/stock.controller.ts,20,inventory.stock.read,PermissionsGuard,False,,,productId warehouseId take cursor,True,True,1,,blockedBatch consignmentStock inventoryReservation inventoryTransaction stockBalance,False,False
inventory,GET,/api/inventory/stock/valuation,/api/stock/valuation,StockController,valuation,apps/inventory/src/modules/stock/stock.controller.ts,31,inventory.stock.read,PermissionsGuard,False,,,productId,True,False,0,,blockedBatch consignmentStock inventoryReservation inventoryTransaction stockBalance,False,False
inventory,GET,/api/inventory/stock/by-warehouse,/api/stock/by-warehouse,StockController,byWarehouse,apps/inventory/src/modules/stock/stock.controller.ts,32,inventory.stock.read,PermissionsGuard,False,,,,True,True,1,,blockedBatch consignmentStock inventoryReservation inventoryTransaction stockBalance,False,False
inventory,GET,/api/inventory/stock/summary,/api/stock/summary,StockController,summary,apps/inventory/src/modules/stock/stock.controller.ts,33,inventory.stock.read,PermissionsGuard,False,,,,True,True,0,,blockedBatch consignmentStock inventoryReservation inventoryTransaction stockBalance,False,False
inventory,GET,/api/inventory/stock/by-product,/api/stock/by-product,StockController,byProduct,apps/inventory/src/modules/stock/stock.controller.ts,34,inventory.stock.read,PermissionsGuard,False,,,,True,True,0,,blockedBatch consignmentStock inventoryReservation inventoryTransaction stockBalance,False,False
inventory,GET,/api/inventory/stock/shrinkage,/api/stock/shrinkage,StockController,shrinkage,apps/inventory/src/modules/stock/stock.controller.ts,35,inventory.adjustments.read,PermissionsGuard,False,,,from to,True,True,0,,blockedBatch consignmentStock inventoryReservation inventoryTransaction stockBalance,False,False
inventory,GET,/api/inventory/stock/movement-trend,/api/stock/movement-trend,StockController,movementTrend,apps/inventory/src/modules/stock/stock.controller.ts,39,inventory.stock.read,PermissionsGuard,False,,,days,True,True,0,,blockedBatch consignmentStock inventoryReservation inventoryTransaction stockBalance,False,False
inventory,GET,/api/inventory/stock/trace/:batchId,/api/stock/trace/:batchId,StockController,trace,apps/inventory/src/modules/stock/stock.controller.ts,41,inventory.stock.read,PermissionsGuard,False,,batchId,,True,True,0,,blockedBatch consignmentStock inventoryReservation inventoryTransaction stockBalance,False,False
inventory,GET,/api/inventory/transactions,/api/transactions,TransactionsController,list,apps/inventory/src/modules/transactions/transactions.controller.ts,14,inventory.transactions.read,PermissionsGuard,False,,,batchId type actorId warehouseId before,True,True,1,adjustmentRequest inventoryCostLayer inventoryTransaction stockBalance,,True,True
inventory,POST,/api/inventory/transactions/goods-receipt,/api/transactions/goods-receipt,TransactionsController,receipt,apps/inventory/src/modules/transactions/transactions.controller.ts,23,inventory.transactions.create,PermissionsGuard,False,GoodsReceiptDto,,,True,True,1,adjustmentRequest inventoryCostLayer inventoryTransaction stockBalance,,True,True
inventory,POST,/api/inventory/transactions/adjustment,/api/transactions/adjustment,TransactionsController,adjust,apps/inventory/src/modules/transactions/transactions.controller.ts,26,inventory.adjustments.create,PermissionsGuard,False,StockAdjustmentDto,,,True,True,1,adjustmentRequest inventoryCostLayer inventoryTransaction stockBalance,,True,True
inventory,POST,/api/inventory/transactions/supplier-return,/api/transactions/supplier-return,TransactionsController,supplierReturn,apps/inventory/src/modules/transactions/transactions.controller.ts,31,inventory.supplier-returns.create,PermissionsGuard,False,SupplierReturnDto,,,True,True,1,adjustmentRequest inventoryCostLayer inventoryTransaction stockBalance,,True,True
inventory,POST,/api/inventory/transactions/:id/reverse,/api/transactions/:id/reverse,TransactionsController,reverse,apps/inventory/src/modules/transactions/transactions.controller.ts,34,inventory.adjustments.reverse,PermissionsGuard,False,ReverseAdjustmentDto,id,,True,True,1,adjustmentRequest inventoryCostLayer inventoryTransaction stockBalance,,True,True
inventory,GET,/api/inventory/transactions/adjustment-requests,/api/transactions/adjustment-requests,TransactionsController,listAdjustmentRequests,apps/inventory/src/modules/transactions/transactions.controller.ts,41,inventory.adjustments.read,PermissionsGuard,False,,,status,True,True,1,adjustmentRequest inventoryCostLayer inventoryTransaction stockBalance,,True,True
inventory,POST,/api/inventory/transactions/adjustment-requests/:id/approve,/api/transactions/adjustment-requests/:id/approve,TransactionsController,approveAdjustmentRequest,apps/inventory/src/modules/transactions/transactions.controller.ts,44,inventory.adjustments.large.create,PermissionsGuard,False,string,id,,True,True,1,adjustmentRequest inventoryCostLayer inventoryTransaction stockBalance,,True,True
inventory,POST,/api/inventory/transactions/adjustment-requests/:id/reject,/api/transactions/adjustment-requests/:id/reject,TransactionsController,rejectAdjustmentRequest,apps/inventory/src/modules/transactions/transactions.controller.ts,49,inventory.adjustments.large.create,PermissionsGuard,False,string,id,,True,True,1,adjustmentRequest inventoryCostLayer inventoryTransaction stockBalance,,True,True
inventory,GET,/api/inventory/transfers,/api/transfers,TransfersController,list,apps/inventory/src/modules/transfers/transfers.controller.ts,13,inventory.transfers.read,PermissionsGuard,False,,,warehouseId,True,True,1,inventoryTransaction stockBalance transfer,,True,True
inventory,GET,/api/inventory/transfers/:id,/api/transfers/:id,TransfersController,get,apps/inventory/src/modules/transfers/transfers.controller.ts,16,inventory.transfers.read,PermissionsGuard,False,,id,,True,True,1,inventoryTransaction stockBalance transfer,,True,True
inventory,POST,/api/inventory/transfers,/api/transfers,TransfersController,create,apps/inventory/src/modules/transfers/transfers.controller.ts,23,inventory.transfers.create,PermissionsGuard,False,CreateTransferDto,,,True,True,1,inventoryTransaction stockBalance transfer,,True,True
inventory,GET,/api/inventory/warehouses/export,/api/warehouses/export,WarehousesController,exportFile,apps/inventory/src/modules/warehouses/warehouses.controller.ts,13,inventory.warehouses.read,PermissionsGuard,False,,,,True,False,0,auditLog binLocation warehouse,,False,False
inventory,GET,/api/inventory/warehouses,/api/warehouses,WarehousesController,list,apps/inventory/src/modules/warehouses/warehouses.controller.ts,22,inventory.warehouses.read,PermissionsGuard,False,,,,True,True,1,auditLog binLocation warehouse,,False,False
inventory,GET,/api/inventory/warehouses/:id,/api/warehouses/:id,WarehousesController,get,apps/inventory/src/modules/warehouses/warehouses.controller.ts,23,inventory.warehouses.read,PermissionsGuard,False,,id,,True,True,1,auditLog binLocation warehouse,,False,False
inventory,POST,/api/inventory/warehouses,/api/warehouses,WarehousesController,create,apps/inventory/src/modules/warehouses/warehouses.controller.ts,24,inventory.warehouses.create,PermissionsGuard,False,CreateWarehouseDto,,,True,True,1,auditLog binLocation warehouse,,False,False
inventory,PATCH,/api/inventory/warehouses/:id,/api/warehouses/:id,WarehousesController,update,apps/inventory/src/modules/warehouses/warehouses.controller.ts,25,inventory.warehouses.update,PermissionsGuard,False,UpdateWarehouseDto,id,,True,True,1,auditLog binLocation warehouse,,False,False
inventory,POST,/api/inventory/warehouses/:id/bins,/api/warehouses/:id/bins,WarehousesController,addBin,apps/inventory/src/modules/warehouses/warehouses.controller.ts,30,inventory.warehouses.update,PermissionsGuard,False,{ code: string; zone?: string },id,,True,False,1,auditLog binLocation warehouse,,False,False
inventory,DELETE,/api/inventory/warehouses/:id/bins/:binId,/api/warehouses/:id/bins/:binId,WarehousesController,deleteBin,apps/inventory/src/modules/warehouses/warehouses.controller.ts,35,inventory.warehouses.update,PermissionsGuard,False,,id binId,,True,False,1,auditLog binLocation warehouse,,False,False
crm,GET,/api/crm/accounts/export,/api/accounts/export,AccountsController,exportFile,apps/crm/src/modules/accounts/accounts.controller.ts,20,crm.accounts.read,PermissionsGuard,False,,,type territoryId repId q status noVisitSince,True,False,0,account auditLog customerAddress customerAssignment customerContact customerCreationRequest customerEventOutbox customerNote,lead visit,True,True
crm,GET,/api/crm/accounts,/api/accounts,AccountsController,list,apps/crm/src/modules/accounts/accounts.controller.ts,34,crm.accounts.read,PermissionsGuard,False,,,type territoryId repId q status noVisitSince,True,True,5,account auditLog customerAddress customerAssignment customerContact customerCreationRequest customerEventOutbox customerNote,lead visit,True,True
crm,GET,/api/crm/accounts/summary,/api/accounts/summary,AccountsController,summary,apps/crm/src/modules/accounts/accounts.controller.ts,52,crm.accounts.read,PermissionsGuard,False,,,,True,True,1,account auditLog customerAddress customerAssignment customerContact customerCreationRequest customerEventOutbox customerNote,lead visit,True,True
crm,GET,/api/crm/accounts/:id,/api/accounts/:id,AccountsController,get,apps/crm/src/modules/accounts/accounts.controller.ts,60,crm.accounts.read,PermissionsGuard,False,,id,,True,True,4,account auditLog customerAddress customerAssignment customerContact customerCreationRequest customerEventOutbox customerNote,lead visit,True,True
crm,POST,/api/crm/accounts,/api/accounts,AccountsController,create,apps/crm/src/modules/accounts/accounts.controller.ts,69,crm.accounts.create,PermissionsGuard,False,OnboardCustomerDto,,,True,True,4,account auditLog customerAddress customerAssignment customerContact customerCreationRequest customerEventOutbox customerNote,lead visit,True,True
crm,POST,/api/crm/accounts/bulk,/api/accounts/bulk,AccountsController,bulkUpdate,apps/crm/src/modules/accounts/accounts.controller.ts,73,crm.accounts.manage,PermissionsGuard,False,BulkUpdateAccountsDto,,,True,True,1,account auditLog customerAddress customerAssignment customerContact customerCreationRequest customerEventOutbox customerNote,lead visit,True,True
crm,POST,/api/crm/accounts/import,/api/accounts/import,AccountsController,import,apps/crm/src/modules/accounts/accounts.controller.ts,85,crm.accounts.create,PermissionsGuard,False,ImportAccountsDto,,,True,True,1,account auditLog customerAddress customerAssignment customerContact customerCreationRequest customerEventOutbox customerNote,lead visit,True,True
crm,POST,/api/crm/accounts/import/file,/api/accounts/import/file,AccountsController,importFile,apps/crm/src/modules/accounts/accounts.controller.ts,91,crm.accounts.create,PermissionsGuard,False,,,dryRun,True,False,0,account auditLog customerAddress customerAssignment customerContact customerCreationRequest customerEventOutbox customerNote,lead visit,True,True
crm,PATCH,/api/crm/accounts/:id,/api/accounts/:id,AccountsController,update,apps/crm/src/modules/accounts/accounts.controller.ts,102,crm.accounts.manage,PermissionsGuard,False,UpdateAccountDto,id,,True,True,3,account auditLog customerAddress customerAssignment customerContact customerCreationRequest customerEventOutbox customerNote,lead visit,True,True
crm,DELETE,/api/crm/accounts/:id,/api/accounts/:id,AccountsController,archive,apps/crm/src/modules/accounts/accounts.controller.ts,115,crm.accounts.manage,PermissionsGuard,False,,id,,True,True,3,account auditLog customerAddress customerAssignment customerContact customerCreationRequest customerEventOutbox customerNote,lead visit,True,True
crm,POST,/api/crm/accounts/:id/addresses,/api/accounts/:id/addresses,AccountsController,address,apps/crm/src/modules/accounts/accounts.controller.ts,125,crm.accounts.manage,PermissionsGuard,False,CustomerAddressDto,id,,True,True,1,account auditLog customerAddress customerAssignment customerContact customerCreationRequest customerEventOutbox customerNote,lead visit,True,True
crm,POST,/api/crm/accounts/:id/notes,/api/accounts/:id/notes,AccountsController,addNote,apps/crm/src/modules/accounts/accounts.controller.ts,127,crm.accounts.manage,PermissionsGuard,False,CustomerNoteDto,id,,True,True,1,account auditLog customerAddress customerAssignment customerContact customerCreationRequest customerEventOutbox customerNote,lead visit,True,True
crm,PATCH,/api/crm/accounts/:id/notes/:noteId,/api/accounts/:id/notes/:noteId,AccountsController,editNote,apps/crm/src/modules/accounts/accounts.controller.ts,129,crm.accounts.manage,PermissionsGuard,False,EditCustomerNoteDto,id noteId,,True,True,0,account auditLog customerAddress customerAssignment customerContact customerCreationRequest customerEventOutbox customerNote,lead visit,True,True
crm,PATCH,/api/crm/accounts/:id/profile,/api/accounts/:id/profile,AccountsController,profile,apps/crm/src/modules/accounts/accounts.controller.ts,132,crm.accounts.manage,PermissionsGuard,False,CustomerProfileDto,id,,True,True,1,account auditLog customerAddress customerAssignment customerContact customerCreationRequest customerEventOutbox customerNote,lead visit,True,True
crm,PATCH,/api/crm/accounts/:id/credit-limit,/api/accounts/:id/credit-limit,AccountsController,updateCreditLimit,apps/crm/src/modules/accounts/accounts.controller.ts,137,crm.accounts.credit-limit.update,PermissionsGuard,False,UpdateCreditLimitDto,id,,True,True,1,account auditLog customerAddress customerAssignment customerContact customerCreationRequest customerEventOutbox customerNote,lead visit,True,True
crm,GET,/api/crm/field-operations/report,/api/field-operations/report,FieldOperationsController,report,apps/crm/src/modules/field-operations/operations.controller.ts,32,crm.field-sales.read,PermissionsGuard,False,,,,True,True,1,auditLog fieldProposal visit visitRescheduleRequest,account,True,False
crm,POST,/api/crm/field-operations/visits/:id/reschedule,/api/field-operations/visits/:id/reschedule,FieldOperationsController,reschedule,apps/crm/src/modules/field-operations/operations.controller.ts,38,crm.field-sales.visit.complete,PermissionsGuard,False,RescheduleDto,id,,True,True,2,auditLog fieldProposal visit visitRescheduleRequest,account,True,False
crm,GET,/api/crm/field-operations/reschedules,/api/field-operations/reschedules,FieldOperationsController,pending,apps/crm/src/modules/field-operations/operations.controller.ts,47,crm.field-sales.read,PermissionsGuard,False,,,,True,True,1,auditLog fieldProposal visit visitRescheduleRequest,account,True,False
crm,POST,/api/crm/field-operations/reschedules/:id/decision,/api/field-operations/reschedules/:id/decision,FieldOperationsController,decide,apps/crm/src/modules/field-operations/operations.controller.ts,52,crm.field-sales.visit.complete,PermissionsGuard,False,DecisionDto,id,,True,True,1,auditLog fieldProposal visit visitRescheduleRequest,account,True,False
crm,POST,/api/crm/field-operations/visits/:id/gps-review,/api/field-operations/visits/:id/gps-review,FieldOperationsController,gps,apps/crm/src/modules/field-operations/operations.controller.ts,61,crm.field-sales.review,PermissionsGuard,False,GpsReviewDto,id,,True,True,1,auditLog fieldProposal visit visitRescheduleRequest,account,True,False
crm,GET,/api/crm/field-operations/proposals,/api/field-operations/proposals,FieldOperationsController,list,apps/crm/src/modules/field-operations/operations.controller.ts,68,crm.field-sales.read,PermissionsGuard,False,,,,True,True,3,auditLog fieldProposal visit visitRescheduleRequest,account,True,False
crm,GET,/api/crm/field-operations/proposals/:id,/api/field-operations/proposals/:id,FieldOperationsController,get,apps/crm/src/modules/field-operations/operations.controller.ts,73,crm.field-sales.read,PermissionsGuard,False,,id,,True,True,0,auditLog fieldProposal visit visitRescheduleRequest,account,True,False
crm,POST,/api/crm/field-operations/proposals,/api/field-operations/proposals,FieldOperationsController,submit,apps/crm/src/modules/field-operations/operations.controller.ts,79,crm.field-sales.visit.complete,PermissionsGuard,False,CreateProposalDto,,,True,True,3,auditLog fieldProposal visit visitRescheduleRequest,account,True,False
crm,PUT,/api/crm/field-operations/proposals/:id,/api/field-operations/proposals/:id,FieldOperationsController,revise,apps/crm/src/modules/field-operations/operations.controller.ts,85,crm.field-sales.visit.complete,PermissionsGuard,False,ReviseProposalDto,id,,True,True,0,auditLog fieldProposal visit visitRescheduleRequest,account,True,False
crm,POST,/api/crm/field-operations/proposals/:id/convert,/api/field-operations/proposals/:id/convert,FieldOperationsController,convert,apps/crm/src/modules/field-operations/operations.controller.ts,92,crm.field-sales.review,PermissionsGuard,False,,id,,True,True,1,auditLog fieldProposal visit visitRescheduleRequest,account,True,False
crm,POST,/api/crm/field-operations/proposals/:id/review,/api/field-operations/proposals/:id/review,FieldOperationsController,review,apps/crm/src/modules/field-operations/operations.controller.ts,99,crm.field-sales.review,PermissionsGuard,False,ReviewProposalDto,id,,True,True,1,auditLog fieldProposal visit visitRescheduleRequest,account,True,False
crm,GET,/api/crm/field-sales/dashboard,/api/field-sales/dashboard,FieldSalesController,dashboard,apps/crm/src/modules/field-sales/field-sales.controller.ts,32,crm.field-sales.read,PermissionsGuard,False,,,from to repId territoryId,True,True,1,account auditLog customerAssignment customerInteraction followUp repTarget supportCategory supportTicket ticketParticipant visit visitPlan,customerAddress,True,False
crm,GET,/api/crm/field-sales/my-day,/api/field-sales/my-day,FieldSalesController,myDay,apps/crm/src/modules/field-sales/field-sales.controller.ts,44,crm.field-sales.read,PermissionsGuard,False,,,date,True,True,1,account auditLog customerAssignment customerInteraction followUp repTarget supportCategory supportTicket ticketParticipant visit visitPlan,customerAddress,True,False
crm,GET,/api/crm/field-sales/interactions/calls,/api/field-sales/interactions/calls,FieldSalesController,calls,apps/crm/src/modules/field-sales/field-sales.controller.ts,50,crm.field-sales.read,PermissionsGuard,False,,,accountId repId from to,True,True,1,account auditLog customerAssignment customerInteraction followUp repTarget supportCategory supportTicket ticketParticipant visit visitPlan,customerAddress,True,False
crm,POST,/api/crm/field-sales/interactions/calls,/api/field-sales/interactions/calls,FieldSalesController,createCall,apps/crm/src/modules/field-sales/field-sales.controller.ts,62,crm.field-sales.visit.complete,PermissionsGuard,False,CreateCallDto,,,True,True,1,account auditLog customerAssignment customerInteraction followUp repTarget supportCategory supportTicket ticketParticipant visit visitPlan,customerAddress,True,False
crm,GET,/api/crm/field-sales/visits,/api/field-sales/visits,FieldSalesController,visits,apps/crm/src/modules/field-sales/field-sales.controller.ts,68,crm.field-sales.read,PermissionsGuard,False,,,from to repId accountId territoryId status,True,True,1,account auditLog customerAssignment customerInteraction followUp repTarget supportCategory supportTicket ticketParticipant visit visitPlan,customerAddress,True,False
crm,GET,/api/crm/field-sales/visits/:id,/api/field-sales/visits/:id,FieldSalesController,visit,apps/crm/src/modules/field-sales/field-sales.controller.ts,82,crm.field-sales.read,PermissionsGuard,False,,id,,True,True,1,account auditLog customerAssignment customerInteraction followUp repTarget supportCategory supportTicket ticketParticipant visit visitPlan,customerAddress,True,False
crm,POST,/api/crm/field-sales/visits,/api/field-sales/visits,FieldSalesController,createVisit,apps/crm/src/modules/field-sales/field-sales.controller.ts,88,crm.field-sales.manage,PermissionsGuard,False,CreateFieldVisitDto,,,True,True,1,account auditLog customerAssignment customerInteraction followUp repTarget supportCategory supportTicket ticketParticipant visit visitPlan,customerAddress,True,False
crm,POST,/api/crm/field-sales/visits/:id/start,/api/field-sales/visits/:id/start,FieldSalesController,startVisit,apps/crm/src/modules/field-sales/field-sales.controller.ts,94,crm.field-sales.visit.start,PermissionsGuard,False,StartVisitDto,id,,True,True,1,account auditLog customerAssignment customerInteraction followUp repTarget supportCategory supportTicket ticketParticipant visit visitPlan,customerAddress,True,False
crm,POST,/api/crm/field-sales/visits/:id/complete,/api/field-sales/visits/:id/complete,FieldSalesController,completeVisit,apps/crm/src/modules/field-sales/field-sales.controller.ts,100,crm.field-sales.visit.complete,PermissionsGuard,False,CompleteVisitDto,id,,True,True,1,account auditLog customerAssignment customerInteraction followUp repTarget supportCategory supportTicket ticketParticipant visit visitPlan,customerAddress,True,False
crm,POST,/api/crm/field-sales/visits/:id/complaint,/api/field-sales/visits/:id/complaint,FieldSalesController,createComplaint,apps/crm/src/modules/field-sales/field-sales.controller.ts,114,crm.field-sales.complaints.create,PermissionsGuard,False,CreateSupportTicketDto,id,,True,True,1,account auditLog customerAssignment customerInteraction followUp repTarget supportCategory supportTicket ticketParticipant visit visitPlan,customerAddress,True,False
crm,POST,/api/crm/field-sales/visits/:id/link-order,/api/field-sales/visits/:id/link-order,FieldSalesController,linkOrder,apps/crm/src/modules/field-sales/field-sales.controller.ts,121,crm.field-sales.visit.complete,PermissionsGuard,False,"string,",id,,True,True,1,account auditLog customerAssignment customerInteraction followUp repTarget supportCategory supportTicket ticketParticipant visit visitPlan,customerAddress,True,False
crm,POST,/api/crm/field-sales/visits/:id/cancel,/api/field-sales/visits/:id/cancel,FieldSalesController,cancelVisit,apps/crm/src/modules/field-sales/field-sales.controller.ts,132,crm.field-sales.visit.complete,PermissionsGuard,False,CancelVisitDto,id,,True,True,1,account auditLog customerAssignment customerInteraction followUp repTarget supportCategory supportTicket ticketParticipant visit visitPlan,customerAddress,True,False
crm,POST,/api/crm/field-sales/visits/:id/missed,/api/field-sales/visits/:id/missed,FieldSalesController,missVisit,apps/crm/src/modules/field-sales/field-sales.controller.ts,138,crm.field-sales.visit.complete,PermissionsGuard,False,MissVisitDto,id,,True,True,1,account auditLog customerAssignment customerInteraction followUp repTarget supportCategory supportTicket ticketParticipant visit visitPlan,customerAddress,True,False
crm,GET,/api/crm/field-sales/plans,/api/field-sales/plans,FieldSalesController,plans,apps/crm/src/modules/field-sales/field-sales.controller.ts,144,crm.field-sales.read,PermissionsGuard,False,,,from to repId status,True,True,2,account auditLog customerAssignment customerInteraction followUp repTarget supportCategory supportTicket ticketParticipant visit visitPlan,customerAddress,True,False
crm,POST,/api/crm/field-sales/plans,/api/field-sales/plans,FieldSalesController,createPlan,apps/crm/src/modules/field-sales/field-sales.controller.ts,156,crm.field-sales.manage,PermissionsGuard,False,CreateVisitPlanDto,,,True,True,3,account auditLog customerAssignment customerInteraction followUp repTarget supportCategory supportTicket ticketParticipant visit visitPlan,customerAddress,True,False
crm,PATCH,/api/crm/field-sales/plans/:id/status,/api/field-sales/plans/:id/status,FieldSalesController,updatePlanStatus,apps/crm/src/modules/field-sales/field-sales.controller.ts,162,crm.field-sales.manage,PermissionsGuard,False,UpdateVisitPlanStatusDto,id,,True,True,1,account auditLog customerAssignment customerInteraction followUp repTarget supportCategory supportTicket ticketParticipant visit visitPlan,customerAddress,True,False
crm,GET,/api/crm/field-sales/assignments,/api/field-sales/assignments,FieldSalesController,assignments,apps/crm/src/modules/field-sales/field-sales.controller.ts,168,crm.field-sales.read,PermissionsGuard,False,,,accountId repId active,True,True,1,account auditLog customerAssignment customerInteraction followUp repTarget supportCategory supportTicket ticketParticipant visit visitPlan,customerAddress,True,False
crm,POST,/api/crm/field-sales/assignments,/api/field-sales/assignments,FieldSalesController,createAssignment,apps/crm/src/modules/field-sales/field-sales.controller.ts,179,crm.field-sales.manage,PermissionsGuard,False,CreateAssignmentDto,,,True,True,2,account auditLog customerAssignment customerInteraction followUp repTarget supportCategory supportTicket ticketParticipant visit visitPlan,customerAddress,True,False
crm,GET,/api/crm/field-sales/targets,/api/field-sales/targets,FieldSalesController,targets,apps/crm/src/modules/field-sales/field-sales.controller.ts,185,crm.field-sales.read,PermissionsGuard,False,,,repId territoryId from to,True,True,1,account auditLog customerAssignment customerInteraction followUp repTarget supportCategory supportTicket ticketParticipant visit visitPlan,customerAddress,True,False
crm,POST,/api/crm/field-sales/targets,/api/field-sales/targets,FieldSalesController,createTarget,apps/crm/src/modules/field-sales/field-sales.controller.ts,197,crm.field-sales.manage,PermissionsGuard,False,CreateTargetDto,,,True,True,1,account auditLog customerAssignment customerInteraction followUp repTarget supportCategory supportTicket ticketParticipant visit visitPlan,customerAddress,True,False
crm,GET,/api/crm/field-sales/follow-ups,/api/field-sales/follow-ups,FieldSalesController,followUps,apps/crm/src/modules/field-sales/field-sales.controller.ts,203,crm.field-sales.read,PermissionsGuard,False,,,status repId accountId overdue,True,True,1,account auditLog customerAssignment customerInteraction followUp repTarget supportCategory supportTicket ticketParticipant visit visitPlan,customerAddress,True,False
crm,POST,/api/crm/field-sales/assignments/:id/next-visit,/api/field-sales/assignments/:id/next-visit,FieldSalesController,createNextVisit,apps/crm/src/modules/field-sales/field-sales.controller.ts,215,crm.field-sales.manage,PermissionsGuard,False,,id,,True,True,1,account auditLog customerAssignment customerInteraction followUp repTarget supportCategory supportTicket ticketParticipant visit visitPlan,customerAddress,True,False
crm,POST,/api/crm/field-sales/follow-ups,/api/field-sales/follow-ups,FieldSalesController,createFollowUp,apps/crm/src/modules/field-sales/field-sales.controller.ts,221,crm.field-sales.visit.complete,PermissionsGuard,False,CreateFollowUpDto,,,True,True,1,account auditLog customerAssignment customerInteraction followUp repTarget supportCategory supportTicket ticketParticipant visit visitPlan,customerAddress,True,False
crm,PATCH,/api/crm/field-sales/follow-ups/:id/complete,/api/field-sales/follow-ups/:id/complete,FieldSalesController,completeFollowUp,apps/crm/src/modules/field-sales/field-sales.controller.ts,227,crm.field-sales.visit.complete,PermissionsGuard,False,CompleteFollowUpDto,id,,True,True,1,account auditLog customerAssignment customerInteraction followUp repTarget supportCategory supportTicket ticketParticipant visit visitPlan,customerAddress,True,False
crm,PATCH,/api/crm/field-sales/follow-ups/:id/cancel,/api/field-sales/follow-ups/:id/cancel,FieldSalesController,cancelFollowUp,apps/crm/src/modules/field-sales/field-sales.controller.ts,233,crm.field-sales.visit.complete,PermissionsGuard,False,CancelFollowUpDto,id,,True,True,1,account auditLog customerAssignment customerInteraction followUp repTarget supportCategory supportTicket ticketParticipant visit visitPlan,customerAddress,True,False
crm,GET,/api/crm/leads,/api/leads,LeadsController,list,apps/crm/src/modules/leads/leads.controller.ts,15,crm.leads.read,PermissionsGuard,False,,,status,True,True,1,lead,account,False,False
crm,POST,/api/crm/leads,/api/leads,LeadsController,create,apps/crm/src/modules/leads/leads.controller.ts,21,crm.leads.create,PermissionsGuard,False,CreateLeadDto,,,True,True,1,lead,account,False,False
crm,PATCH,/api/crm/leads/:id,/api/leads/:id,LeadsController,update,apps/crm/src/modules/leads/leads.controller.ts,27,crm.leads.manage,PermissionsGuard,False,UpdateLeadDetailsDto,id,,True,False,0,lead,account,False,False
crm,PATCH,/api/crm/leads/:id/status,/api/leads/:id/status,LeadsController,updateStatus,apps/crm/src/modules/leads/leads.controller.ts,35,crm.leads.manage,PermissionsGuard,False,UpdateLeadDto,id,,True,True,1,lead,account,False,False
crm,POST,/api/crm/support/tickets,/api/support/tickets,SupportController,create,apps/crm/src/modules/support/support.controller.ts,28,crm.accounts.manage,PermissionsGuard,False,CreateSupportTicketDto,,,True,True,1,supportCategory supportTicket ticketParticipant,account visit,True,False
crm,GET,/api/crm/support/tickets,/api/support/tickets,SupportController,findAll,apps/crm/src/modules/support/support.controller.ts,34,crm.accounts.read,PermissionsGuard,False,,,status priority category accountId isSlaBreached,True,True,1,supportCategory supportTicket ticketParticipant,account visit,True,False
crm,GET,/api/crm/support/tickets/sla-stats,/api/support/tickets/sla-stats,SupportController,getSlaStats,apps/crm/src/modules/support/support.controller.ts,56,crm.accounts.read,PermissionsGuard,False,,,,True,True,1,supportCategory supportTicket ticketParticipant,account visit,True,False
crm,GET,/api/crm/support/tickets/:id,/api/support/tickets/:id,SupportController,findOne,apps/crm/src/modules/support/support.controller.ts,62,crm.accounts.read,PermissionsGuard,False,,id,,True,True,2,supportCategory supportTicket ticketParticipant,account visit,True,False
crm,PATCH,/api/crm/support/tickets/:id/status,/api/support/tickets/:id/status,SupportController,updateStatus,apps/crm/src/modules/support/support.controller.ts,68,crm.accounts.manage,PermissionsGuard,False,UpdateTicketStatusDto,id,,True,True,1,supportCategory supportTicket ticketParticipant,account visit,True,False
crm,GET,/api/crm/support/categories,/api/support/categories,SupportController,listCategories,apps/crm/src/modules/support/support.controller.ts,82,crm.accounts.read,PermissionsGuard,False,,,includeInactive,True,True,3,supportCategory supportTicket ticketParticipant,account visit,True,False
crm,POST,/api/crm/support/categories,/api/support/categories,SupportController,createCategory,apps/crm/src/modules/support/support.controller.ts,91,crm.accounts.manage,PermissionsGuard,False,CreateSupportCategoryDto,,,True,True,3,supportCategory supportTicket ticketParticipant,account visit,True,False
crm,PATCH,/api/crm/support/categories/:id,/api/support/categories/:id,SupportController,updateCategory,apps/crm/src/modules/support/support.controller.ts,97,crm.accounts.manage,PermissionsGuard,False,UpdateSupportCategoryDto,id,,True,True,1,supportCategory supportTicket ticketParticipant,account visit,True,False
crm,GET,/api/crm/visits,/api/visits,VisitsController,list,apps/crm/src/modules/visits/visits.controller.ts,13,crm.visits.read,PermissionsGuard,False,,,accountId repId before,True,True,1,visit,account,False,True
crm,POST,/api/crm/visits,/api/visits,VisitsController,create,apps/crm/src/modules/visits/visits.controller.ts,24,crm.visits.create,PermissionsGuard,False,CreateVisitDto,,,True,True,1,visit,account,False,True
sales,GET,/api/sales/credit/exposures,/api/credit/exposures,CreditController,exposures,apps/sales/src/modules/credit/credit.controller.ts,12,sales.orders.read,PermissionsGuard,False,,,,True,True,0,accountCredit pendingCreditApplication salesOrder,,True,True
sales,GET,/api/sales/credit/:accountId/exposure,/api/credit/:accountId/exposure,CreditController,exposure,apps/sales/src/modules/credit/credit.controller.ts,26,sales.orders.read,PermissionsGuard,False,,accountId,,True,True,1,accountCredit pendingCreditApplication salesOrder,,True,True
sales,GET,/api/sales/credit/:accountId,/api/credit/:accountId,CreditController,status,apps/sales/src/modules/credit/credit.controller.ts,36,sales.orders.read,PermissionsGuard,False,,accountId,,True,True,1,accountCredit pendingCreditApplication salesOrder,,True,True
sales,GET,/api/sales/discounts,/api/discounts,DiscountsController,list,apps/sales/src/modules/discounts/discounts.controller.ts,13,sales.discounts.read,PermissionsGuard,False,,,type isActive q,True,True,1,auditLog discountApprovalLevel pricingRule,orderApproval salesOrder,True,False
sales,GET,/api/sales/discounts/kpis,/api/discounts/kpis,DiscountsController,kpis,apps/sales/src/modules/discounts/discounts.controller.ts,26,sales.discounts.read,PermissionsGuard,False,,,,True,True,1,auditLog discountApprovalLevel pricingRule,orderApproval salesOrder,True,False
sales,GET,/api/sales/discounts/approval-matrix,/api/discounts/approval-matrix,DiscountsController,matrix,apps/sales/src/modules/discounts/discounts.controller.ts,29,sales.discounts.read,PermissionsGuard,False,,,,True,True,1,auditLog discountApprovalLevel pricingRule,orderApproval salesOrder,True,False
sales,PUT,/api/sales/discounts/approval-matrix,/api/discounts/approval-matrix,DiscountsController,replaceMatrix,apps/sales/src/modules/discounts/discounts.controller.ts,33,sales.discounts.matrix.manage,PermissionsGuard,False,UpdateApprovalLevelDto[],,,True,True,1,auditLog discountApprovalLevel pricingRule,orderApproval salesOrder,True,False
sales,POST,/api/sales/discounts,/api/discounts,DiscountsController,create,apps/sales/src/modules/discounts/discounts.controller.ts,38,sales.discounts.manage,PermissionsGuard,False,CreateDiscountPolicyDto,,,True,True,2,auditLog discountApprovalLevel pricingRule,orderApproval salesOrder,True,False
sales,PATCH,/api/sales/discounts/:id,/api/discounts/:id,DiscountsController,update,apps/sales/src/modules/discounts/discounts.controller.ts,43,sales.discounts.manage,PermissionsGuard,False,UpdateDiscountPolicyDto,id,,True,True,1,auditLog discountApprovalLevel pricingRule,orderApproval salesOrder,True,False
sales,POST,/api/sales/discounts/:id/toggle,/api/discounts/:id/toggle,DiscountsController,toggle,apps/sales/src/modules/discounts/discounts.controller.ts,48,sales.discounts.manage,PermissionsGuard,False,,id,,True,True,1,auditLog discountApprovalLevel pricingRule,orderApproval salesOrder,True,False
sales,POST,/api/sales/discounts/:id/review,/api/discounts/:id/review,DiscountsController,review,apps/sales/src/modules/discounts/discounts.controller.ts,54,sales.discounts.manage,PermissionsGuard,False,ReviewDiscountPolicyDto,id,,True,True,1,auditLog discountApprovalLevel pricingRule,orderApproval salesOrder,True,False
sales,GET,/api/sales/discounts/:id/impact,/api/discounts/:id/impact,DiscountsController,impact,apps/sales/src/modules/discounts/discounts.controller.ts,60,sales.discounts.read,PermissionsGuard,False,,id,days,True,True,1,auditLog discountApprovalLevel pricingRule,orderApproval salesOrder,True,False
sales,POST,/api/sales/discounts/:id/duplicate,/api/discounts/:id/duplicate,DiscountsController,duplicate,apps/sales/src/modules/discounts/discounts.controller.ts,65,sales.discounts.manage,PermissionsGuard,False,,id,,True,True,1,auditLog discountApprovalLevel pricingRule,orderApproval salesOrder,True,False
sales,GET,/api/sales/orders/export,/api/orders/export,OrdersController,exportFile,apps/sales/src/modules/orders/orders.controller.ts,18,sales.orders.read,PermissionsGuard,False,,,status repId accountId from to q,True,False,0,auditLog orderApproval salesOrder,discountApprovalLevel pricingRule productPrice salesOrderLine,True,True
sales,GET,/api/sales/orders,/api/orders,OrdersController,list,apps/sales/src/modules/orders/orders.controller.ts,32,sales.orders.read,PermissionsGuard,False,,,status repId accountId from to q before,True,True,1,auditLog orderApproval salesOrder,discountApprovalLevel pricingRule productPrice salesOrderLine,True,True
sales,GET,/api/sales/orders/config,/api/orders/config,OrdersController,config,apps/sales/src/modules/orders/orders.controller.ts,51,sales.orders.create,PermissionsGuard,False,,,,True,True,1,auditLog orderApproval salesOrder,discountApprovalLevel pricingRule productPrice salesOrderLine,True,True
sales,GET,/api/sales/orders/summary,/api/orders/summary,OrdersController,summary,apps/sales/src/modules/orders/orders.controller.ts,53,sales.orders.read,PermissionsGuard,False,,,,True,True,1,auditLog orderApproval salesOrder,discountApprovalLevel pricingRule productPrice salesOrderLine,True,True
sales,GET,/api/sales/orders/top-products,/api/orders/top-products,OrdersController,topProducts,apps/sales/src/modules/orders/orders.controller.ts,59,sales.orders.read,PermissionsGuard,False,,,days,True,True,0,auditLog orderApproval salesOrder,discountApprovalLevel pricingRule productPrice salesOrderLine,True,True
sales,GET,/api/sales/orders/top-reps,/api/orders/top-reps,OrdersController,topReps,apps/sales/src/modules/orders/orders.controller.ts,66,sales.orders.read,PermissionsGuard,False,,,days,True,True,1,auditLog orderApproval salesOrder,discountApprovalLevel pricingRule productPrice salesOrderLine,True,True
sales,GET,/api/sales/orders/trend,/api/orders/trend,OrdersController,trend,apps/sales/src/modules/orders/orders.controller.ts,75,sales.orders.read,PermissionsGuard,False,,,days,True,True,0,auditLog orderApproval salesOrder,discountApprovalLevel pricingRule productPrice salesOrderLine,True,True
sales,GET,/api/sales/orders/status-breakdown,/api/orders/status-breakdown,OrdersController,statusBreakdown,apps/sales/src/modules/orders/orders.controller.ts,82,sales.orders.read,PermissionsGuard,False,,,days,True,True,0,auditLog orderApproval salesOrder,discountApprovalLevel pricingRule productPrice salesOrderLine,True,True
sales,GET,/api/sales/orders/top-customers,/api/orders/top-customers,OrdersController,topCustomers,apps/sales/src/modules/orders/orders.controller.ts,89,sales.orders.read,PermissionsGuard,False,,,days,True,True,0,auditLog orderApproval salesOrder,discountApprovalLevel pricingRule productPrice salesOrderLine,True,True
sales,GET,/api/sales/orders/by-account,/api/orders/by-account,OrdersController,byAccount,apps/sales/src/modules/orders/orders.controller.ts,97,sales.orders.read,PermissionsGuard,False,,,,True,True,1,auditLog orderApproval salesOrder,discountApprovalLevel pricingRule productPrice salesOrderLine,True,True
sales,GET,/api/sales/orders/:id,/api/orders/:id,OrdersController,get,apps/sales/src/modules/orders/orders.controller.ts,105,sales.orders.read,PermissionsGuard,False,,id,,True,True,5,auditLog orderApproval salesOrder,discountApprovalLevel pricingRule productPrice salesOrderLine,True,True
sales,POST,/api/sales/orders/from-field-proposal,/api/orders/from-field-proposal,OrdersController,fromField,apps/sales/src/modules/orders/orders.controller.ts,114,sales.orders.create crm.field-sales.review,PermissionsGuard,False,FieldOrderDto,,,True,True,0,auditLog orderApproval salesOrder,discountApprovalLevel pricingRule productPrice salesOrderLine,True,True
sales,POST,/api/sales/orders,/api/orders,OrdersController,create,apps/sales/src/modules/orders/orders.controller.ts,116,sales.orders.create,PermissionsGuard,False,CreateOrderDto,,,True,True,1,auditLog orderApproval salesOrder,discountApprovalLevel pricingRule productPrice salesOrderLine,True,True
sales,POST,/api/sales/orders/import,/api/orders/import,OrdersController,importOrders,apps/sales/src/modules/orders/orders.controller.ts,139,sales.orders.create,PermissionsGuard,False,ImportOrdersDto,,,True,True,1,auditLog orderApproval salesOrder,discountApprovalLevel pricingRule productPrice salesOrderLine,True,True
sales,POST,/api/sales/orders/:id/allocation-retry,/api/orders/:id/allocation-retry,OrdersController,retryAllocation,apps/sales/src/modules/orders/orders.controller.ts,162,sales.orders.approve,PermissionsGuard,False,,id,,True,True,1,auditLog orderApproval salesOrder,discountApprovalLevel pricingRule productPrice salesOrderLine,True,True
sales,POST,/api/sales/orders/:id/submit,/api/orders/:id/submit,OrdersController,submit,apps/sales/src/modules/orders/orders.controller.ts,173,sales.orders.create,PermissionsGuard,False,,id,,True,True,1,auditLog orderApproval salesOrder,discountApprovalLevel pricingRule productPrice salesOrderLine,True,True
sales,POST,/api/sales/orders/:id/approve,/api/orders/:id/approve,OrdersController,approve,apps/sales/src/modules/orders/orders.controller.ts,183,sales.orders.approve,PermissionsGuard,False,,id,,True,True,1,auditLog orderApproval salesOrder,discountApprovalLevel pricingRule productPrice salesOrderLine,True,True
sales,POST,/api/sales/orders/:id/reject,/api/orders/:id/reject,OrdersController,reject,apps/sales/src/modules/orders/orders.controller.ts,193,sales.orders.approve,PermissionsGuard,False,,id,,True,True,1,auditLog orderApproval salesOrder,discountApprovalLevel pricingRule productPrice salesOrderLine,True,True
sales,POST,/api/sales/orders/:id/credit-override,/api/orders/:id/credit-override,OrdersController,overrideCredit,apps/sales/src/modules/orders/orders.controller.ts,203,sales.orders.credit-hold.override,PermissionsGuard,False,OverrideCreditDto,id,,True,True,1,auditLog orderApproval salesOrder,discountApprovalLevel pricingRule productPrice salesOrderLine,True,True
sales,POST,/api/sales/orders/:id/ship,/api/orders/:id/ship,OrdersController,ship,apps/sales/src/modules/orders/orders.controller.ts,213,sales.orders.ship,PermissionsGuard,False,,id,,True,True,1,auditLog orderApproval salesOrder,discountApprovalLevel pricingRule productPrice salesOrderLine,True,True
sales,POST,/api/sales/orders/:id/deliver,/api/orders/:id/deliver,OrdersController,deliver,apps/sales/src/modules/orders/orders.controller.ts,222,sales.orders.deliver,PermissionsGuard,False,,id,,True,True,1,auditLog orderApproval salesOrder,discountApprovalLevel pricingRule productPrice salesOrderLine,True,True
sales,POST,/api/sales/orders/:id/cancel,/api/orders/:id/cancel,OrdersController,cancel,apps/sales/src/modules/orders/orders.controller.ts,231,sales.orders.cancel,PermissionsGuard,False,,id,,True,True,1,auditLog orderApproval salesOrder,discountApprovalLevel pricingRule productPrice salesOrderLine,True,True
sales,GET,/api/sales/pricing/rules,/api/pricing/rules,PriceRulesController,list,apps/sales/src/modules/pricing/price-rules.controller.ts,13,sales.pricing-rules.read,PermissionsGuard,False,,,type isActive q,True,True,1,auditLog priceRule priceRuleSetting,,True,False
sales,POST,/api/sales/pricing/rules/simulate,/api/pricing/rules/simulate,PriceRulesController,simulate,apps/sales/src/modules/pricing/price-rules.controller.ts,27,sales.pricing-rules.read,PermissionsGuard,False,SimulatePriceDto,,,True,True,1,auditLog priceRule priceRuleSetting,,True,False
sales,POST,/api/sales/pricing/rules/engine,/api/pricing/rules/engine,PriceRulesController,setEngine,apps/sales/src/modules/pricing/price-rules.controller.ts,31,sales.pricing-rules.manage,PermissionsGuard,False,ToggleEngineDto,,,True,True,1,auditLog priceRule priceRuleSetting,,True,False
sales,POST,/api/sales/pricing/rules,/api/pricing/rules,PriceRulesController,create,apps/sales/src/modules/pricing/price-rules.controller.ts,36,sales.pricing-rules.manage,PermissionsGuard,False,CreatePriceRuleDto,,,True,True,2,auditLog priceRule priceRuleSetting,,True,False
sales,PATCH,/api/sales/pricing/rules/:id,/api/pricing/rules/:id,PriceRulesController,update,apps/sales/src/modules/pricing/price-rules.controller.ts,41,sales.pricing-rules.manage,PermissionsGuard,False,UpdatePriceRuleDto,id,,True,True,1,auditLog priceRule priceRuleSetting,,True,False
sales,POST,/api/sales/pricing/rules/:id/toggle,/api/pricing/rules/:id/toggle,PriceRulesController,toggle,apps/sales/src/modules/pricing/price-rules.controller.ts,46,sales.pricing-rules.manage,PermissionsGuard,False,,id,,True,True,1,auditLog priceRule priceRuleSetting,,True,False
sales,POST,/api/sales/pricing/rules/:id/duplicate,/api/pricing/rules/:id/duplicate,PriceRulesController,duplicate,apps/sales/src/modules/pricing/price-rules.controller.ts,51,sales.pricing-rules.manage,PermissionsGuard,False,,id,,True,True,1,auditLog priceRule priceRuleSetting,,True,False
sales,POST,/api/sales/pricing/rules/:id/move,/api/pricing/rules/:id/move,PriceRulesController,move,apps/sales/src/modules/pricing/price-rules.controller.ts,56,sales.pricing-rules.manage,PermissionsGuard,False,MovePriceRuleDto,id,,True,True,1,auditLog priceRule priceRuleSetting,,True,False
sales,GET,/api/sales/promotions,/api/promotions,PromotionsController,list,apps/sales/src/modules/promotions/promotions.controller.ts,13,sales.promotions.read,PermissionsGuard,False,,,mechanism status q,True,True,1,auditLog promotion,promotionRedemption,False,False
sales,POST,/api/sales/promotions/simulate,/api/promotions/simulate,PromotionsController,simulate,apps/sales/src/modules/promotions/promotions.controller.ts,23,sales.promotions.read,PermissionsGuard,False,SimulatePromotionDto,,,True,True,1,auditLog promotion,promotionRedemption,False,False
sales,GET,/api/sales/promotions/:id/performance,/api/promotions/:id/performance,PromotionsController,performance,apps/sales/src/modules/promotions/promotions.controller.ts,26,sales.promotions.read,PermissionsGuard,False,,id,,True,True,1,auditLog promotion,promotionRedemption,False,False
sales,POST,/api/sales/promotions,/api/promotions,PromotionsController,create,apps/sales/src/modules/promotions/promotions.controller.ts,29,sales.promotions.manage,PermissionsGuard,False,CreatePromotionDto,,,True,True,1,auditLog promotion,promotionRedemption,False,False
sales,PATCH,/api/sales/promotions/:id,/api/promotions/:id,PromotionsController,update,apps/sales/src/modules/promotions/promotions.controller.ts,34,sales.promotions.manage,PermissionsGuard,False,UpdatePromotionDto,id,,True,True,1,auditLog promotion,promotionRedemption,False,False
sales,POST,/api/sales/promotions/:id/pause,/api/promotions/:id/pause,PromotionsController,pause,apps/sales/src/modules/promotions/promotions.controller.ts,39,sales.promotions.manage,PermissionsGuard,False,PausePromotionDto,id,,True,True,1,auditLog promotion,promotionRedemption,False,False
sales,POST,/api/sales/promotions/:id/duplicate,/api/promotions/:id/duplicate,PromotionsController,duplicate,apps/sales/src/modules/promotions/promotions.controller.ts,44,sales.promotions.manage,PermissionsGuard,False,,id,,True,True,1,auditLog promotion,promotionRedemption,False,False
sales,GET,/api/sales/returns/summary,/api/returns/summary,ReturnsRegisterController,summary,apps/sales/src/modules/returns/returns-register.controller.ts,22,sales.returns.read,PermissionsGuard,False,,,days,True,True,1,salesOrderLine salesReturn salesReturnLine,salesOrder,True,True
sales,GET,/api/sales/returns,/api/returns,ReturnsRegisterController,list,apps/sales/src/modules/returns/returns-register.controller.ts,30,sales.returns.read,PermissionsGuard,False,,,from to accountId repId reason status,True,True,1,salesOrderLine salesReturn salesReturnLine,salesOrder,True,True
sales,POST,/api/sales/returns/:id/approve,/api/returns/:id/approve,ReturnsRegisterController,approve,apps/sales/src/modules/returns/returns-register.controller.ts,51,sales.returns.approve,PermissionsGuard,False,,id,,True,True,1,salesOrderLine salesReturn salesReturnLine,salesOrder,True,True
sales,POST,/api/sales/returns/:id/cancel,/api/returns/:id/cancel,ReturnsRegisterController,cancel,apps/sales/src/modules/returns/returns-register.controller.ts,61,sales.returns.approve,PermissionsGuard,False,"string,",id,,True,True,1,salesOrderLine salesReturn salesReturnLine,salesOrder,True,True
sales,POST,/api/sales/returns/:id/reject,/api/returns/:id/reject,ReturnsRegisterController,reject,apps/sales/src/modules/returns/returns-register.controller.ts,72,sales.returns.approve,PermissionsGuard,False,"string,",id,,True,True,1,salesOrderLine salesReturn salesReturnLine,salesOrder,True,True
sales,PATCH,/api/sales/returns/:id,/api/returns/:id,ReturnsRegisterController,update,apps/sales/src/modules/returns/returns-register.controller.ts,85,sales.returns.create,PermissionsGuard,False,CreateReturnDto,id,,True,True,1,salesOrderLine salesReturn salesReturnLine,salesOrder,True,True
sales,GET,/api/sales/orders/:orderId/returns,/api/orders/:orderId/returns,ReturnsController,list,apps/sales/src/modules/returns/returns.controller.ts,13,sales.returns.read,PermissionsGuard,False,,orderId,,True,True,1,salesOrderLine salesReturn salesReturnLine,salesOrder,True,True
sales,POST,/api/sales/orders/:orderId/returns,/api/orders/:orderId/returns,ReturnsController,create,apps/sales/src/modules/returns/returns.controller.ts,18,sales.returns.create,PermissionsGuard,False,CreateReturnDto,orderId,,True,True,1,salesOrderLine salesReturn salesReturnLine,salesOrder,True,True
sales,GET,/api/sales/sagas/stalled,/api/sagas/stalled,SagaController,getStalled,apps/sales/src/modules/saga/saga.controller.ts,15,sales.sagas.read,PermissionsGuard,False,,,olderThan,True,True,1,,orderSaga,False,False
sales,GET,/api/sales/sagas/distribution,/api/sagas/distribution,SagaController,getDistribution,apps/sales/src/modules/saga/saga.controller.ts,25,sales.sagas.read,PermissionsGuard,False,,,,True,True,1,,orderSaga,False,False
sales,GET,/api/sales/sagas/:orderId,/api/sagas/:orderId,SagaController,getByOrderId,apps/sales/src/modules/saga/saga.controller.ts,42,sales.sagas.read,PermissionsGuard,False,,orderId,,True,True,3,,orderSaga,False,False
sales,GET,/api/sales/shipments,/api/shipments,ShipmentsController,list,apps/sales/src/modules/shipments/shipments.controller.ts,13,sales.shipments.read,PermissionsGuard,False,,,status carrier zone orderIds,True,True,1,auditLog orderShipment,salesOrder,True,True
sales,GET,/api/sales/shipments/:orderId/legs,/api/shipments/:orderId/legs,ShipmentsController,legs,apps/sales/src/modules/shipments/shipments.controller.ts,26,sales.shipments.read,PermissionsGuard,False,,orderId,,True,True,1,auditLog orderShipment,salesOrder,True,True
sales,POST,/api/sales/shipments/:orderId/return-leg,/api/shipments/:orderId/return-leg,ShipmentsController,returnLeg,apps/sales/src/modules/shipments/shipments.controller.ts,31,sales.shipments.manage,PermissionsGuard,False,CompleteReturnLegDto,orderId,,True,True,1,auditLog orderShipment,salesOrder,True,True
sales,POST,/api/sales/shipments/bulk-assign,/api/shipments/bulk-assign,ShipmentsController,bulkAssign,apps/sales/src/modules/shipments/shipments.controller.ts,41,sales.shipments.manage,PermissionsGuard,False,BulkAssignShipmentDto,,,True,True,1,auditLog orderShipment,salesOrder,True,True
sales,PUT,/api/sales/shipments/:orderId,/api/shipments/:orderId,ShipmentsController,upsert,apps/sales/src/modules/shipments/shipments.controller.ts,46,sales.shipments.manage,PermissionsGuard,False,UpsertShipmentDto,orderId,,True,True,1,auditLog orderShipment,salesOrder,True,True
sales,DELETE,/api/sales/shipments/:orderId,/api/shipments/:orderId,ShipmentsController,cancel,apps/sales/src/modules/shipments/shipments.controller.ts,51,sales.shipments.manage,PermissionsGuard,False,"string,",orderId,,True,True,1,auditLog orderShipment,salesOrder,True,True
sales,POST,/api/sales/shipments/:orderId/pod/:kind,/api/shipments/:orderId/pod/:kind,ShipmentsController,capturePod,apps/sales/src/modules/shipments/shipments.controller.ts,62,sales.shipments.manage,PermissionsGuard,False,CapturePodDto,orderId kind,,True,True,2,auditLog orderShipment,salesOrder,True,True
sales,GET,/api/sales/shipments/:orderId/pod/:kind,/api/shipments/:orderId/pod/:kind,ShipmentsController,pod,apps/sales/src/modules/shipments/shipments.controller.ts,72,sales.shipments.read,PermissionsGuard,False,,orderId kind,,True,True,1,auditLog orderShipment,salesOrder,True,True
sales,GET,/api/sales/shipping/catalog/export.csv,/api/shipping/catalog/export.csv,ShippingController,exportCatalog,apps/sales/src/modules/shipping/shipping.controller.ts,12,sales.shipping.read,PermissionsGuard,False,,,,True,False,0,,shippingRate shippingZone shippingZoneArea,False,False
sales,GET,/api/sales/shipping/catalog,/api/shipping/catalog,ShippingController,catalog,apps/sales/src/modules/shipping/shipping.controller.ts,25,sales.shipping.read,PermissionsGuard,False,,,,True,True,0,,shippingRate shippingZone shippingZoneArea,False,False
sales,POST,/api/sales/shipping/quote,/api/shipping/quote,ShippingController,quote,apps/sales/src/modules/shipping/shipping.controller.ts,30,sales.shipping.read,PermissionsGuard,False,ShippingQuoteDto,,,True,True,1,,shippingRate shippingZone shippingZoneArea,False,False
sales,GET,/api/sales/traceability/batch/:batchId,/api/traceability/batch/:batchId,TraceabilityController,batch,apps/sales/src/modules/traceability/traceability.controller.ts,19,sales.traceability.read,PermissionsGuard,False,,batchId,,True,True,1,blockedBatch orderRecallHold salesOrder,orderLineAllocation salesReturnLine,True,True
sales,GET,/api/sales/traceability/holds,/api/traceability/holds,TraceabilityController,holds,apps/sales/src/modules/traceability/traceability.controller.ts,22,sales.traceability.read,PermissionsGuard,False,,,open batchId,True,True,1,blockedBatch orderRecallHold salesOrder,orderLineAllocation salesReturnLine,True,True
sales,POST,/api/sales/traceability/holds/:orderId/release,/api/traceability/holds/:orderId/release,TraceabilityController,release,apps/sales/src/modules/traceability/traceability.controller.ts,25,sales.orders.recall-hold.release,PermissionsGuard,False,ReleaseHoldDto,orderId,,True,True,1,blockedBatch orderRecallHold salesOrder,orderLineAllocation salesReturnLine,True,True
accounting,GET,/api/accounting/audit-timeline,/api/audit-timeline,AuditTimelineController,list,apps/accounting/src/modules/audit-timeline/audit-timeline.controller.ts,7,accounting.audit.read,JwtAuthGuard only,False,,,entity entityId actorId from to limit,False,False,1,,auditLog,False,False
accounting,GET,/api/accounting/bank-reconciliation/statements,/api/bank-reconciliation/statements,BankReconciliationController,statements,apps/accounting/src/modules/bank-reconciliation/bank-reconciliation.controller.ts,10,accounting.payments.read,PermissionsGuard,False,,,financialAccountId,False,False,0,,,True,False
accounting,GET,/api/accounting/bank-reconciliation/statements/:id,/api/bank-reconciliation/statements/:id,BankReconciliationController,statement,apps/accounting/src/modules/bank-reconciliation/bank-reconciliation.controller.ts,11,accounting.payments.read,PermissionsGuard,False,,id,,False,False,0,,,True,False
accounting,POST,/api/accounting/bank-reconciliation/statements/import,/api/bank-reconciliation/statements/import,BankReconciliationController,importStatement,apps/accounting/src/modules/bank-reconciliation/bank-reconciliation.controller.ts,12,accounting.payments.read,PermissionsGuard,False,any,,,False,False,0,,,True,False
accounting,POST,/api/accounting/bank-reconciliation/lines/:id/match,/api/bank-reconciliation/lines/:id/match,BankReconciliationController,match,apps/accounting/src/modules/bank-reconciliation/bank-reconciliation.controller.ts,13,accounting.payments.read,PermissionsGuard,False,any,id,,False,False,0,,,True,False
accounting,POST,/api/accounting/bank-reconciliation/lines/:id/unmatch,/api/bank-reconciliation/lines/:id/unmatch,BankReconciliationController,unmatch,apps/accounting/src/modules/bank-reconciliation/bank-reconciliation.controller.ts,14,accounting.payments.read,PermissionsGuard,False,,id,,False,False,0,,,True,False
accounting,POST,/api/accounting/bank-reconciliation/statements/:id/reconcile,/api/bank-reconciliation/statements/:id/reconcile,BankReconciliationController,reconcile,apps/accounting/src/modules/bank-reconciliation/bank-reconciliation.controller.ts,15,accounting.payments.read,PermissionsGuard,False,,id,,False,False,0,,,True,False
accounting,GET,/api/accounting/cash-banks/overview,/api/cash-banks/overview,CashBanksController,overview,apps/accounting/src/modules/cash-banks/cash-banks.controller.ts,16,accounting.payments.read,PermissionsGuard,False,,,from to page pageSize,True,True,2,,account ledgerEntry payment supplierLedgerEntry,False,False
accounting,GET,/api/accounting/cash-banks/accounts/:accountId/movements,/api/cash-banks/accounts/:accountId/movements,CashBanksController,movements,apps/accounting/src/modules/cash-banks/cash-banks.controller.ts,26,accounting.payments.read,PermissionsGuard,False,,accountId,from to limit,True,True,2,,account ledgerEntry payment supplierLedgerEntry,False,False
accounting,GET,/api/accounting/coa,/api/coa,CoaController,list,apps/accounting/src/modules/coa/coa.controller.ts,23,accounting.coa.read,PermissionsGuard,False,,,type isHeader search,True,True,2,account,,False,False
accounting,GET,/api/accounting/coa/tree,/api/coa/tree,CoaController,tree,apps/accounting/src/modules/coa/coa.controller.ts,37,accounting.coa.read,PermissionsGuard,False,,,,True,True,2,account,,False,False
accounting,GET,/api/accounting/coa/trial-balance,/api/coa/trial-balance,CoaController,trialBalance,apps/accounting/src/modules/coa/coa.controller.ts,43,accounting.coa.read,PermissionsGuard,False,,,asOf from,True,True,2,account,,False,False
accounting,GET,/api/accounting/coa/export.csv,/api/coa/export.csv,CoaController,exportCsv,apps/accounting/src/modules/coa/coa.controller.ts,49,accounting.coa.read,PermissionsGuard,False,,,type isHeader search,True,False,0,account,,False,False
accounting,GET,/api/accounting/coa/:id,/api/coa/:id,CoaController,get,apps/accounting/src/modules/coa/coa.controller.ts,71,accounting.coa.read,PermissionsGuard,False,,id,,True,True,6,account,,False,False
accounting,POST,/api/accounting/coa,/api/coa,CoaController,create,apps/accounting/src/modules/coa/coa.controller.ts,77,accounting.coa.manage,PermissionsGuard,False,CreateAccountDto,,,True,True,2,account,,False,False
accounting,PATCH,/api/accounting/coa/:id,/api/coa/:id,CoaController,update,apps/accounting/src/modules/coa/coa.controller.ts,83,accounting.coa.manage,PermissionsGuard,False,UpdateAccountDto,id,,True,True,2,account,,False,False
accounting,POST,/api/accounting/coa/seed-defaults,/api/coa/seed-defaults,CoaController,seedDefaults,apps/accounting/src/modules/coa/coa.controller.ts,89,accounting.coa.manage,PermissionsGuard,False,,,,True,True,2,account,,False,False
accounting,GET,/api/accounting/collection/unallocated-credit,/api/collection/unallocated-credit,CollectionController,unallocatedCredit,apps/accounting/src/modules/collection/collection.controller.ts,15,accounting.collection.read,PermissionsGuard,False,,,accountId,True,True,2,,invoice payment paymentAllocation,False,False
accounting,GET,/api/accounting/collection/by-rep,/api/collection/by-rep,CollectionController,byRep,apps/accounting/src/modules/collection/collection.controller.ts,20,accounting.collection.read,PermissionsGuard,False,,,repId,True,True,2,,invoice payment paymentAllocation,False,False
accounting,GET,/api/accounting/collection/rep-collections,/api/collection/rep-collections,CollectionController,repCollections,apps/accounting/src/modules/collection/collection.controller.ts,27,accounting.collection.read,PermissionsGuard,False,,,repId search overdueOnly page pageSize,True,True,2,,invoice payment paymentAllocation,False,False
accounting,GET,/api/accounting/collection/aging,/api/collection/aging,CollectionController,aging,apps/accounting/src/modules/collection/collection.controller.ts,50,accounting.collection.read,PermissionsGuard,False,,,,True,True,2,,invoice payment paymentAllocation,False,False
accounting,GET,/api/accounting/collection/outstanding-by-account,/api/collection/outstanding-by-account,CollectionController,outstandingByAccount,apps/accounting/src/modules/collection/collection.controller.ts,58,accounting.collection.read,PermissionsGuard,False,,,,True,True,2,,invoice payment paymentAllocation,False,False
accounting,GET,/api/accounting/collection/summary,/api/collection/summary,CollectionController,summary,apps/accounting/src/modules/collection/collection.controller.ts,66,accounting.collection.read,PermissionsGuard,False,,,,True,True,2,,invoice payment paymentAllocation,False,False
accounting,GET,/api/accounting/collection/receivables,/api/collection/receivables,CollectionController,receivables,apps/accounting/src/modules/collection/collection.controller.ts,74,accounting.collection.read,PermissionsGuard,False,,,page pageSize,True,True,2,,invoice payment paymentAllocation,False,False
accounting,GET,/api/accounting/credit-notes,/api/credit-notes,CreditNotesController,list,apps/accounting/src/modules/credit-notes/credit-notes.controller.ts,16,accounting.credit-notes.read,PermissionsGuard,False,,,from to accountId,True,True,2,creditNote taxEntry,,True,False
accounting,GET,/api/accounting/credit-notes/:id,/api/credit-notes/:id,CreditNotesController,get,apps/accounting/src/modules/credit-notes/credit-notes.controller.ts,25,accounting.credit-notes.read,PermissionsGuard,False,,id,,True,True,2,creditNote taxEntry,,True,False
accounting,GET,/api/accounting/finance-dashboard,/api/finance-dashboard,FinanceDashboardController,summary,apps/accounting/src/modules/finance-dashboard/finance-dashboard.controller.ts,7,accounting.finance-dashboard.read,JwtAuthGuard only,False,,,,False,False,1,,financialAccount fiscalPeriod invoice journalEntry vendorInvoice,False,False
accounting,GET,/api/accounting/financial-accounts,/api/financial-accounts,FinancialAccountsController,list,apps/accounting/src/modules/financial-accounts/financial-accounts.controller.ts,28,accounting.financial-accounts.read,PermissionsGuard,False,,,includeInactive,True,True,2,financialAccount financialAccountEntry financialAccountReconciliation,currency,True,False
accounting,GET,/api/accounting/financial-accounts/:id,/api/financial-accounts/:id,FinancialAccountsController,one,apps/accounting/src/modules/financial-accounts/financial-accounts.controller.ts,33,accounting.financial-accounts.read,PermissionsGuard,False,,id,,True,True,2,financialAccount financialAccountEntry financialAccountReconciliation,currency,True,False
accounting,GET,/api/accounting/financial-accounts/:id/entries,/api/financial-accounts/:id/entries,FinancialAccountsController,entries,apps/accounting/src/modules/financial-accounts/financial-accounts.controller.ts,38,accounting.financial-accounts.read,PermissionsGuard,False,,id,,True,True,2,financialAccount financialAccountEntry financialAccountReconciliation,currency,True,False
accounting,GET,/api/accounting/financial-accounts/:id/reconcile-ledger,/api/financial-accounts/:id/reconcile-ledger,FinancialAccountsController,reconcileLedger,apps/accounting/src/modules/financial-accounts/financial-accounts.controller.ts,44,accounting.financial-accounts.read,PermissionsGuard,False,,id,,True,True,2,financialAccount financialAccountEntry financialAccountReconciliation,currency,True,False
accounting,GET,/api/accounting/financial-accounts/:id/reconciliations,/api/financial-accounts/:id/reconciliations,FinancialAccountsController,reconciliations,apps/accounting/src/modules/financial-accounts/financial-accounts.controller.ts,49,accounting.financial-accounts.reconcile,PermissionsGuard,False,,id,,True,True,2,financialAccount financialAccountEntry financialAccountReconciliation,currency,True,False
accounting,POST,/api/accounting/financial-accounts,/api/financial-accounts,FinancialAccountsController,create,apps/accounting/src/modules/financial-accounts/financial-accounts.controller.ts,54,accounting.financial-accounts.manage,PermissionsGuard,False,CreateFinancialAccountDto,,,True,True,2,financialAccount financialAccountEntry financialAccountReconciliation,currency,True,False
accounting,PATCH,/api/accounting/financial-accounts/:id,/api/financial-accounts/:id,FinancialAccountsController,update,apps/accounting/src/modules/financial-accounts/financial-accounts.controller.ts,59,accounting.financial-accounts.manage,PermissionsGuard,False,UpdateFinancialAccountDto,id,,True,True,2,financialAccount financialAccountEntry financialAccountReconciliation,currency,True,False
accounting,POST,/api/accounting/financial-accounts/entries,/api/financial-accounts/entries,FinancialAccountsController,recordEntry,apps/accounting/src/modules/financial-accounts/financial-accounts.controller.ts,64,accounting.financial-accounts.manage,PermissionsGuard,False,RecordEntryDto,,,True,True,2,financialAccount financialAccountEntry financialAccountReconciliation,currency,True,False
accounting,POST,/api/accounting/financial-accounts/transfers,/api/financial-accounts/transfers,FinancialAccountsController,transfer,apps/accounting/src/modules/financial-accounts/financial-accounts.controller.ts,69,accounting.financial-accounts.manage,PermissionsGuard,False,TransferDto,,,True,True,2,financialAccount financialAccountEntry financialAccountReconciliation,currency,True,False
accounting,POST,/api/accounting/financial-accounts/reconciliations,/api/financial-accounts/reconciliations,FinancialAccountsController,recordCount,apps/accounting/src/modules/financial-accounts/financial-accounts.controller.ts,75,accounting.financial-accounts.reconcile,PermissionsGuard,False,RecordCountDto,,,True,True,2,financialAccount financialAccountEntry financialAccountReconciliation,currency,True,False
accounting,GET,/api/accounting/fiscal-periods,/api/fiscal-periods,FiscalPeriodsController,list,apps/accounting/src/modules/fiscal-periods/fiscal-periods.controller.ts,22,accounting.periods.read,PermissionsGuard,False,,,fiscalYear,True,True,2,account auditLog fiscalPeriod,,True,False
accounting,GET,/api/accounting/fiscal-periods/:id,/api/fiscal-periods/:id,FiscalPeriodsController,get,apps/accounting/src/modules/fiscal-periods/fiscal-periods.controller.ts,28,accounting.periods.read,PermissionsGuard,False,,id,,True,True,2,account auditLog fiscalPeriod,,True,False
accounting,POST,/api/accounting/fiscal-periods,/api/fiscal-periods,FiscalPeriodsController,create,apps/accounting/src/modules/fiscal-periods/fiscal-periods.controller.ts,34,accounting.periods.manage,PermissionsGuard,False,CreatePeriodDto,,,True,True,2,account auditLog fiscalPeriod,,True,False
accounting,POST,/api/accounting/fiscal-periods/generate-year,/api/fiscal-periods/generate-year,FiscalPeriodsController,generateYear,apps/accounting/src/modules/fiscal-periods/fiscal-periods.controller.ts,40,accounting.periods.manage,PermissionsGuard,False,GenerateYearPeriodsDto,,,True,True,2,account auditLog fiscalPeriod,,True,False
accounting,GET,/api/accounting/fiscal-periods/:id/close-checks,/api/fiscal-periods/:id/close-checks,FiscalPeriodsController,closeChecks,apps/accounting/src/modules/fiscal-periods/fiscal-periods.controller.ts,46,accounting.periods.read,PermissionsGuard,False,,id,,True,False,1,account auditLog fiscalPeriod,,True,False
accounting,POST,/api/accounting/fiscal-periods/:id/close,/api/fiscal-periods/:id/close,FiscalPeriodsController,close,apps/accounting/src/modules/fiscal-periods/fiscal-periods.controller.ts,50,accounting.periods.close,PermissionsGuard,False,ClosePeriodDto,id,,True,True,2,account auditLog fiscalPeriod,,True,False
accounting,POST,/api/accounting/fiscal-periods/:id/reopen,/api/fiscal-periods/:id/reopen,FiscalPeriodsController,reopen,apps/accounting/src/modules/fiscal-periods/fiscal-periods.controller.ts,60,accounting.periods.reopen,PermissionsGuard,False,ReopenPeriodDto,id,,True,True,2,account auditLog fiscalPeriod,,True,False
accounting,POST,/api/accounting/fiscal-periods/year-end-closing,/api/fiscal-periods/year-end-closing,FiscalPeriodsController,yearEndClose,apps/accounting/src/modules/fiscal-periods/fiscal-periods.controller.ts,70,accounting.periods.close,PermissionsGuard,False,YearEndCloseDto,,,True,True,2,account auditLog fiscalPeriod,,True,False
accounting,POST,/api/accounting/fixed-assets,/api/fixed-assets,FixedAssetsController,create,apps/accounting/src/modules/fixed-assets/fixed-assets.controller.ts,16,accounting.coa.manage,PermissionsGuard,False,CreateFixedAssetDto,,,True,True,2,depreciationEntry fixedAsset,,True,False
accounting,GET,/api/accounting/fixed-assets,/api/fixed-assets,FixedAssetsController,findAll,apps/accounting/src/modules/fixed-assets/fixed-assets.controller.ts,22,accounting.ledger.read,PermissionsGuard,False,,,category status,True,True,2,depreciationEntry fixedAsset,,True,False
accounting,GET,/api/accounting/fixed-assets/:id,/api/fixed-assets/:id,FixedAssetsController,findOne,apps/accounting/src/modules/fixed-assets/fixed-assets.controller.ts,31,accounting.ledger.read,PermissionsGuard,False,,id,,True,True,2,depreciationEntry fixedAsset,,True,False
accounting,POST,/api/accounting/fixed-assets/run-monthly,/api/fixed-assets/run-monthly,FixedAssetsController,runMonthly,apps/accounting/src/modules/fixed-assets/fixed-assets.controller.ts,37,accounting.periods.close,PermissionsGuard,False,RunMonthlyDepreciationDto,,,True,True,2,depreciationEntry fixedAsset,,True,False
accounting,POST,/api/accounting/fixed-assets/:id/dispose,/api/fixed-assets/:id/dispose,FixedAssetsController,dispose,apps/accounting/src/modules/fixed-assets/fixed-assets.controller.ts,43,accounting.coa.manage,PermissionsGuard,False,DisposeAssetDto,id,,True,True,2,depreciationEntry fixedAsset,,True,False
accounting,GET,/api/accounting/fx/currencies,/api/fx/currencies,FxController,listCurrencies,apps/accounting/src/modules/fx/fx.controller.ts,14,accounting.fx.read,PermissionsGuard,False,,,,True,True,2,auditLog currency exchangeRate fxSnapshot outboxEvent supplierLedgerEntry,,True,False
accounting,POST,/api/accounting/fx/currencies,/api/fx/currencies,FxController,createCurrency,apps/accounting/src/modules/fx/fx.controller.ts,20,accounting.fx.manage,PermissionsGuard,False,CurrencyInputDto,,,True,True,2,auditLog currency exchangeRate fxSnapshot outboxEvent supplierLedgerEntry,,True,False
accounting,GET,/api/accounting/fx/rates,/api/fx/rates,FxController,getRate,apps/accounting/src/modules/fx/fx.controller.ts,27,accounting.fx.read,PermissionsGuard,False,,,,True,True,2,auditLog currency exchangeRate fxSnapshot outboxEvent supplierLedgerEntry,,True,False
accounting,GET,/api/accounting/fx/rates/history,/api/fx/rates/history,FxController,listRates,apps/accounting/src/modules/fx/fx.controller.ts,33,accounting.fx.read,PermissionsGuard,False,,,currency from to type,True,True,2,auditLog currency exchangeRate fxSnapshot outboxEvent supplierLedgerEntry,,True,False
accounting,POST,/api/accounting/fx/rates,/api/fx/rates,FxController,createRate,apps/accounting/src/modules/fx/fx.controller.ts,44,accounting.fx.manage,PermissionsGuard,False,CreateRateDto,,,True,True,2,auditLog currency exchangeRate fxSnapshot outboxEvent supplierLedgerEntry,,True,False
accounting,POST,/api/accounting/fx/revalue,/api/fx/revalue,FxController,revalue,apps/accounting/src/modules/fx/fx.controller.ts,51,accounting.fx.revalue,PermissionsGuard,False,RevalueDto,,,True,True,2,auditLog currency exchangeRate fxSnapshot outboxEvent supplierLedgerEntry,,True,False
accounting,GET,/api/accounting/fx/exposure,/api/fx/exposure,FxController,getExposure,apps/accounting/src/modules/fx/fx.controller.ts,58,accounting.fx.read,PermissionsGuard,False,,,asOf,True,True,2,auditLog currency exchangeRate fxSnapshot outboxEvent supplierLedgerEntry,,True,False
accounting,POST,/api/accounting/general-ledger/journals/drafts,/api/general-ledger/journals/drafts,GeneralLedgerController,createDraft,apps/accounting/src/modules/general-ledger/general-ledger.controller.ts,10,accounting.ledger.create,PermissionsGuard,False,CreateJournalDto,,,True,False,1,,account fiscalPeriod,True,False
accounting,GET,/api/accounting/general-ledger/journals/drafts,/api/general-ledger/journals/drafts,GeneralLedgerController,workflows,apps/accounting/src/modules/general-ledger/general-ledger.controller.ts,11,accounting.ledger.read.any,PermissionsGuard,False,,,status,True,False,1,,account fiscalPeriod,True,False
accounting,GET,/api/accounting/general-ledger/journals/drafts/:id,/api/general-ledger/journals/drafts/:id,GeneralLedgerController,workflow,apps/accounting/src/modules/general-ledger/general-ledger.controller.ts,12,accounting.ledger.read.any,PermissionsGuard,False,,id,,True,False,1,,account fiscalPeriod,True,False
accounting,POST,/api/accounting/general-ledger/journals/drafts/:id/submit,/api/general-ledger/journals/drafts/:id/submit,GeneralLedgerController,submit,apps/accounting/src/modules/general-ledger/general-ledger.controller.ts,13,accounting.ledger.create,PermissionsGuard,False,,id,,True,False,1,,account fiscalPeriod,True,False
accounting,POST,/api/accounting/general-ledger/journals/drafts/:id/approve,/api/general-ledger/journals/drafts/:id/approve,GeneralLedgerController,approve,apps/accounting/src/modules/general-ledger/general-ledger.controller.ts,14,accounting.ledger.approve,PermissionsGuard,False,,id,,True,False,1,,account fiscalPeriod,True,False
accounting,POST,/api/accounting/general-ledger/journals/drafts/:id/reject,/api/general-ledger/journals/drafts/:id/reject,GeneralLedgerController,reject,apps/accounting/src/modules/general-ledger/general-ledger.controller.ts,15,accounting.ledger.approve,PermissionsGuard,False,"string,",id,,True,False,1,,account fiscalPeriod,True,False
accounting,POST,/api/accounting/general-ledger/journals/drafts/:id/post,/api/general-ledger/journals/drafts/:id/post,GeneralLedgerController,postDraft,apps/accounting/src/modules/general-ledger/general-ledger.controller.ts,16,accounting.ledger.post,PermissionsGuard,False,,id,,True,False,1,,account fiscalPeriod,True,False
accounting,GET,/api/accounting/general-ledger/journals,/api/general-ledger/journals,GeneralLedgerController,journals,apps/accounting/src/modules/general-ledger/general-ledger.controller.ts,17,accounting.ledger.read.any,PermissionsGuard,False,,,from to sourceType status accountId,True,False,2,,account fiscalPeriod,True,False
accounting,GET,/api/accounting/general-ledger/journals/:id,/api/general-ledger/journals/:id,GeneralLedgerController,journal,apps/accounting/src/modules/general-ledger/general-ledger.controller.ts,18,accounting.ledger.read.any,PermissionsGuard,False,,id,,True,False,2,,account fiscalPeriod,True,False
accounting,POST,/api/accounting/general-ledger/journals,/api/general-ledger/journals,GeneralLedgerController,post,apps/accounting/src/modules/general-ledger/general-ledger.controller.ts,19,accounting.coa.manage,PermissionsGuard,False,CreateJournalDto,,,True,False,1,,account fiscalPeriod,True,False
accounting,GET,/api/accounting/general-ledger/trial-balance,/api/general-ledger/trial-balance,GeneralLedgerController,trial,apps/accounting/src/modules/general-ledger/general-ledger.controller.ts,20,accounting.ledger.read.any,PermissionsGuard,False,,,asOf from branchId costCenterId profitCenterId,True,False,1,,account fiscalPeriod,True,False
accounting,GET,/api/accounting/general-ledger/statements/pnl,/api/general-ledger/statements/pnl,GeneralLedgerController,pnl,apps/accounting/src/modules/general-ledger/general-ledger.controller.ts,21,accounting.ledger.read.any,PermissionsGuard,False,,,asOf,True,False,0,,account fiscalPeriod,True,False
accounting,GET,/api/accounting/general-ledger/statements/balance-sheet,/api/general-ledger/statements/balance-sheet,GeneralLedgerController,balance,apps/accounting/src/modules/general-ledger/general-ledger.controller.ts,22,accounting.ledger.read.any,PermissionsGuard,False,,,asOf,True,False,0,,account fiscalPeriod,True,False
accounting,GET,/api/accounting/general-ledger/statements/cash-flow,/api/general-ledger/statements/cash-flow,GeneralLedgerController,cashFlow,apps/accounting/src/modules/general-ledger/general-ledger.controller.ts,23,accounting.ledger.read.any,PermissionsGuard,False,,,from to,True,False,0,,account fiscalPeriod,True,False
accounting,GET,/api/accounting/general-ledger/statements/equity,/api/general-ledger/statements/equity,GeneralLedgerController,equity,apps/accounting/src/modules/general-ledger/general-ledger.controller.ts,24,accounting.ledger.read.any,PermissionsGuard,False,,,asOf,True,False,0,,account fiscalPeriod,True,False
accounting,GET,/api/accounting/general-purchases,/api/general-purchases,GeneralPurchasesController,list,apps/accounting/src/modules/general-purchases/general-purchases.controller.ts,15,accounting.general-purchases.read,PermissionsGuard,False,,,status q,True,True,2,generalPurchase generalPurchaseRevision,,True,False
accounting,GET,/api/accounting/general-purchases/:id/history,/api/general-purchases/:id/history,GeneralPurchasesController,history,apps/accounting/src/modules/general-purchases/general-purchases.controller.ts,20,accounting.general-purchases.history,PermissionsGuard,False,,id,,True,True,2,generalPurchase generalPurchaseRevision,,True,False
accounting,GET,/api/accounting/general-purchases/:id,/api/general-purchases/:id,GeneralPurchasesController,get,apps/accounting/src/modules/general-purchases/general-purchases.controller.ts,23,accounting.general-purchases.read,PermissionsGuard,False,,id,,True,True,0,generalPurchase generalPurchaseRevision,,True,False
accounting,POST,/api/accounting/general-purchases,/api/general-purchases,GeneralPurchasesController,create,apps/accounting/src/modules/general-purchases/general-purchases.controller.ts,26,accounting.general-purchases.create,PermissionsGuard,False,CreateGeneralPurchaseDto,,,True,True,2,generalPurchase generalPurchaseRevision,,True,False
accounting,PATCH,/api/accounting/general-purchases/:id,/api/general-purchases/:id,GeneralPurchasesController,update,apps/accounting/src/modules/general-purchases/general-purchases.controller.ts,29,accounting.general-purchases.update,PermissionsGuard,False,UpdateGeneralPurchaseDto,id,,True,True,2,generalPurchase generalPurchaseRevision,,True,False
accounting,GET,/api/accounting/gl-workbench,/api/gl-workbench,GlWorkbenchController,list,apps/accounting/src/modules/gl-workbench/gl-workbench.controller.ts,9,accounting.gl.read,JwtAuthGuard only,False,,,status periodId,False,False,1,account auditLog journalEntry ledgerEntry,fiscalPeriod journalLine,True,False
accounting,GET,/api/accounting/gl-workbench/:id,/api/gl-workbench/:id,GlWorkbenchController,get,apps/accounting/src/modules/gl-workbench/gl-workbench.controller.ts,11,accounting.gl.read,JwtAuthGuard only,False,,id,,False,False,1,account auditLog journalEntry ledgerEntry,fiscalPeriod journalLine,True,False
accounting,POST,/api/accounting/gl-workbench,/api/gl-workbench,GlWorkbenchController,create,apps/accounting/src/modules/gl-workbench/gl-workbench.controller.ts,13,accounting.gl.create,JwtAuthGuard only,False,any,,,False,False,1,account auditLog journalEntry ledgerEntry,fiscalPeriod journalLine,True,False
accounting,POST,/api/accounting/gl-workbench/:id/submit,/api/gl-workbench/:id/submit,GlWorkbenchController,submit,apps/accounting/src/modules/gl-workbench/gl-workbench.controller.ts,15,accounting.gl.submit,JwtAuthGuard only,False,,id,,False,False,1,account auditLog journalEntry ledgerEntry,fiscalPeriod journalLine,True,False
accounting,POST,/api/accounting/gl-workbench/:id/approve,/api/gl-workbench/:id/approve,GlWorkbenchController,approve,apps/accounting/src/modules/gl-workbench/gl-workbench.controller.ts,17,accounting.gl.approve,JwtAuthGuard only,False,,id,,False,False,1,account auditLog journalEntry ledgerEntry,fiscalPeriod journalLine,True,False
accounting,POST,/api/accounting/gl-workbench/:id/reject,/api/gl-workbench/:id/reject,GlWorkbenchController,reject,apps/accounting/src/modules/gl-workbench/gl-workbench.controller.ts,19,accounting.gl.approve,JwtAuthGuard only,False,"string,",id,,False,False,1,account auditLog journalEntry ledgerEntry,fiscalPeriod journalLine,True,False
accounting,POST,/api/accounting/gl-workbench/:id/post,/api/gl-workbench/:id/post,GlWorkbenchController,post,apps/accounting/src/modules/gl-workbench/gl-workbench.controller.ts,21,accounting.gl.post,JwtAuthGuard only,False,,id,,False,False,1,account auditLog journalEntry ledgerEntry,fiscalPeriod journalLine,True,False
accounting,POST,/api/accounting/gl-workbench/:id/reverse,/api/gl-workbench/:id/reverse,GlWorkbenchController,reverse,apps/accounting/src/modules/gl-workbench/gl-workbench.controller.ts,23,accounting.gl.reverse,JwtAuthGuard only,False,"string,",id,,False,False,1,account auditLog journalEntry ledgerEntry,fiscalPeriod journalLine,True,False
accounting,GET,/api/accounting/import-shipments,/api/import-shipments,ImportShipmentsController,list,apps/accounting/src/modules/import-shipments/import-shipments.controller.ts,11,accounting.imports.read,PermissionsGuard,False,,,status,False,False,0,,,True,False
accounting,GET,/api/accounting/import-shipments/:id,/api/import-shipments/:id,ImportShipmentsController,get,apps/accounting/src/modules/import-shipments/import-shipments.controller.ts,12,accounting.imports.read,PermissionsGuard,False,,id,,False,False,0,,,True,False
accounting,POST,/api/accounting/import-shipments,/api/import-shipments,ImportShipmentsController,create,apps/accounting/src/modules/import-shipments/import-shipments.controller.ts,13,accounting.imports.manage,PermissionsGuard,False,any,,,False,False,0,,,True,False
accounting,POST,/api/accounting/import-shipments/:id/transition,/api/import-shipments/:id/transition,ImportShipmentsController,transition,apps/accounting/src/modules/import-shipments/import-shipments.controller.ts,14,accounting.imports.manage,PermissionsGuard,False,any,id,,False,False,0,,,True,False
accounting,POST,/api/accounting/import-shipments/:id/documents,/api/import-shipments/:id/documents,ImportShipmentsController,document,apps/accounting/src/modules/import-shipments/import-shipments.controller.ts,15,accounting.imports.manage,PermissionsGuard,False,any,id,,False,False,0,,,True,False
accounting,POST,/api/accounting/import-shipments/:id/regulatory,/api/import-shipments/:id/regulatory,ImportShipmentsController,regulatory,apps/accounting/src/modules/import-shipments/import-shipments.controller.ts,16,accounting.imports.manage,PermissionsGuard,False,any,id,,False,False,0,,,True,False
accounting,GET,/api/accounting/instruments,/api/instruments,InstrumentsController,list,apps/accounting/src/modules/instruments/instruments.controller.ts,12,accounting.instruments.read,PermissionsGuard,False,,,accountId status dueBefore,False,False,0,auditLog financialInstrument,invoice payment,True,False
accounting,GET,/api/accounting/instruments/due-soon,/api/instruments/due-soon,InstrumentsController,dueSoon,apps/accounting/src/modules/instruments/instruments.controller.ts,16,accounting.instruments.read,PermissionsGuard,False,,,days,False,False,0,auditLog financialInstrument,invoice payment,True,False
accounting,GET,/api/accounting/instruments/stuck,/api/instruments/stuck,InstrumentsController,stuck,apps/accounting/src/modules/instruments/instruments.controller.ts,18,accounting.instruments.read,PermissionsGuard,False,,,days,False,False,0,auditLog financialInstrument,invoice payment,True,False
accounting,POST,/api/accounting/instruments/:id/deposit,/api/instruments/:id/deposit,InstrumentsController,deposit,apps/accounting/src/modules/instruments/instruments.controller.ts,20,accounting.instruments.manage,PermissionsGuard,False,,id,,False,False,0,auditLog financialInstrument,invoice payment,True,False
accounting,POST,/api/accounting/instruments/:id/clear,/api/instruments/:id/clear,InstrumentsController,clear,apps/accounting/src/modules/instruments/instruments.controller.ts,22,accounting.instruments.manage,PermissionsGuard,False,,id,,False,False,0,auditLog financialInstrument,invoice payment,True,False
accounting,POST,/api/accounting/instruments/:id/bounce,/api/instruments/:id/bounce,InstrumentsController,bounce,apps/accounting/src/modules/instruments/instruments.controller.ts,24,accounting.instruments.manage,PermissionsGuard,False,"string,",id,,False,False,0,auditLog financialInstrument,invoice payment,True,False
accounting,POST,/api/accounting/instruments/:id/replace,/api/instruments/:id/replace,InstrumentsController,replace,apps/accounting/src/modules/instruments/instruments.controller.ts,26,accounting.instruments.manage,PermissionsGuard,False,"{ instrumentNumber: string; dueDate: string; amount?: number; bankName?: string },",id,,False,False,0,auditLog financialInstrument,invoice payment,True,False
accounting,GET,/api/accounting/invoices/export,/api/invoices/export,InvoicesController,exportFile,apps/accounting/src/modules/invoices/invoices.controller.ts,15,accounting.invoices.read,PermissionsGuard,False,,,status accountId repId orderId q,True,False,0,auditLog cancelledOrder invoice ledgerEntry,,True,True
accounting,GET,/api/accounting/invoices,/api/invoices,InvoicesController,list,apps/accounting/src/modules/invoices/invoices.controller.ts,29,accounting.invoices.read,PermissionsGuard,False,,,status accountId repId orderId q before,True,True,2,auditLog cancelledOrder invoice ledgerEntry,,True,True
accounting,GET,/api/accounting/invoices/shipping/catalog,/api/invoices/shipping/catalog,InvoicesController,shippingCatalog,apps/accounting/src/modules/invoices/invoices.controller.ts,41,accounting.invoices.create,PermissionsGuard,False,,,,True,True,2,auditLog cancelledOrder invoice ledgerEntry,,True,True
accounting,POST,/api/accounting/invoices/shipping/quote,/api/invoices/shipping/quote,InvoicesController,quoteShipping,apps/accounting/src/modules/invoices/invoices.controller.ts,45,accounting.invoices.create,PermissionsGuard,False,InvoiceShippingDto,,,True,True,2,auditLog cancelledOrder invoice ledgerEntry,,True,True
accounting,GET,/api/accounting/invoices/:id,/api/invoices/:id,InvoicesController,get,apps/accounting/src/modules/invoices/invoices.controller.ts,50,accounting.invoices.read,PermissionsGuard,False,,id,,True,True,2,auditLog cancelledOrder invoice ledgerEntry,,True,True
accounting,POST,/api/accounting/invoices,/api/invoices,InvoicesController,create,apps/accounting/src/modules/invoices/invoices.controller.ts,62,accounting.invoices.create,PermissionsGuard,False,CreateInvoiceDto,,,True,True,2,auditLog cancelledOrder invoice ledgerEntry,,True,True
accounting,POST,/api/accounting/invoices/:id/cancel,/api/invoices/:id/cancel,InvoicesController,cancel,apps/accounting/src/modules/invoices/invoices.controller.ts,70,accounting.invoices.cancel,PermissionsGuard,False,CancelInvoiceDto,id,,True,True,2,auditLog cancelledOrder invoice ledgerEntry,,True,True
accounting,POST,/api/accounting/invoices/:id/reissue,/api/invoices/:id/reissue,InvoicesController,reissue,apps/accounting/src/modules/invoices/invoices.controller.ts,73,accounting.invoices.reissue,PermissionsGuard,False,ReissueInvoiceDto,id,,True,True,2,auditLog cancelledOrder invoice ledgerEntry,,True,True
accounting,POST,/api/accounting/landed-cost/simulate,/api/landed-cost/simulate,LandedCostController,simulate,apps/accounting/src/modules/landed-cost/landed-cost.controller.ts,12,accounting.fx.read,PermissionsGuard,False,CreateLandedCostDto,,,True,True,2,landedCostVoucher,,False,False
accounting,POST,/api/accounting/landed-cost,/api/landed-cost,LandedCostController,create,apps/accounting/src/modules/landed-cost/landed-cost.controller.ts,18,accounting.fx.manage,PermissionsGuard,False,CreateLandedCostDto,,,True,True,2,landedCostVoucher,,False,False
accounting,GET,/api/accounting/landed-cost,/api/landed-cost,LandedCostController,findAll,apps/accounting/src/modules/landed-cost/landed-cost.controller.ts,24,accounting.fx.read,PermissionsGuard,False,,,shipmentReference,True,True,2,landedCostVoucher,,False,False
accounting,GET,/api/accounting/landed-cost/:id,/api/landed-cost/:id,LandedCostController,findOne,apps/accounting/src/modules/landed-cost/landed-cost.controller.ts,30,accounting.fx.read,PermissionsGuard,False,,id,,True,True,2,landedCostVoucher,,False,False
accounting,GET,/api/accounting/ledger/:accountId,/api/ledger/:accountId,LedgerController,entries,apps/accounting/src/modules/ledger/ledger.controller.ts,10,accounting.ledger.read,PermissionsGuard,False,,accountId,from to,True,True,2,,invoice ledgerEntry,False,False
accounting,GET,/api/accounting/ledger/:accountId/balance,/api/ledger/:accountId/balance,LedgerController,balance,apps/accounting/src/modules/ledger/ledger.controller.ts,19,accounting.ledger.read,PermissionsGuard,False,,accountId,,True,True,2,,invoice ledgerEntry,False,False
accounting,GET,/api/accounting/matching/matches,/api/matching/matches,MatchingController,listMatches,apps/accounting/src/modules/matching/matching.controller.ts,22,accounting.matching.read,PermissionsGuard,False,,,,True,True,2,auditLog purchaseOrder purchaseOrderLine purchaseOrderReceipt threeWayMatch vendorInvoice,vendorInvoiceLine,True,False
accounting,GET,/api/accounting/matching/discrepancies,/api/matching/discrepancies,MatchingController,listDiscrepancies,apps/accounting/src/modules/matching/matching.controller.ts,28,accounting.matching.read,PermissionsGuard,False,,,,True,True,2,auditLog purchaseOrder purchaseOrderLine purchaseOrderReceipt threeWayMatch vendorInvoice,vendorInvoiceLine,True,False
accounting,POST,/api/accounting/matching/purchase-orders,/api/matching/purchase-orders,MatchingController,createPO,apps/accounting/src/modules/matching/matching.controller.ts,34,accounting.matching.manage,PermissionsGuard,False,CreatePurchaseOrderDto,,,True,True,2,auditLog purchaseOrder purchaseOrderLine purchaseOrderReceipt threeWayMatch vendorInvoice,vendorInvoiceLine,True,False
accounting,GET,/api/accounting/matching/purchase-orders,/api/matching/purchase-orders,MatchingController,listPurchaseOrders,apps/accounting/src/modules/matching/matching.controller.ts,49,accounting.matching.read,PermissionsGuard,False,,,status supplierId q take,True,True,2,auditLog purchaseOrder purchaseOrderLine purchaseOrderReceipt threeWayMatch vendorInvoice,vendorInvoiceLine,True,False
accounting,GET,/api/accounting/matching/purchase-orders/:id,/api/matching/purchase-orders/:id,MatchingController,getPurchaseOrder,apps/accounting/src/modules/matching/matching.controller.ts,63,accounting.matching.read,PermissionsGuard,False,,id,,True,True,2,auditLog purchaseOrder purchaseOrderLine purchaseOrderReceipt threeWayMatch vendorInvoice,vendorInvoiceLine,True,False
accounting,POST,/api/accounting/matching/vendor-invoices,/api/matching/vendor-invoices,MatchingController,createVendorInvoice,apps/accounting/src/modules/matching/matching.controller.ts,69,accounting.matching.manage,PermissionsGuard,False,CreateVendorInvoiceDto,,,True,True,2,auditLog purchaseOrder purchaseOrderLine purchaseOrderReceipt threeWayMatch vendorInvoice,vendorInvoiceLine,True,False
accounting,POST,/api/accounting/matching/purchase-orders/:id/submit,/api/matching/purchase-orders/:id/submit,MatchingController,submitPO,apps/accounting/src/modules/matching/matching.controller.ts,89,accounting.matching.manage,PermissionsGuard,False,,id,,True,True,2,auditLog purchaseOrder purchaseOrderLine purchaseOrderReceipt threeWayMatch vendorInvoice,vendorInvoiceLine,True,False
accounting,POST,/api/accounting/matching/purchase-orders/:id/approve,/api/matching/purchase-orders/:id/approve,MatchingController,approvePO,apps/accounting/src/modules/matching/matching.controller.ts,95,accounting.matching.approve,PermissionsGuard,False,,id,,True,True,2,auditLog purchaseOrder purchaseOrderLine purchaseOrderReceipt threeWayMatch vendorInvoice,vendorInvoiceLine,True,False
accounting,POST,/api/accounting/matching/purchase-orders/:id/reject,/api/matching/purchase-orders/:id/reject,MatchingController,rejectPO,apps/accounting/src/modules/matching/matching.controller.ts,101,accounting.matching.approve,PermissionsGuard,False,OverrideMatchDto,id,,True,True,2,auditLog purchaseOrder purchaseOrderLine purchaseOrderReceipt threeWayMatch vendorInvoice,vendorInvoiceLine,True,False
accounting,POST,/api/accounting/matching/purchase-orders/:id/cancel,/api/matching/purchase-orders/:id/cancel,MatchingController,cancelPO,apps/accounting/src/modules/matching/matching.controller.ts,111,accounting.matching.manage,PermissionsGuard,False,OverrideMatchDto,id,,True,True,2,auditLog purchaseOrder purchaseOrderLine purchaseOrderReceipt threeWayMatch vendorInvoice,vendorInvoiceLine,True,False
accounting,POST,/api/accounting/matching/matches/:id/override,/api/matching/matches/:id/override,MatchingController,overrideMatch,apps/accounting/src/modules/matching/matching.controller.ts,122,accounting.matching.override,PermissionsGuard,False,OverrideMatchDto,id,,True,True,2,auditLog purchaseOrder purchaseOrderLine purchaseOrderReceipt threeWayMatch vendorInvoice,vendorInvoiceLine,True,False
accounting,POST,/api/accounting/matching/matches/:id/reject,/api/matching/matches/:id/reject,MatchingController,rejectMatch,apps/accounting/src/modules/matching/matching.controller.ts,132,accounting.matching.override,PermissionsGuard,False,OverrideMatchDto,id,,True,True,2,auditLog purchaseOrder purchaseOrderLine purchaseOrderReceipt threeWayMatch vendorInvoice,vendorInvoiceLine,True,False
accounting,GET,/api/accounting/payments/export,/api/payments/export,PaymentsController,exportFile,apps/accounting/src/modules/payments/payments.controller.ts,22,accounting.payments.read,PermissionsGuard,False,,,method,True,False,0,auditLog fieldCollectionPosting financialAccount financialAccountEntry invoice ledgerEntry outboxEvent payment paymentAllocation,,True,False
accounting,GET,/api/accounting/payments,/api/payments,PaymentsController,list,apps/accounting/src/modules/payments/payments.controller.ts,33,accounting.payments.read,PermissionsGuard,False,,,method before,True,True,2,auditLog fieldCollectionPosting financialAccount financialAccountEntry invoice ledgerEntry outboxEvent payment paymentAllocation,,True,False
accounting,GET,/api/accounting/payments/checks,/api/payments/checks,PaymentsController,checks,apps/accounting/src/modules/payments/payments.controller.ts,41,accounting.payments.read,PermissionsGuard,False,,,status,True,True,2,auditLog fieldCollectionPosting financialAccount financialAccountEntry invoice ledgerEntry outboxEvent payment paymentAllocation,,True,False
accounting,POST,/api/accounting/payments/from-field-proposal,/api/payments/from-field-proposal,PaymentsController,fromField,apps/accounting/src/modules/payments/payments.controller.ts,48,accounting.payments.create crm.field-sales.review,PermissionsGuard,False,FieldCollectionDto,,,True,True,0,auditLog fieldCollectionPosting financialAccount financialAccountEntry invoice ledgerEntry outboxEvent payment paymentAllocation,,True,False
accounting,POST,/api/accounting/payments,/api/payments,PaymentsController,record,apps/accounting/src/modules/payments/payments.controller.ts,53,accounting.payments.create,PermissionsGuard,False,RecordPaymentDto,,,True,True,2,auditLog fieldCollectionPosting financialAccount financialAccountEntry invoice ledgerEntry outboxEvent payment paymentAllocation,,True,False
accounting,POST,/api/accounting/payments/allocations,/api/payments/allocations,PaymentsController,recordAllocations,apps/accounting/src/modules/payments/payments.controller.ts,63,accounting.payments.create,PermissionsGuard,False,RecordPaymentDto,,,True,True,2,auditLog fieldCollectionPosting financialAccount financialAccountEntry invoice ledgerEntry outboxEvent payment paymentAllocation,,True,False
accounting,POST,/api/accounting/payments/checks/:id/status,/api/payments/checks/:id/status,PaymentsController,updateCheck,apps/accounting/src/modules/payments/payments.controller.ts,65,accounting.payments.update,PermissionsGuard,False,"string,",id,,True,True,2,auditLog fieldCollectionPosting financialAccount financialAccountEntry invoice ledgerEntry outboxEvent payment paymentAllocation,,True,False
accounting,POST,/api/accounting/payments/:id/reverse,/api/payments/:id/reverse,PaymentsController,reverse,apps/accounting/src/modules/payments/payments.controller.ts,67,accounting.payments.reverse,PermissionsGuard,False,ReversePaymentDto,id,,True,True,2,auditLog fieldCollectionPosting financialAccount financialAccountEntry invoice ledgerEntry outboxEvent payment paymentAllocation,,True,False
accounting,GET,/api/accounting/supplier-ledger/payables,/api/supplier-ledger/payables,SupplierLedgerController,payables,apps/accounting/src/modules/supplier-ledger/supplier-ledger.controller.ts,16,accounting.supplier-ledger.read,PermissionsGuard,False,,,search overdueOnly minBalance sort page pageSize,True,True,2,auditLog supplierLedgerEntry,vendorInvoice,False,False
accounting,GET,/api/accounting/supplier-ledger/payables/:supplierId,/api/supplier-ledger/payables/:supplierId,SupplierLedgerController,supplierPayables,apps/accounting/src/modules/supplier-ledger/supplier-ledger.controller.ts,35,accounting.supplier-ledger.read,PermissionsGuard,False,,supplierId,limit,True,True,2,auditLog supplierLedgerEntry,vendorInvoice,False,False
accounting,GET,/api/accounting/supplier-ledger/:supplierId,/api/supplier-ledger/:supplierId,SupplierLedgerController,entries,apps/accounting/src/modules/supplier-ledger/supplier-ledger.controller.ts,40,accounting.supplier-ledger.read,PermissionsGuard,False,,supplierId,from to,True,True,4,auditLog supplierLedgerEntry,vendorInvoice,False,False
accounting,GET,/api/accounting/supplier-ledger/:supplierId/balance,/api/supplier-ledger/:supplierId/balance,SupplierLedgerController,balance,apps/accounting/src/modules/supplier-ledger/supplier-ledger.controller.ts,42,accounting.supplier-ledger.read,PermissionsGuard,False,,supplierId,,True,True,2,auditLog supplierLedgerEntry,vendorInvoice,False,False
accounting,GET,/api/accounting/supplier-payments/proposal,/api/supplier-payments/proposal,SupplierPaymentsController,proposal,apps/accounting/src/modules/supplier-ledger/supplier-payments.controller.ts,10,accounting.payables.pay,JwtAuthGuard only,False,,,limit,False,False,0,supplierLedgerEntry,,True,False
accounting,GET,/api/accounting/supplier-payments,/api/supplier-payments,SupplierPaymentsController,list,apps/accounting/src/modules/supplier-ledger/supplier-payments.controller.ts,14,accounting.supplier-ledger.read,JwtAuthGuard only,False,,,supplierId invoiceId includeReversed,False,False,0,supplierLedgerEntry,,True,False
accounting,POST,/api/accounting/supplier-payments,/api/supplier-payments,SupplierPaymentsController,pay,apps/accounting/src/modules/supplier-ledger/supplier-payments.controller.ts,20,accounting.payables.pay,JwtAuthGuard only,False,any,,,False,False,1,supplierLedgerEntry,,True,False
accounting,POST,/api/accounting/supplier-payments/:id/reverse,/api/supplier-payments/:id/reverse,SupplierPaymentsController,reverse,apps/accounting/src/modules/supplier-ledger/supplier-payments.controller.ts,30,accounting.payments.reverse accounting.payables.pay,JwtAuthGuard only,False,"string,",id,,False,False,1,supplierLedgerEntry,,True,False
accounting,POST,/api/accounting/supplier-payments,/api/supplier-payments,SupplierPaymentsController,create,apps/accounting/src/modules/supplier-payments/supplier-payments.controller.ts,12,accounting.payables.pay,PermissionsGuard,False,any,,,False,False,1,supplierLedgerEntry,,True,False
accounting,POST,/api/accounting/supplier-payments/:id/reverse,/api/supplier-payments/:id/reverse,SupplierPaymentsController,reverse,apps/accounting/src/modules/supplier-payments/supplier-payments.controller.ts,18,accounting.payables.pay,PermissionsGuard,False,"string,",id,,False,False,1,supplierLedgerEntry,,True,False
accounting,GET,/api/accounting/tax/vat-summary,/api/tax/vat-summary,TaxController,getVatSummary,apps/accounting/src/modules/tax/tax.controller.ts,19,accounting.tax.read,PermissionsGuard,False,,,from to,True,True,2,taxEntry,,False,False
accounting,GET,/api/accounting/tax/form-41,/api/tax/form-41,TaxController,getForm41,apps/accounting/src/modules/tax/tax.controller.ts,25,accounting.tax.form41,PermissionsGuard,False,,,quarter fiscalYear,True,True,2,taxEntry,,False,False
accounting,POST,/api/accounting/tax/entries,/api/tax/entries,TaxController,recordTaxEntry,apps/accounting/src/modules/tax/tax.controller.ts,34,accounting.tax.manage,PermissionsGuard,False,CreateTaxEntryDto,,,True,True,2,taxEntry,,False,False
accounting,POST,/api/accounting/tax/form-41/mark-reported,/api/tax/form-41/mark-reported,TaxController,markReported,apps/accounting/src/modules/tax/tax.controller.ts,40,accounting.tax.form41,PermissionsGuard,False,GenerateForm41Dto,,,True,True,2,taxEntry,,False,False
incentives,GET,/api/incentives/leaderboard,/api/leaderboard,LeaderboardController,ranking,apps/incentives/src/modules/leaderboard/leaderboard.controller.ts,9,incentives.ledger.read,PermissionsGuard,False,,,period,True,True,1,,repScore,False,False
incentives,GET,/api/incentives/leaderboard/summary,/api/leaderboard/summary,LeaderboardController,summary,apps/incentives/src/modules/leaderboard/leaderboard.controller.ts,10,incentives.ledger.read,PermissionsGuard,False,,,period,True,True,1,,repScore,False,False
incentives,GET,/api/incentives/ledger/export,/api/ledger/export,IncentiveLedgerController,exportFile,apps/incentives/src/modules/ledger/ledger.controller.ts,13,incentives.ledger.read,PermissionsGuard,False,,,repId period status,True,False,0,incentiveLedger repScore,,True,True
incentives,GET,/api/incentives/ledger,/api/ledger,IncentiveLedgerController,list,apps/incentives/src/modules/ledger/ledger.controller.ts,24,incentives.ledger.read,PermissionsGuard,False,,,repId period status,True,True,1,incentiveLedger repScore,,True,True
incentives,POST,/api/incentives/ledger/:id/approve,/api/ledger/:id/approve,IncentiveLedgerController,approve,apps/incentives/src/modules/ledger/ledger.controller.ts,26,incentives.ledger.approve,PermissionsGuard,False,,id,,True,True,1,incentiveLedger repScore,,True,True
incentives,POST,/api/incentives/ledger/:id/pay,/api/ledger/:id/pay,IncentiveLedgerController,pay,apps/incentives/src/modules/ledger/ledger.controller.ts,28,incentives.ledger.approve,PermissionsGuard,False,,id,,True,True,1,incentiveLedger repScore,,True,True
incentives,POST,/api/incentives/ledger/:id/reverse,/api/ledger/:id/reverse,IncentiveLedgerController,reverse,apps/incentives/src/modules/ledger/ledger.controller.ts,30,incentives.ledger.approve,PermissionsGuard,False,ReverseDto,id,,True,True,1,incentiveLedger repScore,,True,True
incentives,GET,/api/incentives/rules,/api/rules,RulesController,list,apps/incentives/src/modules/rules/rules.controller.ts,9,incentives.rules.read,PermissionsGuard,False,,,,True,True,2,ruleSet,,True,False
incentives,GET,/api/incentives/rules/active,/api/rules/active,RulesController,active,apps/incentives/src/modules/rules/rules.controller.ts,10,incentives.rules.read,PermissionsGuard,False,,,,True,True,1,ruleSet,,True,False
incentives,POST,/api/incentives/rules,/api/rules,RulesController,create,apps/incentives/src/modules/rules/rules.controller.ts,11,incentives.rules.manage,PermissionsGuard,False,CreateRuleSetInput,,,True,True,1,ruleSet,,True,False
incentives,POST,/api/incentives/rules/:version/activate,/api/rules/:version/activate,RulesController,activate,apps/incentives/src/modules/rules/rules.controller.ts,12,incentives.rules.manage,PermissionsGuard,False,,version,,True,True,1,ruleSet,,True,False
audit-aggregator,GET,/api/audit/audit-events,/api/audit-events,AuditEventsController,recent,apps/audit-aggregator/src/modules/audit-events/audit-events.controller.ts,11,audit.events.read,PermissionsGuard,False,,,limit offset aggregateId domain severity eventType actorId impact from to,True,True,1,,auditEvent,False,False
audit-aggregator,GET,/api/audit/audit-events/critical,/api/audit-events/critical,AuditEventsController,critical,apps/audit-aggregator/src/modules/audit-events/audit-events.controller.ts,38,audit.events.read,PermissionsGuard,False,,,limit,True,True,1,,auditEvent,False,False
audit-aggregator,GET,/api/audit/audit-events/alerts,/api/audit-events/alerts,AuditEventsController,alerts,apps/audit-aggregator/src/modules/audit-events/audit-events.controller.ts,41,audit.events.read,PermissionsGuard,False,,,limit,True,True,1,,auditEvent,False,False
audit-aggregator,GET,/api/audit/audit-events/returns,/api/audit-events/returns,AuditEventsController,returns,apps/audit-aggregator/src/modules/audit-events/audit-events.controller.ts,44,audit.events.read,PermissionsGuard,False,,,limit,True,True,1,,auditEvent,False,False
audit-aggregator,GET,/api/audit/audit-events/verify,/api/audit-events/verify,AuditEventsController,verify,apps/audit-aggregator/src/modules/audit-events/audit-events.controller.ts,53,audit.events.read,PermissionsGuard,False,,,limit,True,True,1,,auditEvent,False,False
audit-aggregator,GET,/api/audit/dlq,/api/dlq,DlqController,list,apps/audit-aggregator/src/modules/dlq/dlq.controller.ts,21,audit.events.read,PermissionsGuard,False,,,,True,True,1,deadLetterMessage,,False,True
audit-aggregator,GET,/api/audit/dlq/stats,/api/dlq/stats,DlqController,stats,apps/audit-aggregator/src/modules/dlq/dlq.controller.ts,27,audit.events.read,PermissionsGuard,False,,,,True,True,1,deadLetterMessage,,False,True
audit-aggregator,GET,/api/audit/dlq/:id,/api/dlq/:id,DlqController,get,apps/audit-aggregator/src/modules/dlq/dlq.controller.ts,33,audit.events.read,PermissionsGuard,False,,id,,True,True,2,deadLetterMessage,,False,True
audit-aggregator,POST,/api/audit/dlq/:id/replay,/api/dlq/:id/replay,DlqController,replay,apps/audit-aggregator/src/modules/dlq/dlq.controller.ts,39,audit.events.manage,PermissionsGuard,False,,id,,True,True,1,deadLetterMessage,,False,True
audit-aggregator,POST,/api/audit/dlq/replay-batch,/api/dlq/replay-batch,DlqController,replayBatch,apps/audit-aggregator/src/modules/dlq/dlq.controller.ts,45,audit.events.manage,PermissionsGuard,False,BatchReplayDto,,,True,True,1,deadLetterMessage,,False,True
audit-aggregator,POST,/api/audit/dlq/:id/discard,/api/dlq/:id/discard,DlqController,discard,apps/audit-aggregator/src/modules/dlq/dlq.controller.ts,51,audit.events.manage,PermissionsGuard,False,DiscardDlqDto,id,,True,True,1,deadLetterMessage,,False,True
