br_id,bucket,rule_ar,type,source_sids,enforced_baseline,enforced_current,req_ids
BR-O2C-01,C1,سعر الوحدة والضريبة من كتالوج الأسعار المنشور (publicPrice ?? unitPrice) على الخادم؛ السعر المرسل من العميل يُتجاهل.,DOCUMENTED,B6b-0069 | B6c-0144,[B] apps/sales/src/modules/orders/orders.service.ts:536-555,[C] apps/sales/src/modules/orders/orders.service.ts:571-589,REQ-O2C-001
BR-O2C-02,C1,المنتج غير النشط أو بلا سعر جمهور لا يُباع.,INFERRED,B6b-0069,[B] apps/sales/src/modules/orders/orders.service.ts:543,"[C] apps/sales/src/modules/orders/orders.service.ts:573,579",REQ-O2C-001
BR-O2C-03,C1,لا قيمة مالية من المتصفح تصل إلى سجل مالي؛ العبث بالسعر/الضريبة/الخصم يُرفض (422).,INFERRED,B6b-0124,جزئي: السعر/الضريبة نعم، الخصم لا,جزئي: الخصم مسقوف لا محدد من الخادم,REQ-O2C-001 | REQ-O2C-009
BR-O2C-04,C1,إجمالي السطر = كمية×سعر ← خصم ← صافي ← ضريبة، مقرب ROUND_HALF_UP لكل سطر؛ إجمالي المستند = مجموع السطور المقربة.,INFERRED,B6b-0040 | B6c-0236,[B] apps/sales/src/modules/pricing/pricing.service.ts:49-75؛ الفاتورة المباشرة round2 (Number),[C] نفس السطور؛ الفاتورة المباشرة round2,REQ-O2C-002
BR-O2C-05,C1,ضريبة القيمة المضافة 14% تُحسب على الصافي بعد الخصم.,CONFLICTING,B6c-0236 | B3-0113 | B3-0045,[B] pricing.service.ts:49-75,[C] pricing.service.ts:49-75,REQ-O2C-002 | REQ-O2C-003
BR-O2C-06,C1,حدود الخانات: مبلغ الدفعة 2، سعر الوحدة 4، نسب الضريبة والخصم 2.,INFERRED,B6b-0043,[B] apps/sales/src/modules/orders/dto/create-order.dto.ts:10-12,[C] نفس الملف :10-12,REQ-O2C-002
BR-O2C-07,C1,انتقالات حالة الأمر شرطية ولا ترجع للخلف (الاستثناء PAID→INVOICED بعكس دفعة).,DECIDED,B4b-0071,"غير مفروض: [B] apps/sales/src/modules/saga/saga.orchestrator.ts:336,387,482 غير شرطية",غير مفروض: [C] نفس الأسطر,REQ-O2C-004
BR-O2C-08,C1,PAID من حدث محاسبي وINVOICED من الفوترة، لا من الواجهة.,DECIDED,B4b-0071,"[B] apps/sales/src/modules/saga/saga.orchestrator.ts:406-432,474-484",[C] نفس الأسطر,REQ-O2C-004
BR-O2C-09,C1,الأمر SHIPPED/DELIVERED لا يُلغى؛ يُستخدم المرتجع.,INFERRED,B6b-0082 | B6b-0072,[B] apps/sales/src/modules/orders/orders.service.ts:1287-1292,[C] apps/sales/src/modules/orders/orders.service.ts:1317-1322,REQ-O2C-022
BR-O2C-10,C1,إلغاء الأمر يتطلب سببًا غير فارغ.,DOCUMENTED,B4a-0158 | B4a-0089,[B] apps/sales/src/modules/orders/orders.service.ts:1284,[C] apps/sales/src/modules/orders/orders.service.ts:1314,REQ-O2C-022 | REQ-O2C-061
BR-O2C-11,C1,الإلغاء من DRAFT حتى INVOICED فقط إن لم يُحصّل شيء؛ PAID أو collectedAmount>0 → 409.,INFERRED,B4a-0027 | B3-0165,[B] apps/sales/src/modules/orders/orders.service.ts:1296-1310,[C] apps/sales/src/modules/orders/orders.service.ts:1326-1342,REQ-O2C-022
BR-O2C-12,C1,إلغاء الأمر يبطل فاتورته غير المدفوعة آليًا، وإن سبق الفوترة لا تُصدر فاتورة.,INFERRED,B3-0165,[B] apps/accounting/src/modules/invoices/invoices.service.ts:1129-1176 voidForCancelledOrder,[C] apps/accounting/src/modules/invoices/invoices.service.ts:1170-1217,REQ-O2C-022 | REQ-O2C-037
BR-O2C-13,C1,"الأمر بإجمالي ≥ 100,000 ج.م (شاملًا الشحن، بعد الخصم) يدخل PENDING_APPROVAL.",DOCUMENTED,B3-0115 | B2-0019,"[B] apps/sales/src/modules/orders/orders.service.ts:20,612","[C] apps/sales/src/modules/orders/orders.service.ts:20,642",REQ-O2C-007 | REQ-O2C-008
BR-O2C-14,C1,المعتمد ليس منشئ الأمر إلا بصلاحية .any.,DOCUMENTED,B3-0317,[B] apps/sales/src/modules/orders/orders.service.ts:1147-1150,[C] apps/sales/src/modules/orders/orders.service.ts:1177-1180,REQ-O2C-007
BR-O2C-15,C1,زيادة الخصم لا تخفض مستوى الرقابة (العتبة قبل الخصم أو الخصم سبب اعتماد مستقل).,INFERRED,B2-0158 | B2-0234,"غير مفروض (خصم 100% على 600,000 → APPROVED)",غير مفروض (سقف فقط، العتبة بعد الخصم),REQ-O2C-009
BR-O2C-16,C1,خصم 100% أو أكثر مرفوض.,DOCUMENTED,B2-0124 | B2-0158,غير مفروض (@Max(100) يقبل 100),[C] apps/sales/src/modules/orders/orders.service.ts:557-559,REQ-O2C-009
BR-O2C-17,C1,الخصم ≤ حد المستخدم يمر؛ بين حد الاعتماد والحد الأقصى → PENDING_APPROVAL (DISCOUNT_EXCEEDS_POLICY)؛ فوق الأقصى يُرفض.,DOCUMENTED,B2-0024 | B5a-0195 | B2-0158,غير مفروض,جزئي: [C] apps/sales/src/modules/orders/orders.service.ts:565-570 يرفض بدل الإحالة,REQ-O2C-009
BR-O2C-18,C1,بلا سياسة مطابقة يُطبق حد افتراضي 5%.,CONFLICTING,B2-0024 | B5a-0195,غير مفروض (الافتراضي 12%),غير مفروض (الافتراضي 12%),REQ-O2C-009
BR-O2C-19,C1,مصفوفة الخصم: مندوب 3%، مدير منطقة 5%، مدير مبيعات 7%، تنفيذي 15%.,INFERRED,B5b-0116 | B3-0340,على السياسات فقط: [B] apps/sales/src/modules/discounts/discounts.service.ts:257-277,على السياسات + أعلى قيمة للأوامر [C] apps/sales/src/modules/orders/orders.service.ts:560-566,REQ-O2C-010
BR-O2C-20,C1,خصم العميل الافتراضي 12%؛ ما فوقه يحتاج صلاحية اعتماد.,CONFLICTING,B5a-0261 | B1-0123 | B5a-0260 | B3-0115,[B] apps/sales/src/modules/orders/orders.service.ts:24-25 (افتراضي فقط),"[C] apps/sales/src/modules/orders/orders.service.ts:24-25,568-570",REQ-O2C-012 | REQ-O2C-009
BR-O2C-21,C1,خصم الاستيراد مقيد بأعلى PricingRule.maxDiscountPct نشط؛ تجاوز السعر/الخصم بصلاحية sales.orders.import.override.,DOCUMENTED,B1-0032 | B2-0020 | B3-0234,"[B] apps/sales/src/modules/orders/orders.service.ts:879-880,946","[C] apps/sales/src/modules/orders/orders.service.ts:909-910,976",REQ-O2C-027 | REQ-O2C-011
BR-O2C-22,C1,الاستيراد ينتج DRAFT فقط بلا تخصيص/ائتمان/اعتماد؛ نفس العميل + نفس المرجع = أمر واحد؛ بلا مرجع = أمر لكل صف.,DOCUMENTED,B1-0031 | B3-0234,[B] apps/sales/src/modules/orders/orders.service.ts:821-1027,[C] apps/sales/src/modules/orders/orders.service.ts:851-1057,REQ-O2C-027
BR-O2C-23,C1,إرسال المسودة يمر بإعادة التسعير وفحص الخصم ثم الائتمان ثم الاعتماد ثم FEFO.,INFERRED,B1-0033 | B1-0027,جزئي: [B] apps/sales/src/modules/orders/orders.service.ts:1057 بلا إعادة تسعير,جزئي: [C] apps/sales/src/modules/orders/orders.service.ts:1087-1116 بلا إعادة تسعير,REQ-O2C-027
BR-O2C-24,C1,أولوية السعر: قائمة العميل ▸ الشريحة ▸ العامة/القواعد ▸ الكتالوج؛ البند الساري بأعلى minQty ≤ الكمية.,DOCUMENTED,B2-0122 | B5a-0194 | B2-0162,غير مفروض,غير مفروض,REQ-O2C-013
BR-O2C-25,C1,المستند يحفظ لقطة مصدر السعر والسياسة والقاعدة ولا يتغير بتعديل المصدر.,DOCUMENTED,B2-0126 | B1-0128,غير مفروض,غير مفروض,REQ-O2C-014
BR-O2C-26,C1,"أسعار القوائم لا تمس أسعار الكتالوج؛ الاستيراد بتحقق مسبق، Decimal(14,4)، بلا حذف للغائب، حد 2,000 صف/5MB.",DOCUMENTED,B3-0246 | B3-0231,[B] apps/products/src/modules/price-lists/price-lists.controller.ts:38,"[C] apps/products/src/modules/price-lists/price-lists.controller.ts:66,75",REQ-O2C-015
BR-O2C-27,C1,كل تغيير سعر/تكلفة يُسجل بالقيمة السابقة والمنفّذ (CRITICAL).,DOCUMENTED,B4a-0093 | B5a-0332 | B3-0230,[B] apps/products/src/modules/products/products.service.ts:87-100 (السعر),[C] نفس الملف :87-100,REQ-O2C-016 | REQ-O2C-015 | REQ-O2C-021
BR-O2C-28,C1,قاعدة تسعير واحدة فقط لكل مستند + خصم يدوي ≤ حد المستخدم؛ لا تجميع.,DECIDED,B1-0073,غير مفروض,غير مفروض,REQ-O2C-017
BR-O2C-29,C1,أهلية القاعدة بالعميل/الشريحة ونطاق الأصناف والصلاحية الزمنية؛ تطبيقها بصلاحية.,DECIDED,B1-0074,غير مفروض,غير مفروض,REQ-O2C-017
BR-O2C-30,C1,لا حذف لبيانات التسعير القديمة الآن؛ تُعد الأعداد أولًا.,DECIDED,B1-0070 | B1-0126,لا حذف (لا تغيير),لا حذف (لا تغيير),REQ-O2C-018
BR-O2C-31,C1,القيمة التجارية لسطر البونص = 0؛ سعر الجمهور مرجع فقط.,DECIDED,B1-0102,غير مفروض,غير مفروض,REQ-O2C-019
BR-O2C-32,C1,سطر البونص يتولد آليًا من القاعدة ويُحجز ويُصرف FEFO.,DECIDED,B1-0103 | B5a-0196 | B3-0059,غير مفروض,غير مفروض,REQ-O2C-019
BR-O2C-33,C1,قيمة بونص القيمة مبلغ ثابت على القاعدة لا نسبة من الصافي.,DECIDED,B1-0101,غير مفروض,غير مفروض,REQ-O2C-020
BR-O2C-34,C1,أصناف بونص القيمة يختارها العميل (ت-2) مقابل تتولد من القاعدة.,CONFLICTING,B1-0105 | B1-0071,غير مفروض,غير مفروض,REQ-O2C-020
BR-O2C-35,C1,رسوم الشحن سعر ثابت لكل طلب حسب (المنطقة، الاتجاه) بلا وزن/كراتين/تبريد.,DECIDED,B1-0197 | B1-0198,[B] apps/sales/src/modules/shipping/shipping.service.ts:213,[C] apps/sales/src/modules/shipping/shipping.service.ts:233,REQ-O2C-052
BR-O2C-36,C1,القاهرة/الإسكندرية Z1 مجانًا عدا العاصمة الإدارية Z3؛ الجيزة/القليوبية قرار SUPPORTED/NOT_SUPPORTED مستقل.,DECIDED,B1-0200 | B1-0201,[B] apps/sales/src/modules/shipping/shipping.service.ts:130-200,[C] apps/sales/src/modules/shipping/shipping.service.ts:150-220,REQ-O2C-052
BR-O2C-37,C1,المنطقة غير المربوطة/NOT_SUPPORTED لا تُخمّن؛ الاختيار المخالف للربط يتطلب manualOverrideReason يُحفظ.,DECIDED,B1-0202 | B1-0203,"[B] apps/sales/src/modules/shipping/shipping.service.ts:154,189,201","[C] apps/sales/src/modules/shipping/shipping.service.ts:174,209,221",REQ-O2C-052
BR-O2C-38,C1,"التعريفة بإصدارات (zone, validFrom)؛ التغيير إصدار جديد ولا يُعاد تسعير مستند تاريخي.",DECIDED,B1-0199 | B1-0205 | B3-0247,[B] apps/sales/src/modules/shipping/shipping.service.ts:83-84؛ apps/sales/prisma/schema.prisma:629,[C] نفس الأسطر,REQ-O2C-053
BR-O2C-39,C1,لقطة الشحن الكاملة تُحفظ على الأمر والفاتورة وتسافر في أحداث الـsaga.,DECIDED,B1-0204,[B] apps/sales/prisma/schema.prisma:71-83؛ apps/accounting/prisma/schema.prisma:120-132,[C] apps/sales/prisma/schema.prisma:71-83؛ apps/accounting/prisma/schema.prisma:134-146,REQ-O2C-053
BR-O2C-40,C1,الشحن من ALLOCATED/INVOICED/PAID فقط مع صرف المخزون ومنع الشحن المزدوج؛ التسليم من SHIPPED فقط.,DOCUMENTED,B6c-0075,[B] apps/sales/src/modules/orders/orders.service.ts:1205-1265,[C] apps/sales/src/modules/orders/orders.service.ts:1235-1294,REQ-O2C-054
BR-O2C-41,C1,تشغيلة مسحوبة/محجورة تمنع الشحن (409) وتضع الأمر ON_HOLD_RECALL.,INFERRED,B5a-0101,[B] apps/sales/src/modules/traceability/traceability.service.ts:204-217,[C] نفس الملف :204-217,REQ-O2C-055
BR-O2C-42,C1,توقيع العميل شرط لتأكيد التسليم؛ الصورة اختيارية؛ توقيع ≤ 2MB وصورة ≤ 5MB بفحص magic bytes.,DECIDED,B6c-0239,جزئي: الواجهة فقط apps/web/app/dashboard/shipping/page.tsx:900؛ الحجم apps/sales/src/modules/shipments/shipments.service.ts:101,جزئي: نفس الأسطر؛ deliver لا يفحص,REQ-O2C-056
BR-O2C-43,C1,قائمة التجهيز تُنشأ من الحجز (FEFO ثم موقع)، تُلغى بإلغاء الأمر، والنقص يفتح تسوية ويحرر جزء الحجز.,INFERRED,B5a-0218,غير مفروض,غير مفروض,REQ-O2C-057
BR-O2C-44,C1,مركبة غير مبردة ترفض أمرًا فيه منتج يتطلب تبريدًا (409).,INFERRED,B5a-0219,غير مفروض,غير مفروض,REQ-O2C-058
BR-O2C-45,C1,الشحن الجزئي يبقي الباقي محجوزًا على نفس الأمر (PARTIALLY_SHIPPED).,INFERRED,B5a-0221,غير مفروض,غير مفروض,REQ-O2C-059
BR-O2C-46,C1,تحصيل رحلة العودة مستقل عن المرتجع وحركة المخزون؛ FINANCE_PENDING→FINANCE_POSTED عبر PaymentReceived.,DECIDED,B1-0209,[B] apps/sales/src/modules/shipments/shipments.service.ts:201-275؛ apps/accounting/src/modules/payments/payments.service.ts:235,[C] apps/sales/src/modules/shipments/shipments.service.ts:201-275؛ apps/accounting/src/modules/payments/payments.service.ts:251,REQ-O2C-060
BR-O2C-47,C1,الفاتورة المباشرة لا تتطلب أمر بيع؛ orderId اختياري وفريد عند وجوده.,DECIDED,B4b-0072 | B4b-0151,[B] apps/accounting/prisma/schema.prisma:102,[C] apps/accounting/prisma/schema.prisma:116,REQ-O2C-030
BR-O2C-48,C1,خصم بند الفاتورة المباشرة ≤ 100% و≤ قيمة البند؛ افتراضي 12% لبنود المنتجات (بلا سقف دور أو اعتماد).,INFERRED,B1-0123,[B] apps/accounting/src/modules/invoices/invoices.service.ts:638-646,[C] apps/accounting/src/modules/invoices/invoices.service.ts:665-673,REQ-O2C-030 | REQ-O2C-009
BR-O2C-49,C1,إجماليات الفاتورة تُحسب في الخادم من البنود فقط.,DOCUMENTED,B4b-0225,[B] apps/accounting/src/modules/invoices/invoices.service.ts:620-680,[C] apps/accounting/src/modules/invoices/invoices.service.ts:647-707,REQ-O2C-031
BR-O2C-50,C1,إصدار الفاتورة idempotent على مفتاح العميل أو orderId؛ الخاسر في السباق يعيد الفاتورة القائمة.,DOCUMENTED,B4b-0226 | B6c-0207 | B6a-0407,[B] apps/accounting/src/modules/invoices/invoices.service.ts:503-506,[C] apps/accounting/src/modules/invoices/invoices.service.ts:530-533,REQ-O2C-031
BR-O2C-51,C1,نوع الفاتورة (عادية/استلام/ضريبية) عدسة عرض/طباعة والفاتورة وثيقة البيع الوحيدة في الواجهة.,DECIDED,B6c-0257 | B1-0218,جزئي: documentType مخزن [B] apps/accounting/prisma/schema.prisma:73,جزئي: [C] apps/accounting/prisma/schema.prisma:73,REQ-O2C-029
BR-O2C-52,C1,فاتورة الأمر تُصدر آليًا عند StockReserved (ADR-3).,DOCUMENTED,B3-0110 | B1-0093,[B] apps/accounting/src/modules/saga-listener/saga-listener.service.ts:95,[C] apps/accounting/src/modules/saga-listener/saga-listener.service.ts:102,REQ-O2C-032
BR-O2C-53,C1,استحقاق فاتورة الأمر = الإصدار + 30 يومًا؛ الفاتورة المباشرة CASH أو NET_7..NET_90 (آجل = DEFERRED).,DOCUMENTED,B3-0132 | B3-0113 | B6c-0301,[B] apps/accounting/src/modules/invoices/invoices.service.ts:487؛ apps/accounting/src/common/commercial-terms.ts:13,"[C] apps/accounting/src/modules/invoices/invoices.service.ts:500,738-746",REQ-O2C-035
BR-O2C-54,C1,ترقيم الفواتير تسلسلي بلا فجوات.,INFERRED,B4b-0234 | B6a-0114,غير مفروض: [B] apps/accounting/src/modules/invoices/invoices.service.ts:431,غير مفروض: [C] apps/accounting/src/modules/invoices/invoices.service.ts:444,REQ-O2C-034
BR-O2C-55,C1,لا تُصدر فاتورة بعميل مجهول أو إجمالي صفر من حدث ناقص.,INFERRED,B6a-0269 | B6b-0038,غير مفروض: [B] apps/accounting/src/modules/saga-listener/saga-listener.service.ts:132,"غير مفروض: [C] apps/accounting/src/modules/saga-listener/saga-listener.service.ts:139,144",REQ-O2C-036
BR-O2C-56,C1,إلغاء الفاتورة فقط إن كان المدفوع = 0 والمقيد دائنًا = 0، بسبب، بقيد CREDIT معاكس دون حذف، ونهائي.,INFERRED,B6a-0268 | B6b-0034,"[B] apps/accounting/src/modules/invoices/invoices.service.ts:1083,1177","[C] apps/accounting/src/modules/invoices/invoices.service.ts:1124,1218",REQ-O2C-037
BR-O2C-57,C1,لا دفع ولا عكس ولا مرتجع على فاتورة ملغاة.,INFERRED,B6b-0037,"[B] apps/accounting/src/modules/payments/payments.service.ts:131,373","[C] apps/accounting/src/modules/payments/payments.service.ts:143,389",REQ-O2C-038
BR-O2C-58,C1,المستحق = الإجمالي − المدفوع − المقيد دائنًا؛ تسوية تتجاوز الإجمالي تُرفض بلا هامش.,DECIDED,B4b-0075 | B6b-0042 | B3-0322,[B] apps/accounting/src/modules/payments/payments.service.ts:138,[C] apps/accounting/src/modules/payments/payments.service.ts:150,REQ-O2C-040
BR-O2C-59,C1,حالات الفاتورة: UNPAID/DEFERRED/PARTIAL/PAID/CANCELLED.,DECIDED,B4b-0073 | B6c-0301,[B] apps/accounting/prisma/schema.prisma:16-24,[C] apps/accounting/prisma/schema.prisma:16-24,REQ-O2C-040 | REQ-O2C-035
BR-O2C-60,C1,نفس مفتاح الدفع = دفعة وقيد وحدث واحد؛ نفس المفتاح ببيانات مختلفة → 409.,INFERRED,B6a-0266 | B6b-0130,[B] apps/accounting/src/modules/payments/payments.service.ts:124؛ apps/accounting/prisma/schema.prisma:310,[C] apps/accounting/src/modules/payments/payments.service.ts:136؛ apps/accounting/prisma/schema.prisma:380,REQ-O2C-041
BR-O2C-61,C1,الدفعة والتسوية وقيد AR والخزينة والـoutbox والتدقيق في معاملة SERIALIZABLE واحدة.,DOCUMENTED,B4b-0265 | B4b-0261,[B] apps/accounting/src/modules/payments/payments.service.ts:279-280,[C] apps/accounting/src/modules/payments/payments.service.ts:295-296,REQ-O2C-042
BR-O2C-62,C1,تخصيص واحد لكل (دفعة، فاتورة)؛ الفائض رصيد غير موزع مشتق لا مخزّن.,DECIDED,B4b-0080 | B4b-0081 | B4b-0267,[B] apps/accounting/prisma/schema.prisma:1094,[C] apps/accounting/prisma/schema.prisma:1281,REQ-O2C-043
BR-O2C-63,C1,عكس الدفعة append-only بسبب وفاعل ويعيد حساب حالة الفاتورة.,DECIDED,B4b-0088,[B] apps/accounting/src/modules/payments/payments.service.ts:351-404,[C] apps/accounting/src/modules/payments/payments.service.ts:367-422,REQ-O2C-044
BR-O2C-64,C1,الشيك المستلم ليس نقدية متاحة؛ المرتد يعيد المديونية ويعكس العمولة مرة واحدة ذريًا.,INFERRED,B3-0004 | B3-0019 | B3-0052,جزئي: [B] apps/accounting/src/modules/payments/payments.service.ts:427-458 (لا خزينة، لا توزيعات),جزئي: [C] apps/accounting/src/modules/payments/payments.service.ts:445-476,REQ-O2C-045
BR-O2C-65,C1,حالات الشيك RECEIVED→DEPOSITED→CLEARED/BOUNCED بانتقالات مقيدة.,DOCUMENTED,B6c-0208 | B5a-0176,جزئي: تسمية فقط لغير BOUNCED,جزئي: نفس الشيء؛ instruments غير مسجل,REQ-O2C-045
BR-O2C-66,C1,رصيد العميل = افتتاحي + مبيعات آجلة − تحصيلات معتبرة − إشعارات دائنة ± تصحيحات موثقة.,DOCUMENTED,B3-0007,جزئي: مشتق في الاستعلام بلا دمج افتتاحي CRM,جزئي: نفس الشيء,REQ-O2C-047
BR-O2C-67,C1,فشل مصدر البيانات لا يُعرض كرصيد صفر؛ المال بوحدات القروش؛ التواريخ UTC.,DOCUMENTED,B3-0272 | B5b-0065,NOT_VERIFIED (لم تُقرأ صفحة الكشف),NOT_VERIFIED,REQ-O2C-047
BR-O2C-68,C1,قيد دفتر العملاء فريد لكل (refType، refId).,INFERRED,B6b-0026,[B] apps/accounting/prisma/schema.prisma:398,[C] apps/accounting/prisma/schema.prisma:469,REQ-O2C-049
BR-O2C-69,C1,أعمار الذمم حالي/30/60/90+ وتقارير التحصيل بالمندوب.,DOCUMENTED,B3-0322 | B2-0113,"[B] apps/accounting/src/modules/collection/collection.controller.ts:20,50","[C] نفس الملف :20,50",REQ-O2C-048
BR-O2C-70,C1,التحصيل الميداني يُخصص لفواتير محددة لا رصيد غير مخصص؛ EGP نقد/تحويل/إيداع فقط.,DECIDED,B1-0230 | B1-0273,[B] apps/accounting/src/modules/payments/payments.service.ts:194,[C] apps/accounting/src/modules/payments/payments.service.ts:210,REQ-O2C-050
BR-O2C-71,C1,التحويل الميداني idempotent؛ الخطأ/المهلة → UNKNOWN ويُعاد بنفس الحمولة؛ المحول ليس مقدم المقترح.,INFERRED,B1-0255 | B1-0266 | B1-0253,[B] apps/sales/src/modules/orders/orders.service.ts:500؛ apps/accounting/src/modules/payments/payments.service.ts:188 (معطل افتراضيًا),[C] apps/sales/src/modules/orders/orders.service.ts:515؛ apps/accounting/src/modules/payments/payments.service.ts:204 (معطل افتراضيًا),REQ-O2C-050
BR-O2C-72,C1,Idempotency-Key وvisitId فريدان على الأمر؛ رقم الأمر فريد تحت التزامن.,INFERRED,B4a-0111 | B6b-0024,"[B] apps/sales/prisma/schema.prisma:94,99؛ apps/sales/src/modules/orders/orders.service.ts:617","[C] apps/sales/prisma/schema.prisma:94,99؛ apps/sales/src/modules/orders/orders.service.ts:647",REQ-O2C-025
BR-O2C-73,C1,ملكية العميل وعلاقة الزيارة تُتحقق من CRM fail-closed قبل إنشاء الأمر.,DOCUMENTED,B6c-0027,[B] apps/sales/src/modules/orders/orders.service.ts:199,[C] apps/sales/src/modules/orders/orders.service.ts:214,REQ-O2C-026
BR-O2C-74,C1,إعادة محاولة التخصيص فقط لأمر ALLOCATION_FAILED وعلى نفس الأمر.,INFERRED,B6b-0081,[B] apps/sales/src/modules/orders/orders.service.ts:1094-1101,[C] apps/sales/src/modules/orders/orders.service.ts:1124-1131,REQ-O2C-023
BR-O2C-75,C1,لا تعديل مباشر لصفوف الأوامر/الحجوزات؛ التعافي عبر نقاط محروسة مع تسجيل الحادثة.,DOCUMENTED,B6c-0145,إجرائي (runbook) — غير قابل للفرض في الكود,إجرائي,REQ-O2C-024
BR-O2C-76,C1,تحديد التشغيلة عند الأمر بصلاحية sales.orders.batch.override فقط، وإلا FEFO.,CONFLICTING,B4b-0032 | B4b-0171,[B] apps/sales/src/modules/orders/orders.service.ts:533-535,[C] apps/sales/src/modules/orders/orders.service.ts:548-551,REQ-O2C-028
BR-O2C-77,C1,أحداث تدقيق O2C: إنشاء MEDIUM، اعتماد/رفض/إلغاء HIGH، شحن/تسليم MEDIUM، تجاوز خصم CRITICAL لكل سطر.,DOCUMENTED,B4a-0089 | B5a-0286 | B5a-0294,جزئي: [B] apps/sales/src/modules/orders/orders.service.ts:772,جزئي: [C] apps/sales/src/modules/orders/orders.service.ts:794-812,REQ-O2C-061
BR-O2C-78,C1,أحداث تدقيق مالية: توليد فاتورة HIGH، إلغاء CRITICAL بسبب، تحصيل/عكس CRITICAL، فشل دفعة HIGH، تحصيل رحلة العودة CRITICAL.,DOCUMENTED,B4a-0091 | B5a-0318 | B5a-0323,جزئي (لم يُتحقق من المستويات سطرًا بسطر),جزئي,REQ-O2C-062
BR-O2C-79,C1,التحصيل يسجل أداة الدفع ومرجعها وتاريخ استحقاق الشيك والموظف المحصل.,INFERRED,B3-0293,جزئي: [B] apps/accounting/prisma/schema.prisma:348-349 (المحصل = actorId),جزئي: [C] apps/accounting/prisma/schema.prisma:418-419,REQ-O2C-046
BR-O2C-80,C1,Saga بلا 2PC: commit محلي ثم حدث، حالة بمعرف الارتباط، dedup بـevent_id، والتعويض مملوك للـsaga.,DOCUMENTED,B6c-0238,جزئي: [B] apps/sales/src/modules/saga/saga.orchestrator.ts:55-93 بلا outbox,جزئي: [C] نفس الأسطر,REQ-O2C-006 | REQ-O2C-005
BR-O2C-81,C1,إعادة تسليم StockReserved لا تُدخل صفوف تخصيص مكررة.,INFERRED,B6a-0122,جزئي: [B] apps/sales/src/modules/saga/saga.orchestrator.ts:328-331 فحص الخطوة؛ createMany بلا قيد فريد,جزئي: نفس الأسطر,REQ-O2C-006
BR-CRM-01,C2,كود العميل يُولَّد في قاعدة البيانات عبر next_customer_code() ولا يُقبل من العميل ولا يُعدّل.,DECIDED,B1-0227 | B1-0236,التأسيس: DTO بلا code + forbidNonWhitelisted؛ migration 20260919120000:2-15. غير مطبق في importRows (يقبل code).,نفس الأساس [C] onboard-customer.dto.ts:42-71؛ غير مطبق في apps/crm/src/modules/accounts/accounts.service.ts:451-458.,REQ-CRM-003 | REQ-CRM-002
BR-CRM-02,C2,التأسيس لا يقبل openingBalance ولا creditLimit؛ credit_limit يبقى 0 حتى قرار ائتماني مستقل بسبب.,DECIDED,B1-0226 | B1-0235 | B6b-0125,onboard-customer.dto.ts:42-71 (لا حقول مالية),نفسه,REQ-CRM-002
BR-CRM-03,C2,"نوع العميل إلزامي ضمن {PHARMACY, DOCTOR, CENTER, HOSPITAL, DISTRIBUTOR, CHAINS} ولا قيمة غير مصنفة ولا تخمين.",DECIDED,B2-0050 | B3-0135 | B3-0223 | B3-0192,schema enum + DTO IsIn؛ مخالف في importRows (PHARMACY افتراضيًا),schema.prisma:15-22؛ مخالف apps/crm/src/modules/accounts/accounts.service.ts:461,REQ-CRM-004 | REQ-CRM-016
BR-CRM-04,C2,الاسم العربي للعميل فريد على مستوى قاعدة البيانات؛ انتهاكه يعود 409.,CONFLICTING,B6a-0418 | B6a-0420 | B6a-0271,migration 20260909102000:13 UNIQUE(name_ar),نفسه؛ apps/crm/src/modules/accounts/accounts.service.ts:226-256,REQ-CRM-005
BR-CRM-05,C2,إعادة إنشاء العميل بنفس requestId ونفس المستخدم ونفس البيانات تعيد نفس العميل؛ اختلاف أي منها = 409.,DOCUMENTED,B1-0237,"apps/crm/src/modules/accounts/customer-onboarding.service.ts:183-201, 301-308 (حتى 306)","apps/crm/src/modules/accounts/customer-onboarding.service.ts:183-201, 301-308",REQ-CRM-002
BR-CRM-06,C2,الحساب والإسناد الأساسي والعنوان الرئيسي والملاحظة وidempotency والتدقيق وoutbox AccountCreated تُكتب في معاملة واحدة.,DOCUMENTED,B1-0237,apps/crm/src/modules/accounts/customer-onboarding.service.ts:203-298,نفسه,REQ-CRM-002
BR-CRM-07,C2,المندوب المسند عند التأسيس/إعادة الإسناد يجب أن يكون مستخدمًا نشطًا مؤهلًا في IAM؛ إسناد غير الذات يتطلب crm.accounts.manage.any.,INFERRED,B6b-0125 | B1-0313,"apps/crm/src/modules/accounts/customer-onboarding.service.ts:36-67, 172-179",نفسه؛ غير مطبق في apps/crm/src/modules/field-sales/field-sales.service.ts:1086 (createAssignment) والاستيراد,REQ-CRM-002 | REQ-CRM-012 | REQ-CRM-011
BR-CRM-08,C2,"إحداثيات العميل تُدخل معًا أو لا تُدخل، وضمن [-90,90]/[-180,180].",DECIDED,B4b-0013 | B4b-0201 | B6a-0364,CHECK account_location_check (migration 20260916121000:6) + customer_address_coordinates (20260919120000:35) + customer-profile.service.ts:21-22,نفسه,REQ-CRM-006
BR-CRM-09,C2,رابط الخريطة يُبنى من الإحداثيات المسجلة فقط، ونقطة القاهرة الابتدائية في منتقي الموقع لا تُحفظ تلقائيًا.,DOCUMENTED,B6a-0364 | B1-0239,customer-contact-profile.tsx:267؛ location-picker.tsx:14-16,نفسه,REQ-CRM-006
BR-CRM-10,C2,جهات اتصال العميل لا تُحذف؛ الاستبدال يُعطّل القديمة (is_active=false) والقراءة تعيد النشطة.,INFERRED,B6a-0363,customer-profile.service.ts:48-60,نفسه,REQ-CRM-007
BR-CRM-11,C2,حفظ ملف العميل يتطلب تطابق profileVersion المقروء وإلا 409.,DOCUMENTED,B4b-0017 | B6a-0362,customer-profile.service.ts:33-41,نفسه,REQ-CRM-006
BR-CRM-12,C2,لا يعدّل ملاحظة عميل إلا كاتبها أو مدير (manage.any)، وبإصدار مطابق، مع تدقيق قبل/بعد.,DOCUMENTED,B1-0241,"customer-notes.service.ts:30-53, 71-88",نفسه,REQ-CRM-010
BR-CRM-13,C2,انخفاض الشراء أو غياب الزيارات لا يغيّر isActive آليًا.,DECIDED,B1-0228,لا كاتب آلي؛ summary يقرأ فقط (apps/crm/src/modules/accounts/accounts.service.ts:131+),نفسه (apps/crm/src/modules/accounts/accounts.service.ts:154-177),REQ-CRM-008
BR-CRM-14,C2,إعادة الإسناد تُغلق PRIMARY الحالي وتنشئ جديدًا، وترفض وجود PRIMARY مستقبلي، ولا تمس BACKUP، وتسجل repId السابق.,DOCUMENTED,B1-0242,apps/crm/src/modules/accounts/customer-onboarding.service.ts:68-158,نفسه؛ المسار البديل apps/crm/src/modules/field-sales/field-sales.service.ts:1086-1140 بلا تدقيق نطاقي,REQ-CRM-011
BR-CRM-15,C2,المستخدم غير الإداري يرى ويعدل فقط العملاء ذوي إسناد نشط له، أو repId=هو حين لا توجد إسنادات.,INFERRED,B6b-0022 | B3-0240,apps/crm/src/modules/accounts/accounts.service.ts:~18-49 (accountOwnershipScope),[C] apps/crm/src/modules/accounts/accounts.service.ts:29-49؛ apps/crm/src/modules/field-sales/field-sales.service.ts:84-138,REQ-CRM-014 | REQ-CRM-001 | REQ-CRM-012
BR-CRM-16,C2,أرشفة العميل = is_active=false مع سجل ACCOUNT_ARCHIVED ولا حذف فعلي.,INFERRED,B1-0243,apps/crm/src/modules/accounts/accounts.service.ts:342-366,[C] apps/crm/src/modules/accounts/accounts.service.ts:365-389,REQ-CRM-008
BR-CRM-17,C2,تحويل الـLead إلى CONVERTED يتطلب حسابًا قائمًا مرتبطًا؛ LOST يتطلب سببًا؛ CONVERTED نهائي.,INFERRED,B3-0341 | B4a-0108,leads.service.ts:99-115 (بلا سبب خسارة؛ LOST نهائي),leads.service.ts:142-165 (سبب إلزامي؛ LOST→NEW),REQ-CRM-018
BR-CRM-18,C2,مهلة SLA للتذكرة: CRITICAL 2س، HIGH 6س، MEDIUM 24س، LOW 48س؛ التجاوز لزج.,INFERRED,B5a-0039 | B6a-0367,"apps/crm/src/modules/support/support.service.ts:31-36, 352-364",نفسه,REQ-CRM-019
BR-CRM-19,C2,تصنيف التذكرة: أحد الخمسة المدمجة أو custom:<id> لتصنيف موجود مفعّل؛ CUSTOM الخام أو المجهول = 400 بلا كتابة.,DOCUMENTED,B4b-0203 | B4b-0209,apps/crm/src/modules/support/support.service.ts:110-146؛ create-ticket.dto.ts:36,نفسه,REQ-CRM-022 | REQ-CRM-021
BR-CRM-20,C2,أسماء تصنيفات الشكاوى فريدة، والتصنيفات لا تُحذف (إيقاف فقط) والمدمجة للقراءة فقط.,DOCUMENTED,B4b-0207 | B4b-0219,schema SupportCategory.name @unique؛ لا مسار DELETE (support.controller.ts:82-101),نفسه,REQ-CRM-022
BR-CRM-21,C2,مشاركو التذكرة: إزالة التكرار، المتابع الذي هو مسؤول يُحذف، الإسناد يتطلب مستخدمًا موثقًا، والكتابة ذرية مع التذكرة؛ يجب التحقق من المستخدمين في IAM.,DOCUMENTED,B4b-0204 | B4b-0205 | B6a-0366,"apps/crm/src/modules/support/support.service.ts:148-172, 236-243؛ التحقق من IAM غير مطبق",نفسه؛ التحقق من IAM غير مطبق,REQ-CRM-020
BR-CRM-22,C2,التذكرة لا تُعاد كنجاح ما لم تُكتب فعلًا في قاعدة البيانات.,INFERRED,B6a-0367,apps/crm/src/modules/support/support.service.ts:224-265,نفسه,REQ-CRM-019
BR-CRM-23,C2,محطات الخطة: العميل مرة واحدة لكل خطة، في نفس يوم الخطة بتوقيت القاهرة، بلا تداخل مواعيد للمندوب، وبعنوان مسجل للعميل يُحفظ snapshot.,DOCUMENTED,B1-0248,"apps/crm/src/modules/field-sales/field-sales.service.ts:475-513, 914-973, 1377-1399؛ UNIQUE(plan_id,account_id)",نفسه,REQ-CRM-025
BR-CRM-24,C2,الخطة DRAFT→PUBLISHED→IN_PROGRESS→COMPLETED/CANCELLED؛ لا تُنفذ زيارات خطة غير منشورة؛ لا تُلغى خطة بها زيارة جارية؛ لا تكتمل قبل إغلاق كل زياراتها.,INFERRED,B4a-0107 | B5a-0229,"apps/crm/src/modules/field-sales/field-sales.service.ts:975-1032, 1351-1364",نفسه,REQ-CRM-025 | REQ-CRM-026
BR-CRM-25,C2,الزيارة: البدء من PLANNED فقط، الإتمام من IN_PROGRESS بعد بدء فعلي، الإلغاء من PLANNED فقط بسبب، الفوات من PLANNED/IN_PROGRESS بسبب؛ الإعادة المتكررة idempotent.,INFERRED,B4a-0104,"apps/crm/src/modules/field-sales/field-sales.service.ts:572-606, 645-767, 769-785, 814-912",نفسه,REQ-CRM-028
BR-CRM-26,C2,موقع الزيارة: إحداثيات أو سبب استثناء (ليس الاثنين)، وقت الالتقاط ضمن 5 دقائق من الخادم، location_verified=false دائمًا، الاستثناء ⇒ مراجعة PENDING من شخص غير المنفذ.,DECIDED,B1-0231 | B1-0249 | B6c-0306,apps/crm/src/modules/field-sales/field-sales.service.ts:515-526؛ apps/crm/src/modules/field-operations/operations.service.ts:333-358,نفسه,REQ-CRM-029 | REQ-CRM-034
BR-CRM-27,C2,مدة الزيارة تُحسب من أوقات الخادم (actual_start/actual_end) لا من الجهاز.,DOCUMENTED,B1-0249,"apps/crm/src/modules/field-sales/field-sales.service.ts:586-606, 659-675",نفسه,REQ-CRM-029
BR-CRM-28,C2,نتيجة ORDER_CREATED تتطلب أمر Sales يحمل نفس visit_id ونفس العميل وغير ملغى/مرفوض؛ التعذر = فشل مغلق.,DOCUMENTED,B6c-0215 | B4a-0110,"apps/crm/src/modules/field-sales/field-sales.service.ts:140-174, 608-634, 787-812",نفسه,REQ-CRM-030 | REQ-CRM-036
BR-CRM-29,C2,التسجيل السريع القديم للزيارة لا يقبل نتيجة ORDER_PLACED.,DOCUMENTED,B4a-0109 | B6c-0215,apps/crm/src/modules/visits/visits.service.ts:99-102,نفسه,REQ-CRM-030
BR-CRM-30,C2,إغلاق الزيارة يتطلب نتيجة + (خطوة تالية أو سبب إغلاق)؛ موعد المتابعة إلزامي لـFOLLOW_UP_REQUIRED.,CONFLICTING,B6c-0251 | B2-0209 | B2-0210,apps/crm/src/modules/field-sales/field-sales.service.ts:608-643,نفسه,REQ-CRM-036 | REQ-CRM-031
BR-CRM-31,C2,مقترح الطلب: من منفذ زيارة جارية/مكتملة لمشترٍ نشط مملوك؛ الاعتماد من شخص غير المنشئ مع تأكيد الصيدلية؛ التحويل من نفس المراجع وبسعر الجمهور الحالي؛ الأمر يُنسب للمنشئ ولا يرث visitId.,DECIDED,B1-0232 | B1-0229 | B1-0252,apps/crm/src/modules/field-operations/operations.service.ts:443-618؛ apps/sales/src/modules/orders/orders.service.ts:500-518,نفسه؛ [C] orders.service.ts:515-533,REQ-CRM-032
BR-CRM-32,C2,التأجيل طلب منفصل يحفظ الأصل؛ القرار للمندوب صاحب الزيارة فقط؛ البديلة تُنشأ عند القبول فقط وبلا plan_id؛ التعديل يُدقق.,DECIDED,B1-0233 | B1-0257,apps/crm/src/modules/field-operations/operations.service.ts:200-332,نفسه,REQ-CRM-033
BR-CRM-33,C2,مسودة الزيارة تُحفظ عند فشل الشبكة فقط وتُعاد يدويًا بجسمها الأصلي؛ لا إعادة تلقائية ولا كاش لقراءات API.,CONFLICTING,B6c-0322 | B1-0272 | B4a-0105,apps/web/lib/visit-drafts.ts؛ apps/web/public/sw.js:18,نفسه,REQ-CRM-034
BR-CRM-34,C2,لا يُنشأ عميل قبل حسم تصنيفه؛ الصفوف غير المحسومة تُعلّق (UNRESOLVED/HOLD_UNKNOWN_TYPE).,DECIDED,B3-0223 | B3-0192 | B1-0317,apps/crm/scripts/import-customers.ts:164؛ import-identities.cjs:40؛ غير مطبق في importRows (افتراضي PHARMACY),نفسه,REQ-CRM-004 | REQ-CRM-015 | REQ-CRM-017
BR-CRM-35,C2,حسابات استيراد الهويات: كود MD26 حتمي، أرصدة وحدود صفرية، مندوب ومنطقة null.,DOCUMENTED,B3-0217,"apps/crm/scripts/import-identities.cjs:17, 59-62",نفسه,REQ-CRM-015
BR-CRM-36,C2,موعد المتابعة يجب أن يكون في المستقبل.,DOCUMENTED,B4b-0141,"apps/crm/src/modules/field-sales/field-sales.service.ts:670-673, 1288",نفسه,REQ-CRM-031
BR-CRM-37,C2,تعديل بيانات العميل الرئيسية يتطلب الملكية أو manage.any ويسجل before/after بسبب CUSTOMER_MASTER_EDIT.,INFERRED,B5b-0084,apps/crm/src/modules/accounts/accounts.service.ts:287-334,[C] apps/crm/src/modules/accounts/accounts.service.ts:310-357,REQ-CRM-009
BR-P2P-01,C3,رقم أمر الشراء يولده الخادم بالصيغة PO-YYYY-NNNN من تسلسل ذري سنوي يبدأ فوق أعلى رقم قديم بنفس الصيغة.,DECIDED,B2-0087 | B2-0076,not enforced — الرقم من العميل مع فحص تكرار (apps/accounting/src/modules/matching/matching.service.ts:91-96),apps/accounting/src/modules/matching/matching.service.ts:105-126,REQ-P2P-002
BR-P2P-02,C3,لا يُنشئ أمر شراء المورد إلا SUPER_ADMIN.,DECIDED,B2-0087,not enforced — أي حامل accounting.matching.manage (matching.controller.ts:34),apps/accounting/src/modules/matching/matching.service.ts:101-103؛ purchase-orders/page.tsx:59,REQ-P2P-002
BR-P2P-03,C3,معتمد أمر الشراء ≠ منشئه، والمنشئ المجهول يُرفض اعتماده.,CONFLICTING,B2-0082 | B1-0063 (C8) | B2-0087,apps/accounting/src/modules/matching/matching.service.ts:200-210,الكود apps/accounting/src/modules/matching/matching.service.ts:232-242 موجود لكن غير قابل للوصول لأن الأمر يولد APPROVED (:148),REQ-P2P-003
BR-P2P-04,C3,لا تُسجل فاتورة مورد على أمر شراء إلا إذا كان APPROVED أو PARTIALLY_RECEIVED أو FULLY_RECEIVED.,INFERRED,B2-0082,apps/accounting/src/modules/matching/matching.service.ts:330-337,apps/accounting/src/modules/matching/matching.service.ts:365-371,REQ-P2P-003 | REQ-P2P-009
BR-P2P-05,C3,يُلغى أمر الشراء فقط قبل أول استلام (DRAFT/PENDING_APPROVAL/APPROVED) وبسبب.,INFERRED,B5a-0184,apps/accounting/src/modules/matching/matching.service.ts:265-280,apps/accounting/src/modules/matching/matching.service.ts:297-316 (+ SUPER_ADMIN فقط :298-300),REQ-P2P-005
BR-P2P-06,C3,ربط الاستلام بأمر الشراء اختياري ولا يمنع الاستلام ولا قيد المستحق.,DECIDED,B2-0086,متوافق بالغياب — لا ربط إطلاقًا,goods-receipt.dto.ts:18-20؛ apps/accounting/src/modules/saga-listener/saga-listener.service.ts:340-356,REQ-P2P-006
BR-P2P-07,C3,receivedQty لسطر الأمر يزيد مرة واحدة لكل GoodsReceived.event_id.,DECIDED,B2-0088,not enforced — لا كاتب لـreceivedQty,apps/accounting/src/modules/matching/matching.service.ts:970-1006 (PurchaseOrderReceipt.eventId unique),REQ-P2P-007
BR-P2P-08,C3,حالة الأمر مشتقة: لا استلام ← APPROVED، جزئي ← PARTIALLY_RECEIVED، ≥ المطلوب لكل السطور ← FULLY_RECEIVED؛ لا تتغير CANCELLED.,INFERRED,B2-0187,not enforced,apps/accounting/src/modules/matching/matching.service.ts:1008-1021,REQ-P2P-007
BR-P2P-09,C3,الاستلام الزائد مسموح ويُعرض كحقيقة تقريرية لا كقيد على المخزن.,DECIDED,B2-0088,not applicable — لا ربط,apps/accounting/src/modules/matching/matching.service.ts:1012 (لا حجب)؛ purchase-orders/page.tsx (زيادة توريد),REQ-P2P-007
BR-P2P-10,C3,استلام بمرجع سطر لمنتج أو مورد مختلف لا يُطبق على الأمر.,INFERRED,B2-0197 | B2-0240,not applicable,apps/accounting/src/modules/matching/matching.service.ts:979-988,REQ-P2P-006 | REQ-P2P-007
BR-P2P-11,C3,Σ الكمية المفوترة على كل فواتير الأمر غير المرفوضة لكل منتج ≤ الكمية المستلمة فعلًا، وإلا QUANTITY_MISMATCH.,DOCUMENTED,B3-0061 | B1-0290 | B3-0035,partial — التراكم موجود لكن المقارنة بالمطلوب (apps/accounting/src/modules/matching/matching.service.ts:604 receivedQtyTotal = orderedQtyTotal),apps/accounting/src/modules/matching/matching.service.ts:583-597,REQ-P2P-010
BR-P2P-12,C3,سعر وحدة الفاتورة ≤ سعر الأمر وإلا PRICE_MISMATCH (بلا تسامح حاليًا).,INFERRED,B3-0035,apps/accounting/src/modules/matching/matching.service.ts:545,apps/accounting/src/modules/matching/matching.service.ts:587,REQ-P2P-010
BR-P2P-13,C3,نقص الفوترة (المفوتر < المستلم) معلومة UNDER_BILLED غير حاجبة.,INFERRED,B2-0230,apps/accounting/src/modules/matching/matching.service.ts:565-578,apps/accounting/src/modules/matching/matching.service.ts:605-618,REQ-P2P-010
BR-P2P-14,C3,فاتورة بلا أمر شراء ← استثناء UNMATCHED_GRN وEXCEPTION_PENDING.,INFERRED,B3-0035,apps/accounting/src/modules/matching/matching.service.ts:433-452,apps/accounting/src/modules/matching/matching.service.ts:474-495,REQ-P2P-010 | REQ-P2P-009
BR-P2P-15,C3,معتمد استثناء المطابقة ≠ مسجّل الفاتورة؛ المسجّل المجهول ← 403.,DOCUMENTED,B3-0328,apps/accounting/src/modules/matching/matching.service.ts:648-660,apps/accounting/src/modules/matching/matching.service.ts:689-700,REQ-P2P-011
BR-P2P-16,C3,تجاوز استثناء المطابقة بمستوى المدير المالي (CFO).,DOCUMENTED,B3-0328,partial — صلاحية accounting.matching.override بلا ربط بدور CFO (matching.controller.ts:122),partial — نفس الصلاحية؛ matching/page.tsx,REQ-P2P-011
BR-P2P-17,C3,كل استلام بمورد وقيمة يقيد DEBIT RECEIPT على دفتر المورد.,DECIDED,B2-0085 | B3-0328,apps/accounting/src/modules/saga-listener/saga-listener.service.ts:290-294,apps/accounting/src/modules/saga-listener/saga-listener.service.ts:318-330,REQ-P2P-012
BR-P2P-18,C3,"قيد واحد في دفتر المورد لكل (refType, refId) بفحص وإدراج ذري مع علامة inbox.",INFERRED,B6a-0120 | B6a-0270,apps/accounting/src/modules/supplier-ledger/supplier-ledger.service.ts:29-41، :375-387 + @@unique,apps/accounting/src/modules/supplier-ledger/supplier-ledger.service.ts:29-41، :375-387 + @@unique,REQ-P2P-013 | REQ-P2P-012
BR-P2P-19,C3,مرتجع المورد يقيد CREDIT SUPPLIER_RETURN يخفض المستحق.,DOCUMENTED,B3-0328,apps/accounting/src/modules/saga-listener/saga-listener.service.ts:298-302,apps/accounting/src/modules/saga-listener/saga-listener.service.ts:361-370,REQ-P2P-014
BR-P2P-20,C3,لا خصم تلقائي للتالف من فاتورة المورد؛ المطالبة دورة مستقلة Submitted→Accepted/Rejected→Settlement.,DECIDED,B1-0078 | B1-0109,not enforced — لا كيان (متوافق بالغياب),not enforced — لا كيان (متوافق بالغياب),REQ-P2P-015
BR-P2P-21,C3,المطالبة المقبولة تُسوى بإشعار دائن/تسوية من المسار القائم أو تبقى APPROVED_PENDING_SETTLEMENT؛ لا قيد يومية وهمي.,DECIDED,B1-0110,not enforced,not enforced,REQ-P2P-015
BR-P2P-22,C3,لا سداد إلا لفاتورة APPROVED_FOR_PAYMENT، بمبلغ ≤ المتبقي، وبعملة الفاتورة وحساب الخزينة.,INFERRED,B1-0292 | B5a-0173,not enforced — لا سداد,"code only, unmounted — apps/accounting/src/modules/supplier-ledger/supplier-payments.service.ts:98-114",REQ-P2P-016 | REQ-P2P-017
BR-P2P-23,C3,سداد المورد يتطلب مفتاح idempotency إلزاميًا؛ نفس المفتاح بطلب مختلف ← 409.,INFERRED,B5a-0173,not enforced,"code only, unmounted — apps/accounting/src/modules/supplier-ledger/supplier-payments.service.ts:57-62، :290",REQ-P2P-016
BR-P2P-24,C3,عكس السداد يعكس قيد المورد والخزينة وGL وفرق العملة بالاتجاه المعاكس وبسبب إلزامي.,INFERRED,B5a-0173,not enforced,"code only, unmounted — apps/accounting/src/modules/supplier-ledger/supplier-payments.service.ts:193-270؛ عكس GL بنفس الاتجاه (ACC-04)",REQ-P2P-016
BR-P2P-25,C3,أعمار الدائنين بفئات 0-30/31-60/61-90/90+ على الفواتير المعتمدة غير المسددة حسب الاستحقاق.,INFERRED,B1-0293 | B5a-0173,"contradicted — الفلتر isApprovedPayment=false يستبعد المعتمدة ويشمل المرفوضة (apps/accounting/src/modules/supplier-ledger/supplier-ledger.service.ts:154,172)","contradicted — نفس الكود (apps/accounting/src/modules/supplier-ledger/supplier-ledger.service.ts:154,172)",REQ-P2P-018
BR-P2P-26,C3,لا خصم سداد مبكر آلي ولا دفع مبكر غير مصرح؛ تنبيه بالتاريخ فقط.,INFERRED,B1-0293,not applicable — لا شروط دفع,not applicable — لا شروط دفع,REQ-P2P-018
BR-P2P-27,C3,لا حذف مادي لمورد له تاريخ؛ الأرشفة تحفظ التاريخ.,INFERRED,B1-0298,لا DELETE route (suppliers.controller.ts)؛ لا أرشفة,لا DELETE؛ أرشفة/استعادة بتدقيق suppliers.service.ts:64-75,REQ-P2P-024
BR-P2P-28,C3,تعديل حد ائتمان المورد بصلاحية منفصلة فقط ولا عبر استيراد عام.,DOCUMENTED,B3-0243,suppliers.controller.ts:32 (products.suppliers.credit-limit.update)؛ لا مستورد موردين,suppliers.controller.ts:48؛ لا مستورد موردين,REQ-P2P-025
BR-P2P-29,C3,لا إفراج جمركي مع قرار رقابي PENDING أو REJECTED.,DOCUMENTED,B2-0048 | B5a-0186,not enforced — لا شحنات,"code only, unmounted — apps/accounting/src/modules/import-shipments/import-shipments.service.ts:51-54",REQ-P2P-027
BR-P2P-30,C3,لا CUSTOMS_FILED دون فاتورة تجارية وقائمة تعبئة وبوليصة.,INFERRED,B5a-0186,not enforced,not enforced,REQ-P2P-027
BR-P2P-31,C3,القرار الرقابي المرفوض ينقل الشحنة إلى HELD.,INFERRED,B5a-0186,not enforced,not enforced — setRegulatory لا يغير الحالة (apps/accounting/src/modules/import-shipments/import-shipments.service.ts:68-72),REQ-P2P-027
BR-P2P-32,C3,انتقالات الشحنة وفق آلة حالات محددة وكل انتقال حدث غير قابل للتعديل.,INFERRED,B5a-0185,not enforced,"code only, unmounted — apps/accounting/src/modules/import-shipments/import-shipments.service.ts:6-12، :45-62",REQ-P2P-026
BR-P2P-33,C3,فرق تقريب توزيع التكاليف يُحمَّل على آخر بند ليطابق المجموع.,INFERRED,B5a-0189,apps/accounting/src/modules/landed-cost/landed-cost.service.ts:84-87 (float),apps/accounting/src/modules/landed-cost/landed-cost.service.ts:70-74 (Decimal),REQ-P2P-029
BR-P2P-34,C3,ضريبة الاستيراد المستردة لا تدخل تكلفة الوحدة.,INFERRED,B5a-0189,not enforced — لا نوع ضريبة استيراد,not enforced,REQ-P2P-029
BR-P2P-35,C3,لا ترحيل للتكلفة الواصلة إلا بعد أن تكون كل التكاليف ACTUAL والشحنة RECEIVED؛ بعد الترحيل لا تعديل إلا بتكلفة تصحيحية.,INFERRED,B5a-0190,not enforced — لا ترحيل,not enforced — لا ترحيل,REQ-P2P-030
BR-P2P-36,C3,المورد كيان منفصل عن مصنّع المنتج.,INFERRED,B1-0295,Supplier وProductManufacturer منفصلان (schema_base products),نفسه (schema_cur products),REQ-P2P-021
BR-P2P-37,C3,عنوان أمر الشراء عنوان تسليم لا مقر قانوني؛ لا أرقام ضريبية/بنكية مخمنة للمورد.,DOCUMENTED,B3-0074,not enforced — لا حقل عنوان تسليم,not enforced — لا حقل عنوان تسليم,REQ-P2P-004 | REQ-P2P-020
BR-INV-01,C4,كل استلام يدخل حوض QUARANTINE افتراضيًا؛ الاستلام إلى WAREHOUSE يتطلب صلاحية inventory.transactions.receive-released وإلا 403.,DOCUMENTED,B5a-0111 | B2-0170 | B3-0324,apps/inventory/src/modules/transactions/transactions.service.ts:60-64 [B],transactions.service.ts:64-68 [C],REQ-INV-007 | REQ-INV-017
BR-INV-02,C4,التخصيص للبيع يقرأ حوض WAREHOUSE فقط؛ أرصدة QUARANTINE وDAMAGED لا تدخل المتاح.,DOCUMENTED,B5a-0114 | B4a-0041,allocation.engine.ts:147-148 [B],allocation.engine.ts:155-156 [C],REQ-INV-008 | REQ-INV-019
BR-INV-03,C4,FEFO: أمانة العميل أولًا ثم المخزن، ترتيب expiryDate تصاعديًا، استبعاد expiryDate ≤ now والتشغيلات المحظورة؛ لا FEFO عند التحويل.,DOCUMENTED,B3-0321 | B6c-0230 | B4a-0007,allocation.engine.ts:89-148 [B],allocation.engine.ts:97-156 [C],REQ-INV-019
BR-INV-04,C4,لا رصيد سالب: الكمية المخصومة ≤ onHand − reserved داخل معاملة Serializable.,DOCUMENTED,B4a-0121 | B6a-0095,transactions.service.ts:41-58 [B] (تطبيقي، بلا CHECK),transactions.service.ts:45-62 [C] (تطبيقي، بلا CHECK),REQ-INV-005 | REQ-INV-020
BR-INV-05,C4,المتاح = onHand − reserved؛ القابل للبيع = حوض WAREHOUSE فقط؛ الفيزيائي = كل الأحواض والأمانة.,DOCUMENTED,B6a-0425 | B6a-0079,stock.service.ts:29-125 [B],stock.service.ts:29-148 [C],REQ-INV-004
BR-INV-06,C4,الإفراج يتطلب حالة QUARANTINE وسجل QC بنتيجة PASS أو CONDITIONAL؛ FAIL أو غيابه → 400 (ما لم يُعطل QC_RELEASE_REQUIRES_QC).,DOCUMENTED,B5a-0117 | B4a-0041,apps/products/src/modules/batches/batches.service.ts:145-160 [B],batches.service.ts:145-160 [C],REQ-INV-013
BR-INV-07,C4,سجل QC يُعدل فقط والتشغيلة في QUARANTINE ويُجمّد بعد الإفراج/الرفض.,DOCUMENTED,B5a-0116 | B5b-0106,batches.service.ts:118-122 [B],batches.service.ts:118-122 [C],REQ-INV-012
BR-INV-08,C4,التوقيع الإلكتروني للإفراج إلزامي فقط إذا QC_RELEASE_REQUIRES_SIGNATURE=true.,DOCUMENTED,B5a-0117,batches.service.ts:149 [B],batches.service.ts:149 [C],REQ-INV-013
BR-INV-09,C4,إعادة الحجر/الانتهاء تنقل غير المحجوز فقط (onHand − reserved) من WAREHOUSE إلى QUARANTINE ويُبلَّغ عن المحجوز.,DOCUMENTED,B5a-0112 | B4a-0041,quarantine.service.ts:46-93؛ reservation.listener.ts:418-453 [B],نفس المواضع [C],REQ-INV-008 | REQ-INV-014 | REQ-INV-038
BR-INV-10,C4,رفض QC ينقل رصيد الحجر وغير المحجوز من WAREHOUSE إلى DAMAGED ويحظر التشغيلة.,DOCUMENTED,B5a-0113 | B3-0324,reservation.listener.ts:430-441 [B],reservation.listener.ts:430-441 [C],REQ-INV-014
BR-INV-11,C4,حظر الاستدعاء لا يُرفع بإفراج QC؛ الإفراج يرفع حظر QUARANTINE/EXPIRED فقط.,DOCUMENTED,B5a-0100 | B3-0325,sales traceability.service.ts:151-152؛ saga.orchestrator.ts:109-113 [B],نفس المواضع [C],REQ-INV-034 | REQ-INV-035
BR-INV-12,C4,عند الاستدعاء تتحول أوامر ALLOCATED/INVOICED/PAID المخصصة من التشغيلة إلى ON_HOLD_RECALL مع حفظ الحالة السابقة، دون تحرير الحجز، مرة واحدة لكل (أمر، تشغيلة).,DOCUMENTED,B5a-0098 | B5a-0104,traceability.service.ts:158-194 [B],traceability.service.ts:158-194 [C],REQ-INV-034
BR-INV-13,C4,RESUME مسموح فقط إن لم تعد التشغيلة محظورة؛ CANCEL يلغي الأمر ويحرر الحجز.,DOCUMENTED,B5a-0099 | B5a-0133,traceability.service.ts:246-290 [B],traceability.service.ts:246-290 [C],REQ-INV-035
BR-INV-14,C4,الاستدعاء يجمّد أمانة العملاء: availableQty → heldQty بحركة CONSIGN_HOLD لكل عميل؛ مرتجع الأمانة يُسحب من heldQty أولًا بسبب RECALL_RETURN.,DOCUMENTED,B5a-0103 | B5a-0134,reservation.listener.ts:124-176 [B],reservation.listener.ts:124-176 [C],REQ-INV-030 | REQ-INV-034
BR-INV-15,C4,لا شحن لأمر يحمل تشغيلة محظورة؛ يتحول الأمر إلى ON_HOLD_RECALL.,DOCUMENTED,B3-0325 | B5a-0109,orders.service.ts:1219؛ traceability.service.ts:204-217 [B],orders.service.ts:1249؛ traceability.service.ts:204-217 [C],REQ-INV-034
BR-INV-16,C4,درجة خطورة الاستدعاء class_1/class_2/class_3 والافتراضي class_2.,DOCUMENTED,B5a-0105,batches.service.ts:245-262 [B],batches.service.ts:245-262 [C],REQ-INV-034
BR-INV-17,C4,يوميًا 00:15 (القاهرة): كل تشغيلة RELEASED بتاريخ انتهاء مضى → EXPIRED + BatchExpired (دفعات 200).,DOCUMENTED,B5a-0124 | B6c-0072,apps/products/src/modules/jobs/batch-jobs.ts:29 [B],batch-jobs.ts:29 [C],REQ-INV-038
BR-INV-18,C4,ملخص قرب الانتهاء 06:30 بشرائح 30/60/90 يومًا؛ ملخص مرشحي الإعدام 07:00 (كل التالف + الحجر بسبب الانتهاء، لا الاستلامات المنتظرة).,DOCUMENTED,B5a-0125 | B5a-0127,batch-jobs.ts:30؛ inventory-jobs.ts:26 [B],نفس المواضع [C],REQ-INV-039
BR-INV-19,C4,الحجز المفتوح غير المصروف الأقدم من 72 ساعة يُكتشف كل ساعة ولا يُفك تلقائيًا (لا ALLOCATED ولا INVOICED ولا PAID).,DECIDED,B1-0094 | B5a-0126,"inventory-jobs.ts:16,25,94 [B]","inventory-jobs.ts:16,25,94 [C]",REQ-INV-023
BR-INV-20,C4,أي إفراج يدوي لحجز راكد يراجع حالة الأمر في المبيعات والفاتورة في المحاسبة أولًا ويكون transactional مع audit وStockReleased؛ أوامر ON_HOLD_RECALL محمية.,DECIDED,B1-0092,not enforced (لا مسار إفراج يدوي),not enforced,REQ-INV-023
BR-INV-21,C4,الصرف عند SHIPPED: onHand −= q وreserved −= q مع حركة ISSUE؛ حجز الأمانة → CONSIGN_CONSUME بلا تغيير كمية؛ onHand ≥ q وإلا Conflict.,CONFLICTING,B6b-0047 | B6a-0274,allocation.engine.ts:712-760 [B],allocation.engine.ts:767-831 [C],REQ-INV-021
BR-INV-22,C4,الأمانة تُستهلك لحظة الحجز (availableQty → consumedQty) لا عند الشحن.,DECIDED,B4b-0052,allocation.engine.ts:612-660 [B],allocation.engine.ts:667-715 [C],REQ-INV-032
BR-INV-23,C4,إلغاء الأمر يحرر كل حجوزاته المفتوحة غير المصروفة وينشر StockReleased.,INFERRED,B6b-0050 | B6a-0020,allocation.engine.ts:663-700؛ reservation.listener.ts:100-114 [B],allocation.engine.ts:718-745؛ reservation.listener.ts:100-114 [C],REQ-INV-022
BR-INV-24,C4,سبب التسوية من قائمة مغلقة: COUNT_CORRECTION، DAMAGE، EXPIRY_WRITE_OFF، THEFT_OR_LOSS، DATA_ENTRY_ERROR، FOUND_STOCK، OTHER.,DOCUMENTED,B3-0326 | B4a-0022,apps/inventory/src/modules/transactions/dto/stock-adjustment.dto.ts:4-12 [B],stock-adjustment.dto.ts:4-12 [C],REQ-INV-026
BR-INV-25,C4,نقص ≥ 50 وحدة أو أي THEFT_OR_LOSS من مستخدم بلا inventory.adjustments.large.create → طلب PENDING لاعتماد مشرف.,CONFLICTING,B3-0326 | B6c-0074 | B4a-0022,transactions.service.ts:238-247 [B],transactions.service.ts:251-262 [C],REQ-INV-026
BR-INV-26,C4,EXPIRY_WRITE_OFF يتطلب أن تكون التشغيلة منتهية فعلًا، ويُعاد التحقق عند الاعتماد.,INFERRED,B4a-0021,transactions.service.ts:184-192 [B],transactions.service.ts:197-205 [C],REQ-INV-026
BR-INV-27,C4,معتمد طلب التسوية ≠ مقدمه (منع الاعتماد الذاتي).,INFERRED,B1-0288 | B1-0289,not enforced (approveAdjustmentRequest :275 [B] لا يقارن requestedBy),not enforced (:288 [C]),REQ-INV-026 | REQ-INV-028
BR-INV-28,C4,أمين المخزن لا يعتمد التسويات الكبيرة (≥50 أو سرقة/فقد).,INFERRED,B1-0288,not enforced كقاعدة دور؛ يعتمد على توزيع الصلاحيات فقط,not enforced كقاعدة دور,REQ-INV-026
BR-INV-29,C4,التصحيح بحركة تعويضية فقط؛ التسوية تُعكس مرة واحدة بسبب (reversalOfId).,DOCUMENTED,B3-0326 | B1-0287,transactions.service.ts:365-380 [B],transactions.service.ts:378-395 [C],REQ-INV-003 | REQ-INV-027
BR-INV-30,C4,كل فروق الجرد للاعتماد بسبب نصي إلزامي؛ العد غير سالب؛ النقص الذي يجعل onHand < reserved يفشل ولا يحرر الحجوزات.,INFERRED,B1-0284,not enforced (لا جرد),not enforced (لا جرد),REQ-INV-028
BR-INV-31,C4,التحويل: تشغيلة محددة من حوض WAREHOUSE، معاملة Serializable، مفتاح idempotency إلزامي، حركتا TRANSFER بنفس correlationId، احترام المحجوز.,INFERRED,B3-0032 | B3-0085,transfers.service.ts:48-121 [B],transfers.service.ts:48-121 [C],REQ-INV-024
BR-INV-32,C4,صرف الأمانة يخصم من حوض WAREHOUSE للمخزن المصدر في نفس المعاملة ويرفض المساس بالمحجوز.,INFERRED,B4a-0023 | B6a-0308,consignment.service.ts:128 [B],consignment.service.ts:129 [C],REQ-INV-029
BR-INV-33,C4,إرجاع الأمانة: المحجوز للاستدعاء (heldQty) أولًا إلى QUARANTINE، والباقي إلى WAREHOUSE للمخزن المصدر.,DOCUMENTED,B3-0166 | B6c-0076,consignment.service.ts:166-201 [B],consignment.service.ts:199-234 [C],REQ-INV-029 | REQ-INV-047
BR-INV-34,C4,تحميل الأمانة (فردي أو إذن متعدد) يرفض في الخادم التشغيلة المنتهية أو المحظورة.,DECIDED,B1-0097,not enforced,"consignment.service.ts:128,159-177 [C]",REQ-INV-031
BR-INV-35,C4,لكل (عميل، تشغيلة): owned = available + consumed + returned + lost + held.,DOCUMENTED,B3-0326 | B5a-0024,not enforced كقيد (حقول موجودة؛ الشطب غير ذري consignment.service.ts:226-245),not enforced كقيد (:259-286),REQ-INV-030
BR-INV-36,C4,المرتجع مسموح فقط لأمر بحالة INVOICED أو PAID أو SHIPPED أو DELIVERED ومرتبط بفاتورة أمر.,CONFLICTING,B3-0323 | B4a-0019 | B1-0001,"apps/sales/src/modules/returns/returns.service.ts:16,363 [B]","returns.service.ts:16,363 [C]",REQ-INV-042
BR-INV-37,C4,تشغيلة المرتجع يجب أن تكون ضمن التخصيص الفعلي للسطر، والكمية ≤ المتبقي القابل للإرجاع لتلك التشغيلة (المرفوض لا يُحتسب).,DOCUMENTED,B4a-0006 | B1-0001,returns.service.ts:384-406 [B],returns.service.ts:384-406 [C],REQ-INV-042
BR-INV-38,C4,قيمة سطر المرتجع = lineTotal × الكمية المرتجعة ÷ كمية السطر (شاملة الخصم والضريبة) مقربة ROUND_HALF_UP لمنزلتين.,CONFLICTING,B3-0323 | B6b-0127 | B6b-0045,returns.service.ts:414-415 [B],returns.service.ts:414-415 [C],REQ-INV-042 | REQ-INV-049
BR-INV-39,C4,معتمد/رافض المرتجع ≠ مسجله إلا SUPER_ADMIN أو sales.returns.approve.any.,INFERRED,B1-0002 | B1-0009,returns.service.ts:312-321 [B],returns.service.ts:312-321 [C],REQ-INV-043
BR-INV-40,C4,الرفض/الإلغاء بسبب إلزامي ويفرج returnedQty؛ التعديل يعيد PENDING ويحسب returnedQty بالفرق الصافي.,INFERRED,B1-0008 | B1-0010,"returns.service.ts:176-193,248-303 [B]","returns.service.ts:176-193,248-303 [C]",REQ-INV-043
BR-INV-41,C4,لا أثر مخزني أو مالي للمرتجع قبل الاعتماد؛ الاعتماد ينشر SalesReturnCreated ثم POSTED.,INFERRED,B1-0009 | B1-0003,returns.service.ts:127-168 [B],returns.service.ts:127-168 [C],REQ-INV-043
BR-INV-42,C4,المرتجع الصالح يعود لمجمع WAREHOUSE، والتالف لا يعود ويُسجل حركة تدقيق بكمية صفر (الوضع الموصوف قبل الفحص المستقل).,CONFLICTING,B1-0001 | B4a-0019,reservation.listener.ts:353-402 [B] (كما هو موصوف — يتعارض مع سياسة RMA وحوض التالف للمرتجع),reservation.listener.ts:353-402 [C],REQ-INV-045 | REQ-INV-047
BR-INV-43,C4,لا إشعار دائن قبل الفحص؛ البضاعة المرتجعة غير قابلة للحجز قبل الفحص؛ المرفوض عند الباب ينشأ بحالة مستلم.,INFERRED,B4a-0046 | B5a-0214 | B5a-0215,not enforced (عكسه منفذ),not enforced (عكسه منفذ),REQ-INV-045
BR-INV-44,C4,يُقبل المرتجع فقط قبل انتهاء الصلاحية بـ90 يومًا على الأقل مع سلامة العبوة واكتمال الأكياس.,DOCUMENTED,B3-0041,not enforced,not enforced,REQ-INV-046
BR-INV-45,C4,«قرب الانتهاء» يُرفض إن كانت الصلاحية المتبقية < 90 يومًا إلا بصلاحية تجاوز؛ «الفائض» خلال 30 يومًا من البيع؛ الصالح يُعاد للمخزن إن تبقى > 180 يومًا؛ الاستدعاء يُعتمد تلقائيًا.,INFERRED,B5a-0213 | B5a-0215,not enforced,not enforced,REQ-INV-045 | REQ-INV-046
BR-INV-46,C4,مرتجع على فاتورة مسددة ينشئ رصيدًا دائنًا/استحقاق رد، ورد النقدية سند مستقل؛ المرتجع ليس تحصيلًا.,INFERRED,B3-0040 | B3-0057,not enforced — applyReturnCredit يرفض حين paid+credited>total: invoices.service.ts:889 [B],not enforced — invoices.service.ts:916 [C],REQ-INV-049
BR-INV-47,C4,أحكام التالف: إصلاح→SELLABLE بلا خسارة (مدير المخزن)؛ هدايا/عينات→مصروف تسويق (مبيعات أو تسويق)؛ إعدام→خسارة تلف (مخزن+مالية)؛ مطالبة→ذمة مطالبة (مالية أو مشتريات) والرفض→خسارة.,DECIDED,B1-0076,not enforced,not enforced,REQ-INV-040
BR-INV-48,C4,الإعدام: لا تنفيذ بلا اعتماد موقّع؛ رصيد ناقص → 409؛ الإلغاء قبل التنفيذ فقط؛ تكلفة الوحدة = تكلفة التشغيلة > تكلفة المنتج > صفر بتحذير؛ الحدث idempotent.,INFERRED,B5a-0209 | B4a-0047,not enforced,not enforced,REQ-INV-041
BR-INV-49,C4,نفس مفتاح Idempotency لطلب استلام/مرتجع مورد يعيد النتيجة المخزنة ولا يغير الرصيد مرتين.,INFERRED,B2-0184,not enforced,not enforced,REQ-INV-009 | REQ-INV-050
BR-INV-50,C4,إعادة تخزين المرتجع idempotent على مفتاح العمل (sourceEventId/returnLineId فريد).,INFERRED,B6b-0049 | B6a-0246,not enforced (dedup بـevent_id فقط reservation.listener.ts:119-123),not enforced,REQ-INV-048
BR-INV-51,C4,مطابقة ليلية 03:30 تقريرية: Σ أرصدة الأحواض = Σ الحركات الموزونة لكل (مخزن، تشغيلة)، وΣ المحجوز = Σ الحجوزات المفتوحة.,INFERRED,B6c-0071,"inventory-jobs.ts:27,67-74 [B] (الصيغة تعد QUARANTINE_IN مرتين — INV-06)",نفس الموضع [C],REQ-INV-006
BR-INV-52,C4,معادلة المخزون لكل موقع: افتتاحي + استلام + تحويل وارد + مرتجع صالح − صرف − تحويل صادر − هالك/هدية/عينة ± تسويات معتمدة = الرصيد.,DOCUMENTED,B3-0006 | B3-0299,جزئي عبر الدفتر (لا تقرير معادلة),جزئي عبر الدفتر,REQ-INV-002 | REQ-INV-003 | REQ-INV-006
BR-INV-53,C4,تصحيح بيانات التشغيلة (اللوط، تاريخ التصنيع، الانتهاء) مسموح فقط في QUARANTINE وقبل أي حركة مخزنية، وإلا 400.,INFERRED,B5b-0090,not enforced (لا PATCH /batches/:id),not enforced,REQ-INV-011
BR-INV-54,C4,"التشغيلة فريدة على (productId, lotNumber) وتولد في QUARANTINE.",DOCUMENTED,B4a-0006 | B6c-0234,apps/products/prisma/schema.prisma:224 [B],schema.prisma:224 [C],REQ-INV-011
BR-INV-55,C4,تعطيل المخزن مرفوض (409) إن وُجد onHand > 0 أو حجوزات مفتوحة.,INFERRED,B5b-0089,not enforced (warehouses.service.ts:21-46 [B]),not enforced (warehouses.service.ts:25-50 [C]),REQ-INV-001
BR-INV-56,C4,منتج يتطلب تبريدًا لا يُستلم أو يُحوَّل إلى مخزن/موقع غير مبرد (400).,INFERRED,B4a-0042 | B5a-0233,not enforced,not enforced,REQ-INV-053
BR-INV-57,C4,الاستدعاء مطابق عندما الموزع = المسترجع + المقبول التخلص منه محليًا؛ معادلة التتبع: المستلم = المخزون (كل الأحواض) + الأمانة + المشحون − المرتجع + المصروف لغيره.,INFERRED,B5a-0106 | B4a-0058,not enforced كحالة (التتبع للعرض فقط),not enforced كحالة,REQ-INV-036 | REQ-INV-037
BR-INV-58,C4,المنتج قد يكون بلا سعر (null) عند الإنشاء/التعديل؛ السعر السالب مرفوض؛ مسح سعر قائم مرفوض؛ التصدير يظهر خانة فارغة لا 0.,CONFLICTING,B1-0345 | B3-0206 | B5b-0133,"جزئي: create-product.dto.ts:13,16 @IsOptional @Min(0) [B]؛ الواجهة تفرض السعر عند الإنشاء validators.ts:31-37 [B]",جزئي: نفس المواضع [C],REQ-INV-056
BR-INV-59,C4,بند «عينة منتج» في طلب الهدية مرجعي ولا يُنشئ حركة مخزون؛ أي خصم للعينات يحتاج قرارًا منفصلًا.,DECIDED,B1-0099,customer-gifts.service.ts:45 (productId مرجعي، لا استدعاء للمخزون) [B],customer-gifts.service.ts:45 [C],REQ-INV-065
BR-INV-60,C4,إشعار دائن واحد لكل مرتجع معتمد برقم CR-YYYY-NNNN سنوي مستقل، يصدر آليًا، بلا إنشاء يدوي، وإعادة الحدث لا تصدر رقمًا ثانيًا.,DECIDED,B6c-0211 | B1-0014,saga-listener.service.ts:260 issueForReturn؛ CreditNote schema.prisma:754 [B],saga-listener.service.ts:267؛ schema.prisma:912 [C],REQ-INV-071
BR-INV-61,C4,"إعادة تسليم حدث مرتجع سبق قيد دائنه لا تعيد نشر SalesReturnCredited (النشر فقط عند applied=true)، وLedgerEntry فريد على (refType, refId).",INFERRED,B6b-0027 | B6a-0116,saga-listener.service.ts:~272 (applied) [B]؛ قيد فريد migration 20260902233634_invoice_cancellation_and_ledger_ref_unique [B],saga-listener.service.ts:278-282 [C]؛ نفس الـmigration [C],REQ-INV-048 | REQ-INV-071
BR-INV-62,C4,مخزن الأمر يُعرض مشتقًا من تخصيصات الأسطر (اسم أو «متعدد المخازن (N)») ولا يُخزن على رأس الأمر.,INFERRED,B1-0037,orders.service.ts:1341 warehouseSummary [B],orders.service.ts:1371 [C],REQ-INV-067
BR-INV-63,C4,تصفية حركات المخزون بالمستخدم والمخزن تُنفذ على الخادم لا في المتصفح.,DECIDED,B1-0115,transactions.controller.ts:16-20 [B],transactions.controller.ts:16-20 [C],REQ-INV-066
BR-INV-64,C4,لا تُحمَّل تشغيلة جديدة من صنف لعميل أمانة ما دامت لديه تشغيلة أقدم من نفس الصنف لم تنفد أو تقارب النفاد.,DECIDED,B1-0153,not enforced (consignment.service.ts addStock :52 [B]),"not enforced (consignment.service.ts:52,83 [C])",REQ-INV-069
BR-INV-65,C4,منتج تسجيله EXPIRED/SUSPENDED لا يُباع؛ رخصة استيراد منتهية تمنع اعتماد PO؛ تنبيه التجديد 180 يومًا للمنتج و90 للتراخيص.,INFERRED,B5a-0226 | B4a-0057 | B5a-0224,not enforced (registrationNo نصي schema.prisma:73),not enforced,REQ-INV-059
BR-INV-66,C4,معامل تحويل الوحدة موجب بين 0.0001 و999999.9999 وبحد 4 منازل عشرية؛ المفتاح SKU+الاتجاه؛ الاستيراد بمعاينة ولا يكتب مخزونًا.,DOCUMENTED,B3-0248,not enforced (لا استيراد تحويلات في B),uom.service.ts:280-288 [C],REQ-INV-060
BR-INV-67,C4,استيراد المنتجات يتطلب sku/nameAr/nameEn ويستبعد معرفات الفئة/العلامة/المصنّع وreorderPoint ولا يكتب مخزونًا أو قيودًا.,DOCUMENTED,B3-0229 | B3-0242,جزئي: products.service.ts bulkImport :455 (تحقق DTO، بلا dryRun ولا كشف تكرار داخل الملف) [B],جزئي: products.service.ts:464 [C],REQ-INV-061
BR-INV-68,C4,مرجعا أمر الشراء في الاستلام اختياريان: كلاهما أو لا شيء، ومنتج الاستلام = منتج سطر PO؛ المرجع الخاطئ لا يوقف الاستلام.,INFERRED,B2-0183,not enforced (لا حقول PO في B),جزئي: حقلان اختياريان goods-receipt.dto.ts:19-20 بلا شرط الاقتران [C],REQ-INV-068
BR-R2R-01,C5,كل قيد يومية متوازن: مجموع المدين = مجموع الدائن بالعملة الأساسية (base) وبعملة المعاملة.,INFERRED,B3-0148 | B5a-0238,not enforced (لا يوجد قيد يومية في BASELINE),[C] apps/accounting/src/modules/general-ledger/general-ledger.service.ts:18-19 (يفحص عملة المعاملة فقط بهامش 0.005؛ base_debit/base_credit من المستدعي غير مفحوصة),REQ-R2R-002 | REQ-R2R-003 | REQ-R2R-014
BR-R2R-02,C5,القيد سطران على الأقل، وكل سطر إما مدين أو دائن بقيمة موجبة.,INFERRED,B3-0148,not enforced (لا GL),[C] apps/accounting/src/modules/general-ledger/general-ledger.service.ts:16-17,REQ-R2R-002
BR-R2R-03,C5,لا ترحيل إلى حساب تجميعي (header) أو حساب غير نشط في دليل الحسابات.,INFERRED,B3-0126,not enforced (لا GL),[C] جزئي: apps/accounting/src/modules/gl-workbench/gl-posting.service.ts:41 يرفض header وغير النشط؛ apps/accounting/src/modules/general-ledger/general-ledger.service.ts:24 يرفض غير النشط فقط,REQ-R2R-001 | REQ-R2R-002
BR-R2R-04,C5,الحساب الأب يجب أن يكون حسابًا تجميعيًا (لا يُختار حساب ورقي كأب)، وكود الحساب مقفل بعد الإنشاء، ويمكن تفعيل/إيقاف الحساب.,INFERRED,B5b-0127,[B] جزئي: الكود غير قابل للتعديل (UpdateAccountDto بلا code) والتفعيل عبر isActive apps/accounting/src/modules/coa/coa.service.ts:122-143؛ فحص أن الأب header غير مفروض في الخادم apps/accounting/src/modules/coa/coa.service.ts:95-120,[C] نفس السلوك apps/accounting/src/modules/coa/coa.service.ts:127-176,REQ-R2R-001
BR-R2R-05,C5,"المصدر المالي الواحد (source_type, source_id) ينتج قيدًا مرحّلًا واحدًا فقط؛ إعادة المعالجة لا تنشئ قيدًا ثانيًا.",INFERRED,B5a-0239 | B6c-0065,"not applicable (لا GL)؛ الدفاتر الفرعية فريدة على (refType, refId)",[C] apps/accounting/src/modules/general-ledger/general-ledger.service.ts:35 (يرمي Conflict فيتحول التكرار إلى poison message — ACC-16)؛ apps/accounting/src/modules/gl-workbench/gl-posting.service.ts:29-30 (يرجع الموجود),REQ-R2R-003 | REQ-R2R-004
BR-R2R-06,C5,"كل صف في دفتر العملاء/الموردين فريد على (refType, refId)، وrefType من قائمة مفردات معتمدة (INVOICE, PAYMENT, PAYMENT_REVERSAL, RETURN, INVOICE_CANCELLATION, OPENING ...).",INFERRED,B6a-0087,"[B] التفرد مفروض apps/accounting/prisma/schema.prisma:398,469؛ المفردات غير مقيدة (refType String)","[C] التفرد apps/accounting/prisma/schema.prisma:469,540؛ المفردات غير مقيدة، وGlPostingService يكتب refType=JOURNAL_LINE بمعرفات COA داخل دفتر العملاء gl-posting.service.ts:53",REQ-R2R-005
BR-R2R-07,C5,السجل المالي المرحّل لا يُعدَّل ولا يُحذف؛ التصحيح بقيد/صف عكسي منفصل مرتبط بالأصل ومسبَّب.,INFERRED,B5a-0240 | B5a-0247 | B4a-0119 | B6c-0066,[B] الدفاتر الفرعية: عكس الدفع PAYMENT_REVERSAL apps/accounting/src/modules/payments/payments.service.ts:351+ وإلغاء الفاتورة INVOICE_CANCELLATION apps/accounting/src/modules/invoices/invoices.service.ts:1185؛ لا GL,[C] GL: apps/accounting/src/modules/general-ledger/general-ledger.service.ts:43-49 يعدّل حالة الأصل إلى REVERSED ثم يرحّل عكسًا (ازدواج أثر — ACC-05)؛ gl-posting.service.ts:20-25 عكس بنفس الاتجاه (ACC-04)؛ POST /general-ledger/journals يرحّل مباشرة,REQ-R2R-006 | REQ-R2R-007
BR-R2R-08,C5,لا ترحيل (آلي أو يدوي أو صف دفتر فرعي) بتاريخ يقع داخل فترة CLOSED أو YEAR_END_CLOSED، إلا بعد إعادة فتح مُصرَّح بها.,DOCUMENTED,B3-0123 | B5a-0241 | B3-0344,not enforced: apps/accounting/src/modules/fiscal-periods/fiscal-periods.service.ts:21 validatePostingDate معرّفة ولا يستدعيها أحد,[C] جزئي: apps/accounting/src/modules/general-ledger/general-ledger.service.ts:10-14 (يسمح عند غياب الفترة)؛ apps/accounting/src/modules/gl-workbench/gl-posting.service.ts:43-44 (يتطلب OPEN)؛ الدفاتر الفرعية والفواتير والمدفوعات بلا فحص,REQ-R2R-009 | REQ-R2R-010
BR-R2R-09,C5,يجب وجود فترة مالية مفتوحة تغطي تاريخ القيد؛ لا قيد بفترة NULL.,INFERRED,B5a-0241,not enforced (لا GL),[C] gl-posting.service.ts:43-44 نعم؛ general-ledger.service.ts:38-39 يُدرج fiscal_period_id NULL,REQ-R2R-010
BR-R2R-10,C5,إقفال الفترة يفشل (fail-closed) ما دامت هناك قيود DRAFT/SUBMITTED/APPROVED غير مرحّلة في الفترة.,INFERRED,B5a-0242,not enforced,[C] جزئي: apps/accounting/src/modules/fiscal-periods/fiscal-periods.service.ts:120-131 يفحص journal_entries فقط؛ مسودات journal_entry_workflows في close-checks الاستشاري :101-112,REQ-R2R-011
BR-R2R-11,C5,الإقفال الشهري يتطلب ميزان مراجعة متوازنًا للفترة.,INFERRED,B3-0126,not enforced,not enforced,REQ-R2R-011
BR-R2R-12,C5,كل فتح/إقفال/إعادة فتح لفترة يُسجَّل في سجل التدقيق (الفاعل، الوقت، السبب)، وإعادة الفتح حدث CRITICAL.,INFERRED,B4a-0092,not enforced (السبب يُكتب نصًا في closingNotes apps/accounting/src/modules/fiscal-periods/fiscal-periods.service.ts:132),[C] جزئي: الإقفال مدقق apps/accounting/src/modules/fiscal-periods/fiscal-periods.service.ts:134-136؛ إعادة الفتح وإقفال السنة بلا تدقيق,REQ-R2R-009 | REQ-R2R-012
BR-R2R-13,C5,إقفال السنة يتطلب إقفال الفترات 1-12، ويرحّل صافي الربح إلى الأرباح المحتجزة (3200) بقيد إقفال، ويصفّر الحسابات الاسمية، ولا يُنفذ مرتين لنفس السنة.,DOCUMENTED,B5a-0007,[B] جزئي: فحص الفترات apps/accounting/src/modules/fiscal-periods/fiscal-periods.service.ts:150-162؛ يزيد 3200 في كل تشغيل :189-195؛ لا تصفير ولا معاملة,[C] نفس المنطق apps/accounting/src/modules/fiscal-periods/fiscal-periods.service.ts:169-240 ومن Account.balance لا من القيود,REQ-R2R-013
BR-R2R-14,C5,ميزان المراجعة يُبنى من القيود المرحّلة فقط (POSTED) ويثبت Σمدين = Σدائن.,DOCUMENTED,B5a-0005 | B5a-0250,[B] من Account.balance غير المرحّل إليه apps/accounting/src/modules/coa/coa.service.ts:208-255,[C] من journal_lines المرحّلة apps/accounting/src/modules/coa/coa.service.ts:240-248 وapps/accounting/src/modules/general-ledger/general-ledger.service.ts:114-123,REQ-R2R-014
BR-R2R-15,C5,القوائم المالية (الدخل، المركز المالي، التدفقات، حقوق الملكية) تُشتق فقط من الأستاذ العام المرحّل.,INFERRED,B5a-0245,not enforced (لا قوائم),[C] apps/accounting/src/modules/general-ledger/general-ledger.service.ts:124-160,REQ-R2R-015
BR-R2R-16,C5,القيد اليدوي يمر بدورة DRAFT → SUBMITTED → APPROVED/REJECTED → POSTED، والرفض يتطلب سببًا، ولا ترحيل لقيد غير معتمد.,INFERRED,B5a-0246,not enforced (لا قيود),[C] apps/accounting/src/modules/general-ledger/general-ledger.service.ts:62-111 (بلا فصل مهام)؛ لكن POST /general-ledger/journals يتجاوز الدورة general-ledger.controller.ts:19,REQ-R2R-007
BR-R2R-17,C5,سطر القيد يحمل الأبعاد التحليلية: الفرع، مركز التكلفة، مركز الربحية، الطرف، كود الضريبة.,INFERRED,B5a-0248,not enforced,[C] أعمدة SQL في migration 20260928130000 وإدراج apps/accounting/src/modules/general-ledger/general-ledger.service.ts:40؛ غير ممثلة في Prisma,REQ-R2R-008
BR-R2R-18,C5,الرصيد الافتتاحي لكل طرف يُرحَّل مرة واحدة كقيد OPENING بتاريخ القطع (occurredAt = تاريخ القطع) وبالعملة المقررة.,INFERRED,B3-0344,[B] مرة واحدة لكل حساب apps/accounting/src/modules/saga-listener/saga-listener.service.ts:211-235 لكن occurredAt = وقت المعالجة، وCRM يرسل opening_balance: undefined apps/crm/src/modules/accounts/accounts.service.ts:238,[C] apps/accounting/src/modules/saga-listener/saga-listener.service.ts:218-242؛ apps/crm/src/modules/accounts/accounts.service.ts:261,REQ-R2R-016
BR-R2R-19,C5,إجماليات الأرصدة الافتتاحية المرحّلة تطابق ورقة أرصدة موقعة من المحاسب، مع تقرير مطابقة (hash) من أداة الاستيراد.,INFERRED,B3-0344,not enforced,not enforced,REQ-R2R-016
BR-R2R-20,C5,إعادة تفسير صفوف AP التاريخية لا تحذف صفوفًا؛ تتم بتجميد ونقل رصيد افتتاحي أو بتشغيل مزدوج ومطابقة يعتمدها المالك.,INFERRED,B3-0344,not applicable (لا أداة تحويل),not applicable (لا أداة تحويل),REQ-R2R-016
BR-R2R-21,C5,"المبالغ المالية Decimal(14,2) (أسعار الوحدة 4 منازل، FX 6 منازل)، والتقريب HALF_UP لكل سطر ثم الإجماليات = مجموع السطور المقرّبة، ومقارنات الدفع دقيقة بلا هامش.",DOCUMENTED,B4a-0118 | B4b-0228 | B6c-0067 | B2-0227,"[B] جزئي: أعمدة Decimal ودوال apps/accounting/src/common/money.ts (round2/Decimal)؛ مسارات تستخدم Number: apps/accounting/src/modules/coa/coa.service.ts:218-251، apps/accounting/src/modules/tax/tax.service.ts:68,105-131، apps/accounting/src/modules/fiscal-periods/fiscal-periods.service.ts:172-181","[C] جزئي: نفس common/money.ts؛ apps/accounting/src/modules/general-ledger/general-ledger.service.ts:17-19,120-122 بـNumber و EPS",REQ-R2R-005 | REQ-R2R-019
BR-R2R-22,C5,قراءات وتجميعات الأستاذ تتم بـDecimal (_sum) لا بأرقام JS العائمة.,INFERRED,B6a-0238 | B6c-0067,not enforced: apps/accounting/src/modules/coa/coa.service.ts:218,not enforced: apps/accounting/src/modules/general-ledger/general-ledger.service.ts:120-122,REQ-R2R-014 | REQ-R2R-019
BR-R2R-23,C5,ض.ق.م 14% على السطور الخاضعة؛ السعر بعد الضريبة = قبل الضريبة + الضريبة لكل سطر وللإجمالي.,DECIDED,B4b-0054 | B3-0296,[B] apps/accounting/src/modules/invoices/invoices.service.ts:631 (STANDARD_VAT_RATE=14 للفاتورة المباشرة)؛ مسار الأمر يأخذ ضريبة السطر من Sales؛ فاتورة المورد taxAmount رأس فقط schema.prisma:903,[C] apps/accounting/src/modules/invoices/invoices.service.ts:658,REQ-R2R-020
BR-R2R-24,C5,كل مستند ضريبي (فاتورة مبيعات، إشعار دائن، فاتورة مورد) يولّد قيد ضريبة تلقائيًا من نفس أرقامه؛ لا يوجد مصدر ثانٍ للضريبة يُدخل يدويًا.,INFERRED,B1-0015 | B4b-0136,not enforced: الإدخال يدوي فقط apps/accounting/src/modules/tax/tax.service.ts:55-88,not enforced: apps/accounting/src/modules/tax/tax.service.ts:55-88,REQ-R2R-003 | REQ-R2R-021
BR-R2R-25,C5,الإشعار الدائن يخفض ض.ق.م المستحقة بقيد ضريبة سالب ذري وغير مكرر، ولا يُفعَّل إلا بعلم CREDIT_NOTE_VAT_POSTING بعد موافقة المستشار الضريبي.,CONFLICTING,B1-0024 | B6a-0315 | B1-0019,[B] خلف العلم apps/accounting/src/modules/credit-notes/credit-notes.service.ts:74-96 (كتابة منفصلة عن الإشعار؛ ذرية غير مضمونة),[C] apps/accounting/src/modules/credit-notes/credit-notes.service.ts:73-90,REQ-R2R-022
BR-R2R-26,C5,خصم المنبع بنسب 1% (توريدات) و3% (خدمات) و5% (مهن حرة) حسب نوع المعاملة، ويُجمع في نموذج 41 ربع سنوي.,DECIDED,B4b-0054 | B3-0329,"[B] apps/accounting/src/modules/tax/tax.service.ts:59-66,139-188 (يدوي)",[C] نفس الملف بلا تغيير,REQ-R2R-023
BR-R2R-27,C5,تقديم إقرار VAT/نموذج 41 يحفظ لقطة غير قابلة للتعديل مرتبطة بالفترة، ولا تُقبل قيود ضريبية جديدة داخل فترة مُقدَّمة إلا بتصحيح موثق.,DOCUMENTED,B3-0351,not enforced: apps/accounting/src/modules/tax/tax.service.ts:190-196 علم isReported فقط ولا فحص عند الإدخال,not enforced (نفس الكود),REQ-R2R-023 | REQ-R2R-024
BR-R2R-28,C5,لا تغيير لنسبة الضريبة أو وعائها أو تصنيف الرسوم دون مصدر رسمي معتمد (ETA/المستشار)؛ كل تغيير بنسخة قرار وتاريخ سريان، والمستندات التاريخية ولقطاتها تبقى كما هي.,DECIDED,B1-0207 | B1-0208 | B6a-0328,not enforced: النسب ثوابت في الكود apps/accounting/src/modules/invoices/invoices.service.ts:631، apps/accounting/src/modules/tax/tax.service.ts:59-66؛ لا إصدارات,not enforced: apps/accounting/src/modules/invoices/invoices.service.ts:658,REQ-R2R-020 | REQ-R2R-025 | REQ-R2R-026
BR-R2R-29,C5,رسوم الشحن تُضاف لإجمالي الفاتورة/المديونية ولا تدخل وعاء ض.ق.م حتى صدور قاعدة رسمية.,DECIDED,B1-0206 | B1-0207,[B] apps/sales/src/modules/orders/orders.service.ts:611 (الشحن يضاف بعد إجمالي الضريبة),[C] apps/accounting/src/modules/invoices/invoices.service.ts:1014 (total = net + tax + shipping),REQ-R2R-026 | REQ-R2R-027
BR-R2R-30,C5,المعاملة الضريبية للبونص خلف علم مقفول حتى موافقة المحاسب؛ لا يُفترض أنه «صفر بلا ضريبة».,DECIDED,B1-0104,not applicable (البونص غير منفذ — GOV-05),not applicable (البونص غير منفذ),REQ-R2R-026
BR-R2R-31,C5,المستندات الضريبية تُرقَّم تسلسليًا وذريًا لكل نوع وسنة (document_sequences)، دون تصادم أو أرقام زمنية.,DECIDED,B4b-0061 | B5b-0109,"[B] الإشعار الدائن نعم apps/accounting/src/modules/credit-notes/credit-notes.service.ts:145-150؛ الفاتورة INV-<base36 ms> apps/accounting/src/modules/invoices/invoices.service.ts:431,688,991","[C] الإشعار apps/accounting/src/modules/credit-notes/credit-notes.service.ts:139-144؛ الفاتورة apps/accounting/src/modules/invoices/invoices.service.ts:444,715,1018؛ القيود JE- من sequence أو AUTO-<uuid>",REQ-R2R-028 | REQ-R2R-029
BR-R2R-32,C5,إشعار دائن واحد لكل مرتجع (returnId فريد)؛ إعادة تسليم الحدث تصلح إشعارًا ناقصًا دون رقم ثانٍ؛ subtotal + taxAmount = total.,DECIDED,B4b-0057 | B6a-0314,[B] schema.prisma CreditNote.returnId @unique (model at :754),[C] schema.prisma:912-933,REQ-R2R-022 | REQ-R2R-029
BR-R2R-33,C5,مستند ETA غير مكتمل البيانات لا يُرسل؛ نفس الفاتورة لا تُقدَّم مرتين بنفس internalId؛ سجل التقديم فريد على (فاتورة، نوع، internalId).,DOCUMENTED,B4b-0062 | B4b-0160 | B5a-0201,not enforced (لا كود ETA),not enforced (لا كود ETA),REQ-R2R-030 | REQ-R2R-031
BR-R2R-34,C5,الإرسال بإعادة محاولة تراجعية حتى 5 مرات ثم FAILED؛ الاستعلام عن الحالة كل 5 دقائق حتى VALID/INVALID؛ استجابة 202 ليست قبولًا نهائيًا.,DOCUMENTED,B5a-0201 | B4b-0159,not enforced,not enforced,REQ-R2R-030 | REQ-R2R-031
BR-R2R-35,C5,الإلغاء المباشر للمستند الإلكتروني مسموح خلال 72 ساعة فقط (أو المهلة الرسمية)، وبعدها يُصدر إشعار دائن إلكتروني بمرجع UUID الأصل.,DOCUMENTED,B5a-0202 | B4b-0161,not enforced,not enforced,REQ-R2R-032
BR-R2R-36,C5,لا تُطبع «فاتورة ضريبية» إلا بعد حالة VALID؛ قبلها تظهر «مسودة — غير مقدَّمة»؛ والـPDF يتضمن UUID وQR.,DOCUMENTED,B5a-0203,not enforced,not enforced,REQ-R2R-030 | REQ-R2R-033
BR-R2R-37,C5,الرقم الضريبي (9 أرقام) إلزامي للبائع وللمشتري من الشركات، وكل سطر فاتورة بكود GS1 أو EGS.,DECIDED,B4b-0056 | B4b-0163 | B4b-0164,not enforced (partyTaxNumber اختياري على TaxEntry فقط schema.prisma TaxEntry),not enforced,REQ-R2R-030 | REQ-R2R-035
BR-R2R-38,C5,مفتاح التوقيع الخاص (eSeal) لا يُخزن في متغيرات بيئة عادية؛ يُحفظ في HSM/USB token أو مخزن أسرار مشفر.,INFERRED,B4b-0188 | B2-0063,not applicable (لا توقيع),not applicable (لا توقيع),REQ-R2R-035
BR-R2R-39,C5,تُؤرشف المستندات الإلكترونية وحمولاتها 5 سنوات بعد نهاية السنة المالية.,DOCUMENTED,B4b-0165,not enforced,not enforced,REQ-R2R-036
BR-R2R-40,C5,الإهلاك الشهري بالقسط الثابت أو المتناقص، مرة واحدة فقط لكل (أصل، سنة، شهر)، ويُرحَّل بقيد إهلاك متوازن.,DOCUMENTED,B3-0329 | B3-0258,[B] الطرق apps/accounting/src/modules/fixed-assets/fixed-assets.service.ts:145-149؛ لا حارس تكرار ولا معاملة :111-195 (ACC-13)؛ لا قيد,[C] حارس findFirst داخل معاملة بلا قيد UNIQUE apps/accounting/src/modules/fixed-assets/fixed-assets.service.ts:119-120؛ قيد GL :147 على 5211/1219 غير المزروعين (ACC-20),REQ-R2R-039
BR-R2R-41,C5,مطابقة ليلية (02:00) لكل فاتورة غير ملغاة: total = paid + credited + outstanding، وpaid + credited > total خطأ؛ مع تشغيل يدوي وحفظ النتائج.,INFERRED,B6c-0068,[B] apps/accounting/src/modules/reconciliation/reconciliation.service.ts:51-98 (النتائج في السجل logger فقط),[C] apps/accounting/src/modules/reconciliation/reconciliation.service.ts:99-147 + فحوص GL/AP/الخزينة :49-97,REQ-R2R-040
BR-R2R-42,C5,الإعدام/الشطب/العجز ينتج قيد مصروف واحدًا لكل مرجع؛ وإلى أن يوجد محرك قيود معتمد تبقى العملية بحالة ACCOUNTING_PENDING ولا يُعدَّل دفتر العميل أو المورد.,DECIDED,B1-0108 | B5a-0210,not enforced (المحاسبة لا تستهلك StockAdjusted؛ لا حالة ACCOUNTING_PENDING),not enforced (نفس الشيء),REQ-R2R-003 | REQ-R2R-042
BR-R2R-43,C5,لا استيراد عام من جداول إلى قاعدة البيانات للفواتير والمدفوعات والقيود والفترات والمطابقة والإشعارات؛ دليل الحسابات تصدير فقط؛ هذه السجلات تُنشأ عبر مسارات العمل.,DOCUMENTED,B3-0266 | B3-0249,[B] لا توجد مسارات استيراد مالية في accounting (تحقق بالبحث),[C] لا مسارات استيراد مالية مسجلة؛ تصدير الدليل apps/accounting/src/modules/coa/coa.controller.ts:47-68؛ (استيراد كشف بنك في وحدة غير مسجلة),REQ-R2R-018
BR-R2R-44,C5,كل رصيد مالي له مصدر حقيقة واحد تملكه المحاسبة (الفاتورة المرحّلة، التسوية، AR/AP)؛ أي رصيد في خدمة أخرى إسقاط قابل للمطابقة.,INFERRED,B6a-0318,not enforced (CRM.openingBalance منفصل apps/crm/prisma/schema.prisma:170),not enforced (نفس الشيء),REQ-R2R-017 | REQ-R2R-041
BR-R2R-45,C5,"سعر الصرف فريد لكل (عملة، نوع سعر، تاريخ سريان) ولا يُكتب فوق سعر تاريخي (409 عند التصادم)؛ دقة ≤ 6 منازل Decimal(14,6)؛ سعر الجنيه = 1؛ لا سعر مُخمَّن.",DECIDED,B4b-0064 | B4b-0065 | B4b-0069 | B6a-0377 | B6a-0378,"[B] apps/accounting/prisma/schema.prisma:438 @@unique([currency, rateType, effectiveDate])؛ apps/accounting/src/modules/fx/fx.service.ts:234-238 (EGP=1)",[C] apps/accounting/prisma/schema.prisma:509؛ fx.service.ts:234-238,REQ-R2R-043 | REQ-R2R-044
BR-R2R-46,C5,سعر المعاملة = أحدث سعر بتاريخ سريان ≤ تاريخ المعاملة، بترتيب BANK ثم CBE_OFFICIAL ثم CUSTOMS ثم MANUAL، وإلا خطأ صريح (404/400) لا افتراض.,DOCUMENTED,B5a-0167 | B2-0033 | B6a-0379,[B] apps/accounting/src/modules/fx/fx.service.ts:158-195,[C] نفس الملف :158-195,REQ-R2R-043 | REQ-R2R-046
BR-R2R-47,C5,أي مستند أو دفعة بعملة غير الجنيه يتطلب سعر صرف صريحًا؛ المستند يحتفظ بالمبلغ الأصلي والعملة والسعر، ويُقيد AR/AP بعملة الأساس.,DECIDED,B4b-0067 | B4b-0268 | B4b-0250,[B] apps/accounting/src/modules/invoices/invoices.service.ts:694-704؛ payments.service.ts:485 toBaseAmount (السعر من المستخدم بلا تحقق من السجل),[C] invoices.service.ts:721-731؛ payments.service.ts:503,REQ-R2R-046
BR-R2R-48,C5,إذا لم يُسجل سعر BANK لعملة نشطة خلال 3 أيام عمل يُطلق تنبيه FxRateStale يوميًا 09:00 بتوقيت القاهرة (تنبيه فقط).,DOCUMENTED,B2-0098 | B3-0329 | B5a-0325,"[B] apps/accounting/src/modules/jobs/fx-jobs.ts:28,52 (أيام تقويمية لا أيام عمل)","[C] نفس الملف :28,52",REQ-R2R-045
BR-R2R-49,C5,إعادة تقييم الأرصدة المفتوحة بالعملة الأجنبية بأسلوب M2: عكس آخر قيد تقييم غير محقق ثم قيد الفرق التراكمي مقابل السعر الأصلي بسعر BANK؛ نفس التاريخ مرتين لا يكتب شيئًا؛ لا تقييم بتاريخ أقدم من آخر تقييم؛ CUSTOMS فقط بسياسة استيراد منفصلة.,DECIDED,B1-0069 | B2-0030 | B6c-0120,[B] apps/accounting/src/modules/fx/fx.service.ts:486-530 (عكس :528، idempotent :505، منع الأقدم :512؛ السعر الأصلي تقريبي :448),[C] نفس الملف :486-530,REQ-R2R-047
BR-R2R-50,C5,فرق العملة المحقق عند السداد = المبلغ الأجنبي × (سعر السداد − سعر الحمل)؛ الموجب خسارة FX_LOSS والسالب ربح FX_GAIN؛ رصيد المورد بالعملة الأجنبية صفر بعد السداد الكامل؛ داخل معاملة السداد نفسها.,DECIDED,B2-0090 | B2-0101 | B5a-0169 | B5a-0254,not enforced: [B] apps/accounting/src/modules/fx/fx.service.ts:637 settleFxDifference بلا مستدعٍ,not enforced (غير قابل للوصول): [C] fx.service.ts:640 مستدعاة من supplier-payments.service.ts:84 غير المسجلة,REQ-R2R-048
BR-R2R-51,C5,هل تستمر قيود التقييم غير المحقق (M2) مع قرار «Realized FX» عند السداد، وهل يُقاس الفرق المحقق مقابل السعر الأصلي أم سعر آخر تقييم؟,CONFLICTING,B2-0092 | B1-0344,M2 منفذ؛ المحقق غير منفذ,M2 منفذ؛ المحقق غير قابل للوصول,REQ-R2R-047 | REQ-R2R-048
BR-R2R-52,C5,أعمار المستحقات تُحسب من تاريخ الإصدار (≤30، 31-60، 61-90، >90) ولا تُسمى «تأخرًا عن الاستحقاق»؛ المؤشر ليس DSO ولا معدل تحصيل؛ قيمة الأوامر ليست ربحًا أو نقدية.,INFERRED,B1-0281,[B] apps/accounting/src/modules/collection/collection.service.ts:89 (issuedAt),[C] نفس الملف :89,REQ-R2R-050
BR-R2R-53,C5,مؤشرات التقارير من APIs حقيقية بصلاحيات المستخدم، بلا بيانات مولدة، مع حالات تحميل/خطأ/فراغ منفصلة لكل قسم؛ فشل API لا يظهر صفرًا.,DECIDED,B1-0276 | B6a-0346,[B] apps/web/lib/bff.ts:16-29 (أخطاء لكل قسم),[C] نفس الملف,REQ-R2R-050 | REQ-R2R-051 | REQ-R2R-052 | REQ-R2R-053 | REQ-R2R-054 | REQ-R2R-056 | REQ-R2R-059
BR-R2R-54,C5,التصدير من الخادم بصلاحيات القراءة نفسها: CSV UTF-8 BOM وCRLF واقتباس وتحييد الصيغ، XLSX بخلايا رقمية، طباعة/PDF RTL، بلا IDs داخلية، مع بيانات وصفية (عنوان، وقت التوليد، الفلاتر)، وخطأ صريح بدل الاقتطاع عند تجاوز الحد (مثل 10000 زيارة).,DOCUMENTED,B3-0265 | B3-0251 | B1-0259 | B3-0268,جزئي: [B] apps/web/lib/tabular-export.ts:6-45 (من المتصفح للبيانات المحملة فقط),"جزئي: [C] packages/export-kit/src/index.ts:14,58 + مسارات export في عدة controllers؛ لا تدقيق للتصدير",REQ-R2R-057 | REQ-R2R-058
BR-R2R-55,C5,لا اقتطاع صامت: كل قائمة/تجميع يُرقَّم على الخادم أو يعلن عدم الاكتمال؛ لا اشتقاق رصيد أو مؤشر كامل من قائمة محدودة.,INFERRED,B6a-0100 | B6a-0146 | B6a-0346 | B6a-0104,not enforced: [B] apps/crm/src/modules/accounts/accounts.service.ts:119-120 (take 200),not enforced: [C] نفس النمط,REQ-R2R-052 | REQ-R2R-053 | REQ-R2R-059 | REQ-R2R-060
BR-R2R-56,C5,لكل صفحة تقرير رسم واحد على الأقل مناسب (اتجاه زمني/توزيع/مقارنة) يتبع فلاتر الصفحة نفسها.,DECIDED,B1-0168,[B] apps/web/app/dashboard/reports/*/page.tsx (BarChart/DonutChart),[C] نفس الصفحات,REQ-R2R-055
BR-TRC-01,C6,أنواع الحساب المالي: نقدي، بنك، محفظة إلكترونية، إنستاباي، بعدد غير محدود,DECIDED,B4b-0100 | B4b-0089,[B] apps/accounting/src/modules/financial-accounts/financial-accounts.service.ts:127-192,[C] apps/accounting/src/modules/financial-accounts/financial-accounts.service.ts:127-192,REQ-TRC-001
BR-TRC-02,C6,حساب BANK يُرفض بلا اسم بنك ورقم حساب؛ حساب محفظة يُرفض بلا مزوّد ورقم,DECIDED,B4b-0091 | B4b-0094,"[B] apps/accounting/src/modules/financial-accounts/financial-accounts.service.ts:36-41,127-192","[C] apps/accounting/src/modules/financial-accounts/financial-accounts.service.ts:36-41,127-192",REQ-TRC-001
BR-TRC-03,C6,الخزينة الافتراضية «خزينة 1» تُنشأ عند أول استخدام إن لم يوجد حساب نقدي,DECIDED,B4b-0090 | B4b-0260,[B] apps/accounting/src/modules/financial-accounts/financial-accounts.service.ts:95-125,[C] apps/accounting/src/modules/financial-accounts/financial-accounts.service.ts:95-125,REQ-TRC-001 | REQ-TRC-008
BR-TRC-04,C6,عملة واحدة لكل حساب مالي؛ التحويل بين عملتين يتطلب سعرًا صريحًا,DECIDED,B4b-0095,[B] apps/accounting/src/modules/financial-accounts/financial-accounts.service.ts:133-142 (مسار التحصيل لا يقارن),[C] apps/accounting/src/modules/financial-accounts/financial-accounts.service.ts:133-142 (مسار التحصيل لا يقارن),REQ-TRC-002
BR-TRC-05,C6,الرصيد الافتتاحي صف OPENING_BALANCE في الدفتر ولا يكون سالبًا,DECIDED,B4b-0092 | B4b-0249,[B] apps/accounting/src/modules/financial-accounts/financial-accounts.service.ts:153-185,[C] apps/accounting/src/modules/financial-accounts/financial-accounts.service.ts:153-185,REQ-TRC-003
BR-TRC-06,C6,رصيد الحساب المالي = مجموع حركات دفتره دائمًا؛ كل كتابة تحدّث الرصيد في نفس المعاملة,DOCUMENTED,B4b-0246 | B4b-0096,[B] جزئي: apps/accounting/src/modules/financial-accounts/financial-accounts.service.ts:249-290؛ العكس لا يكتب حركة apps/accounting/src/modules/payments/payments.service.ts:365-401,[C] جزئي: apps/accounting/src/modules/financial-accounts/financial-accounts.service.ts:249-290؛ apps/accounting/src/modules/payments/payments.service.ts:381-419,REQ-TRC-004
BR-TRC-07,C6,تعديلات الحساب المالي SERIALIZABLE؛ سحبان متزامنان لا ينجحان ضد نفس الرصيد؛ الاستنفاد = 409,DOCUMENTED,B4b-0247,[B] apps/accounting/src/modules/financial-accounts/financial-accounts.service.ts:249-290 (withSerializableRetry + httpConflict),[C] apps/accounting/src/modules/financial-accounts/financial-accounts.service.ts:249-290,REQ-TRC-004
BR-TRC-08,C6,اتجاه الحركة من نوعها لا من إشارة المبلغ؛ التسوية وحدها تقبل الاتجاهين,DECIDED,B4b-0097 | B4b-0248,"[B] apps/accounting/src/modules/financial-accounts/financial-accounts.service.ts:22-33, 242-247","[C] apps/accounting/src/modules/financial-accounts/financial-accounts.service.ts:22-33, 242-247",REQ-TRC-005
BR-TRC-09,C6,رصيد الخزينة لا يصبح سالبًا إلا بحركة تسوية,INFERRED,B4b-0097,[B] apps/accounting/src/modules/financial-accounts/financial-accounts.service.ts:263-270,[C] apps/accounting/src/modules/financial-accounts/financial-accounts.service.ts:263-270,REQ-TRC-005
BR-TRC-10,C6,التحويل الداخلي له طرفان بمرجع واحد في معاملة واحدة، لا يغير إجمالي مال الشركة ولا يُحسب إيرادًا,DOCUMENTED,B4b-0251 | B3-0015 | B3-0017 | B3-0051,[B] apps/accounting/src/modules/financial-accounts/financial-accounts.service.ts:302-402,[C] apps/accounting/src/modules/financial-accounts/financial-accounts.service.ts:302-402,REQ-TRC-006 | REQ-TRC-013 | REQ-TRC-014 | REQ-TRC-015
BR-TRC-11,C6,تسجيل العدّ/المطابقة لا يغيّر الرصيد؛ التصحيح قرار منفصل عبر ADJUSTMENT,DECIDED,B4b-0098 | B4b-0252,[B] apps/accounting/src/modules/financial-accounts/financial-accounts.service.ts:449-464,[C] apps/accounting/src/modules/financial-accounts/financial-accounts.service.ts:449-464,REQ-TRC-007
BR-TRC-12,C6,فرق العدّ يُخزن لا يُعرض فقط,DECIDED,B4b-0098 | B4b-0253,[B] apps/accounting/src/modules/financial-accounts/financial-accounts.service.ts:449-464,[C] apps/accounting/src/modules/financial-accounts/financial-accounts.service.ts:449-464,REQ-TRC-007
BR-TRC-13,C6,كل دفعة تُربط بحساب مالي من النوع المطابق لطريقة الدفع (لا تحصيل نقدي في حساب بنك),DECIDED,B4b-0087 | B4b-0259,"[B] apps/accounting/src/modules/payments/payments.service.ts:56-63, 741-795","[C] apps/accounting/src/modules/payments/payments.service.ts:57-64, 759-813",REQ-TRC-008 | REQ-TRC-009
BR-TRC-14,C6,الحساب الموقوف مرفوض في التحصيل؛ الحساب المجهول 404,INFERRED,B4b-0262,[B] apps/accounting/src/modules/payments/payments.service.ts:741-795,[C] apps/accounting/src/modules/payments/payments.service.ts:784-786,REQ-TRC-008
BR-TRC-15,C6,بلا حساب مُورَّد لغير النقدي ولا افتراضي: لا يُخترع حساب بنك (يبقى null),DOCUMENTED,B4b-0260,[B] apps/accounting/src/modules/payments/payments.service.ts:741-795,[C] apps/accounting/src/modules/payments/payments.service.ts:759-813,REQ-TRC-008
BR-TRC-16,C6,الشيك لا يدخل الخزينة/البنك عند الاستلام؛ يدخل عند التحصيل؛ الشيكات غير المحصلة تُتابع منفصلة,DECIDED,B4b-0087 | B4b-0258 | B3-0300,[B] جزئي: الاستبعاد عند الاستلام apps/accounting/src/modules/payments/payments.service.ts:56-69؛ لا دخول عند CLEARED :427-436,[C] جزئي: :70 DEFERS_TO_CLEARANCE؛ لا دخول عند CLEARED :445-454,REQ-TRC-008 | REQ-TRC-010 | REQ-TRC-016
BR-TRC-17,C6,الورقة عند الاستلام ليست تحصيلًا ولا تزيد paidAmount؛ عند CLEARED تُنشأ دفعة تلقائيًا idempotent,CONFLICTING,B4a-0051 | B2-0160,[B] غير مطبق: الشيك يُسجل كدفعة تنقص AR فورًا,[C] غير مطبق: apps/accounting/src/modules/payments/payments.service.ts:152-195 (PaymentReceived عند الاستلام)؛ instruments غير مسجل,REQ-TRC-010 | REQ-TRC-011
BR-TRC-18,C6,الشيك غير المحصل يُحمل على حساب «شيكات تحت التحصيل» 1122 لا على النقدية/البنك,INFERRED,B5a-0243,[B] لا أستاذ عام (ACC-01),[C] apps/accounting/src/modules/payments/payments.service.ts:185-186 + apps/accounting/src/modules/gl-workbench/gl-posting.service.ts:13 (لا تصفية عند التحصيل),REQ-TRC-010
BR-TRC-19,C6,الورقة الواحدة قد تسدد عدة فواتير,INFERRED,B4a-0051,not enforced,not enforced (FinancialInstrument.invoiceId مفرد),REQ-TRC-011
BR-TRC-20,C6,ارتداد الشيك يعكس السداد تلقائيًا ويعيد المديونية والتعرض,INFERRED,B5a-0178,[B] apps/accounting/src/modules/payments/payments.service.ts:437-460,[C] apps/accounting/src/modules/payments/payments.service.ts:455-478,REQ-TRC-012
BR-TRC-21,C6,ارتداد الشيك ⇒ رسوم ارتداد + إيقاف ائتماني للعميل حتى الرفع اليدوي بصلاحية,INFERRED,B5a-0178 | B2-0110,not enforced,not enforced,REQ-TRC-012
BR-TRC-22,C6,رصيد العهدة = افتتاحي + تحصيلات استلمها صاحب العهدة − توريدات − مصروفات معتمدة ± تحويلات,DOCUMENTED,B3-0008,not enforced,not enforced,REQ-TRC-013
BR-TRC-23,C6,تحصيل المندوب يدخل عهدته لا الخزينة الرئيسية حتى التوريد بإيصال,DECIDED,B1-0139 | B3-0050,not enforced (يدخل الافتراضية),not enforced,REQ-TRC-013
BR-TRC-24,C6,السلفة أصل/ذمة حتى التسوية وليست مصروفًا تلقائيًا,INFERRED,B3-0017,not enforced,not enforced,REQ-TRC-014
BR-TRC-25,C6,كل حركة نقدية يدوية بسند مرقم وقيد متوازن,INFERRED,B3-0017,not enforced,not enforced,REQ-TRC-014
BR-TRC-26,C6,كل صرف (مورد/مصروف/راتب/هدية) يحدد الحساب المالي وصاحب العهدة,INFERRED,B3-0015,not enforced,not enforced (supplier-payments غير مسجل),REQ-TRC-015
BR-TRC-27,C6,لا حذف لحساب مالي له حركات,INFERRED,B4b-0245,[B] لا DELETE في apps/accounting/src/modules/financial-accounts/financial-accounts.controller.ts,[C] لا DELETE في apps/accounting/src/modules/financial-accounts/financial-accounts.controller.ts,REQ-TRC-017
BR-TRC-30,C6,حجز ائتماني إذا المستحق + الملتزم + الجديد > الحد (L>0),DOCUMENTED,B3-0320,[B] apps/sales/src/modules/credit/credit.service.ts:343-371,[C] apps/sales/src/modules/credit/credit.service.ts:343-371,REQ-TRC-020
BR-TRC-31,C6,الأمر المساوي للحد تمامًا لا يُحجز (المقارنة > لا ≥),INFERRED,B6b-0044,[B] apps/sales/src/modules/credit/credit.service.ts:363 (Decimal.greaterThan),[C] apps/sales/src/modules/credit/credit.service.ts:363,REQ-TRC-020
BR-TRC-32,C6,"الأوامر ≥ 100,000 تتطلب اعتمادًا (PENDING_APPROVAL)",DOCUMENTED,B3-0320,"[B] apps/sales/src/modules/orders/orders.service.ts:20, 612","[C] apps/sales/src/modules/orders/orders.service.ts:20, 642",REQ-TRC-020
BR-TRC-33,C6,المعتمد ومتجاوز الائتمان شخص مختلف عن مندوب الأمر — قاعدة صارمة,CONFLICTING,B3-0320 | B6a-0111,[B] جزئي: apps/sales/src/modules/credit/credit.service.ts:381 و apps/sales/src/modules/orders/orders.service.ts:1189-1200 (استثناء .any/SUPER_ADMIN),[C] جزئي: apps/sales/src/modules/credit/credit.service.ts:381 و apps/sales/src/modules/orders/orders.service.ts:1219-1230,REQ-TRC-020 | REQ-TRC-027
BR-TRC-34,C6,فحص الحد وإنشاء الأمر ذريان لكل عميل (قفل صف account_credit),INFERRED,B6b-0023 | B6a-0277,[B] apps/sales/src/modules/credit/credit.service.ts:339 + apps/sales/src/modules/orders/orders.service.ts:619-624,[C] apps/sales/src/modules/credit/credit.service.ts:339 + apps/sales/src/modules/orders/orders.service.ts:649-654,REQ-TRC-021
BR-TRC-35,C6,كل حدث فاتورة/دفعة يغير التعرض مرة واحدة بغض النظر عن التكرار أو الترتيب,INFERRED,B6a-0267 | B6b-0128 | B6b-0073,[B] جزئي: apps/sales/src/modules/saga/saga.orchestrator.ts:49-55؛ packages/events/src/consumer.ts:290-316,[C] جزئي: نفس المواضع,REQ-TRC-022 | REQ-TRC-023
BR-TRC-36,C6,التعرض الائتماني لا ينحرف عن الدفتر؛ يُطابق دوريًا,INFERRED,B6b-0087 | B6b-0128,not enforced,not enforced,REQ-TRC-024
BR-TRC-37,C6,كل فاتورة (أمر أو مباشرة) تُحتسب في التعرض وتحصيلها يُنقصه,DOCUMENTED,B4b-0229,[B] جزئي: apps/sales/src/modules/saga/saga.orchestrator.ts:415 (يضيف)، :440 (لا ينقص),[C] جزئي: apps/sales/src/modules/saga/saga.orchestrator.ts:415، :440,REQ-TRC-025
BR-TRC-38,C6,إلغاء الفاتورة يحرر قيمتها من التعرض ولا يعيد حالة الأمر,INFERRED,B6b-0035,[B] apps/sales/src/modules/saga/saga.orchestrator.ts:553-557,[C] apps/sales/src/modules/saga/saga.orchestrator.ts:553-557,REQ-TRC-026
BR-TRC-39,C6,تجاوز الحجز ذري مشروط بالحالة: ينجح طلب واحد فقط ويصدر حجز مخزون واحد,INFERRED,B6a-0111 | B6a-0276,[B] apps/sales/src/modules/credit/credit.service.ts:385-391,[C] apps/sales/src/modules/credit/credit.service.ts:385-391,REQ-TRC-027
BR-TRC-40,C6,أحداث الحجز والتجاوز وتعديل الحد تُدقق بمستوى CRITICAL,DOCUMENTED,B5a-0295 | B5a-0296 | B5a-0347,[B] packages/audit/src/taxonomy.ts:135-138 (نشر بلا outbox),[C] packages/audit/src/taxonomy.ts:135-138 (نشر بلا outbox),REQ-TRC-028
BR-TRC-41,C6,زيادة حد الائتمان بطلب واعتماد مستقل عن الطالب,DOCUMENTED,B5a-0038,not enforced (PATCH مباشر),not enforced,REQ-TRC-029
BR-TRC-42,C6,حد الائتمان صفر يعني «غير مهيأ — لا حجز»,CONFLICTING,B4a-0015,[B] apps/sales/src/modules/credit/credit.service.ts:349 (الخادم)؛ الواجهة تعرضه «نقدي فقط»,[C] apps/sales/src/modules/credit/credit.service.ts:349,REQ-TRC-020 | REQ-TRC-029
BR-TRC-43,C6,يُقبل طلب الصنف X إذا (المتبقي من X عند العميل + الجديد) ≤ حد X بالعلب,DECIDED,B1-0151,not enforced,not enforced,REQ-TRC-030
BR-TRC-44,C6,السحب في الحد بالعلب = البيع من بضاعة التصريف؛ عدّ الرف تحقق أو بديل,DECIDED,B1-0079 | B1-0081,not enforced,جزئي: [C] apps/inventory/src/modules/allocation/allocation.engine.ts:421-430 يسجل الاستهلاك فقط,REQ-TRC-031
BR-TRC-45,C6,الدفع لا يعني أن البضاعة سُحبت,DECIDED,B1-0079,not enforced (لا حساب سحب),not enforced,REQ-TRC-031
BR-TRC-46,C6,الحد بالعلب يرتفع للصنف المتحرك فقط حسب متوسط السحب؛ الراكد لا يزيد,DECIDED,B1-0152,not enforced,not enforced,REQ-TRC-032
BR-TRC-47,C6,تاريخ الاستحقاق = تاريخ الإصدار + أيام سداد العميل (افتراضي 30),INFERRED,B4a-0052 | B5a-0181,جزئي: [B] apps/accounting/src/modules/invoices/invoices.service.ts:487 (30 ثابت لفواتير الأوامر),جزئي: [C] invoices.service.ts:500,REQ-TRC-033
BR-TRC-48,C6,فاتورة بشروط آجل تُصدر DEFERRED لا UNPAID؛ شرط دفع غير معروف مرفوض,DECIDED,B4b-0074 | B4b-0269,جزئي: [B] invoices.service.ts:706-800 (المباشرة فقط),جزئي: [C] invoices.service.ts:733-827,REQ-TRC-034
BR-INH-01,C7,الحافز يُحسب تراكميًا على أساس الفترة ولا يتغير بتقسيم الأساس على دفعات,CONFLICTING,B3-0287 | B3-0027 | B3-0060,not enforced — apps/incentives/src/modules/engine/incentive.engine.ts:52-63 هامشي لكل دفعة؛ apps/incentives/src/modules/intake/intake.service.ts:112,not enforced — apps/incentives/src/modules/engine/incentive.engine.ts:52-63 هامشي لكل دفعة؛ apps/incentives/src/modules/intake/intake.service.ts:112,REQ-INH-001
BR-INH-02,C7,"لا حافز تحت 750,000؛ عند بلوغه 10,000",CONFLICTING,B3-0286 | B3-0287,"not enforced — apps/incentives/prisma/seed.ts:6 الشريحة الأولى 0-750,000 بمعدل 0.01333 من أول جنيه","not enforced — apps/incentives/prisma/seed.ts:6 الشريحة الأولى 0-750,000 بمعدل 0.01333 من أول جنيه",REQ-INH-001
BR-INH-03,C7,"شرائح كل 125,000 بمبالغ 3,500 حتى 10,000 وتنتهي 6,125,000 (44 شريحة)",DOCUMENTED,B3-0286 | B6c-0224,enforced كمعدلات هامشية — apps/incentives/prisma/seed.ts:6 (44 شريحة),enforced كمعدلات هامشية — apps/incentives/prisma/seed.ts:6 (44 شريحة),REQ-INH-001 | REQ-INH-006
BR-INH-04,C7,لا تُنقل صيغة الشيت فوق 6 ملايين (ازدواج الشريحة الأخيرة),CONFLICTING,B3-0288 | B3-0027,"enforced ضمنًا — لا شرائح بعد 6,125,000 فلا عمولة إضافية (engine.ts:57-58)","enforced ضمنًا — لا شرائح بعد 6,125,000 فلا عمولة إضافية (engine.ts:57-58)",REQ-INH-001
BR-INH-05,C7,بونص تحصيل: ≥90% +10%، ≥95% +15%، ≥98% +20% من العمولة، كإعداد لا كود,DOCUMENTED,B6c-0225,enforced — apps/incentives/prisma/seed.ts:9-13؛ apps/incentives/src/modules/engine/incentive.engine.ts:65-79,enforced — apps/incentives/prisma/seed.ts:9-13؛ apps/incentives/src/modules/engine/incentive.engine.ts:65-79,REQ-INH-003
BR-INH-06,C7,تُكمم نسبة التحصيل إلى 4 خانات قبل المقارنة؛ الإجمالي = عمولة مقربة + بونص مقرب,INFERRED,B6b-0041,enforced — apps/incentives/src/modules/engine/incentive.engine.ts:68-79,enforced — apps/incentives/src/modules/engine/incentive.engine.ts:68-79,REQ-INH-003
BR-INH-07,C7,دفعة بلا نسبة تحصيل تأخذ الأساس فقط (بلا بونص),DOCUMENTED,B3-0327,partially — apps/incentives/src/modules/intake/intake.service.ts:101-109 يستخدم RepScore المحلي إن وجد وإلا 0,partially — apps/incentives/src/modules/intake/intake.service.ts:101-109 يستخدم RepScore المحلي إن وجد وإلا 0,REQ-INH-003
BR-INH-08,C7,سطر حافز واحد لكل حدث دفع؛ القيد والعلامة وRepScore في معاملة واحدة,INFERRED,B4a-0126 | B6b-0030 | B6a-0102 | B6c-0227,enforced — apps/incentives/src/modules/intake/intake.service.ts:123-144؛ schema.prisma:62 sourceEventId @unique,enforced — apps/incentives/src/modules/intake/intake.service.ts:123-144؛ schema.prisma:62 sourceEventId @unique,REQ-INH-004 | REQ-INH-002
BR-INH-09,C7,قواعد الحوافز نسخ غير قابلة للتعديل وكل قيد يسجل نسخته,DOCUMENTED,B6c-0224 | B3-0327,enforced — apps/incentives/src/modules/rules/rules.service.ts:23-29 (لا update)؛ IncentiveLedger.ruleSetVersion,enforced — apps/incentives/src/modules/rules/rules.service.ts:23-29 (لا update)؛ IncentiveLedger.ruleSetVersion,REQ-INH-006 | REQ-INH-002
BR-INH-10,C7,لا صرف من الأحداث؛ الدورة PENDING→APPROVED→PAID أو REVERSED؛ لا حذف,DOCUMENTED,B6c-0223,enforced — apps/incentives/src/modules/ledger/ledger.service.ts:95-119,enforced — apps/incentives/src/modules/ledger/ledger.service.ts:99-123,REQ-INH-002 | REQ-INH-008
BR-INH-11,C7,العكس (claw-back) ممكن من أي حالة,DOCUMENTED,B3-0327,API: نعم (apps/incentives/src/modules/ledger/ledger.service.ts:110-119)؛ الواجهة: PENDING/APPROVED فقط,API: نعم (:114-123)؛ الواجهة: PENDING/APPROVED فقط (apps/web/app/dashboard/incentives/page.tsx:91),REQ-INH-009
BR-INH-12,C7,معتمد الحافز ≠ المندوب المستفيد,INFERRED,B6b-0031 | B3-0314,not enforced,not enforced,REQ-INH-008 | REQ-INH-030
BR-INH-13,C7,كفاءة المندوب = 0.4 مبيعات + 0.4 تحصيل + 0.2 سرعة,DOCUMENTED,B6c-0226,partially — apps/incentives/src/modules/engine/incentive.engine.ts:88-94 (السرعة = 1 ثابت),partially — apps/incentives/src/modules/engine/incentive.engine.ts:88-94 (السرعة = 1 ثابت),REQ-INH-011
BR-INH-14,C7,PayrollEntry.incentiveAmount = مجموع قيود الحوافز المعتمدة للفترة حيث repId = linkedUserId,DOCUMENTED,B3-0179,not enforced — apps/organization/src/modules/payroll/payroll.service.ts:311 (0),not enforced — apps/organization/src/modules/payroll/payroll.service.ts:311 (0),REQ-INH-010
BR-INH-20,C7,الموظف ليس مستخدم IAM تلقائيًا؛ linkedUserId اختياري وفريد,DOCUMENTED,B3-0173,enforced — apps/organization/prisma/schema.prisma:114 @unique,enforced — apps/organization/prisma/schema.prisma:114 @unique,REQ-INH-021 | REQ-INH-020
BR-INH-21,C7,employeeCode فريد؛ الحالة ACTIVE/ON_LEAVE/SUSPENDED/TERMINATED,DOCUMENTED,B3-0174,enforced — apps/organization/src/modules/employees/employees.service.ts:62-65؛ enum EmploymentStatus,enforced — apps/organization/src/modules/employees/employees.service.ts:66-69,REQ-INH-020
BR-INH-22,C7,لا تخمين لتاريخ إنهاء الخدمة عند عدم توفره,DECIDED,B1-0314,conflict — apps/organization/src/modules/employees/employees.service.ts:138-148 يضع terminationDate=now,conflict — :142-152 يضع terminationDate=now,REQ-INH-023 | REQ-INH-022
BR-INH-23,C7,لا انتقال حالة موظف TERMINATED→ACTIVE دون إجراء صريح مدقق,INFERRED,B6a-0071,not enforced — apps/organization/src/modules/employees/employees.service.ts:121,not enforced — :125,REQ-INH-022
BR-INH-24,C7,تأخير أكثر من 15 دقيقة = LATE,INFERRED,B5a-0044,enforced — apps/organization/src/modules/attendance/attendance.service.ts:45,enforced — apps/organization/src/modules/attendance/attendance.service.ts:45,REQ-INH-026
BR-INH-25,C7,لا طلب إجازة فوق الرصيد السنوي (اعتيادية/عارضة),DOCUMENTED,B3-0330 | B5a-0045,enforced عند الطلب — apps/organization/src/modules/attendance/attendance.service.ts:139-155؛ لا إعادة فحص عند الاعتماد,enforced عند الطلب — apps/organization/src/modules/attendance/attendance.service.ts:139-155؛ لا إعادة فحص عند الاعتماد,REQ-INH-028
BR-INH-26,C7,الإجازة تُعتمد مرة واحدة من PENDING ومن غير صاحبها,INFERRED,B5a-0045,not enforced — apps/organization/src/modules/attendance/attendance.service.ts:170-203,not enforced — apps/organization/src/modules/attendance/attendance.service.ts:170-203,REQ-INH-028
BR-INH-27,C7,استيراد الموظفين لا يشمل الرواتب أو التعويضات,DOCUMENTED,B3-0244,N/A — لا استيراد,N/A — لا استيراد,REQ-INH-029
BR-INH-28,C7,الحضور المستورد يُتحقق من تاريخه وهوية الموظف,DOCUMENTED,B3-0260,N/A — لا استيراد,N/A — لا استيراد,REQ-INH-027
BR-INH-30,C7,صلاحيات payroll.* منفصلة عن org.*؛ مستخدم المنظمة لا يرى الرواتب تلقائيًا,DOCUMENTED,B3-0093 | B3-0172,partially — payroll.controller.ts payroll.*؛ لكن contracts.controller.ts:25-59 يعيد baseSalary بـorg.contracts.read,partially — كما في B + payroll.* غائبة عن كتالوج IAM (SEC-02),REQ-INH-040
BR-INH-31,C7,التعويض effective-dated: صف جديد يغلق السابق، لا تعديل ولا حذف,DOCUMENTED,B3-0176,enforced — apps/organization/src/modules/payroll/payroll.service.ts:108-157,enforced — apps/organization/src/modules/payroll/payroll.service.ts:108-157,REQ-INH-042
BR-INH-32,C7,الصافي = أساسي + بدلات − خصومات + حوافز,DOCUMENTED,B3-0187 | B3-0346,partially — apps/organization/src/modules/payroll/payroll.service.ts:300-311 (بلا حوافز؛ يخصم النظامية والإجازة غير المدفوعة),partially — apps/organization/src/modules/payroll/payroll.service.ts:300-311 (بلا حوافز؛ يخصم النظامية والإجازة غير المدفوعة),REQ-INH-043 | REQ-INH-010
BR-INH-33,C7,لا تعديل لقيد راتب بعد FINALIZED/PAID؛ التصحيح بتسوية مستقلة,DOCUMENTED,B3-0178 | B6a-0075,violated — apps/organization/src/modules/payroll/payroll.service.ts:437-458 يزيد netPay للقيد المقفل,violated — apps/organization/src/modules/payroll/payroll.service.ts:437-458 يزيد netPay للقيد المقفل,REQ-INH-044
BR-INH-34,C7,من احتسب المسير لا يعتمده,INFERRED,B3-0314 | B6a-0075,enforced باستثناء SUPER_ADMIN — apps/organization/src/modules/payroll/payroll.service.ts:356-359,enforced باستثناء SUPER_ADMIN — apps/organization/src/modules/payroll/payroll.service.ts:356-359,REQ-INH-043 | REQ-INH-030
BR-INH-35,C7,مسير واحد غير ملغى لكل فترة مع إمكانية إعادة التشغيل بعد الإلغاء,CONFLICTING,B6a-0074 | B6a-0128 | B6a-0030,partially — apps/organization/prisma/schema.prisma:432 @@unique([periodId]) مطلق,partially — schema.prisma:450 مطلق,REQ-INH-045
BR-INH-36,C7,قيد راتب واحد لكل موظف في كل مسير,DOCUMENTED,B6a-0091,"enforced — schema.prisma:457 @@unique([payrollRunId, employeeId])",enforced — schema.prisma:475,REQ-INH-041
BR-INH-37,C7,"تأمينات 11% موظف و18.75% صاحب عمل على أجر تأميني 2,000–12,600",DOCUMENTED,B3-0331 | B4a-0136,enforced كثوابت — apps/organization/src/modules/attendance/attendance.service.ts:236-243,enforced كثوابت — apps/organization/src/modules/attendance/attendance.service.ts:236-243,REQ-INH-046
BR-INH-38,C7,"ضريبة كسب العمل: إعفاء 20,000 وشرائح 0/10/15/20/22.5/25%",DOCUMENTED,B3-0331 | B4a-0136,enforced كثوابت — apps/organization/src/modules/attendance/attendance.service.ts:251-290,enforced كثوابت — apps/organization/src/modules/attendance/attendance.service.ts:251-290,REQ-INH-046
BR-INH-39,C7,يُخصم من الراتب: أيام الغياب × الأجر اليومي (الأساسي/الأيام) والسلف والشيكات,INFERRED,B3-0306,partially — الإجازة غير المدفوعة فقط = الأساسي/30 (apps/organization/src/modules/attendance/attendance.service.ts:246)؛ لا غياب ولا سلف,partially — الإجازة غير المدفوعة فقط = الأساسي/30 (apps/organization/src/modules/attendance/attendance.service.ts:246)؛ لا غياب ولا سلف,REQ-INH-049 | REQ-INH-026
BR-INH-40,C7,لا اختلاق رواتب ولا استيراد ملف رواتب لا يخص الشركة,DOCUMENTED,B6a-0033 | B4a-0129 | B3-0184,partially — لا استيراد؛ لكن apps/organization/prisma/seed.ts:63-170 يزرع رواتب تجريبية بلا حارس بيئة,partially — لا استيراد؛ لكن apps/organization/prisma/seed.ts:63-170 يزرع رواتب تجريبية بلا حارس بيئة,REQ-INH-048
BR-INH-50,C7,دورة المطالبة DRAFT→SUBMITTED→MANAGER_APPROVED→FINANCE_APPROVED→PAID (أو REJECTED),DOCUMENTED,B3-0330,enforced للتقدم — apps/organization/src/modules/expenses/expenses.service.ts:68-191 (فحص الحالة قبل كل خطوة),enforced للتقدم — apps/organization/src/modules/expenses/expenses.service.ts:68-191 (فحص الحالة قبل كل خطوة),REQ-INH-060
BR-INH-51,C7,لا اعتماد ذاتي في مستويي المدير والمالية,DOCUMENTED,B3-0330,"enforced للطالب فقط — apps/organization/src/modules/expenses/expenses.service.ts:99-104,130-135","enforced للطالب فقط — apps/organization/src/modules/expenses/expenses.service.ts:99-104,130-135",REQ-INH-060 | REQ-INH-030
BR-INH-52,C7,الرفض مسموح قبل الصرف فقط,INFERRED,B1-0111 | B4b-0318,expenses: not enforced (apps/organization/src/modules/expenses/expenses.service.ts:153-168)؛ gifts: enforced (apps/organization/src/modules/customer-gifts/customer-gifts.service.ts:75-82),expenses: not enforced (apps/organization/src/modules/expenses/expenses.service.ts:153-168)؛ gifts: enforced (apps/organization/src/modules/customer-gifts/customer-gifts.service.ts:75-82),REQ-INH-061 | REQ-INH-070
BR-INH-53,C7,كل انتقال حالة مشروط بالحالة المتوقعة والخاسر يتلقى 409,INFERRED,B1-0112 | B4b-0318,expenses: not enforced؛ gifts: enforced (apps/organization/src/modules/customer-gifts/customer-gifts.service.ts:113-118),expenses: not enforced؛ gifts: enforced (apps/organization/src/modules/customer-gifts/customer-gifts.service.ts:113-118),REQ-INH-061 | REQ-INH-070
BR-INH-54,C7,الصرف يتطلب سند خزينة/بنك وقيدًا وخفض الرصيد ولا صرف مكرر,INFERRED,B3-0029 | B3-0055,not enforced — apps/organization/src/modules/expenses/expenses.service.ts:173-191؛ apps/organization/src/modules/payroll/payroll.service.ts:406-418,not enforced — apps/organization/src/modules/expenses/expenses.service.ts:173-191؛ apps/organization/src/modules/payroll/payroll.service.ts:406-418,REQ-INH-062 | REQ-INH-049
BR-INH-55,C7,فشل الحفظ يعيد خطأ لا نجاحًا وهميًا (exp-mock),INFERRED,B3-0028 | B3-0055,enforced — apps/organization/src/modules/expenses/expenses.service.ts:22-66,enforced — apps/organization/src/modules/expenses/expenses.service.ts:22-66,REQ-INH-062
BR-INH-56,C7,فئات المصروفات قائمة مغلقة؛ السلف والرواتب خارج المطالبات,DOCUMENTED,B3-0076 | B3-0302,enforced كقائمة — schema.prisma:512-519 (6 قيم لا تطابق ممارسة الشركة),enforced كقائمة — schema.prisma:530-537,REQ-INH-065 | REQ-INH-060
BR-INH-57,C7,هدايا العملاء نفس دورة المصروفات بصلاحية منفصلة ولا تُخلط بمصروفات الموظفين,DECIDED,B1-0086 | B4b-0313,enforced — apps/organization/src/modules/customer-gifts/customer-gifts.controller.ts:23-46 (organization.customer-gifts.*)، جدول مستقل,enforced — apps/organization/src/modules/customer-gifts/customer-gifts.controller.ts:23-46 (organization.customer-gifts.*)، جدول مستقل,REQ-INH-070
BR-INH-58,C7,أنواع الهدايا قائمة مقفولة من 6 قيم بلا نص حر,DECIDED,B1-0087 | B4b-0314,enforced — enum CustomerGiftCategory schema.prisma:578,enforced — schema.prisma:596,REQ-INH-071
BR-INH-59,C7,صلاحيات الهدايا الأربع لا تُمنح لأي دور افتراضيًا,DECIDED,B1-0098,enforced — apps/iam/prisma/seed.ts:241-246 (كتالوج بلا منح),غير قابل للتطبيق — الصلاحيات غائبة عن الكتالوج (SEC-02),REQ-INH-070
BR-INH-60,C7,بنود الهدايا: amount>0، quantity≥1، total≥0,DOCUMENTED,B4b-0315,"enforced — migrations/20260925120000_customer_gifts/migration.sql:43,57-58 (CHECK)","enforced — migrations/20260925120000_customer_gifts/migration.sql:43,57-58 (CHECK)",REQ-INH-070
BR-INH-61,C7,السلفة ذمة تُسوى بالمصروف المعتمد ورد الباقي؛ المصروف المعترف = المعتمد,INFERRED,B3-0056,not enforced — لا كيان سلفة,not enforced — لا كيان سلفة,REQ-INH-064
BR-INH-62,C7,استيراد المصروفات لسجلات مصدر معتمدة فقط ولا يعدل الدفتر المرحّل,DOCUMENTED,B3-0259,N/A — لا استيراد,N/A — لا استيراد,REQ-INH-067
BR-SEC-01,C8,كل مسار API يحمل @Permissions أو @Public؛ غياب البيانات الوصفية يرفض 403 والحارس يتطلب كل الأكواد (all-of).,DECIDED,B4b-0104 | B6a-0166 | B6c-0061,permissions.guard.ts (fail-closed، all-of) في كل خدمة,نفسه؛ 4 controllers محاسبية بلا حارس (غير مُركّبة),REQ-SEC-001
BR-SEC-02,C8,لا تجاوز للصلاحيات باسم الدور؛ SUPER_ADMIN يمر فقط لأنه يحمل الأكواد.,DOCUMENTED,B4b-0288,permissions.guard.ts بلا bypass,نفسه,REQ-SEC-001
BR-SEC-03,C8,كل كود مفروض موجود في الكتالوج في كل بيئة (seed/migration upsert idempotent).,DOCUMENTED,B2-0145 | B4b-0341,seed.ts يغطي كل الأكواد (0 مفقود),غير منفذ: 44 كودًا مفروضًا غائبة عن seed,REQ-SEC-002
BR-SEC-04,C8,الأكواد الجديدة لا تُمنح لأي دور غير SUPER_ADMIN تلقائيًا؛ ممنوع blanket seed يعدّل أدوارًا قائمة.,DOCUMENTED,B6c-0039 | B5b-0022 | B4b-0317,seed يمنح SUPER_ADMIN الكل فقط,seed لا يمنح SUPER_ADMIN الجديد (جمود),REQ-SEC-002 | REQ-SEC-042
BR-SEC-05,C8,لا يُستعار كود مجال آخر لاعتماد مالي (صلاحية مستقلة لكل فعل حساس).,INFERRED,B3-0181 | B4a-0040,غير مفروض: المصروفات المالية على accounting.payments.create؛ المشتريات على accounting.matching.*,نفسه,REQ-SEC-003
BR-SEC-06,C8,الفاعل لا يمنح أكوادًا أو أدوارًا لا يملكها (subset check قبل أي كتابة).,DOCUMENTED,B6b-0009 | B6c-0062,authority.ts في الأدوار والإسناد والإنشاء؛ غائب عن PATCH /users/:id,نفسه,REQ-SEC-004
BR-SEC-07,C8,أدوار النظام لا تُسند عبر الإنشاء ولا تُعاد تسميتها ولا تُحذف ولا يُنزع آخر حامل لها (داخل المعاملة).,DOCUMENTED,B6c-0062 | B6a-0123,roles.service.ts/users.service.ts (آخر حامل خارج القفل),نفسه,REQ-SEC-004
BR-SEC-08,C8,تغيير الحالة لغير ACTIVE أو الحذف أو إعادة تعيين كلمة المرور يلغي كل الجلسات؛ refresh يرفض غير ACTIVE.,DOCUMENTED,B6b-0011 | B6c-0059,users.service.ts:160-177؛ auth.service.ts,نفسه,REQ-SEC-005
BR-SEC-09,C8,كلمة المرور الجديدة ≥8 مع حرف كبير وصغير ورقم ورمز، برسالة عربية تذكر الناقص.,DECIDED,B1-0116 | B1-0117,password-policy.ts:14-20,نفسه,REQ-SEC-006 | REQ-SEC-007
BR-SEC-10,C8,الدخول يقبل كلمات السر القديمة؛ السياسة عند التعيين فقط؛ bcrypt cost 12.,DOCUMENTED,B1-0118 | B6c-0222,مفروض,مفروض,REQ-SEC-006
BR-SEC-11,C8,mustChangePassword يُفرض على الخادم: IAM يسمح بتغيير كلمة المرور والخروج فقط وبقية الخدمات 403.,DOCUMENTED,B6c-0058,packages/security assertPasswordChangeNotRequired؛ jwt.strategy,نفسه,REQ-SEC-008
BR-SEC-12,C8,لا استرداد ذاتي قبل الإطلاق الخارجي؛ إعادة التعيين عبر المدير بـiam.users.update.,DOCUMENTED,B6c-0204 | B6c-0288,PATCH /users/:id,نفسه,REQ-SEC-009
BR-SEC-13,C8,60 طلب/دقيقة/IP و5/دقيقة للدخول؛ قفل 15 دقيقة بعد 5 إخفاقات.,DOCUMENTED,B6c-0060 | B6c-0276,app.module ThrottlerGuard؛ auth.service.ts:12-15 (مفتاح req.ip بلا trust proxy),نفسه,REQ-SEC-010
BR-SEC-14,C8,refresh يدوّر الرمز ويكشف إعادة الاستخدام بعد مهلة 60 ث فيلغي الجلسة.,CONFLICTING,B6c-0275 | B2-0140 | B6c-0057,"auth.service.ts:12,222-228",نفسه,REQ-SEC-011
BR-SEC-15,C8,access 900 ث، refresh ≤7 أيام مخزن sha256؛ الخروج يلغي الجلسة خادميًا؛ تغيير كلمة المرور يلغي كل الجلسات.,DOCUMENTED,B3-0158 | B6a-0017 | B6a-0161,مفروض (expiresAt 7 أيام ثابت),نفسه,REQ-SEC-011
BR-SEC-16,C8,"مدة الخمول ∈ {5,10,15,20,30}؛ الاستطلاع لا يمدد؛ تقليل المدة يقصّر الجلسات القائمة؛ انقطاع IAM يرفض.",DECIDED,B4b-0008 | B4b-0009 | B4b-0010 | B4b-0011,workspace.dto/service؛ packages/security (معطل افتراضيًا SESSION_IDLE_ENFORCEMENT=false),نفسه,REQ-SEC-012
BR-SEC-17,C8,سحب الصلاحية يسري عند إصدار الرمز التالي (≤900 ث) ما لم يُفعّل الوضع المُدار.,INFERRED,B6a-0069,jwt.strategy بلا رجوع لـIAM,نفسه,REQ-SEC-013
BR-SEC-18,C8,السجل لا يخزن access/refresh tokens أو كلمات المرور/هاشاتها (مطابقة مفتاح كاملة غير حساسة لحالة الأحرف).,DOCUMENTED,B6b-0004 | B6a-0002,audit.interceptor.ts:17-24,نفسه,REQ-SEC-014
BR-SEC-19,C8,تغيير الحالة HIGH؛ إسناد الدور وتغيير الصلاحيات CRITICAL؛ إنشاء المستخدم MEDIUM.,DOCUMENTED,B5a-0339 | B5a-0340 | B5a-0341 | B5a-0342 | B4a-0095,users/roles.service.ts نشر الأحداث؛ taxonomy.ts,نفسه,REQ-SEC-014
BR-SEC-20,C8,الإفراج QC واعتماد الإعدام واعتماد السحب تحمل توقيعًا إلكترونيًا مرتبطًا بالكيان مع إعادة مصادقة.,INFERRED,B4a-0060 | B5a-0207,جزئي: QC_RELEASE_REQUIRES_SIGNATURE افتراضي false وفحص وجود فقط؛ لا إعدام/سحب,نفسه,REQ-SEC-015 | REQ-SEC-036
BR-SEC-21,C8,غير SUPER_ADMIN يرى ويتصرف في سجلاته فقط؛ التوسع بصلاحية .any صريحة مستقلة.,DECIDED,B4b-0105 | B6b-0013 | B6b-0014,sales/crm/accounting؛ غير مفروض في inventory/expenses/incentives,نفسه,REQ-SEC-016
BR-SEC-22,C8,لا دور مبذور يجمع صلاحيات .any الخمس؛ التركيب لمسؤول IAM.,DOCUMENTED,B6b-0014,مفروض (لا أدوار مبذورة),نفسه,REQ-SEC-016
BR-SEC-23,C8,إنشاء أمر البيع يتطلب ملكية/إسناد الحساب؛ تعذر CRM → 503.,DECIDED,B3-0118,orders.service.ts:160-197,orders.service.ts:175-212,REQ-SEC-017
BR-SEC-24,C8,repId في كل الخدمات = معرّف مستخدم IAM.,CONFLICTING,B4b-0213 | B1-0316,غير مفروض: الاستيراد يخزن Employee.id,نفسه,REQ-SEC-018
BR-SEC-25,C8,الواجهة تخفي/تعطّل حسب الصلاحية والخادم هو الحد الحقيقي؛ الحساب بلا صلاحيات يرى أمن الحساب فقط.,DECIDED,B1-0068 | B1-0120 | B1-0277 | B5b-0087,layout.tsx/topbar.tsx/QuickActions,نفسه,REQ-SEC-019 | REQ-SEC-067 | REQ-SEC-077
BR-SEC-26,C8,«إظهار القسم» لا يمنح الاعتمادات الحساسة تلقائيًا.,INFERRED,B1-0171,لا ينطبق (غير منفذ),لا ينطبق,REQ-SEC-020
BR-SEC-27,C8,لا تغيير صلاحية بالتخمين؛ لا إضعاف للتفويض؛ التعارضات تُرفع للمالك.,DECIDED,B1-0065 | B3-0095 | B4b-0127,إجرائي,إجرائي,REQ-SEC-021
BR-SEC-28,C8,الاستيراد يمر بصلاحيات المجال؛ لا تحديث جماعي عام للصلاحيات.,DOCUMENTED,B3-0228 | B3-0262,price-lists.controller.ts:38 (products.products.import),price-lists.controller.ts:66 (products.price-lists.manage) والواجهة بالكود القديم,REQ-SEC-022
BR-SEC-29,C8,التركيبات السامة SOD-001..008 تُفحص؛ اثنتان تُفرضان لحظيًا عند الإسناد.,DOCUMENTED,B3-0332 | B3-0316,استشاري فقط (sod.service بلا مستدعين)؛ 7 أكواد غير موجودة,نفسه,REQ-SEC-024
BR-SEC-30,C8,مسؤول الأمن لا يجمع إدارة المستخدمين وإدارة الأدوار (SOD-005).,DOCUMENTED,B3-0316,غير مفروض (أكواد المصفوفة iam.roles.manage/iam.users.manage غير موجودة),نفسه,REQ-SEC-024
BR-SEC-31,C8,المنشئ لا يعتمد مستنده (maker-checker).,INFERRED,B2-0228 | B1-0011 | B1-0251 | B1-0286,مفروض في PO/المطابقة/المرتجعات/المقترحات/المصروفات/الهدايا/الرواتب (باستثناءات)؛ غير مفروض في الإجازات والحوافز وتسوية المخزون,نفسه + القيود اليدوية في general-ledger بلا فحص,REQ-SEC-025 | REQ-SEC-029 | REQ-SEC-030 | REQ-SEC-042 | REQ-SEC-043 | REQ-SEC-044
BR-SEC-32,C8,غياب هوية المنشئ يفشل مغلقًا ولا يُخترع فاعل.,CONFLICTING,B2-0228 | B6c-0029 | B2-0242,"matching.service.ts:200-203,650-653 (رفض)","matching.service.ts:232-235,690-693 (رفض)",REQ-SEC-025
BR-SEC-33,C8,"الأوامر ≥100,000 ج.م تحتاج اعتماد sales.orders.approve من غير منشئها.",DOCUMENTED,B6c-0237 | B3-0131 | B4a-0014,"orders.service.ts:20,612,1150 (يُعفى SUPER_ADMIN و.any)","orders.service.ts:20,642,1180",REQ-SEC-026
BR-SEC-34,C8,الخصم فوق حدود الصلاحية يذهب للاعتماد ولا يتجاوز أعلى مستوى في المصفوفة.,INFERRED,B1-0129,غير مفروض (لا سقف خادمي),جزئي: orders.service.ts:555-570 (سقف + صلاحية لدى المنشئ بلا معتمد ثانٍ),REQ-SEC-027
BR-SEC-35,C8,تجاوز الحجز الائتماني بسبب إلزامي ومن غير منشئ الأمر (SOD-002).,DOCUMENTED,B6b-0015,orders.service.ts:1130-1134 (يُعفى SUPER_ADMIN و.any),نفسه :1163,REQ-SEC-028
BR-SEC-36,C8,accounting.matching.approve لدور مدير الحسابات/المالية بإسناد يدوي؛ لا دور يُنشأ تلقائيًا.,DECIDED,B1-0063,الصلاحية مبذورة وغير ممنوحة لغير SUPER_ADMIN,الإنشاء لـSUPER_ADMIN ويولد APPROVED,REQ-SEC-030
BR-SEC-37,C8,مسجّل فاتورة المورد لا يعتمد استثناء مطابقتها (SOD-007).,DECIDED,B6c-0029,matching.service.ts:654-658,matching.service.ts:694-698,REQ-SEC-031
BR-SEC-38,C8,أحكام التالف: إصلاح=مدير المخزن؛ هدايا=مدير المبيعات/التسويق؛ إعدام=المخزن+المالية؛ مطالبة=المالية أو المشتريات.,DECIDED,B1-0077,غير مفروض (لا عملية),غير مفروض,REQ-SEC-032 | REQ-SEC-036
BR-SEC-39,C8,تجاوز الحد بالعلب استثناء بموافقة مسؤول في حالات محددة.,DECIDED,B1-0154,غير مفروض,غير مفروض,REQ-SEC-033
BR-SEC-40,C8,الإفراج اليدوي عن حجز يراجع حالة الطلب والفاتورة أولًا.,DECIDED,B1-0095,غير مفروض (لا إفراج يدوي),غير مفروض,REQ-SEC-034
BR-SEC-41,C8,لا اعتماد ذاتي للجرد وكل الفروق للاعتماد ونقص أقل من المحجوز يفشل.,INFERRED,B1-0286,غير مفروض (لا جرد),غير مفروض,REQ-SEC-035
BR-SEC-42,C8,التحويل بين المخازن بلا اعتماد؛ العمليات المزيلة للقيمة عبر AdjustmentRequest.,DOCUMENTED,B3-0086,transactions.service.ts:242-247,نفسه,REQ-SEC-037
BR-SEC-43,C8,مقدم المقترح الميداني لا يعتمده؛ الاعتماد بإثبات تأكيد/استلام وصلاحية الوحدة المالية؛ مراجعة GPS مستقلة.,DOCUMENTED,B1-0251 | B1-0250,"operations.service.ts:338-341,585-597",نفسه,REQ-SEC-038
BR-SEC-44,C8,اعتماد الرواتب سجل مستقل؛ الحاسب لا يعتمد.,DOCUMENTED,B3-0180,payroll.service.ts:356-359 (يُعفى SUPER_ADMIN),نفسه,REQ-SEC-039
BR-SEC-45,C8,صلاحيات الخزينة منفصلة read/manage/reconcile؛ العادّ ليس وحده مسجل الحركات.,DOCUMENTED,B4b-0254,جزئي: فصل صلاحيات بلا فحص على مستوى المعاملة,نفسه,REQ-SEC-040
BR-SEC-46,C8,إصدار الفاتورة (accounting.invoices.create) منفصل عن التحصيل (accounting.payments.create).,DOCUMENTED,B4b-0224,مفروض,مفروض,REQ-SEC-041
BR-SEC-47,C8,المصروفات: اعتماد المدير ثم المالية من غير الطالب ولا رفض بعد الصرف.,INFERRED,B3-0128,"expenses.service.ts:99-104,130-135 (رفض من أي حالة :153-168)",نفسه,REQ-SEC-043
BR-SEC-48,C8,لا استعادة لقاعدة بلا معتمد مسمّى (الهندسة + مالك بيانات المجال؛ الكاملة للمدير العام).,DOCUMENTED,B6c-0171,إجرائي,إجرائي,REQ-SEC-045
BR-SEC-49,C8,رفض الأمر بسبب إلزامي وتغيير الحالة وسجل الاعتماد ذريان.,DOCUMENTED,B4a-0096 | B6a-0126,غير مفروض: السبب اختياري والكتابة غير ذرية (orders.service.ts:1153-1163),نفسه,REQ-SEC-046
BR-SEC-50,C8,لا إشعار بنوع خارج TYPE_CATALOGUE.,DOCUMENTED,B1-0056 | B5b-0006,notifications.service.ts:43-70,نفسه,REQ-SEC-047
BR-SEC-51,C8,التسويقي يتطلب opt-in موثق؛ التشغيلي لا يُكتم.,DOCUMENTED,B1-0057 | B5b-0004,notifications.service.ts:206-217 (للمستخدم فقط),نفسه,REQ-SEC-048 | REQ-SEC-050
BR-SEC-52,C8,notifications.send لمستلمين محددين وbulk.send للجمهور؛ الصندوق مقيد بالمعرّف (404 للغريب).,DOCUMENTED,B1-0058,notifications.controller.ts:62-84,نفسه,REQ-SEC-049
BR-SEC-53,C8,لا التزام بمزوّد رسائل قبل عرض سعر مكتوب؛ لا تسويق عبر SMS.,DECIDED,B5b-0002 | B5b-0007,إجرائي؛ القنوات معطلة افتراضيًا,نفسه,REQ-SEC-050
BR-SEC-54,C8,لا إرسال مزدوج؛ 4xx فشل فوري و5xx/429 إعادة حتى MAX_ATTEMPTS.,DOCUMENTED,B5b-0011,notification-dispatcher.service.ts,نفسه,REQ-SEC-051
BR-SEC-55,C8,التوجيه بالصلاحية لا باسم الدور؛ processed_events في نفس المعاملة.,DOCUMENTED,B5b-0016 | B5b-0015,notifications-events.listener.ts:47-174,نفسه,REQ-SEC-052
BR-SEC-56,C8,تنبيه واحد لكل انتقال (لا تكرار يومي لنفس الحالة).,INFERRED,B5a-0225,غير مفروض (لا مهام تراخيص),نفسه,REQ-SEC-053
BR-SEC-57,C8,المساعد في مستوى القراءة لا ينفذ SQL ولا ترحيلًا ولا أوامر مالية ويقبل فقط مسارات مسموحة.,DECIDED,B4b-0004 | B6a-0355,copilot.service.ts,نفسه,REQ-SEC-055 | REQ-SEC-060
BR-SEC-58,C8,أي أداة تحرك مالًا/مخزونًا تتطلب تأكيدًا صريحًا برمز مربوط بالأداة والمستخدم والمدخل ومهلة 5 دقائق single-use.,DECIDED,B4b-0005 | B4b-0275,"copilot-tools.service.ts:19,113 (في الذاكرة)",نفسه,REQ-SEC-056 | REQ-SEC-059
BR-SEC-59,C8,تأكيد AI لا يعفي من SoD ولا يعد توقيع معتمد؛ فحص صلاحية المجال لكل أداة على الخادم.,DOCUMENTED,B5b-0042 | B4b-0274,requiredPermissions all-of في السجل,نفسه,REQ-SEC-056
BR-SEC-60,C8,لا إرسال للمزوّد الخارجي إلا بموافقة صريحة لكل طلب؛ السؤال فقط بلا سجلات ERP.,DOCUMENTED,B1-0308 | B6a-0354,مخالف: allowExternal !== false ونتائج الأدوات تُرسل,مخالف + الافتراضي external=true,REQ-SEC-057
BR-SEC-61,C8,إعدادات AI لا تُستورد عامًا والمفاتيح مشفرة ولا تُعاد.,DOCUMENTED,B3-0263 | B4b-0007,secret-box.ts,نفسه,REQ-SEC-058
BR-SEC-62,C8,كل أدوات AI معطلة افتراضيًا وتُفتح بمراحل بعد اختبارات القبول.,INFERRED,B5b-0045 | B5b-0033,مخالف: أدوات كتابة/دفع مسجلة,مخالف,REQ-SEC-059
BR-SEC-63,C8,تدقيق AI بلا مفاتيح ولا محتوى رسائل.,INFERRED,B5b-0075 | B5b-0044,copilot.service.ts:352 AI_TURN,copilot.service.ts:728,REQ-SEC-061
BR-SEC-64,C8,نصوص عربية، RTL، ar-EG + ج.م، Africa/Cairo، فشل الخدمة ≠ صفر.,DECIDED,B4b-0110 | B5a-0146 | B6c-0258,مطبق,مطبق,REQ-SEC-062
BR-SEC-65,C8,دعم 320–1536 مع احتواء عرض الصفحة وأزرار ≥44px.,DECIDED,B4b-0024 | B6c-0261,e2e/phase-0-4.spec.ts (لم يُشغّل),نفسه,REQ-SEC-063
BR-SEC-66,C8,لا عمليات مالية دون اتصال؛ SW يخزن الأصول المجزأة فقط.,DOCUMENTED,B6c-0296,public/sw.js,نفسه,REQ-SEC-064
BR-SEC-67,C8,الحفظ كمسودة لا ينشئ ولا يعتمد ولا يحجز ولا يرحّل؛ مفاتيح زائدة مرفوضة.,DOCUMENTED,B6a-0369 | B4b-0241,workspace drafts,نفسه,REQ-SEC-065
BR-SEC-68,C8,لا بيانات نموذج أو عميل في رابط الاختصار.,DECIDED,B4b-0039,required-setup.tsx,نفسه,REQ-SEC-066
BR-SEC-69,C8,لا رابط لصفحة غير عاملة ولا بيانات وهمية ولا «تم» عند فشل الحفظ؛ الاقتطاع معلن.,DOCUMENTED,B4a-0139 | B4a-0133 | B6c-0119 | B6a-0414,nav-routes (مفروض)؛ BFF يقتطع بصمت عند 200,نفسه,REQ-SEC-069 | REQ-SEC-071 | REQ-SEC-072
BR-SEC-70,C8,الخادم سلطة التحقق والعميل يعكسه؛ مفتاح idempotency لكل فتح نموذج.,DOCUMENTED,B6c-0281 | B4b-0233,ValidationPipe في كل الخدمات,نفسه,REQ-SEC-070
BR-SEC-71,C8,تباين WCAG AA ≥4.5/3.0 مفروض بقاعدة axe في CI.,DOCUMENTED,B6c-0266,e2e/a11y.spec.ts (لم يُشغّل),نفسه,REQ-SEC-073
BR-SEC-72,C8,المتصفحات المدعومة: Chrome/Edge 111+، Safari 16.2+، Firefox 113+.,DOCUMENTED,B6c-0192 | B6c-0264,browserslist (حسب الادعاء),نفسه,REQ-SEC-074
BR-SEC-73,C8,لا fetch مباشر ولا table يدوي ولا alert/confirm ولا مكتبة جديدة في الصفحات.,DOCUMENTED,B5b-0139 | B4a-0063,جزئي (اتفاق تطوير),نفسه,REQ-SEC-075
BR-NFR-01,C9,كل مسار بيانات في الخلفية يمر بـJwtAuthGuard ثم PermissionsGuard؛ الواجهة ليست حدًا أمنيًا.,INFERRED,B1-0181 | B6c-0193,apps/*/src/app.module.ts APP_GUARD JwtAuthGuard؛ PermissionsGuard لكل controller,نفسه؛ 4 controllers محاسبية بلا PermissionsGuard (غير مسجلة) gl-workbench.controller.ts:6-25,REQ-NFR-001
BR-NFR-02,C9,CORS بقائمة أصول صريحة بلا wildcard، والإقلاع يفشل دون CORS_ORIGINS.,INFERRED,B6c-0199 | B6c-0010,apps/sales/src/main.ts:30؛ docker-compose.production.yml:73,apps/sales/src/main.ts:30؛ docker-compose.production.yml:76,REQ-NFR-002
BR-NFR-03,C9,تحديد المعدل وIP التدقيق يُبنيان على عنوان العميل الحقيقي خلف البروكسي.,INFERRED,B6a-0168,not enforced (لا trust proxy في main.ts),not enforced,REQ-NFR-002 | REQ-NFR-019
BR-NFR-04,C9,مخالفة قيد فريد تُعاد 409 لا 500.,INFERRED,B6a-0106 | B6a-0025,محلي في بعض الخدمات فقط؛ http-exception.filter.ts يعيد 500,نفسه,REQ-NFR-003
BR-NFR-05,C9,الأسرار لا تُعاد من أي API ولا تُخزن نصًا صريحًا في القاعدة؛ يُعرض اسم المتغير الناقص فقط.,INFERRED,B4b-0339 | B5b-0012 | B5b-0021,secret-box.ts aes-256-gcm لمفتاح AI,apps/iam/src/modules/ai-settings/secret-box.ts:20,REQ-NFR-004
BR-NFR-06,C9,دور قاعدة كل خدمة مرفوض على قواعد الخدمات الأخرى.,INFERRED,B6a-0265 | B6a-0165,NOT_VERIFIED (إعداد تشغيلي),NOT_VERIFIED (إعداد تشغيلي),REQ-NFR-005
BR-NFR-07,C9,لا تُقلع خدمة إنتاجية دون مفتاح توقيع الأحداث، ويُرفض كل ظرف بتوقيع غير صالح.,INFERRED,B6c-0158 | B6a-0169,packages/events/src/events.module.ts:13-16؛ الرفض يُسقط بلا DLQ,نفسه,REQ-NFR-006
BR-NFR-08,C9,لا تُسجل كلمات المرور والتوكنات ورؤوس Authorization وبيانات اعتماد القاعدة في أي سجل/تدقيق/Sentry.,INFERRED,B6c-0055 | B6c-0159 | B6a-0197,audit.interceptor.ts:11 REDACTED_KEYS (مستوى أعلى)؛ Sentry الخلفي بلا beforeSend,نفسه + beforeSend في sentry.*.config.ts للويب,REQ-NFR-007
BR-NFR-09,C9,لا قراءة أو FK عبر قواعد الخدمات؛ التكامل بالأحداث فقط.,DOCUMENTED,B3-0361 | B2-0016 | B5a-0142,بنيوي: 9 schemas منفصلة,نفسه,REQ-NFR-008
BR-NFR-10,C9,المعرف المنطقي العابر يُتحقق من وجوده عند الكتابة؛ لا قيم افتراضية مثل unknown.,INFERRED,B6a-0301 | B4b-0138,not enforced (INV-08، saga تضع unknown/0),not enforced,REQ-NFR-008
BR-NFR-11,C9,لكل قاعدة عمل تطبيق واحد في الكود (مثل التقريب في common/money.ts).,DECIDED,B4b-0255 | B4b-0107,apps/accounting/src/common/money.ts:23,نفسه؛ ازدواجية SupplierPaymentsModule,REQ-NFR-009
BR-NFR-12,C9,النظام أحادي المستأجر بلا tenantId.,DECIDED,B3-0092,لا tenantId في أي schema,لا tenantId في أي schema,REQ-NFR-010
BR-NFR-13,C9,كل تعديل لأرصدة المال/المخزون/الائتمان في معاملة Serializable مع إعادة محاولة محدودة ثم 409.,DECIDED,B4b-0108 | B5a-0145,withSerializableRetry في 13 ملفًا (جزئي),نفسه,REQ-NFR-011
BR-NFR-14,C9,كل انتقال حالة تحديث مشروط بالحالة المتوقعة (updateMany where status=X).,INFERRED,B3-0154 | B3-0364,جزئي؛ غير مطبق في مستهلكي الدفع (SAL-01),جزئي,REQ-NFR-011 | REQ-NFR-015
BR-NFR-15,C9,أرصدة المخزون تتغير فقط عبر applySignedDelta.,INFERRED,B5a-0145,transactions.service.ts، allocation.engine.ts، consignment.service.ts,نفسه,REQ-NFR-011
BR-NFR-16,C9,كل عملية مالية تقبل Idempotency-Key إلزاميًا وتعيد النتيجة الأصلية عند التكرار.,DECIDED,B4b-0109 | B5a-0236 | B5a-0145,مدفوعات/تحويلات idempotencyKey @unique؛ الأوامر اختياري orders.controller.ts:107؛ الاستلام بلا مفتاح,orders.controller.ts:123 اختياري؛ الاستلام بلا مفتاح,REQ-NFR-012
BR-NFR-17,C9,كل حدث يُعرَّف في asyncapi.yaml أولًا والتغيير الكاسر يفشل البناء.,INFERRED,B5a-0144 | B6c-0191,packages/contracts generated؛ بلا schema_version,نفسه,REQ-NFR-013
BR-NFR-18,C9,الحدث يُنشر بعد التزام المعاملة فقط، وذو الأثر المالي/المخزني عبر outbox في نفس المعاملة.,INFERRED,B6a-0289 | B6a-0306 | B4a-0081,outbox في accounting وcrm فقط؛ الباقي DIRECT بعد الالتزام,+ inventory outbox؛ الباقي DIRECT,REQ-NFR-014 | REQ-NFR-021
BR-NFR-19,C9,فشل نشر الحدث صريح (EventPublishError) ولا يُسقط بصمت.,INFERRED,B6b-0054 | B6a-0057,"packages/events/src/publisher.ts:262,289",نفسه,REQ-NFR-014
BR-NFR-20,C9,كل مستهلك يحفظ event_id المعالَج في قاعدته ويتخطى المكرر.,INFERRED,B6a-0056 | B6b-0052,PrismaProcessedEventStore في كل المستهلكين؛ العلامة بعد المعالج,نفسه + inbox في supplier-ledger,REQ-NFR-015
BR-NFR-21,C9,المعالج يعيد 3 مرات للأخطاء العابرة ثم يرسل لـ.dlq برؤوس التشخيص؛ الأخطاء البرمجية بلا إعادة.,INFERRED,B3-0156 | B6c-0241,packages/events/src/consumer.ts,نفسه,REQ-NFR-016
BR-NFR-22,C9,إعادة تشغيل DLQ تنشر الظرف المخزن بنفس event_id بعد dry-run وبصلاحية audit.events.manage.,INFERRED,B6c-0146 | B6c-0070,dlq.service.ts + dlq-replay.ts,نفسه,REQ-NFR-016
BR-NFR-23,C9,سجل التدقيق append-only: trigger يرفض UPDATE/DELETE وسلسلة hash قابلة للتحقق.,DECIDED,B4b-0106 | B4a-0084 | B4a-0079,migration 20260909130000_audit_immutable_chain:28-43 (nile_audit فقط),نفسه,REQ-NFR-018
BR-NFR-24,C9,أحداث CRITICAL تحمل before وafter، والسبب إلزامي للأحداث الحساسة ويُفرض بـ400.,INFERRED,B4a-0087 | B4a-0088,المجمّع يرفع before/after من الحمولة؛ السبب رأس اختياري,نفسه,REQ-NFR-019
BR-NFR-25,C9,لا يُختلق منشئ لصفوف قديمة؛ created_by_id يبقى null والسجل يفشل مغلقًا.,INFERRED,B2-0222,غير منطبق (العمود غير موجود),vendor_invoice_created_by nullable (حسب الوثيقة),REQ-NFR-019
BR-NFR-26,C9,لا يُسجل في التدقيق فتح الصفحات والبحث وقراءات GET؛ يُسجل كل أثر مالي/مخزني/ائتماني/صلاحيات واعتماد/تجاوز.,INFERRED,B5a-0284 | B4a-0085 | B5a-0285,AuditInterceptor على mutations فقط,نفسه,REQ-NFR-020
BR-NFR-27,C9,كل topic في asyncapi له مستهلك في المجمّع وكل نوع حدث مصنف وإلا يفشل البناء.,INFERRED,B4a-0082 | B4a-0083,aggregator.coverage.spec.ts + EVENT_TOPICS aggregator.service.ts:26,نفسه,REQ-NFR-021
BR-NFR-28,C9,خدمات الاستهلاك تعيد 503 عند فقد Kafka والناشرون 200 degraded؛ تعطل القاعدة 503.,INFERRED,B6b-0059 | B6c-0077,apps/*/src/common/health.ts:82-85,نفسه,REQ-NFR-025
BR-NFR-29,C9,لا قائمة بلا حد ولا تجميع إداري من صفحة مقتطعة دون إعلان.,INFERRED,B6a-0401 | B6a-0133,جزئي: keyset.ts في sales؛ take:200 صامت في crm/inventory,نفسه,REQ-NFR-028 | REQ-NFR-026
BR-NFR-30,C9,كل مهمة دورية عبر المجدول المشترك بقفل advisory وصف job_runs، والمنطقة Africa/Cairo.,INFERRED,B5a-0123 | B6c-0246 | B5a-0163,packages/scheduler/src/job-runner.ts:43-92؛ scheduler.module.ts:30,نفسه,REQ-NFR-032
BR-NFR-31,C9,لا تُخزن صور المرفقات في القاعدة؛ تُتحقق الصيغة بـmagic bytes والحجم (2MB/5MB) ويُرفض هروب المسار.,INFERRED,B1-0047 | B1-0046 | B1-0048,"file-storage.service.ts:24-32,89-91",نفسه,REQ-NFR-034
BR-NFR-32,C9,لا عمليات مالية دون اتصال ولا تخزين لاستجابات API/HTML في الـService Worker.,DECIDED,B4b-0023 | B1-0188 | B6c-0295,apps/web/public/sw.js:15-22,نفسه,REQ-NFR-035
BR-NFR-33,C9,لا يُنفذ بند يعتمد على قرار عمل قبل تسجيل القرار.,DECIDED,B4b-0126 | B2-0077 | B2-0199,غير منطبق (عملية),غير منطبق (عملية),REQ-NFR-038
BR-NFR-34,C9,البند لا يُغلق إلا بفحص آلي ناجح (وفي الإنتاج للبنود التشغيلية).,INFERRED,B3-0141 | B3-0354,not enforced,not enforced,REQ-NFR-039
BR-NFR-35,C9,أي RED حرج في الأمن أو سلامة المال/البيانات أو النشر يمنع الإطلاق.,INFERRED,B6a-0243,not enforced (لا بوابة آلية),not enforced,REQ-NFR-040
BR-NFR-36,C9,اختبارات التكامل تُنفذ على PostgreSQL حقيقي في CI ولا تُتخطى صامتة.,CONFLICTING,B4b-0115 | B5a-0147 | B6c-0313,specs مشروطة بقاعدة (describeIfDb),نفسه,REQ-NFR-037
BR-NFR-37,C9,نشر الأحداث: outbox إلزامي لكل منتج مالي/مخزني (مقابل تأجيله).,CONFLICTING,B6b-0055 | B6a-0289,جزئي,جزئي,REQ-NFR-014
BR-NFR-38,C9,المستهلك ينتقل إلى الاستهلاك تلقائيًا عند توفر الوسيط بعد الإقلاع دون إعادة تشغيل، بتراجع أُسّي سقفه 30 ثانية.,INFERRED,B6a-0203 | B6a-0288 | B6a-0201,"packages/events/src/consumer.ts:74,245-260 [B]","packages/events/src/consumer.ts:74,245-260 [C]",REQ-NFR-046
BR-NFR-39,C9,إعادة تشغيل رسالة DLQ تبدأ بـdry-run وتُحدث أثرًا واحدًا فقط؛ معرّف الحدث عند إعادة النشر معلق على DEC-NFR-17.,CONFLICTING,B6b-0074 | B6b-0079 | B6b-0084 | B6b-0132,"packages/events/scripts/dlq-replay.ts:39-45,103-118 [B] (dry-run افتراضي، نفس event_id)","packages/events/scripts/dlq-replay.ts:39-45,103-118 [C]",REQ-NFR-016
BR-OPS-01,C10,لا ترحيل على الإنتاج دون نسخة احتياطية مسبقة ثم تحقق بعده (Backup ← migrate ← verify «بلا تفاوض»).,DECIDED,B1-0100 | B3-0220 | B4b-0304,not enforced (إجراء يدوي في docs/PRODUCTION-DEPLOY-COMBINED-2026-09-24-ar.md §1؛ production-migrate.sh لا يأخذ نسخة),scripts/deploy-production.sh:91-110 لقطة Neon إلزامية (expires +7 أيام :100) — تستهدف Neon لا nile-postgres,REQ-OPS-019
BR-OPS-02,C10,لا migration جديدة دون إذن صريح من صاحب النظام.,DECIDED,B1-0088 | B4b-0309,not enforced (إجرائي),not enforced (إجرائي),REQ-OPS-015
BR-OPS-03,C10,الترحيلات إضافية فقط: لا حذف/إسقاط/تعديل لبيانات أو كائنات قائمة.,DECIDED,B1-0088 | B4b-0310 | B6c-0127,not enforced,scripts/validate-migration-compatibility.cjs (regex على الملفات المتغيرة؛ تجاوز بالعلامة -- @nile-compat: reviewed-destructive :59),REQ-OPS-015
BR-OPS-04,C10,الترحيلات أمامية فقط: لا تعديل لملف migration مطبق؛ التصحيح بـmigration جديدة.,INFERRED,B4b-0295,not enforced,not enforced (validate-migration-compatibility يقبل الملفات المعدلة؛ general_ledger عُدلت 6 مرات — DB-01/OPS-09),REQ-OPS-015
BR-OPS-05,C10,لا db push ولا migrate reset ولا migrate dev على الإنتاج؛ فقط migrate deploy لملفات SQL ملتزمة.,DOCUMENTED,B6c-0124 | B4b-0342 | B4b-0193,scripts/production-migrate.sh (migrate deploy فقط),scripts/production-migrate.sh (متطابق),REQ-OPS-015
BR-OPS-06,C10,يُرفض النشر (exit 3) إذا اختلف schema.prisma عن migrations لأي خدمة، قبل تطبيق أي migration.,DECIDED,B4b-0112 | B4b-0113 | B6c-0125,scripts/production-migrate.sh:90-100 + validate-schema-migrations.cjs (النتيجة: PASS),scripts/production-migrate.sh:90-100 (النتيجة: FAIL accounting 22 اختلافًا),REQ-OPS-016
BR-OPS-07,C10,روابط القاعدة للترحيل يجب أن تكون direct لا -pooler.,DOCUMENTED,B6c-0006,scripts/production-migrate.sh:63-68 (exit 2),scripts/production-migrate.sh:63-68؛ scripts/deploy-production.sh:76,REQ-OPS-017 | REQ-OPS-025
BR-OPS-08,C10,الترحيلات تُنفذ فقط في حاوية db-migrate لمرة واحدة؛ حاويات التطبيق لا تستدعي Prisma وتنتظر نجاحها.,DOCUMENTED,B6c-0005 | B6c-0090,docker-compose.production.yml:111-115 depends_on + command node dist/main.js؛ لكن Dockerfile CMD يرحّل ذاتيًا خارج compose,docker-compose.production.yml:114-118؛ نفس ثغرة CMD (apps/accounting/Dockerfile:29),REQ-OPS-017
BR-OPS-09,C10,ترتيب الترحيل iam→organization→products→inventory→crm→sales→accounting→incentives→audit ثم بذر IAM؛ أي فشل يوقف ما بعده.,DOCUMENTED,B6c-0129,scripts/production-migrate.sh,scripts/production-migrate.sh (متطابق),REQ-OPS-017
BR-OPS-10,C10,نسخة ما قبل الترحيل: pg_dump -Fc لكل القواعد التسع + pg_restore --list + SHA256SUMS بـumask 077؛ أول فشل يوقف ولا أرشيف جزئي.,DOCUMENTED,B6c-0103 | B6c-0097 | B6c-0112,not enforced (يدوي),not enforced (يدوي؛ الأداة الآلية تستخدم لقطة Neon),REQ-OPS-019
BR-OPS-11,C10,نسخة خارج المضيف مشفرة واستعادة اختبارية للقواعد التسع على بيئة معزولة قبل الدمج/النشر.,DOCUMENTED,B6c-0104 | B5a-0279 | B6c-0101,not enforced,not enforced,REQ-OPS-019
BR-OPS-12,C10,نسخ ليلي 02:30 (30 2 * * *) لكل قاعدة مع sha256 ونسخة rclone خارجية واحتفاظ 14 يوميًا/8 أسبوعيًا/6 شهريًا وتنبيه dead-man إن لم يصل ping النجاح حتى 03:30.,INFERRED,B6c-0080 | B6c-0167 | B6c-0168 | B6c-0156,"scripts/backup-nightly.sh:12,29-31,38,83-90 (افتراضات السكربت؛ غير مثبت على المضيف؛ النسخة الخارجية والـping اختياريان)",نفسه (متطابق),REQ-OPS-020
BR-OPS-13,C10,أهداف الاستمرارية: [AI 2026-09-13] RTO 15 دقيقة وRPO 0؛ [AI 2026-09-23] لكل قاعدة < 15 دقيقة، كامل < 60 دقيقة، RPO PITR < 5 دقائق، RPO dumps ≤ 24 ساعة + الاكتشاف — غير معتمدة ومتعارضة.,CONFLICTING,B3-0359 | B6c-0178 | B6c-0172 | B6c-0163,not enforced,not enforced,REQ-OPS-021
BR-OPS-14,C10,دليل DR يجب أن يكون حقيقيًا (لا محاكاة) وعمره ≤ 92 يومًا لتمر بوابة go-live.,INFERRED,B6c-0079 | B6c-0179,scripts/go-live-acceptance-gate.cjs:113-125 (العمر فقط؛ لا يرفض بيئة synthetic),نفسه,REQ-OPS-022
BR-OPS-15,C10,تدريب استعادة ربع سنوي وبعد أي migration تمس الجداول المالية.,INFERRED,B6c-0179 | B6c-0081,not enforced (CI يدرب على قاعدة تركيبية كل push: ci.yml:130-138),not enforced (نفس تدريب CI التركيبي),REQ-OPS-022
BR-OPS-16,C10,لا استعادة فوق القاعدة الحية؛ يُحتفظ بالأصل التالف للأدلة ويُحذف بعد 30 يومًا من إغلاق الحادث بواسطة نفس المعتمِد.,INFERRED,B6c-0173 | B6c-0177,not enforced (runbook),not enforced (runbook),REQ-OPS-023
BR-OPS-17,C10,لا ترقية لقاعدة مستعادة قبل أن يسجل المالك نقطة ووقت الاستعادة.,INFERRED,B6c-0147,not enforced,not enforced,REQ-OPS-023
BR-OPS-18,C10,إذا تعذر تحديد الهدف إيجابيًا (إنتاج/فرع/نسخة/حاوية): توقف.,INFERRED,B3-0284 | B3-0215,scripts/deploy-customer-identities.sh:16-19 (حاوية crm واحدة وإلا exit 1)؛ لا فحص في مسارات النشر,نفسه؛ deploy-production.sh يفحص اتصال TCP فقط,REQ-OPS-025 | REQ-OPS-004 | REQ-OPS-006
BR-OPS-19,C10,ممنوع: down -v، -p/COMPOSE_PROJECT_NAME، فصل/حذف الشبكات، prune، إعادة إنشاء البروكسي؛ --remove-orphans وdown تغييرات فريقين.,DOCUMENTED,B6c-0141 | B6c-0018 | B6c-0110,scripts/merge-launcher.test.js:236-272 (محتوى compose)؛ الإجراء اليدوي يلتزم,CONFLICTING مع scripts/deploy-production.sh:140 وrollback-production.sh:20 (--remove-orphans),REQ-OPS-027
BR-OPS-20,C10,بعد أي تغيير بروكسي/نشر: فحص النطاقين hlos /api/health/ready وnile-erp /login.,DOCUMENTED,B6c-0140,not enforced (يدوي),جزئي: production-deploy.yml يفحص /login فقط,REQ-OPS-027 | REQ-OPS-032
BR-OPS-21,C10,.env الإنتاج بصلاحية 600، أسرار ≥ 43 حرفًا ومتمايزة، بلا FILL-ME/بيانات dev/هوية البذرة، وطباعة الأسماء فقط.,DOCUMENTED,B6c-0014 | B1-0189,"scripts/check-production-env.sh:75-79,147-153 (صلاحية الملف :159-160 تحذير فقط)",نفسه,REQ-OPS-028
BR-OPS-22,C10,الرجوع: الكود للخلف والمخطط للأمام؛ لا rollback تلقائي للقاعدة؛ الاستعادة فقط بقرار تعافٍ صريح منسق.,DOCUMENTED,B6c-0100 | B6c-0108 | B6c-0131,يدوي (IMAGE_TAG سابق),scripts/rollback-production.sh (صور فقط),REQ-OPS-024
BR-OPS-23,C10,لا نشر للإنتاج إلا بعد CI أخضر كامل (بما فيه web build).,DECIDED,B4b-0119 | B4b-0302 | B2-0221,not enforced (CI منفصل عن النشر اليدوي),".github/workflows/production-deploy.yml:10,26 (workflow_run نجاح CI على main)",REQ-OPS-029
BR-OPS-24,C10,النشر للإنتاج يتطلب موافقة بشرية مسماة على نافذة التغيير؛ لا دفع مباشر لـmain.,DECIDED,B5a-0282 | B6c-0031 | B4b-0308 | B6a-0389 | B1-0179,not enforced,production-deploy.yml:28 environment: production (المراجعون غير مرئيين في المستودع),REQ-OPS-029
BR-OPS-25,C10,رصيد العميل الافتتاحي يُرحل كقيد OPENING واحد فقط لكل حساب في ledger_entries.,INFERRED,B3-0091 | B3-0048,"apps/accounting/src/modules/saga-listener/saga-listener.service.ts:211-232 + schema @@unique([refType, refId])",saga-listener.service.ts:218-239 + apps/accounting/prisma/schema.prisma:469,REQ-OPS-001
BR-OPS-26,C10,قيد OPENING يحمل تاريخ القطع المعتمد (occurredAt = تاريخ القطع) لا تاريخ التشغيل.,INFERRED,B3-0142 | B3-0350,not enforced (occurredAt @default(now())),not enforced (apps/accounting/prisma/schema.prisma:462),REQ-OPS-001
BR-OPS-27,C10,الأرصدة الافتتاحية لا تُرحل إلا من ورقة موقعة من المحاسب مع مطابقة hash.,INFERRED,B3-0142 | B3-0350,not enforced,not enforced (reconcileMigrationData في packages/import-kit/src/reconciliation.ts:49 غير مستدعاة),REQ-OPS-001
BR-OPS-28,C10,المسار الافتتاحي لا يضاعف أي تاريخ معاملات مستورد.,INFERRED,B3-0048,not enforced (لا استيراد تاريخي قائم),not enforced,REQ-OPS-001
BR-OPS-29,C10,مطابقة العميل في الاستيراد بالاسم العربي مطابقة تامة؛ لا مطابقة تقريبية؛ الأسماء المتقاربة تحتاج قرار alias بشري.,DOCUMENTED,B3-0195,apps/crm/scripts/import-customers.ts:140,نفسه (متطابق),REQ-OPS-003
BR-OPS-30,C10,لا تخمين لنوع العميل: غير المحسوم null/unresolved؛ لا UNKNOWN ولا DOCTOR افتراضي.,DOCUMENTED,B3-0214 | B3-0197,import-customers.ts:165-170؛ import-identities.cjs,نفسه,REQ-OPS-003 | REQ-OPS-004 | REQ-OPS-005
BR-OPS-31,C10,repId/territoryId تُعبأ في الحسابات القائمة فقط إن كانت null ولا يُكتب فوق قيمة غير فارغة.,DOCUMENTED,B1-0315,import-customers.ts:183-186,نفسه,REQ-OPS-003
BR-OPS-32,C10,إعادة تشغيل نفس المصدر تنشئ صفر صفوف جديدة (مفتاح عمل ثابت).,DOCUMENTED,B6c-0245,packages/import-kit/src/runner.ts + matchExisting (الكود مشتق من ترتيب الصفوف import-customers.ts:91),نفسه,REQ-OPS-003
BR-OPS-33,C10,سكربتات الاستيراد في وضع dry-run افتراضيًا؛ الكتابة بـ--live صريح.,DOCUMENTED,B6c-0244,import-customers.ts:96؛ import-products.ts:94,نفسه,REQ-OPS-003
BR-OPS-34,C10,الأسماء البديلة المحتملة (إملاء/بادئة/لاحقة مندوب) تُحجز ولا تُدمج أو تُعدل.,DOCUMENTED,B3-0216 | B3-0224,apps/crm/scripts/import-identities.cjs,نفسه,REQ-OPS-004
BR-OPS-35,C10,عدم المطابقة في فحص الإثراء لا يجيز إنشاء عميل؛ الحالات REVIEW_MATCH / HOLD_MULTIPLE_MATCHES / HOLD_NO_EXACT_MATCH.,DOCUMENTED,B3-0078,scripts/master-data-preflight.cjs:43,نفسه,REQ-OPS-006
BR-OPS-36,C10,لا استيراد عام للقيود أو الفواتير أو المدفوعات أو المخزون المرحل أو التحويلات أو التسويات أو التدقيق أو الرواتب أو الحوافز المشتقة.,DOCUMENTED,B3-0252 | B3-0256,لا endpoints لذلك (api-inventory)؛ سكربت CLI يكتب Account.openingBalance,accounts.service.ts:442 أعمدة CSV بلا رصيد؛ نفس استثناء CLI,REQ-OPS-010
BR-OPS-37,C10,لا بيانات مختلقة أو seed كبيانات إنتاج، ولا backfill تخميني لحقول تاريخية.,INFERRED,B1-0244 | B6c-0041 | B3-0186 | B4b-0244,scripts/check-production-env.sh:147-153 (هوية البذرة),نفسه,REQ-OPS-012
BR-OPS-38,C10,لا migration أو حذف أو reset لجداول التسعير القديمة قبل مراجعة الأعداد وقرار المالك.,DECIDED,B1-0075,لا DROP/TRUNCATE في apps/sales/prisma/migrations (grep),نفسه,REQ-OPS-013
BR-OPS-39,C10,قبل إضافة قيد فرادة على دفتر مالي: فحص التكرارات في الإنتاج وعكس أثرها المالي لا حذفها.,INFERRED,B6b-0028 | B6b-0032 | B6a-0329,not enforced (لا سكربت فحص),not enforced,REQ-OPS-014
BR-OPS-40,C10,استبدال مكونات المنتج ذري؛ خطأ صف لا يوقف الدفعة؛ أي فشل يعطي exit code غير صفري.,INFERRED,B6a-0127 | B6a-0129 | B6a-0296,"apps/products/scripts/import-products.ts:81-91, ~166-235",نفسه (متطابق),REQ-OPS-007
BR-OPS-41,C10,حزم بيانات الأعمال الخاصة تُحفظ خارج Git وخارج المجلدات العامة.,INFERRED,B3-0069,CONFLICTING: apps/crm/scripts/data/*.json وData/ داخل git,CONFLICTING: نفسه,REQ-OPS-006
BR-OPS-42,C10,لا تعديل مباشر لصفوف الطلب/الحجز في القاعدة؛ تُستخدم نقاط الإلغاء/إعادة المحاولة المحمية.,DOCUMENTED,B6b-0083,not enforced,not enforced,REQ-OPS-036
BR-OPS-43,C10,صورة الوسيط مثبتة (لا latest، يفضل digest)، لا downgrade، وحدة تخزين دائمة قبل أي recreate.,INFERRED,B6c-0025 | B6c-0123 | B6b-0002,"docker-compose.production.yml:133,160",REDPANDA_IMAGE مطلوب (cur:136) + volume,REQ-OPS-031
BR-OPS-44,C10,لا معاملات اختبار حقيقية على الإنتاج دون موافقة مالية.,INFERRED,B6c-0107,not enforced,not enforced,REQ-OPS-032
BR-OPS-45,C10,استيراد CSV: dry-run، خطأ برقم الصف، تكرار داخل الملف، حد عدد الصفوف، صلاحية خادم.,DOCUMENTED,B3-0264,accounts.service.ts:403 importRows (بلا dryRun),accounts.service.ts:426-535 (حد 1000 :441، dryRun),REQ-OPS-009
BR-OPS-46,C10,رصيد أكبر عميل (كشف سلسلة بتنسيق مختلف) لا يُرحل كما استُخرج (12.00) بل يُستبعد أو يُصحح يدويًا من ورقة معتمدة.,INFERRED,B3-0198 | B3-0191,not enforced,not enforced,REQ-OPS-001
BR-OPS-47,C10,ملف «حسابات العملاء» هو المرجع الوحيد لبيانات العملاء وأرصدتهم عند الانتقال.,DECIDED,B1-0310,import-customers.ts:1-9 (توثيق فقط),نفسه,REQ-OPS-002
BR-OPS-48,C10,المخزون الافتتاحي: جرد فعلي → استلام بالتشغيلة والصلاحية → إفراج QC قبل الإتاحة.,INFERRED,B3-0142 | B3-0350,جزئي: goods-receipt وbatches/:id/qc و/release موجودة؛ لا وسم افتتاحي,نفسه,REQ-OPS-008
BR-OPS-49,C10,كل ترحيل إصدار يُطبق أولًا على staging ببيانات مستعادة وبنفس إصدار PostgreSQL، وأي فشل يوقف النشر.,INFERRED,B5a-0280 | B6a-0382 | B6c-0128,not enforced,جزئي: طوبولوجيا CI مؤقتة postgres:16 بيانات تركيبية,REQ-OPS-018
BR-OPS-50,C10,منافذ الخدمات الخلفية منشورة على 127.0.0.1 فقط؛ مضيف عام واحد عبر البروكسي.,DOCUMENTED,B6c-0002 | B6c-0004,docker-compose.production.yml:236,نفسه,REQ-OPS-026
BR-OPS-51,C10,الإنتاج ينشر صورًا بالـdigest مبنية في CI؛ المضيف لا يبني.,CONFLICTING,B6c-0030 | B6c-0036 | B6c-0015,CONFLICTING: البناء على المضيف (SERVER-STEPS، PRODUCTION-HOSTINGER),docker-compose.production.yml صور ${X_IMAGE:?}؛ deploy-production.sh,REQ-OPS-030
BR-OPS-52,C10,قبل أي ALTER/ترحيل: اكتشاف للقراءة فقط لـ_prisma_migrations وأحجام الجداول وأطول استعلام، دون طباعة أسرار.,INFERRED,B6c-0096 | B4b-0303,not enforced (إجرائي),not enforced (إجرائي),REQ-OPS-033
