req_id,bucket,title_ar,class,decider,process,responsible_user,purpose_ar,requirement_ar,business_rules,inputs,outputs,normal_flow,exceptions_cancel_reverse_retry,approvals_sod,acceptance_criteria,status_baseline,status_current,status_production,ev_ui,ev_api,ev_service,ev_schema,ev_events,ev_tests,gap_ar,impact_ar,priority,priority_reason,dependencies,decision_refs,owner_question_ar,related_findings,data_requirement_ar,dar,related_reqs,merged_into,sources
REQ-O2C-001,C1,تسعير سطور الأمر من الكتالوج على الخادم ومنع القيم المالية من المتصفح,DOCUMENTED_REQ,AI agent (G-1، runbook),Order-to-Cash / Pricing & Discount,مندوب المبيعات (منشئ الأمر)؛ مسؤول الكتالوج لنشر الأسعار,منع التلاعب بالسعر والضريبة من الواجهة أو الـAPI وضمان أن القيمة المالية المحفوظة مصدرها الكتالوج المنشور.,يجب أن يحدد الخادم سعر الوحدة ونسبة الضريبة لكل سطر من كتالوج الأسعار المنشور (سعر الجمهور)، ويتجاهل أو يرفض أي سعر/ضريبة مرسلين من العميل، ويرفض المنتج غير النشط أو بلا سعر، ولا يصل أي مبلغ مرسل من المتصفح إلى سجل مالي (تشمل نسبة الخصم بعد حسم سياسة الخصم).,BR-O2C-01 | BR-O2C-02 | BR-O2C-03,accountId، productId، quantity، (discountPct),سطور أمر مسعّرة من الخادم,استلام السطور ← جلب product_prices ← اعتماد publicPrice ?? unitPrice ← رفض غير النشط ← حساب الإجماليات.,منتج غير نشط/بلا سعر → 400؛ اختلاف السعر المتوقع في تحويل مقترح ميداني → 409.,لا اعتماد؛ تجاوز السعر في الاستيراد فقط بصلاحية sales.orders.import.override.,AC-O2C-001-1: بافتراض منتج سعر جمهوره 100 في الكتالوج، عندما يرسل المتصل unitPrice=1 مع السطر، فإن السطر المحفوظ سعره 100 بالضبط. | AC-O2C-001-2: بافتراض منتج isActive=false، عندما يُنشأ أمر يحويه، فإن الطلب يُرفض برسالة «unavailable for sale» ولا يُحفظ أي أمر. | AC-O2C-001-3: بافتراض نشر تغيير سعر عبر publish-price-catalog، عندما يُنشأ أمر جديد، فإن سعر السطر يساوي السعر الجديد خلال دورة نشر واحدة.,PARTIAL,PARTIAL,Unknown,[B+C] apps/web/app/dashboard/orders/new/page.tsx (يرسل discountPct مع السطر),[B] apps/sales/src/modules/orders/orders.controller.ts:100 POST /orders؛ [C] apps/sales/src/modules/orders/orders.controller.ts:116,[B] apps/sales/src/modules/orders/orders.service.ts:536-555 (رفض غير النشط 543)؛ [C] apps/sales/src/modules/orders/orders.service.ts:571-589 (573 رفض، 578 السعر المرجعي)؛ نشر الكتالوج [B] apps/products/src/modules/products/products.controller.ts:87 / [C] :97,"[B+C] apps/sales/prisma/schema.prisma:114 SalesOrderLine(unitPrice,taxPct,discountPct)، 540 ProductPrice",products.price.changed → إسقاط product_prices في Sales,"[B+C] orders.service.spec.ts (spec exists, not run)",السعر والضريبة من الخادم فعلًا، لكن نسبة الخصم ما زالت قيمة يرسلها العميل (0–100 في B، مسقوفة في C)، وفي الفاتورة المباشرة الخصم يدوي حتى 100% من البند؛ فبوابة «لا قيمة مالية من العميل» غير مكتملة. الوثائق تقول 409 عند اختلاف السعر والكود يتجاهل السعر المرسل بصمت.,تسعير خاطئ أو خصم غير مصرح ينتقل إلى الفاتورة والذمم والعمولة.,P1,يمس قيمة الإيراد والذمم مباشرة.,REQ-O2C-009 | REQ-O2C-021,DEC-O2C-02 | DEC-O2C-03,هل الخصم جزء من «القيم المالية» التي يجب أن يحددها الخادم من السياسة بالكامل؟,SAL-04 | SAL-05 | SAL-14,سطر الأمر يحفظ unitPrice وtaxPct من الكتالوج مع مصدر السعر؛ product_prices مفتاحه productId وبه publicPrice وisActive وتاريخ آخر تحديث؛ لا حقل مالي يقبل قيمة من العميل دون سياسة.,DAR-03,REQ-INV-056 | REQ-O2C-002 | REQ-O2C-009 | REQ-O2C-014,,docs/audit/21-p0-p1-remediation.md:1599-1618 (2026-09-07; B6b-0069) | docs/audit/22-production-remediation-master-plan.md:411 (2026-09-13; B6b-0124) | docs/OPERATIONS-RUNBOOK.md:20-22 (unknown; B6c-0144)
REQ-O2C-002,C1,حساب إجماليات السطر والضريبة والتقريب العشري الدقيق,INFERRED_NEEDS_APPROVAL,AI agent + ممارسة الشركة (رياضيات الفاتورة القديمة),Order-to-Cash / Pricing & Discount,النظام؛ المحاسب لاعتماد القاعدة,اتساق الإجماليات بين الأمر والفاتورة والذمم وتجنب فروق القروش.,كل حساب مالي بعشري دقيق وتقريب ROUND_HALF_UP لكل سطر: إجمالي = كمية×سعر ← خصم ← صافي ← ضريبة 14% ← إجمالي السطر؛ إجمالي المستند = مجموع السطور المقربة؛ حدود الخانات: مبلغ 2، سعر وحدة 4، نسب 2.,BR-O2C-04 | BR-O2C-05 | BR-O2C-06,سطور مسعّرة,subtotal، discountTotal، taxTotal، grandTotal,لكل سطر: gross ← discount ← net ← tax ← lineTotal مقرب؛ ثم الجمع.,قيم بخانات زائدة → 400 من الـDTO.,—,AC-O2C-002-1: بافتراض سطر 3 × 19.99 بضريبة 14% بلا خصم، عندما يُحسب الأمر، فإن الصافي 59.97 والضريبة 8.40 والإجمالي 68.37. | AC-O2C-002-2: بافتراض أمر من عدة سطور، عندما يُحفظ، فإن grandTotal = subtotal + taxTotal + shippingFee = مجموع lineTotal + الشحن بفرق صفر. | AC-O2C-002-3: بافتراض فاتورة مباشرة بنفس السطور، عندما تُصدر، فإن إجمالياتها تساوي إجماليات الأمر المكافئ حتى القرش.,PARTIAL,PARTIAL,Unknown,—,POST /orders، POST /accounting/invoices,[B+C] apps/sales/src/modules/pricing/pricing.service.ts:49-75 (Decimal لكل سطر)؛ الفاتورة المباشرة [B] apps/accounting/src/modules/invoices/invoices.service.ts:630-660 / [C] apps/accounting/src/modules/invoices/invoices.service.ts:657-687 تستخدم round2 على Number (apps/accounting/src/common/money.ts:23-25),[B+C] apps/sales/src/modules/orders/dto/create-order.dto.ts:10-12 (4/2/2 خانات),OrderCreated، StockReserveRequested (invoice_lines),"[B+C] pricing.service.spec.ts (spec exists, not run)",مسار الأمر بـDecimal؛ مسار الفاتورة المباشرة يقرّب بأرقام عائمة (round2) فقد يختلف القرش عن مسار الأمر. القاعدة (14%، الضريبة بعد الخصم، التقريب لكل سطر) غير معتمدة رسميًا من المالية.,فروق قروش بين الفاتورة والذمم وإقرار الضريبة.,P2,دقة مالية؛ الفرق صغير ويمكن تسويته يدويًا.,DEC-O2C-01,DEC-O2C-01,هل تعتمد المالية التقريب لكل سطر وحساب الضريبة بعد الخصم؟,ACC-15,"المبالغ Decimal(14,2) والأسعار Decimal(14,4) والنسب Decimal(5,2)؛ قيد: grandTotal = Σ lineTotal + shippingFee.",DAR-04 | DAR-10,REQ-O2C-001 | REQ-O2C-003 | REQ-O2C-031 | REQ-R2R-019 | REQ-R2R-020,,docs/audit/21-p0-p1-remediation.md:735-784 (2026-09-07; B6b-0040) | apps/sales/README.md:6 (unknown; B6c-0236) | docs/audit/21-p0-p1-remediation.md:782-784 (2026-09-07; B6b-0043)
REQ-O2C-003,C1,توثيق أساس كل سعر (قبل/بعد الضريبة) ومعالجة السعر الشامل,INFERRED_NEEDS_APPROVAL,AI agent,Order-to-Cash / Pricing & Discount,مسؤول الكتالوج؛ المحاسب,منع تحميل الضريبة مرتين عندما تكون أسعار الشركة المعروضة شاملة الضريبة.,يجب أن يُعرّف لكل سعر في الكتالوج/القائمة أساسه (قبل الضريبة أو شاملها) والحقل الصحيح لتخزينه وقاعدة التحويل والتقريب، ولا يُحمَّل سعر ظاهر في شيت الشركة إلى basePrice دون تحويل معتمد؛ ونسبة الضريبة 14% والعمولة 10% الافتراضيتان ليستا سياسة لكل الأصناف دون اعتماد.,BR-O2C-05,سعر من مصدر الشركة + أساسه,سعر مخزن بأساس معروف,استيراد/تعديل السعر مع تحديد الأساس ← تحويل ← تخزين.,أساس غير محدد → رفض الاستيراد.,اعتماد المحاسب لقاعدة التحويل.,"AC-O2C-003-1: بافتراض سعر شامل 2,244 ج.م بضريبة 14%، عندما يُستورد كسعر شامل، فإن السعر قبل الضريبة المخزن 1,968.42 وإجمالي الفاتورة للسطر 2,244.00 لا 2,558.16. | AC-O2C-003-2: بافتراض صف استيراد بلا تحديد أساس السعر، عندما يُتحقق منه، فإن الصف يُرفض برسالة تحدد الحقل الناقص.",NOT_IMPLEMENTED,NOT_IMPLEMENTED,Unknown,—,—,[B+C] apps/sales/src/modules/pricing/pricing.service.ts:49-75 (الضريبة تُضاف دائمًا فوق الصافي),[B+C] apps/sales/prisma/schema.prisma:540 ProductPrice بلا حقل أساس السعر,—,—,لا حقل ولا قاعدة لأساس السعر؛ النظام يفترض أن كل سعر قبل الضريبة.,خطر تضخيم الأسعار 14% أو نقص الإيراد حسب طريقة التحميل.,P1,ضريبة وقيمة إيراد.,DEC-O2C-01 | DEC-O2C-09,DEC-O2C-01 | DEC-O2C-09,هل أسعار الجمهور في شيتات الشركة شاملة الضريبة؟,GOV-06,ProductPrice/PriceListItem يحمل priceBasis (NET|GROSS) إلزاميًا وtaxPct المعتمد للصنف مع سجل تغيير.,DAR-05 | DAR-10,REQ-O2C-002 | REQ-O2C-021,,docs/audit/2026-09-18-company-workflows-vs-erp-ar.md:198 (2026-09-18; B3-0046)
REQ-O2C-004,C1,آلة حالات أمر البيع متسقة وفصل أبعاد الحالة (مستند/تنفيذ/تسوية),OWNER_DECISION,unnamed owner (backlog traceability),Order-to-Cash,النظام (الـsaga)؛ مدير المبيعات للمتابعة,حالة أمر موثوقة للتقارير والإلغاء والمرتجعات.,حالات أمر البيع متسقة بلا تناقض: الانتقالات شرطية ولا ترجع للخلف (الاستثناء PAID→INVOICED بعكس دفعة)، PAID من حدث محاسبي وINVOICED من الفوترة لا من الواجهة، وتُفصل أبعاد الحالة: حالة المستند، حالة التنفيذ (شحن/تسليم)، حالة التسوية (دفع)، وشروط الائتمان.,BR-O2C-07 | BR-O2C-08,أحداث StockReserved/InvoiceGenerated/PaymentReceived/PaymentReversed وأوامر المستخدم,حالة أمر واحدة صحيحة لكل بعد,DRAFT→(CREDIT_HOLD|PENDING_APPROVAL|APPROVED)→ALLOCATING→ALLOCATED→INVOICED→(SHIPPED→DELIVERED) مع تسوية مستقلة.,حدث متأخر/مكرر لا يغير حالة نهائية (CANCELLED/DELIVERED)؛ عكس الدفع يعيد بعد التسوية فقط.,—,AC-O2C-004-1: بافتراض أمر DELIVERED آجل، عندما يصل PaymentReceived بـfully_paid، فإن الحالة اللوجستية تبقى DELIVERED وتصبح حالة التسوية PAID. | AC-O2C-004-2: بافتراض أمر CANCELLED، عندما يصل StockReserved متأخر، فإن الحالة تبقى CANCELLED ويُصدر أمر تحرير للحجز. | AC-O2C-004-3: بافتراض أي أمر، عندما يُستعلم عن حالته، فإن الاستجابة تتضمن حقولًا منفصلة للمستند والتنفيذ والتسوية.,PARTIAL,PARTIAL,Unknown,[B+C] apps/web/app/dashboard/orders/page.tsx (عمودا حالة الشحن والدفع مشتقان في الواجهة),—,[B+C] apps/sales/src/modules/saga/saga.orchestrator.ts:336 (ALLOCATED غير شرطي)، 387 (ALLOCATION_FAILED غير شرطي)، 482 (PAID غير شرطي)، 406-432 INVOICED شرطي,[B+C] apps/sales/prisma/schema.prisma:15 enum OrderStatus (عمود حالة واحد),StockReserved، InvoiceGenerated، PaymentReceived، PaymentReversed,"[B+C] saga.orchestrator.spec.ts (spec exists, not run)",الدفع يكتب PAID فوق SHIPPED/DELIVERED/ON_HOLD_RECALL/CANCELLED، ثم عكس الدفع يجعل أمرًا مسلّمًا قابلًا للإلغاء (SAL-01)؛ StockReserved متأخر يحيي أمرًا ملغى (SAL-02)؛ الأبعاد مدموجة في عمود واحد. ادعاءات «متسق ✅» في وثائق التتبع غير دقيقة.,تقارير حالة خاطئة وإمكان إلغاء فاتورة بضاعة مسلّمة (فقدان مديونية).,P1,سلامة البيانات والمال.,REQ-O2C-006,,,SAL-01 | SAL-02,SalesOrder: documentStatus، fulfilmentStatus، settlementStatus كحقول منفصلة بقيود انتقال؛ كل انتقال بتحديث شرطي على الحالة السابقة مع سجل تدقيق.,DAR-04 | DAR-05 | DAR-07 | DAR-08 | DAR-09 | DAR-12,REQ-O2C-005 | REQ-O2C-006 | REQ-O2C-022,,docs/audit/2026-09-20-backlog-traceability-ar.md:146 (2026-09-20; B4b-0071) | docs/audit/production-program/PHASE-0-ARCHITECTURE.md:70 (2026-09-16; B6a-0319) | Data/AB DATA/Nile ERP Business Operations.pdf:p.6-7 (2026-09-13; B3-0334)
REQ-O2C-005,C1,المسار الكامل O2C من الأمر حتى التحصيل والعمولة متسق عبر الخدمات,OWNER_DECISION,unnamed owner + Business Operations PDF,Order-to-Cash,المندوب، مدير المبيعات، المخازن، الحسابات,تشغيل دورة البيع اليومية كاملة داخل النظام.,دورة أمر البيع كاملة: زيارة ← أمر ← تسعير وضريبة وفحص ائتمان (حوكمة الائتمان لدى C6) ← اعتماد ≥ العتبة ← حجز FEFO (الأمانة أولًا، لدى C4) ← فاتورة آلية ← شحن (ممنوع لتشغيلة مستدعاة) ← تسليم ← تحصيل ← PARTIAL/PAID ← قيد عمولة (لدى C7)، وكل أثر يحدث مرة واحدة ومتسقًا بين Sales وInventory وAccounting.,BR-O2C-80,أمر بيع,فاتورة، حركة مخزون، تحصيل، عمولة,كما في process.md (As-Is).,إلغاء/مرتجع/ارتداد شيك بمسارات منفصلة.,اعتماد القيمة؛ تجاوز ائتمان (C6).,AC-O2C-005-1: بافتراض أمر 10 علب لعميل له حد ائتمان كاف، عندما يمر بالمسار كاملًا حتى التحصيل الكامل، فإن المخزون ينقص 10 مرة واحدة وتوجد فاتورة واحدة ودفعة واحدة وقيد عمولة PENDING واحد. | AC-O2C-005-2: بافتراض نفس المسار، عندما تُعاد كل الأحداث مرة ثانية، فإن لا أثر مكررًا في أي خدمة. | AC-O2C-005-3: بافتراض اختبار دخان شامل، عندما يُشغل على بيئة staging، فإن كل خطوة تسجل حدث تدقيق ومعرف ارتباط واحد.,PARTIAL,PARTIAL,Unknown,[B+C] apps/web/app/dashboard/orders، shipping، invoices، collection,انظر REQ-O2C-001..062,[B+C] apps/sales/src/modules/saga/saga.orchestrator.ts:121-530؛ [B] apps/accounting/src/modules/saga-listener/saga-listener.service.ts:95 / [C] apps/accounting/src/modules/saga-listener/saga-listener.service.ts:102 onStockReserved,—,سلسلة الأحداث في notes/sales-crm-incentives.md §3.2,"[B+C] saga.orchestrator.spec.ts (spec exists, not run)؛ لا smoke موسّع",السلسلة مبنية، لكن فجوات الحالة (SAL-01/02)، وتعرض الائتمان للفواتير المباشرة (SAL-03)، وعدم وجود outbox في Sales (INT-01)، وفي C فشل كل كتابات GL (ACC-02) تمنع اتساق كل المسارات.,توقف أو تضارب العمليات اليومية.,P1,يعطل العمليات اليومية والمال.,REQ-O2C-004 | REQ-O2C-006 | C6 (credit) | C4 (allocation) | C7 (commission),DEC-O2C-14,,SAL-01 | SAL-02 | SAL-03 | INT-01 | ACC-02,معرف ارتباط واحد (correlationId) يربط الأمر والحجز والفاتورة والدفعات والعمولة؛ مراجع منطقية بين قواعد البيانات تحتاج تسوية دورية.,DAR-04 | DAR-05 | DAR-06 | DAR-07 | DAR-08 | DAR-11,REQ-O2C-004 | REQ-O2C-006 | REQ-O2C-032 | REQ-O2C-040,,docs/audit/2026-09-20-backlog-traceability-ar.md:145 (2026-09-20; B4b-0070) | Data/AB DATA/Nile ERP Business Operations.pdf:p.2 (2026-09-13; B3-0317) | docs/audit/23-day1-operations-ux-consistency.md:30-58 (2026-09-08; B5b-0131)
REQ-O2C-006,C1,تنسيق Saga الأمر بلا 2PC مع idempotency وتعويض,DOCUMENTED_REQ,AI agent (apps/sales/README),Order-to-Cash,النظام؛ فريق التشغيل,ضمان عدم ضياع أو تكرار أثر عند فشل جزئي بين الخدمات.,Saga الأمر: commit محلي ثم حدث، الحالة محفوظة بمعرف الارتباط، dedup دائم بـevent_id، التعويض مملوك للـsaga (ALLOCATION_FAILED مع تحرير)، وإعادة تسليم StockReserved لا تُدخل صفوف تخصيص مكررة.,BR-O2C-80 | BR-O2C-81,أحداث Kafka,خطوات saga,CREATED→RESERVE_REQUESTED→RESERVED→INVOICED→DONE.,فشل النشر → ALLOCATION_FAILED؛ إعادة المحاولة عبر REQ-O2C-023.,—,AC-O2C-006-1: بافتراض حدث StockReserved مُعاد تسليمه، عندما يُعالج مرتين، فإن عدد صفوف order_line_allocations للأمر لا يتغير. | AC-O2C-006-2: بافتراض توقف الوسيط بعد commit الأمر، عندما يعود، فإن الحدث يُنشر من outbox دون تدخل يدوي خلال 5 دقائق. | AC-O2C-006-3: بافتراض انهيار المستهلك بين المعالجة وتسجيل processed_events، عندما يُعاد التسليم، فإن الأثر المالي لا يتكرر.,PARTIAL,PARTIAL,Unknown,—,[B+C] GET /api/sales/sagas/stalled، /sagas/:orderId,[B+C] apps/sales/src/modules/saga/saga.orchestrator.ts:55-93 (PrismaProcessedEventStore)، 328-331 (فحص الخطوة)، 352-378 persistAllocations (createMany بلا قيد فريد، خارج معاملة تحديث الخطوة),[B+C] apps/sales/prisma/schema.prisma:149 OrderLineAllocation بلا unique؛ processed_events؛ لا جدول outbox في Sales,sales.* و inventory.stock.reserve-requested نشر مباشر بعد commit,"[B+C] saga.orchestrator.spec.ts (spec exists, not run)",جدول processed_events مستخدم الآن (ادعاء B6a-0099 قديم)، لكن: لا outbox في Sales (INT-01)، علامة dedup بعد المعالج وخارج معاملته (INT-02)، persistAllocations قبل تحديث الخطوة بلا قيد فريد؛ عقد AsyncAPI يخالف التنفيذ (DEC-O2C-20).,أوامر عالقة أو آثار مزدوجة على الائتمان والتحصيل.,P1,سلامة البيانات عبر الخدمات.,REQ-O2C-023 | REQ-O2C-024,DEC-O2C-16 | DEC-O2C-20,ما سلوك الـsaga المطلوب عند فشل نشر الحدث بعد الكتابة؟,INT-01 | INT-02 | SAL-02,"OrderSaga(orderId PK، step، lastError، attempts، updatedAt)؛ outbox_events في Sales؛ order_line_allocations unique(orderLineId, batchId, reservationId)؛ processed_events(eventId PK) في نفس معاملة الأثر.",DAR-03 | DAR-06 | DAR-07,REQ-O2C-005 | REQ-O2C-023 | REQ-O2C-024,,apps/sales/README.md:10-28 (unknown; B6c-0238) | docs/audit/04-database.md:36 (2026-09-01; B6a-0099) | docs/audit/05-transactions-concurrency.md:86 (2026-09-01; B6a-0122) | docs/audit/15-testing.md:45 (2026-09-01; B6a-0229)
REQ-O2C-007,C1,اعتماد أوامر البيع حسب القيمة مع فصل المهام,DOCUMENTED_REQ,Business Operations PDF (عبر AI agent),Order-to-Cash,مدير المبيعات (المعتمد)؛ المندوب (المنشئ),رقابة على الأوامر الكبيرة قبل حجز المخزون والفوترة.,"الأمر بإجمالي ≥ عتبة الاعتماد (100,000 ج.م حاليًا) يدخل PENDING_APPROVAL ولا يُحجز حتى يعتمده مستخدم غير المنشئ بصلاحية sales.orders.approve، مع سجل OrderApproval (المعتمد، السبب، الوقت)؛ الرفض بسبب.",BR-O2C-13 | BR-O2C-14,أمر بإجمالي ≥ العتبة,APPROVED/REJECTED + OrderApproval,إنشاء ← PENDING_APPROVAL ← اعتماد ← تخصيص.,رفض بسبب → REJECTED نهائي.,SoD: المعتمد ≠ المنشئ إلا .any؛ تجاوز الائتمان (C6) لا يجب أن يتخطى الاعتماد إلا بقرار.,"AC-O2C-007-1: بافتراض أمر بإجمالي 100,000.00 ج.م، عندما يُنشأ، فإن حالته PENDING_APPROVAL ولا يُرسل StockReserveRequested. | AC-O2C-007-2: بافتراض منشئ الأمر يملك sales.orders.approve، عندما يحاول اعتماد أمره، فإن الطلب يُرفض 403. | AC-O2C-007-3: بافتراض أمر على CREDIT_HOLD بقيمة 150,000، عندما يُتجاوز الحجز الائتماني، فإن الأمر يمر بالاعتماد أو يُسجل أن التجاوز يغطيه حسب DEC-O2C-21.",IMPLEMENTED,IMPLEMENTED,Unknown,[B+C] apps/web/app/dashboard/approvals,"[B] apps/sales/src/modules/orders/orders.controller.ts:167,177 / [C] apps/sales/src/modules/orders/orders.controller.ts:183,193",[B] apps/sales/src/modules/orders/orders.service.ts:612 (needsApproval)، 1147 decide / [C] apps/sales/src/modules/orders/orders.service.ts:642، 1177,[B+C] apps/sales/prisma/schema.prisma:222 OrderApproval,sales.order.approved/rejected,"[B+C] orders.service.spec.ts (spec exists, not run)",العتبة ثابتة في الكود وتشمل رسوم الشحن، مستوى واحد، وتجاوز الحجز الائتماني يتخطى الاعتماد (SAL-17)؛ العتبة تُقاس بعد الخصم (REQ-O2C-009).,رقابة يمكن تجاوزها بتجاوز الائتمان.,P2,ضعف رقابي له بديل يدوي.,REQ-O2C-008 | C6,DEC-O2C-21,"هل تجاوز الحجز الائتماني يُغني عن اعتماد ≥ 100,000؟",SAL-17 | GOV-06,OrderApproval(orderId، level، approverId، decision، reason، decidedAt) مع قيد approverId ≠ createdBy.,DAR-04,REQ-O2C-008 | REQ-O2C-009 | REQ-SEC-016 | REQ-SEC-026 | REQ-SEC-046 | REQ-TRC-027 | REQ-TRC-029,,docs/audit/2026-09-20-ab-data-pdf-review-ar.md:29-31 (2026-09-20; B3-0115)
REQ-O2C-008,C1,عتبة اعتماد قابلة للضبط ومتعددة المستويات بدل الثابت في الكود,INFERRED_NEEDS_APPROVAL,AI agent,Order-to-Cash,مدير المبيعات/المالية (ضبط الإعداد),تعديل سياسة الاعتماد دون نشر كود.,تُخزن عتبة (أو مستويات) اعتماد الأوامر في إعداد مبيعات قابل للتعديل بصلاحية مع تدقيق، ويقرأها الإنشاء والإرسال والواجهة من نفس المصدر.,BR-O2C-13,إعداد العتبة,عتبة نافذة,تعديل الإعداد ← يسري على الأوامر الجديدة.,—,تعديل الإعداد بصلاحية إدارية وتدقيق.,"AC-O2C-008-1: بافتراض تعديل العتبة إلى 50,000 بمستخدم مصرح، عندما يُنشأ أمر 60,000، فإن حالته PENDING_APPROVAL دون نشر كود. | AC-O2C-008-2: بافتراض تعديل العتبة، عندما يُراجع سجل التدقيق، فإن القيمة السابقة والجديدة والمنفّذ مسجلة.",NOT_IMPLEMENTED,NOT_IMPLEMENTED,Unknown,—,[B+C] GET /orders/config يعرض الثابت ([B] apps/sales/src/modules/orders/orders.service.ts:141-153 / [C] apps/sales/src/modules/orders/orders.service.ts:156-168),[B+C] apps/sales/src/modules/orders/orders.service.ts:20 const APPROVAL_THRESHOLD = 100000,[B+C] apps/sales/prisma/schema.prisma:240 pricing_rules.approval_threshold مزروع وغير مقروء,—,—,الثابت في الكود؛ حقل الإعداد موجود وغير مستخدم.,تغيير السياسة يحتاج إصدارًا.,P3,كفاءة؛ القيمة الحالية تعمل.,REQ-O2C-007,DEC-O2C-21,أين تُخزن العتبة ومن يعدلها؟,GOV-06,SalesSetting(key، value، validFrom، changedBy) أو ApprovalLevel(minAmount، permission) بإصدارات.,DAR-12,REQ-NFR-041 | REQ-O2C-007,,docs/P1-WAVE1-IMPLEMENTATION-NOTES.md:357-365 (2026-09-24; B2-0241) | Data/AB DATA/Nile ERP Business Operations.pdf:p.6 (2026-09-13; B3-0333)
REQ-O2C-009,C1,حوكمة الخصم عند إنشاء الأمر والفاتورة: سقف واعتماد ورفض 100%,DOCUMENTED_REQ,design (P1 Decision Pack، decider unknown) + auditor,Order-to-Cash / Pricing & Discount,المندوب (يطلب)، المعتمد حسب المستوى,منع منح خصومات غير مصرح بها وضمان ألا يقلل الخصم الأكبر مستوى الرقابة.,عند إنشاء أمر (تفاعلي/مستورد/مقترح) أو فاتورة مباشرة: الخصم ≤ حد المستخدم يمر؛ بين حد الاعتماد والحد الأقصى يدخل PENDING_APPROVAL بسبب DISCOUNT_EXCEEDS_POLICY؛ فوق الحد الأقصى أو ≥100% يُرفض؛ وعند غياب سياسة يُطبق حد افتراضي معتمد؛ والعتبة المالية تُقاس قبل الخصم أو يكون الخصم سبب اعتماد مستقل.,BR-O2C-15 | BR-O2C-16 | BR-O2C-17 | BR-O2C-18 | BR-O2C-20 | BR-O2C-48,discountPct لكل سطر، هوية المستخدم وصلاحياته,أمر APPROVED أو PENDING_APPROVAL(DISCOUNT) أو رفض,حساب أعلى خصم ← مقارنة بحد المستخدم والسياسة ← توجيه.,فوق الحد → 400؛ رفض الاعتماد → REJECTED.,المعتمد ≠ المنشئ؛ مستويات حسب DEC-O2C-03.,"AC-O2C-009-1: بافتراض مندوب بلا صلاحيات إضافية، عندما يطلب خصم 100% على أمر 600,000، فإن الطلب يُرفض ولا يُنشأ أمر. | AC-O2C-009-2: بافتراض حد المندوب 3% والحد الأقصى 15%، عندما يطلب 10%، فإن الأمر يُنشأ بحالة PENDING_APPROVAL وسبب DISCOUNT_EXCEEDS_POLICY. | AC-O2C-009-3: بافتراض فاتورة مباشرة ببند خصم 50% من مستخدم حده 12%، عندما تُصدر، فإنها تُرفض أو تُحال للاعتماد بنفس قواعد الأمر. | AC-O2C-009-4: بافتراض أمرين متطابقين بخصم 0% و90%، عندما يُنشآن، فإن مستوى رقابة الثاني ≥ الأول.",CONTRADICTED,PARTIAL,Unknown,[B+C] apps/web/app/dashboard/orders/new/page.tsx:242 (سقف 30% في الواجهة فقط),POST /orders، POST /orders/import، POST /accounting/invoices,[B] apps/sales/src/modules/orders/dto/create-order.dto.ts:12 @Max(100) ولا فحص في apps/sales/src/modules/orders/orders.service.ts:520-612؛ [C] apps/sales/src/modules/orders/orders.service.ts:556-570 (≥100 رفض، > أعلى مستوى في المصفوفة 403، >12 يتطلب sales.discounts.approve)؛ الفاتورة المباشرة [B] apps/accounting/src/modules/invoices/invoices.service.ts:638-646 / [C] apps/accounting/src/modules/invoices/invoices.service.ts:665-673 (حتى 100% بلا سقف),[B+C] apps/sales/prisma/schema.prisma:240 PricingRule، 294 DiscountApprovalLevel,sales.discount.overridden (تدقيق فقط),"[B+C] orders.discount-governance.characterization.spec.ts (spec exists, not run)","B: الخادم يقبل 0–100% بلا سقف أو اعتماد، وخصم 100% على 600,000 ينتج أمرًا معتمدًا آليًا (عكس المطلوب). C: يرفض ≥100 ويرفض (لا يحيل للاعتماد) ما فوق أعلى مستوى، ويشترط صلاحية sales.discounts.approve غير الموجودة في IAM فوق 12%، والعتبة ما زالت بعد الخصم. في النسختين الفاتورة المباشرة تتجاوز أي حوكمة خصم، والاستيراد يتبع سقفًا مختلفًا.",تسرب إيراد غير محدود عبر الخصم.,P1,مال مباشر.,REQ-O2C-010 | REQ-O2C-012 | REQ-O2C-027,DEC-O2C-03 | DEC-O2C-21,هل حد 12% خصم أساسي للجميع والمصفوفة خصم إضافي؟ ومن يمنح كم؟,SAL-04 | SAL-05 | SAL-15 | GOV-03,سطر الأمر/الفاتورة يحفظ discountPct ومصدره (افتراضي/سياسة/يدوي) والسياسة المطبقة؛ OrderApproval بسبب DISCOUNT؛ سياسة الخصم (حد أدنى، حد اعتماد، حد أقصى، نطاق) بإصدارات.,DAR-07,REQ-O2C-001 | REQ-O2C-007 | REQ-O2C-010 | REQ-O2C-012 | REQ-SEC-027,,"docs/P1-BUSINESS-DECISION-PACK.md:140,162 (2026-09-24; B2-0024) | docs/P1-AUDIT.md:286-293 (2026-09-24; B2-0158) | docs/PROMPT-P1-P3-IMPLEMENTATION.md:184 (unknown; B5a-0195) | docs/P1-BUSINESS-DECISION-PACK.md:398 (2026-09-24; B2-0083)"
REQ-O2C-010,C1,مصفوفة حدود وصلاحيات الخصم حسب الدور ملزمة ومربوطة بـIAM,INFERRED_NEEDS_APPROVAL,AI agent (Gap Analysis PDF),Order-to-Cash / Pricing & Discount,مدير المبيعات (إدارة المصفوفة),أن يكون حد الخصم لكل دور قاعدة نافذة لا جدولًا استرشاديًا.,كل مستوى في مصفوفة الخصم (مندوب 3%، مدير منطقة 5%، مدير مبيعات 7%، تنفيذي 15% أو ما يعتمده المالك) يُربط بصلاحية IAM حقيقية ويُفرض على الأوامر والفواتير، fail-closed، مع تدقيق تعديل المصفوفة.,BR-O2C-19,المصفوفة، صلاحيات المستخدم,حد الخصم الفعلي للمستخدم,تحديد أعلى مستوى يملكه المستخدم ← حد الخصم.,مستوى بلا صلاحية مطابقة → لا يمنح شيئًا.,تعديل المصفوفة بـsales.discounts.matrix.manage.,AC-O2C-010-1: بافتراض مستخدم يملك صلاحية مستوى «مدير منطقة» فقط، عندما يطلب خصم 6%، فإن الأمر يُحال للاعتماد. | AC-O2C-010-2: بافتراض مستوى في المصفوفة باسم دور غير موجود، عندما يُحفظ، فإن الحفظ يُرفض. | AC-O2C-010-3: بافتراض تعديل حد مستوى، عندما يُراجع التدقيق، فإن القيمة السابقة والجديدة والمنفّذ مسجلة.,PARTIAL,PARTIAL,Unknown,[B+C] apps/web/app/dashboard/discounts/page.tsx (848 سطرًا),[B+C] GET/PUT /api/sales/discounts/approval-matrix,"[B+C] apps/sales/src/modules/discounts/discounts.service.ts:72-86,257-277 (assertWithinMatrix على السياسات فقط)؛ [C] apps/sales/src/modules/orders/orders.service.ts:560-564 يستخدم أعلى قيمة فقط",[B+C] apps/sales/prisma/schema.prisma:294 DiscountApprovalLevel(roleLabel نص حر)، @@unique([roleLabel]) :302,—,"[B+C] discounts.service.spec.ts (spec exists, not run)",roleLabel نص حر غير مربوط بـIAM؛ المصفوفة لا تُطبق على الأوامر (C يستخدم أعلى قيمة فقط)؛ صلاحية sales.discounts.approve غير معرفة في IAM.,المصفوفة توحي برقابة غير موجودة.,P1,مال (يرتبط مباشرة بحوكمة الخصم).,REQ-O2C-009 | C8 (IAM),DEC-O2C-03,أي نموذج 3-A/3-B/3-C/3-D؟,SAL-05 | SEC-10,DiscountApprovalLevel(levelCode، permissionCode FK منطقي إلى IAM، maxDiscountPct، isActive، version).,DAR-12,REQ-O2C-009 | REQ-SEC-027,,Data/AB DATA/Nile ERP Gap Analysis.pdf:p.2 (2026-09-13; B3-0340)
REQ-O2C-011,C1,توثيق إعادة استخدام جدول PricingRule كمخزن لسياسات الخصم,INFERRED_NEEDS_APPROVAL,auditor,Order-to-Cash / Pricing & Discount,فريق التطوير/البيانات,منع حذف جدول حي يحمل سياسات الخصم ظنًا أنه ميت.,يُوثق أن pricing_rules أعيد استخدامه كمخزن سياسات الخصم (maxDiscountPct) ويقرؤه مسار الاستيراد، ولا يُحذف أو يُعاد تسميته إلا بقرار مع ترحيل.,BR-O2C-21,—,وثيقة ونموذج بيانات واضح,—,—,قرار المالك لأي حذف.,AC-O2C-011-1: بافتراض قاموس البيانات، عندما يُراجع جدول pricing_rules، فإنه يصف استخدامه الفعلي (سياسات الخصم) والمستهلكين (الاستيراد). | AC-O2C-011-2: بافتراض migration يحذف pricing_rules، عندما يُراجع، فإنه يُرفض ما لم يرتبط بقرار DEC-O2C-04.,PARTIAL,PARTIAL,Unknown,—,/api/sales/discounts,[B+C] apps/sales/src/modules/discounts/discounts.service.ts:16؛ [B] apps/sales/src/modules/orders/orders.service.ts:879 / [C] apps/sales/src/modules/orders/orders.service.ts:909,[B+C] apps/sales/prisma/schema.prisma:240,—,—,وثائق متعارضة تصفه بـ«جدول ميت» بينما هو مستخدم؛ معنى مزدوج (approval_threshold غير مقروء).,خطر حذف بيانات سياسة حية.,P3,توثيق.,,DEC-O2C-04,تفعيل PricingRule أم استبداله؟,GOV-04,إعادة تسمية منطقية (discount_policies) أو وصف في القاموس؛ لا حذف دون ترحيل.,DAR-04 | DAR-20,REQ-O2C-009 | REQ-O2C-018 | REQ-OPS-013,,docs/P1-AUDIT.md:155 (2026-09-24; B2-0128)
REQ-O2C-012,C1,خصم العميل الافتراضي وقائمة أسعاره على ملف العميل تُستهلك عند البيع,OWNER_DECISION,unnamed owner (2026-09-28),Order-to-Cash / Pricing & Discount,مسؤول العملاء (CRM)؛ المندوب,تسعير العميل من ملفه بدل ثابت للجميع.,يُختار مصدر التسعير (قائمة أسعار) ونسبة خصم العميل (افتراضي 12%) عند إنشاء العميل ويُحفظان على ملفه، ويستخدمهما الأمر والفاتورة المباشرة والمقترح الميداني عند التسعير؛ وما فوق خصم العميل يحتاج صلاحية/اعتماد.,BR-O2C-20,ملف العميل (priceListId، pricingDiscountPct),سطر مسعّر بخصم العميل,إنشاء العميل ← اختيار المصدر والخصم ← استخدامه في كل مستند.,تعديل الخصم لاحقًا لا يغير المستندات القديمة.,تعديل خصم العميل بصلاحية وتدقيق.,AC-O2C-012-1: بافتراض عميل pricingDiscountPct=8، عندما يُنشأ له أمر بلا خصم صريح، فإن خصم السطر 8% لا 12%. | AC-O2C-012-2: بافتراض عميل مرتبط بقائمة أسعار سعر الصنف فيها 90، عندما يُنشأ أمر، فإن سعر السطر 90 ومصدره القائمة. | AC-O2C-012-3: بافتراض تعديل خصم العميل، عندما تُفتح فاتورة قديمة، فإن خصمها لم يتغير.,PARTIAL,PARTIAL,Unknown,[B+C] apps/web/app/dashboard/orders/new/page.tsx (12 افتراضي),POST /orders,[B+C] apps/sales/src/modules/orders/orders.service.ts:24-25 DEFAULT_COMMERCIAL_DISCOUNT_PCT=12 ثابت؛ [C] apps/crm/src/modules/accounts/customer-onboarding.service.ts:216-217 يخزن priceListId/pricingDiscountPct,[C] apps/crm/prisma/schema.prisma:179-180 (migration 20260928133000)؛ [B] لا حقول,[C] crm.account.* يحمل الحقول,—,B: 12% ثابت للجميع ولا حقول. C: الحقول مخزنة في CRM لكن لا تقرأها Sales ولا Accounting (SAL-14)؛ النموذج يتعارض مع قرارات 09-25 (قاعدة تسعير على الفاتورة).,إعداد تسعير بلا أثر يضلل المستخدمين.,P2,ضعف رقابي/تشغيلي له بديل يدوي.,REQ-O2C-013,DEC-O2C-02 | DEC-O2C-06,أي نموذج تسعير معتمد: ملف العميل (09-28) أم قاعدة على الفاتورة (09-25)؟,SAL-14 | GOV-04,Account.priceListId وpricingDiscountPct بسريان وتاريخ تعديل؛ لقطة على كل مستند.,DAR-07,REQ-O2C-009 | REQ-O2C-013 | REQ-O2C-017,,docs/P1-BUSINESS-DECISION-PACK.md:428 (2026-09-28; B2-0089)
REQ-O2C-013,C1,قوائم أسعار حسب العميل/الشريحة بسريان وشرائح كمية وأولوية تحديد السعر عند البيع,DOCUMENTED_REQ,design (P1-AUDIT، decider unknown),Order-to-Cash / Pricing & Discount,مسؤول التسعير؛ النظام عند البيع,سعر مختلف لكل شريحة/عميل وكمية دون تدخل يدوي.,يحدد الخادم السعر عند البيع بالأولوية: قائمة العميل ▸ قائمة الشريحة ▸ العامة/القواعد ▸ الكتالوج، مع اختيار بند القائمة الساري بأعلى حد أدنى للكمية ≤ الكمية، ونافذة سريان (validFrom/validTo)، وعرض سعر مسبق (quote) حسب العميل، ومطابقة السعر المعروض وإلا 409.,BR-O2C-24,العميل، الصنف، الكمية، التاريخ,سعر الوحدة ومصدره,تحديد الشريحة ← البحث في القوائم بالأولوية ← البند الساري ← السعر.,لا بند → سعر الكتالوج؛ اختلاف السعر المعروض → 409.,تعديل القوائم بصلاحية.,AC-O2C-013-1: بافتراض قائمة عميل وقائمة شريحة للصنف نفسه، عندما يُسعّر الأمر، فإن السعر من قائمة العميل. | AC-O2C-013-2: بافتراض بندين minQty 1 و10، عندما تكون الكمية 12، فإن السعر من بند 10. | AC-O2C-013-3: بافتراض بند انتهى سريانه أمس، عندما يُسعّر أمر اليوم، فإن البند لا يُستخدم.,NOT_IMPLEMENTED,NOT_IMPLEMENTED,Unknown,[B+C] apps/web/app/dashboard/price-lists/page.tsx (إدارة فقط),[B+C] /api/products/price-lists* (لا تستهلكها Sales)؛ لا /pricing/quote,[B+C] apps/sales/src/modules/orders/orders.service.ts يسعّر من product_prices فقط ([C] :578)؛ price-rules.engine لا يستدعيه إلا خدمته,[B+C] apps/products/prisma/schema.prisma PriceList(customerSegment)، PriceListItem بلا validFrom/To ولا minQty,—,"[B+C] price-rules.engine.spec.ts (spec exists, not run)",القوائم والقواعد موجودة للإدارة/المحاكاة فقط؛ لا سريان ولا شرائح كمية ولا ربط بالعميل ولا استهلاك عند الأمر. ادعاء RTM «VERIFIED» (B5a-0033) غير صحيح. مفردات الشرائح ثلاث غير موحدة (DEC-O2C-05).,تسعير يدوي خارج النظام أو سعر واحد للجميع.,P2,يوجد بديل يدوي (خصم/تعديل).,REQ-O2C-012 | REQ-O2C-014 | REQ-O2C-015,DEC-O2C-02 | DEC-O2C-05,ما المفردة المعتمدة للشرائح ومن يوقع الربط؟,SAL-14,PriceList(code unique، kind، segment FK إلى قائمة مرجعية واحدة، validFrom، validTo)؛ PriceListItem(listId، productId، minQty، price) unique(listId، productId، minQty)؛ Account.priceListId.,DAR-03 | DAR-06 | DAR-08,REQ-O2C-012 | REQ-O2C-014 | REQ-O2C-015,,docs/P1-AUDIT.md:149 (2026-09-24; B2-0122) | docs/P1-AUDIT.md:333-343 (2026-09-24; B2-0162) | docs/BUSINESS-FLOWS-COVERAGE-P0A-ASSESSMENT.md:770-821 (2026-09-07; B4a-0043) | docs/PROMPT-P1-P3-IMPLEMENTATION.md:176-178 (unknown; B5a-0193) | docs/PROMPT-P1-P3-IMPLEMENTATION.md:181-183 (unknown; B5a-0194) | docs/BUSINESS-FLOWS-COVERAGE-P0A-ASSESSMENT.md:188-208 (2026-09-07; B4a-0012) | docs/P1-AUDIT.md:150 (2026-09-24; B2-0123)
REQ-O2C-014,C1,لقطة مصدر السعر والسياسة والقاعدة على الأمر والفاتورة,DOCUMENTED_REQ,design (P1-AUDIT، decider unknown),Order-to-Cash / Pricing & Discount,النظام,المستند القديم يحتفظ بسعره ومصدره عند تغيّر القوائم والقواعد.,كل سطر أمر/فاتورة يحفظ priceListId وappliedPolicyId وappliedPriceListItemId وappliedRuleId وشروط القاعدة وقت الإصدار وisBonus؛ تعديل المصدر لاحقًا لا يغير المستندات السابقة.,BR-O2C-25,نتيجة تحديد السعر,لقطة على السطر,عند التسعير تُنسخ معرفات المصدر والشروط.,—,—,AC-O2C-014-1: بافتراض أمر سُعّر من قائمة ثم عُدّل سعر القائمة، عندما يُفتح الأمر، فإن سعره ومصدره كما وقت الإنشاء. | AC-O2C-014-2: بافتراض فاتورة طُبقت عليها قاعدة، عندما تُعدّل القاعدة، فإن صورة الشروط على الفاتورة لا تتغير.,NOT_IMPLEMENTED,NOT_IMPLEMENTED,Unknown,—,—,—,[B+C] apps/sales/prisma/schema.prisma:114 SalesOrderLine (unitPrice فقط)؛ invoice_lines بلا مصدر,StockReserveRequested يحمل invoice_lines,—,يُحفظ سعر الوحدة فقط بلا مصدره.,تعذر تفسير السعر في المراجعة والنزاعات.,P2,رقابة وتدقيق.,REQ-O2C-013 | REQ-O2C-017,,,SAL-14,أعمدة لقطة على SalesOrderLine وInvoiceLine: priceSource، priceListId، priceListItemId، policyId، ruleId، ruleTermsJson، isBonus.,DAR-15,REQ-O2C-013 | REQ-O2C-017 | REQ-O2C-019,,docs/P1-AUDIT.md:153 (2026-09-24; B2-0126) | docs/REQUESTS-2026-09-25-ar.md:104 (2026-09-25; B1-0128) | docs/PROMPT-P1-P3-IMPLEMENTATION.md:185-186 (unknown; B5a-0196)
REQ-O2C-015,C1,إدارة قوائم الأسعار والكتالوج (تعديل، استيراد CSV، تعديل جماعي، نسخ، سجل تغيير، تقرير الخصومات),DOCUMENTED_REQ,AI agent (IMPORT-TEMPLATES، phase1 data-io),Order-to-Cash / Pricing & Discount,مسؤول التسعير/الكتالوج,صيانة الأسعار بأمان وقابلية تتبع.,"استيراد أسعار الكتالوج والقوائم بملف (sku + سعر) بتحقق مسبق dry-run، رفض الكود المجهول والصف بلا سعر وتكرار SKU، حدود 5MB/2,000 صف، Decimal(14,4) غير سالب، بلا حذف للصفوف الغائبة، وسجل تغيير بالمنفّذ؛ أسعار القوائم لا تمس basePrice/publicPrice/costPrice؛ مع نسخ/مقارنة القوائم وتقرير الخصومات الممنوحة لكل مندوب/عميل.",BR-O2C-26 | BR-O2C-27,ملف CSV/XLSX,تقرير تحقق/تطبيق,رفع ← تحقق ← معاينة ← تطبيق في معاملة واحدة.,أي صف خاطئ يظهر برقمه؛ التطبيق ذري.,صلاحية products.price-lists.manage.,AC-O2C-015-1: بافتراض ملف به SKU غير معروف، عندما يُرفع بوضع dry-run، فإن التقرير يذكر رقم السطر ولا يُكتب شيء. | AC-O2C-015-2: بافتراض استيراد قائمة لا يحوي صنفًا موجودًا، عندما يُطبق، فإن الصنف الغائب يبقى في القائمة. | AC-O2C-015-3: بافتراض تعديل سعر بند، عندما يُعرض سجل التغيير، فإنه يذكر السعر السابق والجديد والمنفّذ.,PARTIAL,PARTIAL,Unknown,[B+C] apps/web/app/dashboard/price-lists/page.tsx (1352 سطرًا),[B] apps/products/src/modules/price-lists/price-lists.controller.ts:17-38 (import بصلاحية products.products.import) / [C] :32-75 (import + import/file),[B+C] apps/products/src/modules/price-lists (bulk-adjust، import),[B+C] apps/products/prisma/schema.prisma PriceList/PriceListItem,products.price.changed,"[B+C] price-lists spec (spec exists, not run)",الإدارة والاستيراد والتعديل الجماعي موجودة؛ لا نسخ/مقارنة قوائم ولا تقرير خصومات ممنوحة ولا نقطة عرض سعر؛ صلاحية الاستيراد مختلفة بين B وC.,إدارة أسعار أبطأ وتتبع أضعف.,P3,كفاءة وتقارير.,REQ-O2C-013,,,INV-12,PriceListItem unique(listId، productId)؛ سجل تغيير (itemId، oldPrice، newPrice، actorId، at، source=import/manual).,DAR-03 | DAR-06 | DAR-10 | DAR-13 | DAR-15 | DAR-20,REQ-O2C-013 | REQ-O2C-016,,"docs/IMPORT-TEMPLATES-AR.md:56-58 (unknown; B3-0231) | docs/phase1-master-data-data-io.md:136,151-159 (unknown; B3-0246) | docs/IMPORT-TEMPLATES-AR.md:49-54 (unknown; B3-0230) | docs/PROMPT-P1-P3-IMPLEMENTATION.md:188-192 (unknown; B5a-0197)"
REQ-O2C-016,C1,تدقيق تغيير سعر المنتج وتكلفته بمستوى CRITICAL مع القيمة السابقة,DOCUMENTED_REQ,AI agent (BUSINESS-AUDIT-MATRIX),Order-to-Cash / Pricing & Discount,مسؤول الكتالوج؛ المراجع,تغيير السعر والتكلفة يحرك الهامش والإيراد فيجب أن يكون قابلًا للتتبع.,كل تغيير لسعر منتج أو تكلفته يُسجل حدث تدقيق CRITICAL (ProductPriceChanged/CostChanged) بالقيمة السابقة والجديدة والمنفّذ والوقت.,BR-O2C-27,تعديل سعر/تكلفة,حدث تدقيق,—,—,—,"AC-O2C-016-1: بافتراض تعديل publicPrice من 2,550 إلى 2,700، عندما يُفتح سجل التدقيق، فإن الحدث CRITICAL ويحمل 2,550 و2,700 والمنفّذ. | AC-O2C-016-2: بافتراض تعديل تكلفة منتج، عندما يُفتح السجل، فإن الحدث يحمل التكلفة السابقة.",PARTIAL,PARTIAL,Unknown,[B+C] apps/web/app/dashboard/audit,—,[B+C] apps/products/src/modules/products/products.service.ts:87-100 (ProductPriceChanged بـprevious_price),—,products.price.changed (بلا outbox، INV-03),"spec exists, not run",حدث السعر يحمل السعر السابق؛ مستوى الخطورة وتدقيق تغيير التكلفة لم يُتحققا بالقراءة؛ الحدث بلا outbox.,فقدان أثر تغيير سعر عند فشل الوسيط.,P2,رقابة.,,,,INV-03,سجل تغيير أسعار/تكلفة append-only بالقيمة السابقة.,DAR-07 | DAR-12 | DAR-19,REQ-INH-012 | REQ-INV-055 | REQ-NFR-018 | REQ-NFR-020 | REQ-O2C-015 | REQ-O2C-061 | REQ-O2C-062 | REQ-R2R-012 | REQ-TRC-028,,docs/BUSINESS-AUDIT-MATRIX.md:158-169 (unknown; B4a-0093) | docs/AUDIT-COMPLETENESS-MATRIX.md:113 (unknown; B5a-0332)
REQ-O2C-017,C1,تطبيق قاعدة تسعير/عرض واحدة على المستند مع خصم يدوي داخل الحد وأهلية القاعدة,OWNER_DECISION,owner (DECISIONS-2026-09-25 ت-4، ت-5),Order-to-Cash / Pricing & Discount,منشئ الفاتورة/الأمر؛ مسؤول القواعد,تبسيط التسعير ومنع تراكم المزايا.,تُطبق قاعدة تسعير واحدة فقط لكل فاتورة/أمر (قائمة منسدلة بالقواعد السارية المؤهلة للعميل) ومعها خصم يدوي ≤ حد المستخدم، ويُمنع تجميع أكثر من قاعدة؛ الأهلية بالعميل أو شريحته ونطاق الأصناف ومدة الصلاحية؛ تطبيق القاعدة يحتاج صلاحية وسقف الخصم بـRBAC؛ عند الاختيار يُحسب الخصم وتُضاف سطور البونص آليًا.,BR-O2C-28 | BR-O2C-29,العميل، السطور، القاعدة المختارة,سطور بخصم/بونص القاعدة,اختيار القاعدة ← تحقق الأهلية ← تطبيق ← لقطة.,قاعدة غير مؤهلة/منتهية → رفض؛ قاعدتان → رفض.,صلاحية تطبيق القاعدة.,AC-O2C-017-1: بافتراض قاعدتين ساريتين للعميل، عندما يحاول المستخدم تطبيقهما معًا، فإن الطلب يُرفض. | AC-O2C-017-2: بافتراض قاعدة لشريحة «صيدليات»، عندما تُعرض القائمة لعميل «موزع»، فإن القاعدة لا تظهر. | AC-O2C-017-3: بافتراض قاعدة مطبقة وخصم يدوي 2% وحد المستخدم 3%، عندما تُصدر الفاتورة، فإنها تُقبل؛ و4% تُرفض/تحال.,NOT_IMPLEMENTED,NOT_IMPLEMENTED,Unknown,[B+C] apps/web/app/dashboard/pricing-rules، promotions (إعداد ومحاكاة)؛ لا قائمة قواعد في apps/web/app/dashboard/invoices/new,/api/sales/pricing/rules*، /api/sales/promotions* (simulate فقط),[B+C] price-rules.engine وpromotions.engine لا يستهلكهما إلا خدماتهما (SAL-14),[B+C] apps/sales/prisma/schema.prisma Promotion، PromotionRedemption، PriceRule,—,"[B+C] promotions.engine.spec.ts (spec exists, not run)",المحركات للإعداد والمحاكاة فقط؛ لا تطبيق على أي مستند؛ عداد الاستخدام صفر؛ نموذج 09-28 (ملف العميل) نُفذ بدلًا منه جزئيًا.,عروض تُدار خارج النظام بلا رقابة.,P2,بديل يدوي قائم.,REQ-O2C-014 | REQ-O2C-019,DEC-O2C-06,,SAL-14 | GOV-04 | GOV-05,Invoice/SalesOrder.appliedRuleId (واحد فقط) + لقطة شروط؛ PriceRule(eligibility: customer/segment، productScope، validFrom/To، usageLimit).,DAR-15,REQ-O2C-012 | REQ-O2C-014 | REQ-O2C-018 | REQ-O2C-019,,docs/DECISIONS-2026-09-25-ar.md:22 (2026-09-25; B1-0073) | docs/DECISIONS-2026-09-25-ar.md:23 (2026-09-25; B1-0074) | docs/REQUESTS-2026-09-25-ar.md:99-103 (2026-09-25; B1-0127)
REQ-O2C-018,C1,إعادة تنظيم شاشات التسعير إلى تابتين وإزالة المحرك غير المتصل دون حذف بيانات,OWNER_DECISION,owner (DECISIONS-2026-09-25 ت-1),Order-to-Cash / Pricing & Discount,مسؤول التسعير,إزالة الالتباس بين أربع شاشات تسعير معظمها بلا أثر.,تابتان: «قواعد التسعير والعروض» (اسم، نوع ميزة: خصم نسبة/مبلغ، بونص علب X+Y، بونص مبلغ؛ نطاق؛ شروط؛ فترة اختيارية تجعلها عرضًا؛ حد استخدام) و«حدود وصلاحيات الخصم»؛ محرك الشرائح/المنطقة/التكلفة+هامش يُزال من الواجهة؛ لا تُمسح أي بيانات قديمة الآن وتُعد أعدادها أولًا.,BR-O2C-30,—,واجهة تسعير موحدة,—,—,قرار المالك قبل أي حذف بيانات.,AC-O2C-018-1: بافتراض الإصدار الجديد، عندما يفتح المستخدم التسعير، فإنه يرى تابتين فقط. | AC-O2C-018-2: بافتراض جداول price_rules/promotions القديمة، عندما يُنشر الإصدار، فإن عدد صفوفها قبل وبعد متساوٍ.,NOT_IMPLEMENTED,NOT_IMPLEMENTED,Unknown,[B+C] صفحات منفصلة apps/web/app/dashboard/pricing-rules (653)، discounts (848)، promotions (647)، price-lists (1352) — ليست Placeholder,—,—,price_rules، promotions، pricing_rules، promotion_redemptions قائمة,—,—,لم يُنفذ؛ ادعاءات «PlaceholderPage» (B5a-0077..0079) و«لا API» (B4a-0072) قديمة: الصفحات والـAPI موجودة للإعداد فقط.,مستخدمون يضبطون قواعد لا أثر لها.,P3,كفاءة وتجربة استخدام.,REQ-O2C-017,DEC-O2C-04 | DEC-O2C-06,,SAL-14 | GOV-04,لا حذف؛ علم isLegacy/archivedAt على الجداول المزالة من الواجهة.,DAR-09 | DAR-19,REQ-O2C-011 | REQ-O2C-017 | REQ-OPS-013,,docs/DECISIONS-2026-09-25-ar.md:19 (2026-09-25; B1-0070) | docs/REQUESTS-2026-09-25-ar.md:97 (2026-09-25; B1-0126) | docs/REQUESTS-2026-09-25-ar.md:88-96 (2026-09-25; B1-0125) | docs/REQUESTS-2026-09-25-ar.md:77-86 (2026-09-25; B1-0124)
REQ-O2C-019,C1,بونص الكمية كسطر مجاني مستقل يتولد آليًا ويُحجز ويُصرف من المخزون,OWNER_DECISION,owner (DECISIONS-2026-09-25 ت-3 + الجولة الثانية),Order-to-Cash / Pricing & Discount,منشئ الفاتورة؛ المخازن؛ المحاسب,إثبات البضاعة المجانية مخزنيًا ومحاسبيًا دون تشويه سعر البيع.,بونص الكمية سطر مجاني مستقل (قد يكون صنفًا آخر من المؤهلين في القاعدة) يتولد آليًا من القاعدة (buyQuantity/freeQuantity/giftProductId) لا يدويًا، قيمته التجارية 0 (سعر الجمهور مرجع فقط)، يُحجز ويُصرف FEFO ويُخصم من المخزون وتكلفته في تكلفة المبيعات، ومعالجته الضريبية معتمدة من المحاسب قبل الإنتاج.,BR-O2C-31 | BR-O2C-32,سطور مدفوعة + قاعدة بونص,سطر isBonus بسعر 0,تطبيق القاعدة ← توليد سطر البونص ← حجز FEFO ← صرف.,نقص مخزون البونص → الأمر كله يفشل التخصيص أو يُحال (قرار).,تطبيق القاعدة بصلاحية.,AC-O2C-019-1: بافتراض قاعدة 10+2 لنفس الصنف، عندما يُنشأ أمر 10، فإن الأمر يحوي سطر بونص 2 بسعر 0 والمصروف 12 والمسعّر 10 فقط. | AC-O2C-019-2: بافتراض بونص من صنف آخر، عندما يُشحن الأمر، فإن تشغيلة سطر البونص مخصصة FEFO ومسجلة على الفاتورة. | AC-O2C-019-3: بافتراض محاولة إضافة سطر بونص يدوي، عندما يُحفظ، فإن الطلب يُرفض.,NOT_IMPLEMENTED,NOT_IMPLEMENTED,Unknown,—,—,[B+C] apps/sales/src/modules/saga/saga.orchestrator.ts:352-378 persistAllocations يفترض سطرًا واحدًا لكل صنف,[B+C] لا lineType/isBonus في apps/sales/prisma/schema.prisma:114 ولا في InvoiceLine,—,—,غير منفذ في أي نسخة (GOV-05)؛ الحجز يفترض سطرًا واحدًا لكل صنف فيكسر سطري مدفوع+بونص لنفس الصنف.,بونص يُسجل خارج النظام: مخزون لا يطابق وتكلفة غير مثبتة.,P1,مخزون وضريبة.,REQ-O2C-017 | C4 (allocation) | C5 (tax),DEC-O2C-07,ما المعالجة الضريبية لسطر البونص المجاني؟,GOV-05,SalesOrderLine/InvoiceLine.lineType (PAID|BONUS|SAMPLE)، sourceRuleId؛ allocations لكل سطر لا لكل صنف؛ PriceRule.buyQuantity/freeQuantity/giftProductIds.,DAR-03 | DAR-19,REQ-O2C-014 | REQ-O2C-017 | REQ-O2C-020,,docs/DECISIONS-2026-09-25-ar.md:21 (2026-09-25; B1-0072) | docs/DECISIONS-2026-09-25-ar.md:115 (2026-09-25; B1-0102) | docs/DECISIONS-2026-09-25-ar.md:116 (2026-09-25; B1-0103) | docs/audit/2026-09-18-company-workflows-vs-erp-ar.md:190 (2026-09-18; B3-0044) | docs/audit/2026-09-18-company-workflows-vs-erp-ar.md:234 (2026-09-18; B3-0059) | docs/P1-AUDIT.md:152 (2026-09-24; B2-0125) | docs/DECISIONS-2026-09-25-ar.md:64-68 (2026-09-25; B1-0089) | docs/MIGRATIONS-ROUND2-2026-09-25-ar.md:53-56 (2026-09-25; B4b-0321)
REQ-O2C-020,C1,بونص بالقيمة: بضاعة مجانية بمبلغ ثابت مخزن على القاعدة,OWNER_DECISION,owner (DECISIONS-2026-09-25 ت-2),Order-to-Cash / Pricing & Discount,منشئ الفاتورة؛ العميل (حسب القرار),منح بضاعة مجانية بقيمة محددة.,قيمة البونص مبلغ مالي ثابت مخزن على قاعدة التسعير (لا نسبة من صافي الطلب) يُصرف كبضاعة مجانية؛ الأصناف تُختار حسب DEC-O2C-08 (العميل يختار أو من قائمة القاعدة).,BR-O2C-33 | BR-O2C-34,قاعدة bonusValue + اختيار الأصناف,سطور بونص بقيمة لا تتجاوز المبلغ,تطبيق ← اختيار ← تحقق القيمة ← صرف.,تجاوز قيمة البونص → رفض.,—,"AC-O2C-020-1: بافتراض قاعدة bonusValue=1,000، عندما تُختار أصناف بسعر جمهور 1,200، فإن الطلب يُرفض. | AC-O2C-020-2: بافتراض قاعدة bonusValue=1,000 على أمر صافيه 50,000 أو 80,000، عندما تُطبق، فإن قيمة البونص 1,000 في الحالتين.",NOT_IMPLEMENTED,NOT_IMPLEMENTED,Unknown,—,—,—,لا حقل bonusValue على القاعدة,—,—,غير منفذ؛ تعارض بين اختيار العميل والتوليد من القاعدة.,بونص خارج النظام.,P2,بديل يدوي.,REQ-O2C-019,DEC-O2C-08 | DEC-O2C-07,من يختار أصناف بونص القيمة؟,GOV-05,"PriceRule.bonusValue Decimal(14,2)، eligibleProductIds؛ سطر BONUS بمرجع القاعدة.",DAR-03 | DAR-10,REQ-O2C-019,,docs/DECISIONS-2026-09-25-ar.md:20 (2026-09-25; B1-0071) | docs/DECISIONS-2026-09-25-ar.md:114 (2026-09-25; B1-0101)
REQ-O2C-021,C1,أسعار البيع المعتمدة الحالية محمّلة في الكتالوج بمصدر معتمد,INFERRED_NEEDS_APPROVAL,company file (دفاتر المحاسبة/المخزون 2026),Order-to-Cash / Pricing & Discount,مسؤول الكتالوج؛ المالك لاعتماد الأسعار,أن يبيع النظام بالسعر الحقيقي الحالي.,تُحمّل أسعار البيع الحالية المعتمدة (من دفاتر 2026) في الكتالوج بعد قرار بشري موثق، ولا يُكتب فوق القيم المرجعية آليًا، ويُسجل مصدر كل سعر.,BR-O2C-27,ورقة أسعار معتمدة,كتالوج محدث,مراجعة ← قرار ← استيراد بسجل تغيير.,—,اعتماد المالك/المالية للأسعار.,"AC-O2C-021-1: بافتراض قرار باعتماد سعر Proxeed Plus 2,550، عندما يُنشأ أمر بعد الاستيراد، فإن سعر السطر 2,550. | AC-O2C-021-2: بافتراض سجل تغيير الأسعار، عندما يُراجع، فإن لكل سعر مصدره وتاريخ اعتماده.",NOT_VERIFIED (أسعار قاعدة الإنتاج غير مرئية؛ الـseed يحمل أسعارًا قديمة ≈ ثلث الحالية),NOT_VERIFIED (نفس السبب),Unknown,—,POST /products/publish-price-catalog,—,products seed,—,—,"أسعار seed (849.123/694.737…) تختلف جوهريًا عن أسعار 2026 (2,550/1,790/1,200) ولم تُستبدل عمدًا انتظارًا لقرار.",بيع بثلث السعر إن كانت أسعار seed هي المنشورة.,P1,مال مباشر.,REQ-O2C-015,DEC-O2C-09 | DEC-O2C-01,أي سعر معتمد لكل منتج؟,GOV-06,ProductPrice بمصدر (sourceDocument، approvedBy، approvedAt).,DAR-03,REQ-O2C-001 | REQ-O2C-003 | REQ-O2C-015 | REQ-OPS-008,,docs/ERP-PRODUCT-IMPORT-RESULT.md:7-11 (2026-09-01; B3-0202)
REQ-O2C-022,C1,إلغاء أمر البيع قبل الشحن مع تحرير الحجز وإبطال الفاتورة غير المدفوعة,INFERRED_NEEDS_APPROVAL,auditor + AI agent,Order-to-Cash,مالك الأمر أو حامل sales.orders.cancel.any,التخلص من أمر متروك بعد الحجز دون تجميد المخزون أو ترك فاتورة حية.,يُلغى الأمر من DRAFT حتى INVOICED بسبب إلزامي إن لم يُحصّل عليه شيء، بانتقال ذري ونشر OrderCancelled يحرر الحجز ويبطل الفاتورة غير المدفوعة أو يمنع إصدارها؛ SHIPPED/DELIVERED تُوجه للمرتجعات؛ PAID أو عليه تحصيل → 409.,BR-O2C-09 | BR-O2C-10 | BR-O2C-11 | BR-O2C-12,orderId، السبب,CANCELLED + تحرير حجز + إبطال فاتورة,طلب الإلغاء ← تحقق الحالة والمال ← claim شرطي ← OrderCancelled.,سباق مع دفعة → 409؛ حدث متأخر يجب ألا يحيي الأمر.,مالك الأمر أو .any.,AC-O2C-022-1: بافتراض أمر ALLOCATED بلا فاتورة، عندما يُلغى بسبب، فإن الحجز يُحرر ولا تُصدر فاتورة لاحقًا. | AC-O2C-022-2: بافتراض أمر INVOICED بلا تحصيل، عندما يُلغى، فإن الفاتورة CANCELLED بقيد معاكس. | AC-O2C-022-3: بافتراض أمر DELIVERED، عندما يُطلب إلغاؤه، فإن الطلب يُرفض ويوجه للمرتجع. | AC-O2C-022-4: بافتراض إلغاء أثناء ALLOCATING ثم وصول StockReserved، عندما يُعالج، فإن الأمر يبقى CANCELLED والحجز يُحرر.,PARTIAL,PARTIAL,Unknown,[B+C] apps/web/app/dashboard/orders/page.tsx (إلغاء بسبب),[B] apps/sales/src/modules/orders/orders.controller.ts:215 / [C] apps/sales/src/modules/orders/orders.controller.ts:231,[B] apps/sales/src/modules/orders/orders.service.ts:1283-1310 / [C] apps/sales/src/modules/orders/orders.service.ts:1313-1342؛ [B] apps/accounting/src/modules/invoices/invoices.service.ts:1129 / [C] apps/accounting/src/modules/invoices/invoices.service.ts:1170 voidForCancelledOrder,[B+C] cancelled_orders (apps/accounting/prisma/schema.prisma CancelledOrder),sales.order.cancelled → Inventory/Accounting,"[B+C] orders.service.spec.ts، saga-listener.service.spec.ts (spec exists, not run)",سباق: إلغاء أثناء ALLOCATING ثم StockReserved متأخر يحيي الأمر (SAL-02)؛ إلغاء حجز الاستدعاء يتجاهل التحصيل (SAL-16)؛ عكس دفعة على أمر مسلّم يجعله قابلًا للإلغاء (SAL-01).,مخزون محجوز بلا أمر أو فاتورة ملغاة لبضاعة خرجت.,P1,مخزون ومال.,REQ-O2C-004 | REQ-O2C-037 | C4 (reservation release),DEC-O2C-17,,SAL-01 | SAL-02 | SAL-16,SalesOrder.cancelledAt/By/Reason إلزامية عند CANCELLED؛ CancelledOrder(orderId PK) في Accounting؛ إصدار أمر تحرير idempotent في Inventory.,DAR-05 | DAR-07 | DAR-09 | DAR-14 | DAR-15,REQ-INV-022 | REQ-O2C-004 | REQ-O2C-037,,docs/audit/03-domain-model.md:48 (2026-09-01; B6a-0081) | docs/audit/20-p0-p1-evidence-validation.md:139-140 (unknown; B6a-0275) | docs/audit/21-p0-p1-remediation.md:1653-1673 (2026-09-07; B6b-0072) | docs/GAP-ANALYSIS-AR.md:115 (unknown; B4a-0145)
REQ-O2C-023,C1,إعادة محاولة التخصيص للأوامر الفاشلة على نفس الأمر,INFERRED_NEEDS_APPROVAL,AI agent,Order-to-Cash,مدير المبيعات (sales.orders.approve),تعافي الأمر دون إنشاء أمر جديد.,نقطة POST /orders/:id/allocation-retry تعيد محاولة التخصيص لأمر ALLOCATION_FAILED في مكانه، وتغطي كذلك الأوامر العالقة بعد فشل نشر الحدث (APPROVED/CREDIT_HOLD) أو يُضيق الدليل التشغيلي صراحة.,BR-O2C-74,orderId,ALLOCATING,تحقق الحالة ← claim ← نشر StockReserveRequested.,فشل جديد → ALLOCATION_FAILED.,sales.orders.approve.,AC-O2C-023-1: بافتراض أمر ALLOCATION_FAILED، عندما يُعاد المحاولة، فإن الأمر نفسه ينتقل إلى ALLOCATING ولا يُنشأ أمر جديد. | AC-O2C-023-2: بافتراض أمر APPROVED وخطوة saga CREATED منذ 30 دقيقة، عندما يستدعي المدير الاسترداد، فإن التخصيص يبدأ.,PARTIAL,PARTIAL,Unknown,—,[B] apps/sales/src/modules/orders/orders.controller.ts:146 / [C] apps/sales/src/modules/orders/orders.controller.ts:162,[B] apps/sales/src/modules/orders/orders.service.ts:1094-1101 / [C] apps/sales/src/modules/orders/orders.service.ts:1124-1131؛ [B+C] apps/sales/src/modules/saga/saga.orchestrator.ts:121-321 startAllocation,OrderSaga,inventory.stock.reserve-requested,"[B+C] orders.service.spec.ts (spec exists, not run)",النقطة موجودة (الوثيقة B6b-0081 «غير موجودة» قديمة) لكنها لا تغطي الأوامر العالقة في APPROVED/CREDIT_HOLD بعد فشل النشر (SAL? / INT-01).,أوامر عالقة تحتاج تعديل قاعدة بيانات.,P2,بديل: إلغاء وإعادة إنشاء.,REQ-O2C-006 | REQ-O2C-024,DEC-O2C-16,,INT-01,OrderSaga.lastError/attempts لكل محاولة.,DAR-07 | DAR-14,REQ-O2C-006 | REQ-O2C-024,,docs/audit/22-production-remediation-master-plan.md:37 (2026-09-13; B6b-0081)
REQ-O2C-024,C1,رصد الأوامر العالقة وتنبيه عمرها وإجراءات تعافٍ موثقة,INFERRED_NEEDS_APPROVAL,AI agent,Order-to-Cash,فريق التشغيل؛ مدير المبيعات,ألا يبقى أمر عالقًا دون علم.,نقطة/لوحة تعرض كل أمر في ALLOCATING/CREDIT_HOLD/ALLOCATION_FAILED/APPROVED-بلا-تقدم بعمره وآخر خطأ للـsaga، مع ماسح دوري أو تنبيه، ودليل تشغيل يمنع التعديل المباشر لصفوف الأوامر/الحجوزات ويسجل الحادثة.,BR-O2C-75,—,قائمة عالقة + تنبيه,مهمة دورية ← تنبيه ← استرداد عبر REQ-O2C-023/023.,—,—,AC-O2C-024-1: بافتراض أمر ALLOCATING منذ 20 دقيقة، عندما تُفتح شاشة العالقة، فإنه يظهر بعمره وآخر خطأ. | AC-O2C-024-2: بافتراض 50 أمرًا متروكًا في اختبار تحمل، عندما يعمل الماسح، فإنها تُستعاد أو تُبلغ كلها.,PARTIAL,PARTIAL,Unknown,—,[B+C] GET /api/sales/sagas/stalled,[B+C] apps/sales/src/modules/saga/saga-monitor.service.ts:20-27 (أقدم من 15 دقيقة),OrderSaga (step، updatedAt) بلا lastError,—,—,رصد عبر الـsaga فقط بلا تنبيه ولا آخر خطأ ولا ماسح؛ الدليل التشغيلي يشير إلى نقاط «عند النشر».,اكتشاف متأخر للأوامر العالقة.,P2,بديل يدوي.,REQ-O2C-023 | C9/C10 (monitoring),DEC-O2C-16,,INT-07,OrderSaga.lastError، lastErrorAt.,DAR-07 | DAR-13,REQ-NFR-024 | REQ-O2C-006 | REQ-O2C-023,,docs/audit/22-production-remediation-master-plan.md:30-31 (2026-09-13; B6b-0076) | docs/audit/22-production-remediation-master-plan.md:418 (2026-09-13; B6b-0131) | docs/OPERATIONS-RUNBOOK.md:24-29 (unknown; B6c-0145) | docs/audit/22-production-remediation-master-plan.md:36 (2026-09-13; B6b-0080)
REQ-O2C-025,C1,منع تكرار أمر البيع وترقيمه الفريد تحت التزامن,INFERRED_NEEDS_APPROVAL,AI agent,Order-to-Cash,النظام,إعادة الإرسال أو النقر المزدوج لا ينشئ أمرين.,visitId فريد على الأمر ويُعاد الأمر الموجود عند التكرار؛ الإنشاء اليدوي يقبل Idempotency-Key فريدًا ونفس المفتاح بحمولة مختلفة → 409؛ رقم الأمر فريد تحت التزامن.,BR-O2C-72,Idempotency-Key، visitId,أمر واحد,—,نفس المفتاح بحمولة مختلفة → 409.,—,AC-O2C-025-1: بافتراض طلبين متزامنين بنفس Idempotency-Key، عندما يُعالجان، فإن أمرًا واحدًا يُنشأ ويعيد الثاني نفس الأمر. | AC-O2C-025-2: بافتراض نفس المفتاح بكمية مختلفة، عندما يُرسل، فإن الرد 409.,IMPLEMENTED,IMPLEMENTED,Unknown,[B+C] الواجهة تولد المفتاح,POST /orders (Idempotency-Key),[B] apps/sales/src/modules/orders/orders.service.ts:575-599، 617 / [C] apps/sales/src/modules/orders/orders.service.ts:605-636، 647,[B+C] apps/sales/prisma/schema.prisma:94 visitId @unique، 99 idempotencyKey @unique,—,"[B+C] orders.service.spec.ts (spec exists, not run)",لا فجوة وظيفية؛ الترقيم غير تسلسلي (مقبول إن كانت الفاتورة هي المستند القانوني).,—,P3,مطبق.,,,,DB-10,sales_orders.idempotency_key unique nullable، visit_id unique nullable، order_number unique.,DAR-06 | DAR-07 | DAR-10,REQ-INV-009 | REQ-NFR-012 | REQ-O2C-006 | REQ-O2C-041 | REQ-P2P-008,,docs/FIELD-SALES-AUDIT.md:112 (2026-09-16; B4a-0111) | docs/audit/21-p0-p1-remediation.md:451-454 (2026-09-07; B6b-0024)
REQ-O2C-026,C1,التحقق من ملكية العميل وعلاقة الزيارة قبل إنشاء الأمر (fail-closed),DOCUMENTED_REQ,AI agent (PRODUCTION-HOSTINGER),Order-to-Cash,المندوب,منع البيع لعميل لا يملكه المندوب أو ربط أمر بزيارة عميل آخر.,قبل إنشاء أمر تتحقق Sales من CRM من إسناد العميل للمندوب (أساسي/احتياطي) ومن علاقة الزيارة بالعميل عند وجود visitId؛ أي فشل شبكة/مصادقة يمنع الإنشاء.,BR-O2C-73,accountId، visitId، JWT,سماح/رفض,GET /api/accounts/:id ← تحقق الإسناد ← GET visit.,CRM غير متاح → رفض (503).,—,AC-O2C-026-1: بافتراض مندوب غير مسند للعميل، عندما ينشئ أمرًا، فإن الطلب يُرفض 403. | AC-O2C-026-2: بافتراض CRM متوقف، عندما يُنشأ أمر، فإن الطلب يفشل ولا يُنشأ أمر.,IMPLEMENTED,IMPLEMENTED,Unknown,—,POST /orders,[B] apps/sales/src/modules/orders/orders.service.ts:199 lookupCrmAccount / [C] apps/sales/src/modules/orders/orders.service.ts:214-221,—,HTTP متزامن,"[B+C] orders.service.spec.ts (spec exists, not run)",لا يمنع العميل المؤرشف (SAL-12)؛ throttle 60/دقيقة قد يرفض استدعاءات CRM.,بيع لعميل مؤرشف.,P2,رقابة.,C2 (CRM assignments),,هل يُمنع البيع للعميل غير النشط وبأي نطاق؟,SAL-12,مرجع accountId منطقي إلى CRM؛ isActive يُفحص.,DAR-03,REQ-CRM-030 | REQ-O2C-005 | REQ-SEC-017,,docs/PRODUCTION-HOSTINGER.md:674-682 (unknown; B6c-0027)
REQ-O2C-027,C1,استيراد أوامر البيع من ملف كمسودات ثم إرسالها للمسار الطبيعي,INFERRED_NEEDS_APPROVAL,AI agent,Order-to-Cash,المندوب/منسق المبيعات (sales.orders.create),إدخال أوامر بالجملة من Excel بأمان.,استيراد ملف (customer code، sku، quantity إلزامية؛ unit price بصلاحية تجاوز؛ discount مقيد بسياسة الخصم؛ order ref لتجميع الصفوف) ← تحقق كل صف برقمه وسببه ← مسودات DRAFT بلا تخصيص/ائتمان/اعتماد ← إرسال بعد مراجعة بشرية يعيد التسعير وفحص الخصم ثم الائتمان ← الاعتماد ← FEFO؛ الملف لا يحمل دفعة أو مخزنًا.,BR-O2C-21 | BR-O2C-22 | BR-O2C-23,ملف CSV/XLSX,مسودات + تقرير صفوف,رفع ← تحقق ← مسودات ← submit.,صف خاطئ → في التقرير؛ لا كتابة جزئية للأمر.,تجاوز السعر بـsales.orders.import.override.,AC-O2C-027-1: بافتراض ملف به صفان لنفس العميل ونفس order ref، عندما يُستورد، فإن أمرًا واحدًا بسطرين يُنشأ بحالة DRAFT. | AC-O2C-027-2: بافتراض مسودة بخصم 20% وسياسة 12%، عندما تُرسل، فإنها تُرفض أو تُحال للاعتماد بنفس قواعد الإنشاء. | AC-O2C-027-3: بافتراض تغير سعر الكتالوج بعد الاستيراد، عندما تُرسل المسودة، فإن السعر يُعاد احتسابه.,PARTIAL,PARTIAL,Unknown,[B+C] apps/web/app/dashboard/orders/page.tsx (استيراد + قالب),"[B] apps/sales/src/modules/orders/orders.controller.ts:123,157 / [C] apps/sales/src/modules/orders/orders.controller.ts:139,173","[B] apps/sales/src/modules/orders/orders.service.ts:821-1027 (سقف 879-880,946)، submit 1057 / [C] apps/sales/src/modules/orders/orders.service.ts:851-1057 (909-910,976)، submit 1087",SalesOrder status DRAFT,—,"[B+C] orders.import.spec.ts (spec exists, not run)",خصم افتراضي 0 مقابل 12 في الإنشاء؛ السقف من pricing_rules لا من المصفوفة (بلا قاعدة = غير محدود ≤100)؛ submit لا يعيد التسعير/الفحص (SAL-15)؛ throttle قد يفشل الاستيراد.,مسار خلفي لمنح خصومات وأسعار مختلفة.,P2,رقابة، والمسار يحتاج مراجعة بشرية.,REQ-O2C-009,DEC-O2C-11,تفاصيل القالب وتجاوز السعر وحد الصفوف؟,SAL-15,SalesOrder.source (MANUAL|IMPORT|FIELD)، importBatchId، externalRef unique(accountId، externalRef).,DAR-03 | DAR-04 | DAR-05 | DAR-06 | DAR-15 | DAR-20,REQ-O2C-001 | REQ-O2C-009,,docs/DECISIONS-AR.md:86 (2026-09-14; B1-0027) | docs/IMPORT-TEMPLATES-AR.md:72-85 (unknown; B3-0234)
REQ-O2C-028,C1,تحديد التشغيلة وتاريخ الصلاحية عند إنشاء الأمر (#10) دون كسر FEFO,OWNER_DECISION,unnamed owner (backlog traceability),Order-to-Cash,المندوب؛ صاحب صلاحية التجاوز,تلبية طلب عميل لتشغيلة معينة مع حماية FEFO.,يستطيع المستخدم تحديد Batch/Lot وتاريخ الصلاحية عند إنشاء الأمر (Additional Product Details) وفق DEC-O2C-12: الافتراضي FEFO، والاختيار اليدوي بصلاحية تجاوز وسبب إلزامي وتدقيق، والتشغيلة/الصلاحية تُسجل على بند الفاتورة.,BR-O2C-76,requestedBatchId، السبب,تخصيص من التشغيلة المطلوبة,—,التشغيلة غير متاحة/منتهية/محظورة → رفض.,sales.orders.batch.override.,AC-O2C-028-1: بافتراض مستخدم بلا صلاحية التجاوز، عندما يحدد تشغيلة، فإن الطلب يُرفض 403. | AC-O2C-028-2: بافتراض مستخدم مصرح يحدد تشغيلة بسبب، عندما يُحجز، فإن التخصيص من تلك التشغيلة فقط ويُسجل حدث تدقيق بالسبب.,PARTIAL,PARTIAL,Unknown,[B+C] apps/web/app/dashboard/orders/new/page.tsx (requestedBatchId),POST /orders,[B] apps/sales/src/modules/orders/orders.service.ts:533-535 / [C] apps/sales/src/modules/orders/orders.service.ts:548-551؛ [B+C] apps/sales/src/modules/orders/dto/create-order.dto.ts:15-21,[B+C] apps/sales/prisma/schema.prisma:114 SalesOrderLine.requestedBatchId؛ invoice_lines batch/expiry,StockReserveRequested,"[B+C] batch-policy.spec.ts (spec exists, not run)",اختيار التشغيلة بصلاحية فقط بلا سبب إلزامي ولا تاريخ صلاحية منفصل؛ القرار #10 غير محسوم.,طلبات عملاء لتشغيلة لا تُلبى في النظام أو تكسر FEFO.,P3,كفاءة؛ FEFO يحمي.,C4 (FEFO),DEC-O2C-12,هل يُسمح باختيار التشغيلة يدويًا وبأي ضوابط؟,,SalesOrderLine.requestedBatchId، overrideReason، overrideBy.,DAR-03 | DAR-12,REQ-INV-019 | REQ-O2C-005 | REQ-O2C-057,,docs/audit/2026-09-20-backlog-traceability-ar.md:77 (2026-09-20; B4b-0032)
REQ-O2C-029,C1,مفهوم الفاتورة الموحد: الفاتورة وثيقة البيع في الواجهة ونوعها عدسة عرض,OWNER_DECISION,owner (QA-REPORTS، صريح),Order-to-Cash / Invoicing,منشئ الفاتورة,نموذج ذهني بسيط للمستخدم: أبيع ← أنشئ فاتورة ← أختار شكلها ← أسلّم ← أحصّل.,الفاتورة هي وثيقة البيع الوحيدة في الواجهة؛ النوع (عادية: الصنف/الكمية/سعر العميل/سعر الجمهور مرجعًا/الإجمالي؛ نموذج استلام: بلا تسعير؛ ضريبية: قبل الضريبة + 14% + بعدها) عدسة عرض وطباعة؛ الأوامر مسار «تنفيذ واعتماد» خلفي؛ الإنشاء الوحيد من /dashboard/invoices/new؛ تغيير UX فقط بلا تغيير خلفي.,BR-O2C-51,—,فاتورة بعدسة,—,—,—,AC-O2C-029-1: بافتراض فاتورة واحدة، عندما تُطبع بالعدسات الثلاث، فإن الإجمالي متطابق والعدسة الاستلامية بلا أسعار بيع. | AC-O2C-029-2: بافتراض المستخدم في لوحة التحكم، عندما يختار «فاتورة جديدة»، فإنه يصل إلى /dashboard/invoices/new.,IMPLEMENTED,IMPLEMENTED,Unknown,[B+C] apps/web/app/dashboard/invoices، invoices/new، invoices/[id]/page.tsx:221 (عدسة receipt),—,[B+C] documentType يُخزن خلفيًا ([B] apps/accounting/src/modules/invoices/invoices.service.ts:629 / [C] apps/accounting/src/modules/invoices/invoices.service.ts:656),[B] apps/accounting/prisma/schema.prisma:73 / [C] apps/accounting/prisma/schema.prisma:73 enum InvoiceDocumentType,—,—,الوثائق تقول النوع لا يُخزن خلفيًا والكود يخزن documentType (ادعاء B1-0221 قديم)؛ شاشة أمر البيع ما زالت مستقلة بإجراءات وطباعة.,التباس بين وثيقتين.,P3,تجربة استخدام.,,DEC-O2C-20,,,Invoice.documentType (TAX_INVOICE|NORMAL_INVOICE|RECEIPT_FORM) — قرار: لقطة أم عدسة.,DAR-03 | DAR-13,REQ-O2C-030 | REQ-O2C-059,,QA-REPORTS/01-functional-testing.md:81-85 (2026-09-21; B6c-0257) | QA-REPORTS/02-ui-ux-testing.md:43-47 (2026-09-21; B6c-0260) | docs/QA-DECISIONS-AR.md:61-63 (2026-09-21; B1-0195) | docs/INVOICE-CONCEPT-AR.md:5 (2026-09-21; B1-0216) | docs/INVOICE-CONCEPT-AR.md:9-12 (2026-09-21; B1-0218) | docs/audit/2026-09-20-phase1-direct-invoice-report-ar.md:16 (2026-09-20; B4b-0222) | docs/INVOICE-CONCEPT-AR.md:7-8 (2026-09-21; B1-0217) | docs/INVOICE-CONCEPT-AR.md:17-24 (2026-09-21; B1-0220)
REQ-O2C-030,C1,فاتورة مباشرة بدون أمر بيع ببنود وتشغيلة وصلاحية وصرف مخزون,OWNER_DECISION,unnamed owner (backlog traceability),Order-to-Cash / Invoicing,منشئ الفاتورة (accounting.invoices.create),الفاتورة هي السيناريو التشغيلي الغالب لدى موزع يبيع للصيدليات.,إصدار فاتورة مباشرة بلا أمر بيع (orderId اختياري وفريد عند وجوده) ببنود (منتج، وصف، كمية، سعر من الكتالوج، خصم، ضريبة، تشغيلة، صلاحية) مع صرف المخزون من التشغيلة، وبقاء الأمر مسارًا مستقلًا؛ بنود مرمّزة لتوافق ETA لاحقًا.,BR-O2C-47 | BR-O2C-49,عميل، بنود، شروط سداد، شحن,فاتورة + بنود + صرف مخزون + قيد AR,النموذج ← تحقق التشغيلات ← أسعار الجمهور ← حساب ← صرف ← حفظ.,فشل صرف المخزون → لا فاتورة؛ إعادة الإرسال idempotent.,خصم البند يخضع لـREQ-O2C-009.,AC-O2C-030-1: بافتراض فاتورة مباشرة بصنف وتشغيلة، عندما تُصدر، فإن رصيد التشغيلة ينقص بالكمية ولا يوجد orderId. | AC-O2C-030-2: بافتراض تشغيلة منتهية، عندما تُختار، فإن الإصدار يُرفض. | AC-O2C-030-3: بافتراض دفعة على فاتورة مباشرة، عندما تُسجل، فإن تعرض العميل في Sales ينخفض بنفس المبلغ.,IMPLEMENTED,IMPLEMENTED,Unknown,[B+C] apps/web/app/dashboard/invoices/new/page.tsx,[B] apps/accounting/src/modules/invoices/invoices.controller.ts:46 / [C] apps/accounting/src/modules/invoices/invoices.controller.ts:62 POST /accounting/invoices,[B] apps/accounting/src/modules/invoices/invoices.service.ts:557-850 (issueDirectStock 302-314) / [C] apps/accounting/src/modules/invoices/invoices.service.ts:584-905 (304-316),[B] apps/accounting/prisma/schema.prisma:102 / [C] :116 Invoice.orderId String? @unique؛ InvoiceLine، InvoiceLineBatch,finance.invoice.generated (order_id=null),"[B+C] direct-invoice.spec.ts (spec exists, not run)",الفاتورة المباشرة تصرف المخزون فعلًا في النسختين (ادعاء B1-0196 «لا تحرك المخزون» قديم)؛ لكن مدفوعاتها لا تخفض تعرض Sales (SAL-03)، وخصم البند حتى 100% بلا حوكمة (REQ-O2C-009)، والأرقام بـround2.,تعرض ائتماني متضخم وحجز أوامر خطأ.,P1,بيع يومي ومال.,REQ-O2C-009 | C6 (credit exposure) | C4 (issue-direct),DEC-O2C-13,,SAL-03 | INV-13,Invoice.orderId nullable unique؛ InvoiceLine(productId، gs1Code، qty، price، discount، tax، total)؛ InvoiceLineBatch(batchId، expiry، qty).,DAR-03 | DAR-06,REQ-INV-021 | REQ-O2C-009 | REQ-O2C-029 | REQ-O2C-031 | REQ-TRC-025,,docs/audit/2026-09-20-backlog-traceability-ar.md:147 (2026-09-20; B4b-0072) | docs/audit/2026-09-20-backlog-traceability-ar.md:15 (2026-09-20; B4b-0002) | docs/audit/2026-09-20-phase0-discovery-audit-ar.md:260-268 (2026-09-20; B4b-0151) | docs/audit/production-program/PHASE-0-ARCHITECTURE.md:55 (2026-09-16; B6a-0311) | docs/audit/2026-09-20-phase0-discovery-audit-ar.md:441 (2026-09-20; B4b-0174) | docs/audit/2026-09-20-phase0-discovery-audit-ar.md:442 (2026-09-20; B4b-0175)
REQ-O2C-031,C1,إجماليات الفاتورة من الخادم وإصدار غير مكرر (idempotent),DOCUMENTED_REQ,AI agent (phase1 direct-invoice report، accounting README),Order-to-Cash / Invoicing,النظام,منع التلاعب بالإجماليات والفواتير المكررة.,إجماليات الفاتورة تُحسب على الخادم من البنود فقط (الـDTO يحمل الكمية والسعر والخصم والنسبة)؛ الإصدار idempotent على مفتاح يورّده العميل أو على orderId، والمحاولات المتزامنة تعيد الفاتورة القائمة بدل 500 ولا تعيد نشر InvoiceGenerated.,BR-O2C-49 | BR-O2C-50,بنود، idempotencyKey/orderId,فاتورة واحدة,—,نفس المفتاح بحمولة مختلفة → 409.,—,AC-O2C-031-1: بافتراض 16 تسليمًا متزامنًا لـStockReserved لنفس الأمر، عندما تُعالج، فإن فاتورة واحدة تُنشأ وكل الطلبات تعيدها بلا 500. | AC-O2C-031-2: بافتراض DTO يحمل total=1، عندما تُصدر الفاتورة، فإن الإجمالي المحفوظ = مجموع البنود.,IMPLEMENTED,IMPLEMENTED,Unknown,[B+C] المفتاح يُولد في النموذج,POST /invoices,[B] apps/accounting/src/modules/invoices/invoices.service.ts:427-510 generate (P2002 → الفائز 503-506)، 557-640 replay / [C] apps/accounting/src/modules/invoices/invoices.service.ts:440-537 (530-533)، 584-667,[B+C] Invoice.orderId @unique، idempotencyKey @unique,finance.invoice.generated (نشر مباشر بلا outbox),"[B+C] direct-invoice.spec.ts، invoices.service.spec.ts (spec exists, not run)",تصادم رقم الفاتورة في نفس الملي ثانية P2002 يُعامل كسباق orderId ثم يُعاد رميه (DB-10)؛ الحدث خارج outbox.,فشل نادر في الإصدار.,P3,مطبق في الجوهر.,REQ-O2C-034,,,DB-10 | INT-01,invoices.order_id unique nullable، idempotency_key unique nullable.,DAR-06 | DAR-07 | DAR-14,REQ-O2C-002 | REQ-O2C-030 | REQ-O2C-032,,docs/audit/2026-09-20-phase1-direct-invoice-report-ar.md:57 (2026-09-20; B4b-0225) | docs/audit/2026-09-20-phase1-direct-invoice-report-ar.md:58 (2026-09-20; B4b-0226) | docs/audit/05-transactions-concurrency.md:57 (2026-09-01; B6a-0115) | docs/audit/load-test-2026-09-08.md:129 (2026-09-08; B6a-0407) | apps/accounting/README.md:5-9 (unknown; B6c-0207)
REQ-O2C-032,C1,توقيت إصدار فاتورة الأمر عند الحجز (ADR-3) وعدد الفواتير لكل أمر,DOCUMENTED_REQ,AI agent (ADR-3) — يحتاج اعتماد الشركة,Order-to-Cash / Invoicing,النظام؛ المالك لاعتماد التوقيت,إصدار الفاتورة في نقطة معروفة من المسار.,فاتورة الأمر تُصدر آليًا عند StockReserved (لأن الإجماليات تسافر Sales→Inventory→Accounting في أحداث الحجز)، فاتورة واحدة لكل أمر، بلا إعداد تأجيل؛ أمر يبقى ALLOCATED > 72 ساعة يُعد عطلًا؛ ما لم يقرر المالك التوقيت عند الشحن/التسليم أو تعدد الفواتير (DEC-O2C-14).,BR-O2C-52,StockReserved,فاتورة + INVOICED,—,إلغاء قبل الإصدار → لا فاتورة.,—,AC-O2C-032-1: بافتراض أمر حُجز، عندما يصل StockReserved لـAccounting، فإن فاتورة واحدة تُصدر خلال دقيقة والأمر INVOICED. | AC-O2C-032-2: بافتراض أمر ALLOCATED منذ 73 ساعة بلا فاتورة، عندما تعمل مهمة الرصد، فإنه يظهر كتنبيه.,IMPLEMENTED,IMPLEMENTED,Unknown,—,—,[B] apps/accounting/src/modules/saga-listener/saga-listener.service.ts:95 / [C] apps/accounting/src/modules/saga-listener/saga-listener.service.ts:102 onStockReserved؛ [B] apps/accounting/src/modules/invoices/invoices.service.ts:427-487 / [C] apps/accounting/src/modules/invoices/invoices.service.ts:440-500,Invoice.orderId unique,inventory.stock.reserved → finance.invoice.generated,"[B+C] saga-listener.service.spec.ts (spec exists, not run)",الفاتورة قبل الشحن تسمح بمرتجعات على أوامر لم تُشحن (SAL-06) وتسبق الحقيقة اللوجستية؛ التوقيت غير معتمد من الشركة؛ لا فوترة جزئية.,ذمم على بضاعة لم تخرج.,P2,يحتاج قرارًا؛ يوجد مسار إلغاء.,REQ-O2C-059,DEC-O2C-14,هل تُصدر الفاتورة عند الحجز أم عند الشحن/التسليم؟ فاتورة واحدة لكل أمر؟,SAL-06,Invoice.orderId unique (يتغير إن تقرر تعدد الفواتير إلى invoice_order_links).,DAR-06 | DAR-07 | DAR-15,REQ-O2C-005 | REQ-O2C-033 | REQ-O2C-059,,docs/audit/2026-09-20-ab-data-pdf-review-ar.md:20 (2026-09-20; B3-0110) | docs/audit/2026-09-20-ab-data-pdf-review-ar.md:200-201 (2026-09-20; B3-0153)
REQ-O2C-033,C1,فواتير المسار تحمل بنودًا (لا رأس فقط),INFERRED_NEEDS_APPROVAL,AI agent (INVOICE-CONCEPT),Order-to-Cash / Invoicing,النظام,تفاصيل البنود والتشغيلات على فاتورة الأمر لأغراض الضريبة والتتبع.,فاتورة المسار تُنشأ ببنودها (منتج، كمية، سعر، خصم، ضريبة) وتشغيلاتها من لقطة الأمر، وتُعرض في التفاصيل لا الإجماليات فقط.,,invoice_lines snapshot في الحدث,InvoiceLine + InvoiceLineBatch,—,—,—,AC-O2C-033-1: بافتراض أمر بسطرين، عندما تُصدر فاتورته، فإن الفاتورة تحوي سطرين بتشغيلاتهما.,IMPLEMENTED,IMPLEMENTED,Unknown,[B+C] apps/web/app/dashboard/invoices/[id],—,[B] apps/accounting/src/modules/invoices/invoices.service.ts:427-500 / [C] apps/accounting/src/modules/invoices/invoices.service.ts:440-520 (invoice_lines + invoice_line_batches),InvoiceLine، InvoiceLineBatch,StockReserveRequested.invoice_lines,"spec exists, not run",ادعاء «فواتير المسار بلا بنود» (B1-0223) قديم؛ لكن إعادة الإصدار (reissue) تنشئ رأسًا بلا بنود (ACC-17).,فاتورة بديلة بلا تفاصيل.,P3,مطبق؛ الفجوة في reissue.,,,,ACC-17,InvoiceLine إلزامي لكل فاتورة غير ملغاة بما فيها البديلة.,DAR-07,REQ-O2C-032 | REQ-O2C-037,,docs/INVOICE-CONCEPT-AR.md:31 (2026-09-21; B1-0223)
REQ-O2C-034,C1,ترقيم تسلسلي للفواتير بلا فجوات,INFERRED_NEEDS_APPROVAL,AI agent + auditor,Order-to-Cash / Invoicing,النظام,متطلب ضريبي/قانوني محتمل وتتبع المستندات.,رقم الفاتورة يُولد من تسلسل مستندات (document_sequences) لكل سنة/نوع بلا فجوات وبلا تصادم تحت التزامن، بدل Date.now base36.,BR-O2C-54,—,رقم فاتورة تسلسلي,—,—,—,AC-O2C-034-1: بافتراض 100 فاتورة متزامنة، عندما تُصدر، فإن أرقامها متتالية بلا تكرار ولا فجوة. | AC-O2C-034-2: بافتراض فاتورة ملغاة، عندما تُراجع السلسلة، فإن رقمها محفوظ ولا يُعاد استخدامه.,NOT_IMPLEMENTED,NOT_IMPLEMENTED,Unknown,—,—,"[B] apps/accounting/src/modules/invoices/invoices.service.ts:431,688 / [C] apps/accounting/src/modules/invoices/invoices.service.ts:444,715 INV-<base36>",[B] apps/accounting/prisma/schema.prisma:780 / [C] :938 DocumentSequence (للإشعارات الدائنة فقط),—,—,ترقيم base36 غير تسلسلي.,خطر عدم قبول ضريبي، وصعوبة رصد فاتورة مفقودة.,P2,امتثال محتمل؛ حسب رد المحاسب.,C5 (tax/ETA),,هل يقبل القانون/المحاسب ترقيمًا غير تسلسلي؟,DB-10,document_sequences(type، year، next) مع قفل صف.,DAR-10,REQ-O2C-031 | REQ-R2R-028,REQ-R2R-028,docs/audit/2026-09-20-phase1-direct-invoice-report-ar.md:161 (2026-09-20; B4b-0234) | docs/audit/05-transactions-concurrency.md:50 (2026-09-01; B6a-0114) | docs/audit/production-program/PHASE-0-ARCHITECTURE.md:56 (2026-09-16; B6a-0312)
REQ-O2C-035,C1,شروط سداد لكل عميل (افتراضها من الشريحة) وحالة البيع الآجل DEFERRED,DOCUMENTED_REQ,AI agent + ممارسة الشركة (آجل 30 يومًا),Order-to-Cash / Invoicing,مسؤول العملاء؛ منشئ الفاتورة,استحقاق صحيح للذمم وتقادم دقيق.,لكل عميل شروط سداد (CASH/NET_7..NET_90) بافتراض من شريحته، تُطبق على فواتير الأوامر والفواتير المباشرة؛ البيع الآجل يُصدر DEFERRED ثم PARTIAL/PAID بالتحصيل؛ تاريخ الاستحقاق = الإصدار + أيام الشروط.,BR-O2C-53 | BR-O2C-59,شروط العميل,dueDate، status,—,شروط غير معروفة → رفض.,تعديل شروط العميل بصلاحية.,AC-O2C-035-1: بافتراض عميل NET_60، عندما تُصدر فاتورة أمره، فإن dueDate = الإصدار + 60 يومًا وحالتها DEFERRED. | AC-O2C-035-2: بافتراض فاتورة DEFERRED، عندما يُسجل تحصيل جزئي، فإن حالتها PARTIAL.,PARTIAL,PARTIAL,Unknown,[B+C] apps/web/app/dashboard/invoices/new (اختيار الشروط),POST /invoices (paymentTerms),"[B+C] apps/accounting/src/common/commercial-terms.ts:13 PAYMENT_TERMS؛ [C] apps/accounting/src/modules/invoices/invoices.service.ts:738-746,821-823؛ فواتير الأوامر net-30 ثابت [B] apps/accounting/src/modules/invoices/invoices.service.ts:487 / [C] apps/accounting/src/modules/invoices/invoices.service.ts:500",[B] apps/accounting/prisma/schema.prisma:155 / [C] :169 Invoice.creditPeriodDays؛ enum InvoiceStatus يضم DEFERRED؛ لا شروط على العميل في CRM,—,"[B+C] direct-invoice.spec.ts (spec exists, not run)",الفاتورة المباشرة تقبل الشروط يدويًا؛ فواتير الأوامر net-30 ثابت وحالتها UNPAID لا DEFERRED؛ لا شروط على العميل/الشريحة.,تقادم وتحصيل غير دقيقين.,P2,بديل يدوي.,C6 (credit terms),DEC-O2C-15,شروط السداد لكل شريحة/عميل؟,GOV-06,Account.paymentTerms (أو SegmentTerms)؛ Invoice.paymentTerms/creditPeriodDays/dueDate إلزامية.,DAR-05 | DAR-09,REQ-O2C-040 | REQ-O2C-048 | REQ-TRC-033 | REQ-TRC-034,,docs/audit/2026-09-20-ab-data-pdf-review-ar.md:110 (2026-09-20; B3-0132) | docs/audit/2026-09-20-ab-data-pdf-review-ar.md:26-27 (2026-09-20; B3-0113) | QA-REPORTS/15-build-deployment-testing.md:41-42 (2026-09-21; B6c-0301)
REQ-O2C-036,C1,منع توليد فاتورة بعميل مجهول أو إجمالي صفر من حدث ناقص,INFERRED_NEEDS_APPROVAL,auditor + AI agent,Order-to-Cash / Invoicing,النظام,عدم تلويث الذمم بفواتير بلا عميل.,إذا افتقد StockReserved account_id أو الإجماليات، لا تُصدر فاتورة؛ يُرفض الحدث إلى DLQ/تنبيه للتصحيح بدل قيم افتراضية «unknown» و0.,BR-O2C-55,StockReserved,رفض/تنبيه,—,حدث ناقص → DLQ.,—,AC-O2C-036-1: بافتراض StockReserved بلا account_id، عندما يُعالج، فإن لا فاتورة تُنشأ ويُسجل تنبيه. | AC-O2C-036-2: بافتراض استعلام فواتير account_id='unknown'، عندما يُشغل بعد التصحيح، فإن النتيجة صفر.,NOT_IMPLEMENTED,NOT_IMPLEMENTED,Unknown,—,—,"[B] apps/accounting/src/modules/saga-listener/saga-listener.service.ts:132 / [C] apps/accounting/src/modules/saga-listener/saga-listener.service.ts:139,144 (accountId ?? 'unknown'، total ?? 0)",—,inventory.stock.reserved,—,القيم الافتراضية «demo» ما زالت؛ الإلغاء يوفر تصحيحًا لاحقًا فقط.,ذمم ملوثة.,P1,سلامة بيانات مالية.,,,,DB-04,Invoice.accountId NOT NULL ويُتحقق من وجوده؛ total > 0 لغير الملغاة.,DAR-07,REQ-O2C-031 | REQ-O2C-037,,docs/audit/20-p0-p1-evidence-validation.md:94-95 (unknown; B6a-0269) | docs/audit/21-p0-p1-remediation.md:650-653 (2026-09-07; B6b-0038)
REQ-O2C-037,C1,إلغاء/إبطال الفاتورة بقيد معاكس ورفضه عند وجود مدفوعات أو إشعارات,INFERRED_NEEDS_APPROVAL,auditor + AI agent,Order-to-Cash / Invoicing,المحاسب (accounting.invoices.cancel),تصحيح فاتورة خاطئة دون حذف أثرها.,POST /invoices/:id/cancel بصلاحية مستقلة وسبب إلزامي: فقط إن كان المدفوع = 0 والمقيد دائنًا = 0؛ في معاملة Serializable تصبح CANCELLED نهائية بتاريخ/فاعل/سبب وقيد CREDIT INVOICE_CANCELLATION بقيمة الفاتورة دون حذف الأصل، وتُستبعد من التحصيل، ويُنشر InvoiceCancelled؛ الإلغاء الثاني مرفوض؛ إعادة الإصدار ببنود واعتماد.,BR-O2C-56 | BR-O2C-12,invoiceId، السبب,CANCELLED + قيد معاكس,—,PARTIAL/PAID/مقيد → رفض: اعكس أولًا.,صلاحية مستقلة؛ إعادة الإصدار تحتاج اعتمادًا ثانيًا (مقترح).,AC-O2C-037-1: بافتراض فاتورة UNPAID بلا إشعارات، عندما تُلغى بسبب، فإن حالتها CANCELLED ويوجد قيد CREDIT بقيمتها والقيد الأصلي باق. | AC-O2C-037-2: بافتراض فاتورة PARTIAL، عندما يُطلب إلغاؤها، فإن الطلب يُرفض. | AC-O2C-037-3: بافتراض فاتورة ملغاة، عندما يُطلب إلغاؤها ثانية، فإن الرد 409.,IMPLEMENTED,IMPLEMENTED,Unknown,[B+C] apps/web/app/dashboard/invoices/[id],"[B] apps/accounting/src/modules/invoices/invoices.controller.ts:54,57 / [C] apps/accounting/src/modules/invoices/invoices.controller.ts:70,73","[B] apps/accounting/src/modules/invoices/invoices.service.ts:1083,1177 cancel/cancelInTx، 959 reissue / [C] apps/accounting/src/modules/invoices/invoices.service.ts:1124,1218، 986",[B] apps/accounting/prisma/schema.prisma:165 / [C] :179 cancelledBy…؛ ledger_entries INVOICE_CANCELLATION,finance.invoice.cancelled (نشر مباشر),"[B+C] invoices.service.spec.ts (spec exists, not run)",إعادة الإصدار تنشئ رأسًا بلا بنود وبمبالغ حرة دون اعتماد (ACC-17)؛ في C عكس GL يعد مرتين (ACC-05)؛ الحدث بلا outbox. وثيقة 18-business-workflows «لا مسار إلغاء» قديمة (DEC-O2C-20).,تعديل قيمة فاتورة بلا رقابة عبر reissue.,P2,رقابة.,REQ-O2C-038,DEC-O2C-17 | DEC-O2C-20,هل تحتاج إعادة الإصدار اعتمادًا ثانيًا؟,ACC-17 | ACC-05,Invoice.cancelledAt/By/Reason؛ ledger_entries unique(refType، refId)؛ replacementOfId مع بنود منسوخة.,DAR-04 | DAR-05 | DAR-06 | DAR-09 | DAR-14,REQ-O2C-022 | REQ-O2C-038 | REQ-O2C-040 | REQ-R2R-032 | REQ-TRC-026,,docs/audit/20-p0-p1-evidence-validation.md:94-98 (unknown; B6a-0268) | docs/audit/00-executive-summary.md:19 (2026-09-01; B6a-0006) | docs/audit/21-p0-p1-remediation.md:645-731 (2026-09-07; B6b-0034) | docs/audit/18-business-workflows.md:11 (unknown; B4a-0115)
REQ-O2C-038,C1,منع إحياء فاتورة ملغاة (لا دفع/عكس/مرتجع عليها),INFERRED_NEEDS_APPROVAL,AI agent,Order-to-Cash / Invoicing,النظام,الفاتورة الملغاة نهائية.,الدفع على فاتورة ملغاة مرفوض، وتطبيق مرتجع أو عكس دفعة عليها مرفوض (أو يُوجّه للفاتورة البديلة)، وإعادة فوترة الأمر نفسه بعد الإلغاء حسب DEC-O2C-17.,BR-O2C-57,—,رفض,—,—,—,AC-O2C-038-1: بافتراض فاتورة CANCELLED، عندما تُسجل دفعة عليها، فإن الرد 400 «Invoice is cancelled». | AC-O2C-038-2: بافتراض فاتورة CANCELLED، عندما يُطلب عكس دفعة سابقة عليها، فإن الرد 409.,IMPLEMENTED,IMPLEMENTED,Unknown,—,POST /payments، /payments/:id/reverse,"[B] apps/accounting/src/modules/payments/payments.service.ts:131,373 / [C] apps/accounting/src/modules/payments/payments.service.ts:143,389",—,—,"spec exists, not run",إعادة فوترة الأمر بعد إلغاء فاتورته ممنوعة بقيد orderId الفريد ولا مسار بديل (قرار مفتوح).,أمر بلا فاتورة صحيحة.,P3,حالة نادرة.,,DEC-O2C-17,هل يُسمح بإعادة إصدار فاتورة لأمر أُلغيت فاتورته؟,,Invoice.status CANCELLED نهائي (CHECK على الانتقالات).,DAR-05 | DAR-06 | DAR-09,REQ-O2C-037,,docs/audit/21-p0-p1-remediation.md:695-698 (2026-09-07; B6b-0037)
REQ-O2C-039,C1,التحصيل عملية مستقلة عن إصدار الفاتورة وتسليمها,DOCUMENTED_REQ,AI agent (INVOICE-CONCEPT),Order-to-Cash / Collection & Cash application,المحصل/المحاسب,البيع ليس تحصيلًا.,التحصيل عملية مالية مرتبطة بالفاتورة (كاملة/جزئية/دفعات/عكس) وليس شرطًا لإصدارها أو تسليمها.,,—,—,—,—,—,AC-O2C-039-1: بافتراض فاتورة آجلة غير مدفوعة، عندما يُشحن أمرها ويُسلّم، فإن العملية تنجح دون تحصيل.,IMPLEMENTED,IMPLEMENTED,Unknown,—,—,[B] apps/sales/src/modules/orders/orders.service.ts:1205 / [C] apps/sales/src/modules/orders/orders.service.ts:1235 SHIPPABLE_FROM يضم ALLOCATED/INVOICED,—,—,—,لا فجوة.,—,P4,مطبق.,,,,,—,DAR-05 | DAR-09,REQ-O2C-040 | REQ-SEC-041,,docs/INVOICE-CONCEPT-AR.md:13 (2026-09-21; B1-0219)
REQ-O2C-040,C1,تسجيل التحصيل الكامل/الجزئي وحالات الفاتورة والمستحق ورفض الدفع الزائد,OWNER_DECISION,unnamed owner (backlog traceability),Order-to-Cash / Collection & Cash application,المحصل/المحاسب (accounting.payments.create),قبض النقدية وتحديث الذمة بدقة.,تحصيل فاتورة كاملة أو جزئية بوسيلة ومبلغ ومرجع؛ حالات الفاتورة UNPAID/DEFERRED/PARTIAL/PAID/CANCELLED؛ المستحق = الإجمالي − المدفوع − المقيد دائنًا؛ أي تسوية تتجاوز الإجمالي تُرفض بلا هامش؛ مساعد تسوية واحد settleInvoice لكل المسارات.,BR-O2C-58 | BR-O2C-59,invoiceId، amount، method، مرجع، idempotencyKey,Payment + تحديث الفاتورة + قيد AR,—,دفع زائد → 400؛ فاتورة ملغاة → 400.,—,"AC-O2C-040-1: بافتراض فاتورة 100.00، عندما تُسجل دفعة 100.01، فإنها تُرفض. | AC-O2C-040-2: بافتراض فاتورة 1,000 عليها إشعار دائن 200، عندما تُسجل دفعة 800، فإن حالتها PAID والمستحق 0. | AC-O2C-040-3: بافتراض دفعة 300 على فاتورة 1,000، عندما تُسجل، فإن الحالة PARTIAL والمستحق 700.",IMPLEMENTED,PARTIAL,Unknown,[B+C] apps/web/app/dashboard/collection، invoices/[id],[B] apps/accounting/src/modules/payments/payments.controller.ts:40 / [C] apps/accounting/src/modules/payments/payments.controller.ts:53 POST /accounting/payments,[B] apps/accounting/src/modules/payments/payments.service.ts:128-195، 138 (رفض الزائد)، 704 settleInvoice / [C] apps/accounting/src/modules/payments/payments.service.ts:140-200، 150، 722؛ [C] GL postArPayment داخل المعاملة 183-187,[B+C] apps/accounting/prisma/schema.prisma Payment، Invoice.paidAmount/creditedAmount؛ enum InvoiceStatus,finance.payment.received (outbox),"[B+C] payments.service.spec.ts (spec exists, not run)",C: ترحيل GL داخل معاملة التحصيل قد يمنع قبض النقدية (ACC-02/ACC-03)؛ النسختان: PaymentReceived يكتب PAID فوق الحالات اللوجستية (SAL-01).,C: توقف التحصيل إن نُشر.,P1,قبض النقدية.,REQ-O2C-041 | REQ-O2C-042,,,ACC-02 | ACC-03 | SAL-01,"Payment(invoiceId nullable، amount Decimal(14,2) > 0، method، reference، receivedAt، actorId)؛ Invoice.paidAmount + creditedAmount ≤ total (CHECK).",DAR-03 | DAR-04 | DAR-05 | DAR-06 | DAR-08 | DAR-09 | DAR-10,REQ-INV-049 | REQ-O2C-041 | REQ-O2C-042 | REQ-O2C-043 | REQ-O2C-044 | REQ-O2C-047 | REQ-TRC-025,,docs/audit/2026-09-20-backlog-traceability-ar.md:158 (2026-09-20; B4b-0078) | docs/audit/2026-09-20-backlog-traceability-ar.md:148 (2026-09-20; B4b-0073) | docs/audit/2026-09-20-backlog-traceability-ar.md:150 (2026-09-20; B4b-0075) | Data/AB DATA/Nile ERP Business Operations.pdf:p.3-4 (2026-09-13; B3-0322) | apps/accounting/README.md:7 (unknown; B6c-0208) | docs/audit/21-p0-p1-remediation.md:779-781 (2026-09-07; B6b-0042) | docs/audit/2026-09-20-phase4-collections-currency-copilot-report-ar.md:22-26 (2026-09-20; B4b-0264)
REQ-O2C-041,C1,عدم تكرار تسجيل الدفعة عند إعادة الإرسال (idempotency),INFERRED_NEEDS_APPROVAL,auditor,Order-to-Cash / Collection & Cash application,النظام,إعادة المحاولة أو النقر المزدوج لا ينشئ دفعتين حقيقيتين.,كل دفعة تحمل idempotencyKey فريدًا من العميل؛ التكرار يعيد الدفعة الأصلية؛ نفس المفتاح بفاتورة/مبلغ/وسيلة/شيك/منفّذ مختلف → 409؛ طلبان متزامنان → صف واحد وقيد واحد وحدث واحد.,BR-O2C-60,idempotencyKey,دفعة واحدة,—,حمولة مختلفة → 409.,—,AC-O2C-041-1: بافتراض دفعة 300 بمفتاح K، عندما تُرسل مرتين متزامنتين، فإن paidAmount يزيد 300 مرة واحدة. | AC-O2C-041-2: بافتراض نفس المفتاح K بمبلغ 400، عندما يُرسل، فإن الرد 409. | AC-O2C-041-3: بافتراض تقرير التسوية الليلي، عندما يُشغل، فإن استعلام تكرار idempotency_key يعيد 0 صفوف.,IMPLEMENTED,IMPLEMENTED,Unknown,—,POST /payments,[B] apps/accounting/src/modules/payments/payments.service.ts:124-301 assertSamePayment / [C] apps/accounting/src/modules/payments/payments.service.ts:136-317,[B] apps/accounting/prisma/schema.prisma:310 / [C] :380 Payment.idempotencyKey @unique,outbox,"[B+C] payments.audit-chain.integration.spec.ts (spec exists, not run)",لا فجوة في الدفعة؛ قيد الخزينة PAYMENT_IN بلا مفتاح idempotency مستقل.,—,P1,مال؛ مطبق.,,,,,payments.idempotency_key unique NOT NULL.,DAR-04 | DAR-05 | DAR-06 | DAR-07,REQ-INV-009 | REQ-NFR-012 | REQ-O2C-025 | REQ-O2C-040 | REQ-O2C-042 | REQ-P2P-008,,docs/audit/20-p0-p1-evidence-validation.md:81-84 (unknown; B6a-0266) | docs/audit/00-executive-summary.md:18 (2026-09-01; B6a-0005) | docs/audit/22-production-remediation-master-plan.md:417 (2026-09-13; B6b-0130) | docs/PRODUCTION-READINESS-P0.md:83 (2026-09-23; B6c-0064) | docs/runbooks/alerts-and-metrics.md:45 (unknown; B6c-0153)
REQ-O2C-042,C1,ذرية التحصيل: الدفعة والتسوية والقيد والخزينة والأحداث في معاملة واحدة,DOCUMENTED_REQ,AI agent (phase3/phase4 reports),Order-to-Cash / Collection & Cash application,النظام,لا أثر جزئي للتحصيل.,يُحل الحساب قبل الدفعة؛ ثم الدفعة ← تسوية كل فاتورة ← التخصيص ← قيد AR دائن ← PAYMENT_IN وتحديث رصيد الخزينة ← أحداث outbox (PaymentReceived لكل فاتورة بنفس الشكل) ← التدقيق في معاملة SERIALIZABLE واحدة مع إعادة محاولة.,BR-O2C-61,—,—,—,فشل أي خطوة يلغي الكل.,—,AC-O2C-042-1: بافتراض فشل كتابة قيد الخزينة، عندما تُسجل دفعة، فإن لا دفعة ولا تحديث فاتورة يبقى. | AC-O2C-042-2: بافتراض تحصيل على 3 فواتير، عندما يكتمل، فإن 3 أحداث PaymentReceived تُكتب في outbox بنفس المعاملة.,IMPLEMENTED,PARTIAL,Unknown,—,POST /payments، /payments/allocations,[B] apps/accounting/src/modules/payments/payments.service.ts:279-280 (Serializable)، 585-609 / [C] apps/accounting/src/modules/payments/payments.service.ts:295-296، 603-627؛ [C] GL داخل المعاملة 183-187 (مسار الفاتورة فقط),—,outbox_events,"spec exists, not run",C: GL داخل المعاملة يفشل (ACC-02) فيُسقط التحصيل كله، ومسار التوزيع بلا GL أصلًا.,C: توقف التحصيل.,P1,مال.,REQ-O2C-040 | C5 (GL),,,ACC-02 | ACC-03,outbox_events(eventId unique)؛ financial_account_entries بمفتاح مصدر فريد.,DAR-04 | DAR-05 | DAR-06 | DAR-07 | DAR-08 | DAR-12,REQ-O2C-040 | REQ-O2C-041 | REQ-O2C-043,,docs/audit/2026-09-20-phase4-collections-currency-copilot-report-ar.md:28-32 (2026-09-20; B4b-0265) | docs/audit/2026-09-20-phase3-financial-accounts-report-ar.md:130 (2026-09-20; B4b-0261) | docs/audit/2026-09-20-phase4-collections-currency-copilot-report-ar.md:36 (2026-09-20; B4b-0266)
REQ-O2C-043,C1,تحصيل على مستوى حساب العميل وتوزيعه على عدة فواتير مع رصيد غير موزع,OWNER_DECISION,unnamed owner (backlog traceability),Order-to-Cash / Collection & Cash application,المحصل/المحاسب,سند قبض واحد (مثل شيك) يغطي عدة فواتير دون فقدان هويته.,سند قبض رأس واحد + توزيعات على عدة فواتير (تخصيص واحد لكل (دفعة، فاتورة)) + رصيد غير موزع (دفعة تحت الحساب) مشتق من الدفعات والتخصيصات، مع تاريخ قبض فعلي مستقل عن وقت التسجيل، وقابلية العكس/الارتداد للسند كله مع فك التوزيعات.,BR-O2C-62,accountId، amount، allocations[],Payment + PaymentAllocation[] + رصيد غير موزع,اختيار الحساب ← الفواتير المفتوحة ← توزيع ← حفظ ذري.,إعادة المحاولة لا تضاعف التخصيص؛ عكس السند يفك كل التوزيعات.,—,"AC-O2C-043-1: بافتراض شيك 900 على فاتورتين 500 و400، عندما يُسجل، فإن دفعة واحدة وتخصيصين وكلا الفاتورتين PAID. | AC-O2C-043-2: بافتراض دفعة 1,000 على فاتورة 700، عندما تُسجل كتحصيل حساب، فإن الرصيد غير الموزع 300. | AC-O2C-043-3: بافتراض نفس السند، عندما يُعكس، فإن الفاتورتين تعودان UNPAID والرصيد غير الموزع 0.",PARTIAL,PARTIAL,Unknown,[B+C] apps/web/app/dashboard/collection (منتقي الحساب؛ التوزيع API فقط),[B] apps/accounting/src/modules/payments/payments.controller.ts:50 / [C] apps/accounting/src/modules/payments/payments.controller.ts:63 POST /payments/allocations؛ GET /collection/unallocated-credit,[B] apps/accounting/src/modules/payments/payments.service.ts:510-620 / [C] apps/accounting/src/modules/payments/payments.service.ts:528-708,"[B] apps/accounting/prisma/schema.prisma:1082-1094 / [C] :1269-1281 PaymentAllocation @@unique([paymentId, invoiceId])",PaymentReceived لكل فاتورة,"[B+C] payments.service.spec.ts (spec exists, not run)",التوزيعات لا يمكن عكسها أو ارتدادها (ACC-07)؛ لا تاريخ قبض فعلي مستقل؛ التوزيع من الواجهة غير مكتمل؛ وسائل الدفع للتوزيع CASH/TRANSFER/DEPOSIT فقط؛ C: مسار التوزيع بلا GL.,شيك موزع يرتد لا يمكن تصحيحه.,P1,مال وذمم.,REQ-O2C-044 | REQ-O2C-045,,,ACC-07 | SAL-10,Payment.invoiceId nullable؛ PaymentAllocation(paymentId، invoiceId، amount) unique؛ Payment.receivedAt.,DAR-05 | DAR-06 | DAR-09,REQ-O2C-040 | REQ-O2C-044 | REQ-O2C-045,,docs/audit/2026-09-20-backlog-traceability-ar.md:159 (2026-09-20; B4b-0079) | docs/audit/2026-09-20-backlog-traceability-ar.md:160 (2026-09-20; B4b-0080) | docs/audit/2026-09-20-backlog-traceability-ar.md:161 (2026-09-20; B4b-0081) | docs/audit/2026-09-18-company-workflows-vs-erp-ar.md:94 (2026-09-18; B3-0022) | docs/audit/2026-09-20-phase0-discovery-audit-ar.md:446 (2026-09-20; B4b-0179) | docs/audit/2026-09-20-phase4-collections-currency-copilot-report-ar.md:40 (2026-09-20; B4b-0267)
REQ-O2C-044,C1,عكس/تصحيح الدفعة بقيد مقابل بسبب لا بحذف,OWNER_DECISION,unnamed owner (backlog traceability),Order-to-Cash / Collection & Cash application,المحاسب (accounting.payments.reverse),تصحيح دفعة خاطئة مع أثر مسجل.,عكس الدفعة append-only (reversed/At/Reason/By) بسبب إلزامي، يعيد حساب حالة الفاتورة والمتبقي (شاملًا الإشعارات الدائنة)، ويعكس قيد AR وقيد الخزينة، وينشر PaymentReversed، ويدعم دفعات التوزيع.,BR-O2C-63,paymentId، السبب,دفعة معكوسة + قيود معاكسة,—,دفعة معكوسة → 409؛ فاتورة ملغاة → 409.,صلاحية مستقلة.,AC-O2C-044-1: بافتراض دفعة نقدية 500 إلى خزينة، عندما تُعكس، فإن رصيد الخزينة ينقص 500 والفاتورة تعود لحالتها السابقة. | AC-O2C-044-2: بافتراض دفعة تحت الحساب موزعة، عندما تُعكس، فإن كل التوزيعات تُفك. | AC-O2C-044-3: بافتراض عكس بلا سبب، عندما يُرسل، فإنه يُرفض.,PARTIAL,PARTIAL,Unknown,[B+C] apps/web/app/dashboard/collection,[B] apps/accounting/src/modules/payments/payments.controller.ts:54 / [C] apps/accounting/src/modules/payments/payments.controller.ts:67,[B] apps/accounting/src/modules/payments/payments.service.ts:351-404 / [C] apps/accounting/src/modules/payments/payments.service.ts:367-422,[B] apps/accounting/prisma/schema.prisma:363 / [C] :433 Payment.reversed*,finance.payment.reversed (outbox),"[B+C] payments.service.spec.ts (spec exists, not run)",لا يعكس قيد الخزينة (ACC-06)؛ لا يدعم دفعات التوزيع (ACC-07)؛ C: عكس GL بنفس الاتجاه (ACC-04).,أرصدة خزينة مضخمة.,P1,نقدية.,C6 (treasury),,,ACC-06 | ACC-07 | ACC-04,Payment.reversedAt/By/Reason؛ financial_account_entries عكسية بمرجع الدفعة.,DAR-03 | DAR-04 | DAR-05 | DAR-09 | DAR-14,REQ-INH-009 | REQ-O2C-040 | REQ-O2C-043 | REQ-O2C-045,,docs/audit/2026-09-20-backlog-traceability-ar.md:168 (2026-09-20; B4b-0088) | docs/audit/production-program/PHASE-0-ARCHITECTURE.md:57 (2026-09-16; B6a-0313) | docs/audit/production-program/PHASES-5-10-REPORT.md:88 (2026-09-16; B6a-0372)
REQ-O2C-045,C1,دورة حياة الشيك/الورقة المالية وعواقب الارتداد,INFERRED_NEEDS_APPROVAL,AI agent (من ممارسة الشركة),Order-to-Cash / Collection & Cash application,المحصل؛ المحاسب؛ أمين الخزينة (C6),الشيك المستلم ليس نقدية، والمرتد يعيد الدين.,تسجيل أداة الدفع منفصلة بحالات مقيدة (RECEIVED→DEPOSITED→CLEARED/BOUNCED، ومقترحة ENDORSED/RETURNED/REPLACED) وسجل حالات؛ الاعتراف المحاسبي حسب DEC-O2C-18؛ التصفية تنقل المبلغ للبنك؛ الارتداد ذري مرة واحدة: يعكس الدفعة ويعيد المديونية على كل الفواتير الموزعة ويرفع التعرض ويعكس العمولة والخزينة.,BR-O2C-64 | BR-O2C-65,رقم الشيك، البنك، تاريخ الاستحقاق,حالة الشيك وآثارها,—,ارتداد مكرر → بلا أثر ثانٍ.,—,AC-O2C-045-1: بافتراض شيك 900 موزع على فاتورتين ثم يرتد، عندما يُسجل الارتداد، فإن الفاتورتين تعودان لحالتهما والعمولة تُعكس مرة واحدة. | AC-O2C-045-2: بافتراض شيك CLEARED، عندما يُفتح رصيد البنك، فإن المبلغ ظاهر فيه. | AC-O2C-045-3: بافتراض ارتداد مسجل مرتين، عندما يُعالج، فإن الأثر مرة واحدة.,PARTIAL,PARTIAL,Unknown,[B+C] apps/web/app/dashboard/collection (الشيكات),[B] apps/accounting/src/modules/payments/payments.controller.ts:52 / [C] apps/accounting/src/modules/payments/payments.controller.ts:65,[B] apps/accounting/src/modules/payments/payments.service.ts:427-458 / [C] apps/accounting/src/modules/payments/payments.service.ts:445-476؛ [B+C] apps/sales/src/modules/saga/saga.orchestrator.ts:508-530 onPaymentReversed؛ [C] apps/accounting/src/modules/instruments (غير مسجل في app.module),[B] apps/accounting/prisma/schema.prisma:348-349 / [C] :418-419 checkStatus/checkDueDate؛ [C] FinancialInstrument :330,finance.payment.reversed + payment.failed (outbox),"[B+C] payments.service.spec.ts (spec exists, not run)",الارتداد يعكس الدفعة (مطبق 2026-09-20) لكن: لا يعكس الخزينة (ACC-06)، التوزيعات لا ترتد (ACC-07)، CLEARED لا يصل للبنك (ACC-08)، العمولة تُعكس لسطر واحد لكل payment_id (SAL-10)، وحدة الأوراق المالية في C غير مسجلة.,ذمم ونقدية وعمولات خاطئة بعد الارتداد.,P1,مال.,REQ-O2C-043 | C6 (treasury/cheques) | C7 (commission),DEC-O2C-18,متى يُعترف بالشيك: عند الاستلام أم التصفية؟,ACC-06 | ACC-07 | ACC-08 | SAL-10,FinancialInstrument(type، number، bank، dueDate، status، history[]) مرتبط بالدفعة؛ انتقالات مقيدة؛ مفتاح idempotency instrument:<id>.,DAR-04 | DAR-05 | DAR-06 | DAR-07 | DAR-09,REQ-O2C-043 | REQ-O2C-044 | REQ-O2C-046 | REQ-TRC-010 | REQ-TRC-011 | REQ-TRC-012,,"docs/audit/2026-09-18-company-workflows-vs-erp-ar.md:86 (2026-09-18; B3-0019) | docs/PROMPT-P1-P3-IMPLEMENTATION.md:116,119 (unknown; B5a-0176) | docs/PROMPT-P1-P3-IMPLEMENTATION.md:117 (unknown; B5a-0177) | docs/audit/2026-09-18-company-workflows-vs-erp-ar.md:227 (2026-09-18; B3-0052)"
REQ-O2C-046,C1,تسجيل المحصِّل وأداة الدفع ومرجعها وتاريخ استحقاق الشيك على كل تحصيل,INFERRED_NEEDS_APPROVAL,company file (سجل الإيرادات والتحصيلات 2026),Order-to-Cash / Collection & Cash application,المحصل,مطابقة ممارسة الشركة: التحصيل يذكر رقم الفاتورة والشيك/الإيداع/التحويل والموظف المحصل.,كل تحصيل يسجل: الفاتورة، أداة الدفع ومرجعها (رقم الشيك/الإيداع/التحويل)، تاريخ استحقاق الشيك، والموظف المحصل كطرف مستقل عن المندوب البائع ومسؤول العميل، مع عهدة المحصل حتى التوريد (التوريد للخزينة لدى C6).,BR-O2C-79,بيانات التحصيل,Payment كامل البيانات,—,—,—,AC-O2C-046-1: بافتراض تحصيل بشيك، عندما يُحفظ بلا رقم أو تاريخ استحقاق، فإنه يُرفض. | AC-O2C-046-2: بافتراض محصل غير المندوب البائع، عندما يُسجل التحصيل، فإن تقرير التحصيل بالمحصل يظهره مستقلًا عن المندوب.,PARTIAL,PARTIAL,Unknown,[B+C] apps/web/app/dashboard/collection,POST /payments,[B] apps/accounting/src/modules/payments/payments.service.ts:124 / [C] apps/accounting/src/modules/payments/payments.service.ts:136 (checkNumber/checkBank/checkDueDate، actorId),[B] apps/accounting/prisma/schema.prisma:348-349 / [C] :418-419,—,—,المرجع والشيك مسجلان؛ «المحصل» هو منفّذ الإدخال (actorId) لا طرفًا مستقلًا؛ عهدة المحصل والتوريد غير ممثلين (C6).,تعذر محاسبة المحصل.,P2,رقابة.,C6 (custody/remittance),DEC-O2C-18,هل المحصل دائمًا هو من يُدخل الدفعة؟,,Payment.collectorId، instrumentRef، receivedAt.,DAR-03 | DAR-05,REQ-O2C-045 | REQ-O2C-048 | REQ-TRC-008 | REQ-TRC-013 | REQ-TRC-015,,Data/الإيرادات والمصروفات والمديونيات 2026.xlsx:9 sheets JAN–SEP; header row 1 (unknown; B3-0293) | docs/audit/2026-09-18-company-workflows-vs-erp-ar.md:22-26 (2026-09-18; B3-0004) | docs/audit/2026-09-18-company-workflows-vs-erp-ar.md:20 (2026-09-18; B3-0003)
REQ-O2C-047,C1,كشف حساب العميل والرصيد الجاري الموحد,OWNER_DECISION,unnamed owner (backlog traceability),Order-to-Cash / Collection & Cash application,المحاسب؛ المندوب (لعملائه),استبدال 300+ ورقة Excel لكل عميل بدفتر موحد.,كشف حساب العميل بصلاحية وفحص ملكية: من/إلى شامل، رصيد مرحل من كل القيود السابقة، مدين/دائن (فواتير، تحصيلات، مرتجعات، إشعارات)، رصيد جارٍ، إجماليات، تصدير؛ الرصيد = افتتاحي + مبيعات آجلة − تحصيلات معتبرة − إشعارات دائنة ± تصحيحات موثقة؛ المال بالقروش؛ فشل المصدر لا يُعرض صفرًا؛ الرصيد الافتتاحي موحد بين CRM والمحاسبة؛ كشف مماثل لكل مندوب.,BR-O2C-66 | BR-O2C-67,accountId، الفترة,كشف,—,فشل API → رسالة خطأ لا رصيد صفر.,accounting.ledger.read + ملكية.,"AC-O2C-047-1: بافتراض عميل رصيده الافتتاحي 1,000 وفاتورة 500 وتحصيل 300، عندما يُطلب الكشف، فإن الرصيد الختامي 1,200. | AC-O2C-047-2: بافتراض فترة بلا حركة، عندما يُطلب الكشف، فإن الرصيد المرحل يظهر كاملًا. | AC-O2C-047-3: بافتراض تعذر الوصول لخدمة المحاسبة، عندما يُفتح الكشف، فإن رسالة خطأ تظهر ولا يُعرض 0.",PARTIAL,PARTIAL,Unknown,[B+C] apps/web/app/dashboard/receivables، كشف الحساب,"[B+C] apps/accounting/src/modules/ledger/ledger.controller.ts:10,19 GET /ledger/:accountId، /balance",رصيد مشتق في الاستعلام (Invoice + Account.openingBalance),[B] apps/accounting/prisma/schema.prisma:381 / [C] :452 LedgerEntry,—,"spec exists, not run",الكشف لا يدمج الرصيد الافتتاحي في CRM مع المحاسبة؛ الرصيد يُجمع من كل القيود في كل طلب؛ تعرض Sales يتباعد عن الذمم (SAL-03)؛ لا كشف مندوب صريح.,أرصدة متضاربة بين الشاشات.,P2,بديل يدوي.,C6 (exposure) | C10 (opening balances),,,SAL-03,LedgerEntry(accountId، refType، refId، debit، credit، at) unique(refType، refId)؛ نقطة رصيد مرحل (checkpoint).,DAR-04 | DAR-05 | DAR-06 | DAR-20,REQ-INV-049 | REQ-O2C-040 | REQ-O2C-048 | REQ-O2C-049 | REQ-TRC-025,,"docs/audit/2026-09-20-backlog-traceability-ar.md:102 (2026-09-20; B4b-0047) | docs/CUSTOMER-EXPORTS.md:6 (unknown; B3-0270) | docs/CUSTOMER-EXPORTS.md:12 (unknown; B3-0272) | docs/audit/2026-09-18-company-workflows-vs-erp-ar.md:34 (2026-09-18; B3-0007) | docs/architecture/ai-operations/COPILOT-ERP-COVERAGE-ar.md:170-176 (unknown; B5b-0065) | Data/حسابات العملاء.xlsx:300 sheets; summary sheet + per-customer sheets, header row 5 (unknown; B3-0294) | docs/ERP-CUSTOMER-IMPORT-RESULT.md:17-19 (2026-09-01; B3-0190) | apps/accounting/README.md:8 (unknown; B6c-0209) | Data/NILE PHARMA.xlsm:10 sheets; header rows 1-5 (unknown; B3-0303) | docs/CUSTOMER-EXPORTS.md:14 (unknown; B3-0273) | docs/audit/06-api.md:23 (2026-09-01; B6a-0135)"
REQ-O2C-048,C1,تقارير أعمار الذمم والمتأخرات حسب المندوب والشريحة,DOCUMENTED_REQ,design (P1-AUDIT) + ممارسة الشركة,Order-to-Cash / Collection & Cash application,مدير المبيعات؛ المحاسب,متابعة الفواتير غير المحصلة لكل مندوب وشريحة.,تقارير التحصيل: الأعمار (حالي/30/60/90+) حسب تاريخ الاستحقاق لا عمر الفاتورة، المتأخرات حسب المندوب والشريحة، الفواتير غير المحصلة لكل مندوب (القيمة − المحصل − المرتجع = الباقي)، مركز اليوم.,BR-O2C-69,—,تقارير,—,—,accounting.collection.read + تقييد نطاق المندوب.,AC-O2C-048-1: بافتراض فاتورة استحقت منذ 45 يومًا، عندما يُشغل تقرير الأعمار، فإنها في شريحة 31-60. | AC-O2C-048-2: بافتراض مندوبين، عندما يُشغل تقرير المتأخرات بالشريحة، فإن الإجماليات حسب AccountType تطابق مجموع الفواتير.,PARTIAL,PARTIAL,Unknown,[B+C] apps/web/app/dashboard/overdue، receivables، collection,[B+C] apps/accounting/src/modules/collection/collection.controller.ts:20 by-rep، 27 rep-collections، 50 aging، 58 outstanding-by-account,—,[B+C] CollectionMetric (ميت),—,—,الأعمار وبالمندوب موجودة؛ لا تقرير حسب الشريحة؛ CollectionMetric جدول ميت.,متابعة أضعف للشرائح.,P3,تقارير.,,DEC-O2C-05,,,Invoice.dueDate إلزامي؛ Account.segment مرجعي.,DAR-03 | DAR-05 | DAR-13,REQ-O2C-035 | REQ-O2C-047 | REQ-R2R-050,,docs/P1-AUDIT.md:118 (2026-09-24; B2-0113) | Data/فواتير لم يتم تحصيلها.xlsx:5 per-rep sheets; header row 5 (unknown; B3-0295)
REQ-O2C-049,C1,قيد دفتر العملاء غير مكرر لنفس المرجع عند إعادة تسليم الحدث,INFERRED_NEEDS_APPROVAL,AI agent,Order-to-Cash / Collection & Cash application,النظام,منع مضاعفة الذمة عند إعادة التسليم.,لا يتكرر قيد دفتر العملاء لنفس (refType، refId)؛ قيد فريد في القاعدة ويُعاد قراءة السجل الفائز.,BR-O2C-68,—,—,—,—,—,AC-O2C-049-1: بافتراض حدث فاتورة مُعاد تسليمه، عندما يُعالج، فإن قيدًا واحدًا فقط للفاتورة في ledger_entries.,IMPLEMENTED,IMPLEMENTED,Unknown,—,—,—,"[B] apps/accounting/prisma/schema.prisma:398 / [C] :469 @@unique([refType, refId])",—,"spec exists, not run",لا فجوة.,—,P2,مطبق.,,,,,ledger_entries unique(ref_type، ref_id).,DAR-03 | DAR-04 | DAR-05 | DAR-06 | DAR-07,REQ-INH-004 | REQ-NFR-015 | REQ-O2C-047 | REQ-P2P-013 | REQ-R2R-004 | REQ-TRC-022,,docs/audit/21-p0-p1-remediation.md:522-582 (2026-09-07; B6b-0026)
REQ-O2C-050,C1,تحويل مقترحات الطلب/التحصيل الميدانية إلى أمر/تحصيل مخصص ذريًا وidempotent,OWNER_DECISION,owner (roadmap customer-field-execution),Order-to-Cash / Collection & Cash application,المراجع/المحول (ليس مقدم المقترح),تحويل ما يجمعه المندوب في الميدان إلى سجلات مالية دون ازدواج.,التحصيل الميداني المعتمد يُوزع على فواتير محددة (لا رصيد غير مخصص ولا فاتورة صورية)، EGP نقد/تحويل/إيداع فقط؛ التحويل بهوية ثابتة ومن نفس المراجع، يعيد فحص السعر للأمر، وكل التخصيصات والقيود والتدقيق وoutbox في معاملة Serializable واحدة؛ الخطأ/المهلة → UNKNOWN ويُعاد بنفس الحمولة دون إنشاء بديل.,BR-O2C-70 | BR-O2C-71,مقترح معتمد,أمر أو دفعات مخصصة,مراجعة ← اعتماد ← تحويل.,UNKNOWN → إعادة تحقق؛ حالة CRM محولة بلا سجل مالي → فحص يدوي.,المحول ≠ مقدم المقترح.,AC-O2C-050-1: بافتراض مقترح تحصيل على فاتورتين، عندما يُحول مرتين، فإن دفعتين فقط (واحدة لكل فاتورة) توجدان. | AC-O2C-050-2: بافتراض مهلة أثناء التحويل، عندما يُعاد، فإن نفس المعرفات تُستخدم ولا سجل مكرر. | AC-O2C-050-3: بافتراض مقدم المقترح، عندما يحاول تحويله، فإن الطلب يُرفض.,PARTIAL,PARTIAL,Unknown,[B+C] صفحات field-sales,[B] apps/accounting/src/modules/payments/payments.controller.ts:35 / [C] apps/accounting/src/modules/payments/payments.controller.ts:48 POST /payments/from-field-proposal؛ [B] apps/sales/src/modules/orders/orders.controller.ts:98 / [C] apps/sales/src/modules/orders/orders.controller.ts:114 POST /orders/from-field-proposal,[B] apps/accounting/src/modules/payments/payments.service.ts:188 / [C] apps/accounting/src/modules/payments/payments.service.ts:204؛ [B] apps/sales/src/modules/orders/orders.service.ts:500 / [C] apps/sales/src/modules/orders/orders.service.ts:515,field_collection_postings,—,"spec exists, not run",منفذ لكن معطل افتراضيًا: FIELD_PROPOSAL_CONVERSION_ENABLED=false ([B] docker-compose.production.yml:59 / [C] :62).,المقترحات تُدخل يدويًا.,P2,بديل يدوي.,C2 (field proposals),,هل يُفعّل التحويل في الإنتاج؟,,field_collection_postings(proposalId، invoiceId) unique؛ convertedId في CRM.,DAR-04 | DAR-05 | DAR-06 | DAR-07 | DAR-12,REQ-CRM-032 | REQ-O2C-027 | REQ-O2C-043 | REQ-SEC-038,,docs/roadmap/2026-09-19-customer-field-execution-ar.md:9 (2026-09-19; B1-0230) | docs/roadmap/2026-09-19-customer-field-execution-ar.md:53 (2026-09-19; B1-0253) | docs/roadmap/2026-09-19-customer-field-execution-ar.md:92 (2026-09-19; B1-0273) | docs/roadmap/2026-09-19-customer-field-execution-ar.md:54 (2026-09-19; B1-0254) | docs/roadmap/2026-09-19-customer-field-execution-ar.md:55 (2026-09-19; B1-0255) | docs/roadmap/2026-09-19-customer-field-execution-ar.md:81 (2026-09-19; B1-0266) | docs/roadmap/2026-09-19-customer-field-execution-ar.md:68 (2026-09-19; B1-0262)
REQ-O2C-051,C1,سجل المبيعات الشهري (فاتورة، عميل، مندوب، حالة سداد، كميات وصلاحية لكل صنف),INFERRED_NEEDS_APPROVAL,company file (مبيعات 2026.xlsx),Order-to-Cash / Invoicing,مدير المبيعات؛ المحاسب,استبدال سجل المبيعات الشهري اليدوي.,تقرير/تصدير شهري لكل فاتورة: الرقم، العميل، المندوب، التاريخ، الإجمالي، المسدد، حالة السداد، العنوان، الصلاحية، وكميات كل صنف؛ الفاتورة تحمل المندوب.,,الفترة,سجل,—,—,نطاق المندوب.,AC-O2C-051-1: بافتراض شهر به 50 فاتورة، عندما يُصدّر السجل، فإن 50 صفًا بنفس أعمدة سجل الشركة وإجمالي يطابق مجموع الفواتير.,PARTIAL,PARTIAL,Unknown,[B+C] apps/web/app/dashboard/invoices,[B] apps/accounting/src/modules/invoices/invoices.controller.ts:13 GET /invoices / [C] apps/accounting/src/modules/invoices/invoices.controller.ts:15 GET /invoices/export,—,[B] apps/accounting/prisma/schema.prisma:113 / [C] :127 Invoice.repId,—,—,القائمة والتصدير (C) موجودان؛ أعمدة كميات لكل صنف والصلاحية لم يُتحقق منها؛ B بلا تصدير.,استمرار السجل اليدوي.,P3,تقارير.,,,,,Invoice.repId إلزامي؛ InvoiceLine.expiryDate.,DAR-03 | DAR-05 | DAR-13,REQ-O2C-048 | REQ-R2R-051,,"Data/مبيعات 2026.xlsx:11 sheets (2025, JAN–SEP, Sheet1); header row 1 (unknown; B3-0291) | Data/المبيعات.xlsx:3 sheets JUL/AUG/SEP (2); header row 1 (unknown; B3-0292)"
REQ-O2C-052,C1,تعريفة شحن ثابتة لكل طلب حسب المنطقة واتجاه الرحلة,OWNER_DECISION,unnamed owner (SHIPPING-TARIFF-AND-TAX-DECISION),Order-to-Cash / Shipping & POD,منشئ الأمر/الفاتورة,تسعير شحن بسيط متفق عليه.,رسوم الشحن سعر ثابت لكل طلب (بلا وزن/كراتين/تبريد) من shipping_rates في Sales حسب المنطقة والاتجاه: Z1 0/0، Z2 80/160، Z3 92/182، Z4 97/193، Z5 109/216، Z6 125/251، Z7 171/342، Z8 365/730، Z9 479/958، Z10 1163/2326؛ القاهرة/الإسكندرية Z1 مجانًا عدا العاصمة الإدارية Z3؛ الجيزة/القليوبية قرار SUPPORTED/NOT_SUPPORTED مستقل؛ غير المربوط لا يُخمّن ويتطلب اختيار منطقة يدويًا بسبب يُحفظ.,BR-O2C-35 | BR-O2C-36 | BR-O2C-37,المحافظة/المدينة/المنطقة، الاتجاه، override,fee + لقطة,quote ← resolve zone ← rate ساري ← fee.,غير مدعوم → اختيار يدوي بسبب.,—,AC-O2C-052-1: بافتراض عنوان في Z5 ذهاب فقط، عندما يُطلب quote، فإن الرسوم 109. | AC-O2C-052-2: بافتراض عنوان في العاصمة الإدارية، عندما يُطلب quote، فإن المنطقة Z3 لا Z1. | AC-O2C-052-3: بافتراض مدينة غير مربوطة بلا سبب، عندما يُطلب quote، فإن الطلب يُرفض.,IMPLEMENTED,IMPLEMENTED,Unknown,[B+C] apps/web/app/dashboard/orders/new، invoices/new,[B+C] POST /api/sales/shipping/quote؛ /api/accounting/invoices/shipping/quote,"[B] apps/sales/src/modules/shipping/shipping.service.ts:130-228 (override 154,189,201؛ fee 213) / [C] apps/sales/src/modules/shipping/shipping.service.ts:150-248 (174,209,221؛ 233)",[B+C] shipping_zones/shipping_rates/shipping_zone_areas (migration 20260923110000_add_shipping_tariffs),—,"[B+C] shipping.service.spec.ts (spec exists, not run)",العملة والجهة المعتمِدة غير مذكورتين؛ تعديل التعريفة عبر migration/seed فقط بلا API.,—,P3,مطبق.,,DEC-O2C-19,,,shipping_rates(zoneId، validFrom، validTo، oneWayFee، roundTripFee) unique(zoneId، validFrom).,DAR-06,REQ-O2C-053 | REQ-O2C-060 | REQ-R2R-027,,docs/SHIPPING-TARIFF-AND-TAX-DECISION-AR.md:5-6 (unknown; B1-0197) | docs/SHIPPING-TARIFF-AND-TAX-DECISION-AR.md:8-21 (unknown; B1-0198) | docs/SHIPPING-TARIFF-AND-TAX-DECISION-AR.md:25 (unknown; B1-0200) | docs/SHIPPING-TARIFF-AND-TAX-DECISION-AR.md:26 (unknown; B1-0201) | docs/SHIPPING-TARIFF-AND-TAX-DECISION-AR.md:27 (unknown; B1-0202) | docs/SHIPPING-TARIFF-AND-TAX-DECISION-AR.md:28 (unknown; B1-0203)
REQ-O2C-053,C1,لقطة تسعير الشحن على الأمر والفاتورة وإصدارات التعريفة دون إعادة تسعير تاريخي,OWNER_DECISION,unnamed owner (SHIPPING-TARIFF-AND-TAX-DECISION),Order-to-Cash / Shipping & POD,النظام,ثبات المستندات التاريخية عند تغير التعريفة.,كل quote يحفظ shippingFee وshippingRateId وكود/اسم المنطقة والاتجاه والمحافظة/المدينة/المنطقة ومدخلات وقرار المطابقة وسبب التجاوز والمصدر SALES_SHIPPING_TARIFF وshippingQuotedAt على SalesOrder وعلى Invoice وعبر أحداث الـsaga؛ تغيير السعر يُنشئ إصدارًا جديدًا ولا يعاد تسعير مستند تاريخي؛ الكتالوج للقراءة مع تصدير CSV.,BR-O2C-38 | BR-O2C-39,quote,لقطة,—,—,—,AC-O2C-053-1: بافتراض أمر بشحن 109 ثم إصدار تعريفة جديدة 120، عندما يُفتح الأمر وفاتورته، فإن الرسوم 109. | AC-O2C-053-2: بافتراض تصدير الكتالوج، عندما يُطلب CSV، فإنه يحوي التعريفة السارية فقط.,IMPLEMENTED,IMPLEMENTED,Unknown,—,POST /orders، POST /invoices؛ [C] GET /shipping/catalog/export.csv,[B] apps/sales/src/modules/orders/orders.service.ts:608 / [C] apps/sales/src/modules/orders/orders.service.ts:638-674؛ apps/sales/src/modules/shipping/shipping.service.ts:83-84 (الإصدار الساري),"[B+C] apps/sales/prisma/schema.prisma:71-83؛ [B] apps/accounting/prisma/schema.prisma:120-132 / [C] :134-146؛ @@unique([zoneId, validFrom]) apps/sales/prisma/schema.prisma:629",StockReserveRequested يحمل لقطة الشحن,"[B+C] shipping.service.spec.ts؛ [C] shipping.controller.spec.ts (spec exists, not run)",B: لا تصدير CSV؛ الإصدارات عبر migration فقط.,—,P3,مطبق.,,,,,أعمدة اللقطة على المستندين؛ shipping_rates بإصدارات.,DAR-07 | DAR-08,REQ-O2C-052 | REQ-R2R-027,,docs/SHIPPING-TARIFF-AND-TAX-DECISION-AR.md:32-41 (unknown; B1-0204) | docs/SHIPPING-TARIFF-AND-TAX-DECISION-AR.md:21 (unknown; B1-0199) | docs/SHIPPING-TARIFF-AND-TAX-DECISION-AR.md:41 (unknown; B1-0205) | docs/phase1-master-data-data-io.md:137 (unknown; B3-0247)
REQ-O2C-054,C1,قواعد الشحن والتسليم وصرف المخزون عند الشحن ومنع الشحن المزدوج,DOCUMENTED_REQ,AI agent (PRODUCTION-READINESS-P0),Order-to-Cash / Shipping & POD,أمين المخزن/المرسل (sales.orders.ship/deliver),خروج البضاعة يحدث مرة واحدة ومن حالة صحيحة.,الأمر يُشحن فقط من ALLOCATED/INVOICED/PAID بتحديث شرطي ذري، ويُصرف المخزون عند الشحن في الخادم مرة واحدة؛ التسليم من SHIPPED فقط؛ سجل الشحنة (الناقل، السائق، المركبة، البوليصة، العنوان، المتوقع، الحالة) مرتبط بحالة الأمر.,BR-O2C-40,orderId,SHIPPED/DELIVERED + صرف مخزون,—,حالة غير مسموحة → 400.,—,AC-O2C-054-1: بافتراض أمر ALLOCATED، عندما يُشحن مرتين متزامنتين، فإن المخزون يُصرف مرة واحدة والثاني يُرفض. | AC-O2C-054-2: بافتراض أمر غير SHIPPED، عندما يُطلب تسليمه، فإن الرد 400.,IMPLEMENTED,IMPLEMENTED,Unknown,[B+C] apps/web/app/dashboard/shipping/page.tsx,"[B] apps/sales/src/modules/orders/orders.controller.ts:197,206 / [C] apps/sales/src/modules/orders/orders.controller.ts:213,222",[B] apps/sales/src/modules/orders/orders.service.ts:1205-1260 / [C] apps/sales/src/modules/orders/orders.service.ts:1235-1294؛ [C] apps/inventory/src/modules/allocation/reservation.listener.ts:72-80؛ apps/sales/src/modules/shipments/shipments.service.ts:156-192 upsert,[B+C] apps/sales/prisma/schema.prisma:666 OrderShipment,sales.order.marked-shipped/delivered,"[B+C] orders.service.spec.ts، shipments.service.spec.ts (spec exists, not run)",سجل الشحنة يقبل أي حالة لأي أمر ولا يرتبط بحالة الأمر (SAL? notes SCI-25)؛ شحن أوامر المبيعات لا ينتج COGS (INV-07).,تضارب بيانات الشحنة.,P2,مطبق جوهريًا.,C4 (stock issue) | C5 (COGS),,,INV-07,OrderShipment(orderId unique) بحالة مقيدة بحالة الأمر.,DAR-04 | DAR-06,REQ-INV-021 | REQ-O2C-055 | REQ-O2C-056,,docs/PRODUCTION-READINESS-P0.md:97 (2026-09-23; B6c-0075)
REQ-O2C-055,C1,منع شحن تشغيلة مسحوبة/محجورة مع تعليق الأمر,INFERRED_NEEDS_APPROVAL,AI agent (P0 plan),Order-to-Cash / Shipping & POD,النظام؛ ضمان الجودة للإفراج,حماية تنظيمية دوائية.,قبل الشحن يُفحص وجود تشغيلة محظورة في تخصيص الأمر → 409 «التشغيلة مسحوبة/محجوزة — لا يمكن الشحن» ووضع الأمر ON_HOLD_RECALL حتى الإفراج أو الإلغاء.,BR-O2C-41,—,409 + ON_HOLD_RECALL,—,إفراج RESUME يعيد الحالة السابقة؛ CANCEL يلغي.,sales.orders.recall-hold.release.,AC-O2C-055-1: بافتراض تشغيلة مستدعاة في تخصيص أمر، عندما يُطلب شحنه، فإن الرد 409 والأمر ON_HOLD_RECALL.,IMPLEMENTED,IMPLEMENTED,Unknown,[B+C] apps/web/app/dashboard/recalls,POST /orders/:id/ship,[B+C] apps/sales/src/modules/traceability/traceability.service.ts:204-217 assertShippable؛ [B] apps/sales/src/modules/orders/orders.service.ts:1212-1221 / [C] apps/sales/src/modules/orders/orders.service.ts:1242-1251,blocked_batches، order_recall_holds,quality.* → blocked_batches,"[B+C] traceability.service.spec.ts (spec exists, not run)",إلغاء الأمر من حجز الاستدعاء يتجاهل التحصيل (SAL-16)؛ أحداث الاستدعاء بلا outbox (INV-03).,أمر مدفوع يُلغى بلا رد.,P1,تنظيمي.,C4 (quality/recall),,,SAL-16 | INV-03,blocked_batches(batchId PK)؛ order_recall_holds(orderId، batchId) unique.,DAR-03 | DAR-06 | DAR-09 | DAR-11,REQ-INV-034 | REQ-INV-035 | REQ-O2C-022 | REQ-O2C-054,,docs/P0-IMPLEMENTATION-PLAN.md:79 (unknown; B5a-0101)
REQ-O2C-056,C1,إثبات الاستلام بتوقيع العميل (إلزامي) وصورة اختيارية مع تخزين محفوظ,OWNER_DECISION,owner (apps/sales README),Order-to-Cash / Shipping & POD,المرسل/السائق؛ العميل (يوقع),دليل تسليم قابل للاحتجاج يحل محل نموذج الاستلام الورقي الموقع والمختوم.,تأكيد التسليم يتطلب توقيع العميل المرسوم (≤ 2MB) وصورة اختيارية للإيصال الموقع (≤ 5MB) بفحص magic bytes، تخزن خارج قاعدة البيانات في تخزين دائم مشمول بالنسخ الاحتياطي، مع مدة احتفاظ يقررها المالك؛ يُفرض في الخادم لا الواجهة فقط؛ إذن استلام مطبوع بتوقيعات المسلّم والمستلم.,BR-O2C-42,توقيع، صورة,ملفات POD + DELIVERED,التقاط ← حفظ ← deliver.,بلا توقيع → رفض التسليم.,—,AC-O2C-056-1: بافتراض أمر SHIPPED بلا توقيع، عندما يُستدعى POST /orders/:id/deliver مباشرة، فإن الرد 400. | AC-O2C-056-2: بافتراض توقيع 3MB، عندما يُرفع، فإنه يُرفض. | AC-O2C-056-3: بافتراض إعادة إنشاء حاوية Sales، عندما يُطلب توقيع سابق، فإنه متاح.,PARTIAL,PARTIAL,Unknown,[B+C] apps/web/app/dashboard/shipping/page.tsx:900 (إلزام في الواجهة فقط),[B+C] POST/GET /shipments/:orderId/pod/:kind,[B+C] apps/sales/src/modules/shipments/shipments.service.ts:94-133 capturePod (101 حدود الحجم)؛ [B] apps/sales/src/modules/orders/orders.service.ts:1243-1265 / [C] apps/sales/src/modules/orders/orders.service.ts:1273-1294 deliver لا يفحص التوقيع,[B+C] apps/sales/prisma/schema.prisma:685 podSignatureKey,—,"[B+C] shipments.pod.spec.ts (spec exists, not run)",التوقيع إلزامي في الواجهة فقط؛ التخزين على قرص الحاوية بلا volume (SAL-13)؛ لا سياسة احتفاظ.,فقدان أدلة التسليم.,P2,رقابة وأدلة.,C10 (volumes/backup),DEC-O2C-19,مدة الاحتفاظ؟ وهل UPLOAD_DIR في النسخ الاحتياطي؟,SAL-13,OrderShipment.podSignatureKey NOT NULL عند DELIVERED؛ تخزين كائنات بإصدارات.,DAR-12 | DAR-15 | DAR-18,REQ-INV-063 | REQ-NFR-034 | REQ-O2C-029 | REQ-O2C-054,,apps/sales/README.md:33-46 (unknown; B6c-0239) | Data/فواتير 2026.xlsx:sheet نماذج استلام (unknown; B3-0297) | Data/INV/letterhead.html:whole file (+Letterhead.jsx/.css/.svg) (unknown; B3-0311) | docs/DECISIONS-AR.md:131-134 (2026-09-14; B1-0039) | docs/DECISIONS-AR.md:243 (2026-09-14; B1-0045)
REQ-O2C-057,C1,قائمة تجهيز لكل أمر من الحجز بترتيب FEFO والموقع,INFERRED_NEEDS_APPROVAL,AI agent,Order-to-Cash / Shipping & POD,أمين المخزن,مستند تجهيز داخلي للمخزن.,قائمة تجهيز (موقع/رف/تشغيلة/كمية) تُنشأ آليًا عند الحجز مرتبة FEFO ثم الموقع، تُطبع، وتُلغى بإلغاء الأمر؛ النقص عند التأكيد يفتح طلب تسوية ويحرر جزء الحجز؛ إذن صرف مرقّم؛ صلاحيات inventory.picking.*.,BR-O2C-43,الحجز,PickList,—,نقص → تسوية.,—,AC-O2C-057-1: بافتراض أمر حُجز من تشغيلتين، عندما تُطبع قائمة التجهيز، فإنها تعرض التشغيلتين بترتيب انتهاء الصلاحية ومواقعهما. | AC-O2C-057-2: بافتراض نقص وحدتين عند التأكيد، عندما يُؤكد، فإن طلب تسوية يُنشأ ويُحرر حجز وحدتين.,NOT_IMPLEMENTED,NOT_IMPLEMENTED,Unknown,—,—,—,[B+C] لا نموذج PickList (grep),—,—,غير موجود.,تجهيز يدوي بلا تتبع.,P3,كفاءة.,C4,,,,PickList(orderId، status)، PickListLine(batchId، locationId، qty، pickedQty).,DAR-03 | DAR-08 | DAR-09,REQ-INV-019 | REQ-O2C-028 | REQ-O2C-054 | REQ-O2C-058,,docs/PROMPT-P1-P3-IMPLEMENTATION.md:272-273 (unknown; B5a-0218) | docs/BUSINESS-FLOWS-COVERAGE-P0A-ASSESSMENT.md:240-260 (2026-09-07; B4a-0017) | docs/PROMPT-P1-P3-IMPLEMENTATION.md:280-284 (unknown; B5a-0222)
REQ-O2C-058,C1,رحلات توزيع ومركبات ومحطات تسليم وقاعدة التبريد,INFERRED_NEEDS_APPROVAL,AI agent,Order-to-Cash / Shipping & POD,مسؤول التوزيع؛ السائق,تنظيم التوزيع وسلسلة التبريد.,سيارات (مبردة/سعة)، رحلات بحالات تجمع طلبات بترتيب تسليم؛ إرسال الرحلة يشحن أوامرها مع فحص التشغيلات المحظورة (فشل أمر لا يوقف الباقي)؛ مركبة غير مبردة ترفض أمرًا فيه منتج يتطلب تبريدًا (409)؛ تسليم لكل محطة بالمستلم والتوقيع والصورة والموقع؛ الرفض عند الباب ينشئ مرتجعًا عند العودة؛ صفحة سائق للموبايل.,BR-O2C-44,رحلة,شحنات وتسليمات,—,رفض عند الباب → مرتجع.,—,AC-O2C-058-1: بافتراض مركبة غير مبردة وأمر به منتج requiresCold، عندما يُضاف للرحلة، فإن الرد 409. | AC-O2C-058-2: بافتراض رحلة بثلاثة أوامر أحدها محظور، عندما تُرسل، فإن أمرين يُشحنان والثالث يُعلق.,NOT_IMPLEMENTED,NOT_IMPLEMENTED,Unknown,—,—,—,[B+C] لا Vehicle/Trip/DeliveryStop (grep),—,—,غير موجود؛ الشحنة سجل نصي لكل أمر.,لا رقابة على سلسلة التبريد.,P2,جودة دوائية مع بديل يدوي.,C4,,,,Vehicle(isRefrigerated، capacity)، Trip(status)، TripStop(orderId، recipient، signatureKey، geo).,DAR-12,REQ-INV-053 | REQ-O2C-056 | REQ-O2C-057,,docs/PROMPT-P1-P3-IMPLEMENTATION.md:269 (unknown; B5a-0217) | docs/BUSINESS-FLOWS-COVERAGE-P0A-ASSESSMENT.md:859-898 (2026-09-07; B4a-0045) | docs/PROMPT-P1-P3-IMPLEMENTATION.md:274 (unknown; B5a-0219) | docs/PROMPT-P1-P3-IMPLEMENTATION.md:275-277 (unknown; B5a-0220)
REQ-O2C-059,C1,الشحن الجزئي والطلبية المؤجلة على نفس الأمر,INFERRED_NEEDS_APPROVAL,AI agent,Order-to-Cash / Shipping & POD,أمين المخزن,شحن المتاح وتأجيل الباقي دون أمر جديد.,حالة PARTIALLY_SHIPPED والباقي backorder محجوز على نفس الأمر، مع قرار الفوترة الجزئية (DEC-O2C-14).,BR-O2C-45,—,—,—,—,—,AC-O2C-059-1: بافتراض أمر 10 والمتاح 6، عندما يُشحن جزئيًا، فإن الحالة PARTIALLY_SHIPPED والباقي 4 محجوز على نفس الأمر.,NOT_IMPLEMENTED,NOT_IMPLEMENTED,Unknown,—,—,[B+C] التخصيص كل-أو-لا-شيء,[B+C] apps/sales/prisma/schema.prisma:15 لا PARTIALLY_SHIPPED,—,—,غير موجود؛ الفاتورة 1:1 مع الأمر.,أوامر تُلغى أو تُقسم يدويًا.,P3,كفاءة.,REQ-O2C-032 | C4,DEC-O2C-14,,,SalesOrderLine.shippedQty، backorderQty؛ شحنات متعددة لكل أمر.,DAR-07,REQ-O2C-032 | REQ-O2C-054,,docs/PROMPT-P1-P3-IMPLEMENTATION.md:278 (unknown; B5a-0221)
REQ-O2C-060,C1,تحصيل نقدي على رحلة العودة للشحنة مستقل عن المرتجع,OWNER_DECISION,unnamed owner (SHIPPING-TARIFF-AND-TAX-DECISION),Order-to-Cash / Shipping & POD,المرسل؛ المحاسب,شركة الشحن تعود بالنقدية والفاتورة الموقعة.,ROUND_TRIP ينشئ ShipmentLeg من نوع RETURN_CASH_INVOICE؛ النقد والفاتورة الموقعة تُرسل كتحصيل عادي؛ الرحلة FINANCE_PENDING → FINANCE_POSTED عبر PaymentReceived؛ لا SalesReturn ولا تغيير مخزون؛ حدث تدقيق CRITICAL.,BR-O2C-46,cashAmount، invoiceId، صورة الفاتورة,دفعة + leg,—,تكرار → نفس الـleg.,—,AC-O2C-060-1: بافتراض شحنة ROUND_TRIP عادت بـ500، عندما تُسجل، فإن دفعة 500 تُنشأ والـleg FINANCE_POSTED ولا حركة مخزون.,IMPLEMENTED,IMPLEMENTED,Unknown,[B+C] apps/web/app/dashboard/shipping,[B+C] POST /shipments/:orderId/return-leg,[B+C] apps/sales/src/modules/shipments/shipments.service.ts:201-275؛ [B] apps/accounting/src/modules/payments/payments.service.ts:235 / [C] apps/accounting/src/modules/payments/payments.service.ts:251 recordShipmentReturn,"[B+C] apps/sales/prisma/schema.prisma:750 @@unique([shipmentId, type])",sales.shipping.return.cash-received,"[B+C] shipments.service.spec.ts (spec exists, not run)",لا فجوة.,—,P3,مطبق.,REQ-O2C-040,,,,ShipmentLeg unique(shipmentId، type)؛ payments unique(source_type، source_id).,DAR-05 | DAR-06 | DAR-07 | DAR-12,REQ-O2C-040 | REQ-O2C-052,,docs/SHIPPING-TARIFF-AND-TAX-DECISION-AR.md:57 (unknown; B1-0209) | docs/AUDIT-COMPLETENESS-MATRIX.md:92 (unknown; B5a-0321)
REQ-O2C-061,C1,أحداث تدقيق عمليات الأمر والشحن والخصم بمستويات خطورة,DOCUMENTED_REQ,AI agent (BUSINESS-AUDIT-MATRIX، AUDIT-COMPLETENESS-MATRIX),Order-to-Cash,المراجع,تتبع كل قرار تجاري حساس.,تُسجل أحداث: إنشاء الأمر MEDIUM، اعتماد/رفض/إلغاء HIGH (السبب إلزامي للإلغاء)، تعليق/إفراج الاستدعاء HIGH بالسبب والمُفرج، شحن/تسليم MEDIUM، تجاوز الخصم DiscountOverridden CRITICAL مستقل لكل سطر بقيمة الخصم (للخصم الفعلي فقط لا الافتراضي).,BR-O2C-77,عمليات,audit_logs,—,—,—,AC-O2C-061-1: بافتراض إلغاء أمر بسبب، عندما يُفتح سجل التدقيق، فإن حدث OrderCancelled بمستوى HIGH يحمل السبب والفاعل. | AC-O2C-061-2: بافتراض أمر بخصم افتراضي 12% فقط، عندما يُنشأ، فإن لا حدث DiscountOverridden.,PARTIAL,PARTIAL,Unknown,[B+C] apps/web/app/dashboard/audit,—,[B] apps/sales/src/modules/orders/orders.service.ts:772 / [C] apps/sales/src/modules/orders/orders.service.ts:794-812 DiscountOverridden لكل سطر بخصم > 0,audit_logs + audit-aggregator,sales.*,"[B+C] orders.service.spec.ts، traceability.service.spec.ts (spec exists, not run)",DiscountOverridden يُطلق لكل سطر من الواجهة (ضوضاء تخفي التجاوز الحقيقي)؛ السجلات المحلية best-effort؛ الأحداث بلا outbox.,تدقيق ضعيف الإشارة.,P2,رقابة.,C8 (audit),,,INT-01,audit_logs(entity، entityId، action، severity، actorId، before، after، reason، correlationId) append-only.,DAR-07 | DAR-09 | DAR-11 | DAR-12,REQ-INH-012 | REQ-INV-055 | REQ-NFR-018 | REQ-NFR-020 | REQ-O2C-009 | REQ-O2C-016 | REQ-O2C-022 | REQ-O2C-062 | REQ-R2R-012 | REQ-TRC-028,,docs/BUSINESS-AUDIT-MATRIX.md:82-93 (unknown; B4a-0089) | docs/AUDIT-COMPLETENESS-MATRIX.md:37 (unknown; B5a-0286) | docs/AUDIT-COMPLETENESS-MATRIX.md:38 (unknown; B5a-0287) | docs/AUDIT-COMPLETENESS-MATRIX.md:39 (unknown; B5a-0288) | docs/AUDIT-COMPLETENESS-MATRIX.md:40 (unknown; B5a-0289) | docs/AUDIT-COMPLETENESS-MATRIX.md:41 (unknown; B5a-0290) | docs/AUDIT-COMPLETENESS-MATRIX.md:42 (unknown; B5a-0291) | docs/AUDIT-COMPLETENESS-MATRIX.md:45 (unknown; B5a-0294) | docs/AUDIT-COMPLETENESS-MATRIX.md:48 (unknown; B5a-0297)
REQ-O2C-062,C1,أحداث تدقيق الفوترة والتحصيل بمستويات خطورة,DOCUMENTED_REQ,AI agent (BUSINESS-AUDIT-MATRIX، AUDIT-COMPLETENESS-MATRIX),Order-to-Cash / Collection & Cash application,المراجع,تتبع كل أثر مالي.,تُسجل: توليد فاتورة HIGH، إلغاء فاتورة CRITICAL بسبب إلزامي، تحصيل CRITICAL، عكس تحصيل CRITICAL بسبب إلزامي، فشل دفعة HIGH، تحصيل رحلة العودة CRITICAL (ليس مرتجعًا ولا حركة مخزون).,BR-O2C-78,عمليات مالية,audit_logs,—,—,—,AC-O2C-062-1: بافتراض عكس دفعة بسبب، عندما يُفتح السجل، فإن حدث PaymentReversed CRITICAL يحمل السبب والفاعل. | AC-O2C-062-2: بافتراض فشل كتابة التدقيق، عندما تُسجل دفعة، فإن الدفعة لا تُحفظ (التدقيق في نفس المعاملة).,PARTIAL,PARTIAL,Unknown,[B+C] apps/web/app/dashboard/audit,—,"[B] apps/accounting/src/modules/payments/payments.service.ts:128-195 / [C] apps/accounting/src/modules/payments/payments.service.ts:140-200 (تدقيق داخل المعاملة)؛ InvoiceGenerated/Cancelled نشر مباشر [C] apps/accounting/src/modules/invoices/invoices.service.ts:543,1237",audit_logs,finance.*,"spec exists, not run",تدقيق الدفعات داخل المعاملة؛ أحداث الفاتورة خارج outbox؛ تطابق مستويات الخطورة لم يُتحقق سطرًا بسطر.,فجوة تتبع عند فشل الوسيط.,P2,رقابة.,C8 (audit),,,INT-01,كما في REQ-O2C-061.,DAR-05 | DAR-07 | DAR-09 | DAR-12,REQ-INH-012 | REQ-INV-055 | REQ-NFR-018 | REQ-NFR-020 | REQ-O2C-016 | REQ-O2C-037 | REQ-O2C-044 | REQ-O2C-061 | REQ-R2R-012 | REQ-TRC-028,,docs/BUSINESS-AUDIT-MATRIX.md:111-147 (unknown; B4a-0091) | docs/AUDIT-COMPLETENESS-MATRIX.md:89 (unknown; B5a-0318) | docs/AUDIT-COMPLETENESS-MATRIX.md:90 (unknown; B5a-0319) | docs/AUDIT-COMPLETENESS-MATRIX.md:91 (unknown; B5a-0320) | docs/AUDIT-COMPLETENESS-MATRIX.md:93 (unknown; B5a-0322) | docs/AUDIT-COMPLETENESS-MATRIX.md:94 (unknown; B5a-0323)
REQ-CRM-001,C2,سجل عملاء موحّد (Customer Master) بديل لنموذج الـ356 شيت,DOCUMENTED_REQ,AI agent,Customer master & Field Sales,مدير المبيعات / مسؤول البيانات الرئيسية,إحلال ملفات Excel المنفصلة لكل عميل بسجل رئيسي واحد يُبنى عليه البيع والتحصيل والزيارات.,يجب أن يكون لكل عميل حقيقي سجل Account واحد يحمل النوع والمندوب والمنطقة والرصيد الافتتاحي المرحّل من الليجر القديم، وأن تعيد جميع الوحدات (Sales/Accounting/Field) استخدام نفس المعرّف دون نسخ.,BR-CRM-03 | BR-CRM-04 | BR-CRM-15,بيانات العميل الأساسية,Account id + code,تأسيس العميل ← إسناد مندوب ← استخدامه في الأوامر والفواتير والزيارات,الأرشفة بدل الحذف (isActive=false),—,AC-CRM-001-1: بفرض عميل مُنشأ في CRM، عندما يُنشأ له أمر بيع وفاتورة وزيارة، فإن الثلاثة تحمل نفس account_id ولا يوجد سجل عميل مكرر في أي خدمة أخرى. | AC-CRM-001-2: بفرض استيراد الليجر القديم، عندما يُقارن عدد العملاء الفريدين في المصدر بعدد Accounts المنشأة، فإن الفرق صفر أو مفسَّر بقائمة معلّقة موثقة.,IMPLEMENTED,IMPLEMENTED,Unknown,[B+C] apps/web/app/dashboard/accounts/page.tsx، apps/web/components/party-profile.tsx,[B+C] GET/POST /api/crm/accounts (accounts.controller.ts [C]:34-69 / [B]:17-52),[B+C] apps/crm/src/modules/accounts/customer-onboarding.service.ts:171-311 ([B] حتى 309),[B+C] apps/crm/prisma/schema.prisma model Account ([C]:132-204، [B]:132-199),crm.account.created عبر customer_event_outbox (apps/crm/src/modules/accounts/customer-onboarding.service.ts [C]:283-298),"customer-onboarding.spec.ts، accounts.service.spec.ts (spec exists, not run)",الرصيد الافتتاحي لا يُرحّل عبر مسار التأسيس (قرار المالك: لا أرصدة في شاشة الإضافة)؛ ترحيله يتم عبر سكربتات الهجرة (خارج نطاق هذا البند، C10). لا توجد مطابقة آلية بين عدد عملاء المصدر والسجل.,بدون سجل موحد تتكرر الهويات وتتعذر مطابقة المديونية.,P1,سلامة بيانات العميل أساس المديونية والفوترة.,REQ-CRM-004 | REQ-CRM-005,,,DB-04,"Account(id UUID PK, code UNIQUE, nameAr UNIQUE حاليًا, type NOT NULL enum, repId/territoryId مراجع منطقية بلا FK عبر الخدمات, isActive, createdAt)؛ كل الخدمات تشير إلى account_id؛ لا حذف فعلي.",DAR-03 | DAR-06 | DAR-15 | DAR-20,REQ-CRM-002 | REQ-CRM-013 | REQ-OPS-002 | REQ-R2R-017,,apps/crm/README.md:6 (unknown; B6c-0214) | apps/crm/README.md:3 (unknown; B6c-0213) | docs/audit/20-p0-p1-evidence-validation.md:110 (unknown; B6a-0272)
REQ-CRM-002,C2,تأسيس العميل بالبيانات الأساسية فقط دون أرصدة أو مؤشرات,OWNER_DECISION,owner,Customer master & Field Sales,المندوب أو مدير المبيعات (crm.accounts.create),فصل تأسيس هوية العميل عن القرارات المالية (رصيد افتتاحي، حد ائتمان).,شاشة/واجهة إضافة العميل تقبل البيانات الأساسية (الاسم، النوع، الهاتف، المندوب، الحالة، العنوان الرئيسي، موقع اختياري، ملاحظة) وترفض code وopeningBalance وcreditLimit وأي حقل غير مصرح؛ الكتابة ذرية وidempotent بمفتاح requestId وتُنتج AuditLog وحدث AccountCreated عبر outbox.,BR-CRM-01 | BR-CRM-02 | BR-CRM-05 | BR-CRM-06 | BR-CRM-07,"OnboardCustomerDto (requestId UUID, nameAr, type, phone, repId, isActive, primaryAddress, note?)","{id, code, nameAr}؛ صف outbox AccountCreated",المستخدم يملأ النموذج ← التحقق من المندوب في IAM ← معاملة واحدة: Account + Assignment PRIMARY + عنوان رئيسي + ملاحظة + طلب idempotency + Audit + Outbox ← relay ينشر الحدث,إعادة نفس requestId بنفس البيانات تعيد نفس العميل؛ requestId ببيانات مختلفة = 409؛ فشل IAM = 503 ولا يُنشأ العميل؛ تكرار الاسم = 409,إسناد العميل لمندوب غير المنفذ يتطلب crm.accounts.manage.any,AC-CRM-002-1: بفرض طلب إنشاء يحتوي openingBalance أو code، عندما يُرسل إلى POST /api/crm/accounts، فإن الاستجابة 400 ولا يُنشأ أي صف في accounts. | AC-CRM-002-2: بفرض طلب إنشاء ناجح بـrequestId=X، عندما يُعاد نفس الطلب حرفيًا من نفس المستخدم، فإن الاستجابة تعيد نفس id وcode ولا يزيد عدد الحسابات. | AC-CRM-002-3: بفرض نفس requestId=X ببيانات مختلفة، عندما يُرسل، فإن الاستجابة 409. | AC-CRM-002-4: بفرض إنشاء ناجح، عندما تُفحص قاعدة البيانات، فإن هناك صفًا واحدًا لكل من customer_assignments (PRIMARY) وcustomer_addresses (is_primary) وaudit_logs (CUSTOMER_CREATED) وcustomer_event_outbox، وcredit_limit=0.,IMPLEMENTED,IMPLEMENTED,Unknown,[B+C] apps/web/components/customers/create-customer-modal.tsx (لا حقول رصيد/كود),[C] accounts.controller.ts:69 POST /accounts @Permissions(crm.accounts.create)؛ [B] :52,[C] apps/crm/src/modules/accounts/customer-onboarding.service.ts:171-311 (repId/manage.any 172-179، idempotency 183-201، tx 203-300، P2002→409 301-308)؛ [B] apps/crm/src/modules/accounts/customer-onboarding.service.ts:171-309؛ DTO [B+C] apps/crm/src/modules/accounts/dto/onboard-customer.dto.ts:42-71,[B+C] apps/crm/prisma/schema.prisma CustomerCreationRequest، CustomerEventOutbox؛ migration 20260919120000_customer_onboarding,crm.account.created (outbox relay customer-outbox.service.ts:29-70) — يستهلكه Accounting saga-listener,"customer-onboarding.spec.ts (spec exists, not run)",مسار الاستيراد (POST /accounts/import و/import/file) يتجاوز هذا التأسيس: لا Assignment ولا AccountCreated ولا تحقق IAM (SCI-29). AccountsService.create القديم (نشر مباشر بلا outbox) ما زال في الكود لكنه غير مستدعى.,تأسيس متسق يمنع عملاء بلا مسؤول أو بلا أثر محاسبي؛ الاستيراد الموازي يكسر هذا الضمان.,P2,ضعف رقابي في مسار الاستيراد مع وجود بديل يدوي (التأسيس الفردي).,REQ-CRM-016 | REQ-CRM-003,DEC-CRM-03 | DEC-CRM-08,,INT-01 | SEC-16,"CustomerCreationRequest(id=requestId PK, actorId, payloadHash, accountId UNIQUE FK RESTRICT)؛ CustomerEventOutbox(id=event_id PK, topic, envelope, attempts, lockedUntil, lockToken, sentAt)؛ accounts.credit_limit DEFAULT 0 ولا يُكتب من التأسيس؛ audit_logs append-only.",DAR-06 | DAR-07 | DAR-12 | DAR-20,REQ-CRM-003 | REQ-CRM-011,,docs/roadmap/2026-09-19-customer-field-execution-ar.md:5 (2026-09-19; B1-0226) | docs/audit/22-production-remediation-master-plan.md:412 (2026-09-13; B6b-0125) | docs/roadmap/2026-09-19-customer-field-execution-ar.md:20-22 (2026-09-19; B1-0237) | docs/AUDIT-COMPLETENESS-MATRIX.md:141 (unknown; B5a-0345)
REQ-CRM-003,C2,كود العميل يولّده الخادم (sequence) وغير قابل للتعديل,OWNER_DECISION,owner,Customer master & Field Sales,النظام,منع تصادم الأكواد وتلاعب المتصفح بها.,يُولَّد كود العميل في قاعدة البيانات عبر sequence ودالة next_customer_code() تبدأ بعد أكبر كود CUS رقمي وتحافظ على الأكواد القديمة؛ لا count()+1 ولا max()+1؛ الفجوات مقبولة؛ لا يُعرض رقم متوقع محجوز في المتصفح ولا يُقبل code من العميل.,BR-CRM-01,—,Account.code,INSERT بدون code ← DEFAULT next_customer_code(),الفجوات مقبولة عند فشل المعاملة,—,AC-CRM-003-1: بفرض إنشاء عميلين متزامنين عبر واجهة التأسيس، عندما ينتهي الطلبان، فإن لهما كودين مختلفين بصيغة CUS ولا خطأ تصادم. | AC-CRM-003-2: بفرض محاولة تعديل code عبر PATCH /accounts/:id، عندما يُرسل الحقل، فإن الطلب يُرفض 400 ويبقى الكود كما هو. | AC-CRM-003-3: بفرض استيراد CSV، عندما يحتوي الملف عمود code، فإن السلوك يتبع قرار DEC-CRM-04 (حاليًا يُقبل الكود من الملف).,PARTIAL,PARTIAL,Unknown,,POST /accounts بلا code (onboard-customer.dto.ts [B+C]:42-71)؛ UpdateAccountDto بلا code [C]:21-35,[B+C] apps/crm/prisma/migrations/20260919120000_customer_onboarding/migration.sql:2-15 (CREATE SEQUENCE customer_code_seq، next_customer_code، DEFAULT),"[C] apps/crm/prisma/schema.prisma:134 code @unique @default(dbgenerated(""next_customer_code()""))",,"scripts/customer-onboarding-migration.test.cjs (spec exists, not run)",مسار الاستيراد داخل التطبيق يشترط code من الملف ([C] apps/crm/src/modules/accounts/accounts.service.ts:451-458، [B] importRows:403+) وسكربت الهويات يولّد أكواد MD26 من hash الاسم (apps/crm/scripts/import-identities.cjs:17) — صيغتان إضافيتان خارج الـsequence.,تعدد صيغ الأكواد يربك البحث والتقارير ويخالف قرار المالك.,P3,لا يمس المال مباشرة؛ أثر على اتساق المرجع.,REQ-CRM-016,DEC-CRM-04,,,accounts.code UNIQUE NOT NULL DEFAULT next_customer_code()؛ sequence customer_code_seq؛ code غير قابل للتحديث (يُفضل trigger أو صلاحية DB تمنع UPDATE).,DAR-06 | DAR-10,REQ-CRM-002 | REQ-CRM-015 | REQ-OPS-003,,docs/roadmap/2026-09-19-customer-field-execution-ar.md:6 (2026-09-19; B1-0227) | docs/roadmap/2026-09-19-customer-field-execution-ar.md:19 (2026-09-19; B1-0236)
REQ-CRM-004,C2,"تصنيف نوع العميل إلزامي بست قيم ولا نوع ""غير مصنف""",OWNER_DECISION,owner,Customer master & Field Sales,مسؤول البيانات / شخص من الشركة يعرف العملاء,تصنيف العملاء أساس التسعير والتقارير والاستهداف الميداني.,"AccountType إلزامي بالقيم PHARMACY, DOCTOR, CENTER, HOSPITAL, DISTRIBUTOR, CHAINS (CHAINS = عميل بفروع متعددة)؛ لا UNKNOWN ولا UNCLASSIFIED؛ يُصنَّف العميل قبل إضافته ولا يُخمَّن النوع آليًا من الاسم إلا ألقاب الأطباء الصريحة؛ الصفوف غير المحسومة تُرفض بـUNRESOLVED.",BR-CRM-03 | BR-CRM-34,type,Account.type,مراجعة/تصنيف ← إنشاء,صف بلا تصنيف محسوم يُعلّق ولا يُنشأ,—,"AC-CRM-004-1: بفرض طلب إنشاء بنوع غير ضمن القيم الست، عندما يُرسل، فإن الاستجابة 400. | AC-CRM-004-2: بفرض ملف استيراد بصف بلا عمود type، عندما يُستورد، فإن الصف يُرفض بسبب ""تصنيف غير محسوم"" ولا يُنشأ بنوع افتراضي. | AC-CRM-004-3: بفرض قاعدة البيانات، عندما يُستعلم عن accounts.type، فإن عدد الصفوف بقيمة خارج القيم الست = 0.",PARTIAL,PARTIAL,Unknown,[B+C] create-customer-modal.tsx (قائمة الأنواع),DTO IsIn الست [B+C] onboard-customer.dto.ts:46؛ فلتر النوع apps/crm/src/modules/accounts/accounts.service.ts [C]:65-67,سكربت الاستيراد يرفض غير المصنف [B+C] apps/crm/scripts/import-customers.ts:164 و import-identities.cjs:40 (HOLD_UNKNOWN_TYPE),[B+C] apps/crm/prisma/schema.prisma:15-22 enum AccountType؛ migration 20260902070606_add_account_type_chains,,"accounts.service.spec.ts (spec exists, not run)","الاستيراد داخل التطبيق يفترض PHARMACY عند غياب النوع ([C] apps/crm/src/modules/accounts/accounts.service.ts:461، [B] بنفس المنطق) — يخالف قرار ""لا نخمّن"". لم يُحسم تصنيف 257 صفًا UNKNOWN و65 عميلًا بلا رمز و3 سلاسل G، ولا شرائح الأندية/البيع المباشر.",تصنيف خاطئ يفسد التسعير بالشريحة وتقارير التغطية.,P2,سلامة بيانات رئيسية مع وجود مراجعة يدوية بديلة.,REQ-CRM-017,DEC-CRM-01 | DEC-CRM-02 | DEC-CRM-04 | DEC-CRM-05,هل تُضاف شرائح أندية/صالات رياضية وبيع مباشر، ومن يصنف الصفوف المعلقة؟,,accounts.type NOT NULL enum AccountType (6 قيم)؛ تغيير النوع يُسجل في audit before/after؛ لا قيمة افتراضية في DB.,DAR-12,REQ-CRM-016 | REQ-CRM-017 | REQ-OPS-004,,docs/P1-BUSINESS-DECISION-PACK.md:324 (2026-09-02; B2-0050) | docs/CUSTOMER-IDENTITIES-IMPORT-20260918.md:155 (2026-09-18; B3-0223) | docs/audit/2026-09-20-ab-data-pdf-review-ar.md:121 (2026-09-20; B3-0135) | docs/ERP-CUSTOMER-IMPORT-RESULT.md:37-46 (2026-09-01; B3-0192) | docs/audit/customer-classification-rep-territory-2026-09-02.md:82-84 (2026-09-02; B1-0317)
REQ-CRM-005,C2,منع تكرار العميل (الاسم العربي فريد) حتى تحت التزامن,INFERRED_NEEDS_APPROVAL,AI agent,Customer master & Field Sales,النظام,عدم إنشاء عميلين لنفس العميل الحقيقي (تشتت المديونية).,"الاسم العربي هوية العميل التجارية ويجب أن يكون فريدًا على مستوى قاعدة البيانات؛ الفرع بنفس الاسم يُميّز في الاسم (مثل ""- فرع المعادي"") أو بالكود؛ الإنشاء يجري فحصًا مسبقًا ودودًا ويحوّل انتهاك القيد (P2002) إلى 409 برسالة توضح الاسم أم الكود؛ الهجرة تفشل إن وُجد تكرار قائم.",BR-CRM-04,nameAr,409 عند التكرار,فحص مسبق ← INSERT ← القيد هو الضمان,سباق متزامن → 409 للخاسر,—,"AC-CRM-005-1: بفرض 32 طلب إنشاء متزامنًا بنفس nameAr، عندما تنتهي، فإن حسابًا واحدًا فقط يُنشأ وتعود البقية 409. | AC-CRM-005-2: بفرض تعديل اسم عميل إلى اسم عميل آخر قائم عبر PATCH، عندما يُرسل، فإن الاستجابة 409 ""اسم العميل مستخدم بالفعل"". | AC-CRM-005-3: بفرض ملف استيراد يحوي اسمًا موجودًا، عندما يُستورد، فإن الصف يظهر في skipped بسبب ""موجود مسبقًا"".",IMPLEMENTED,IMPLEMENTED,Unknown,,POST /accounts، PATCH /accounts/:id، POST /accounts/import,"[C] apps/crm/src/modules/accounts/customer-onboarding.service.ts:301-308 (P2002→409)؛ [C] apps/crm/src/modules/accounts/accounts.service.ts:221-256 (فحص مسبق + P2002)، 336-338 (update)، 498-506 (import)؛ [B] apps/crm/src/modules/accounts/accounts.service.ts:198-233, 314",[B+C] apps/crm/prisma/migrations/20260909102000_accounts_name_ar_unique/migration.sql:13 (UNIQUE name_ar)؛ [C] apps/crm/prisma/schema.prisma:141,,"accounts.service.spec.ts؛ docs/audit/load-test-* (spec exists, not run)",القيد صارم على التطابق الحرفي فقط (لا توحيد Unicode/مسافات/همزات في DB) فقد تمر تهجئات مختلفة لنفس العميل؛ القرار بين قيد كامل وقيد مقيد بالمنطقة أو تحذير غير محسوم رسميًا من المالك.,تكرار العميل يقسم مديونيته وحد ائتمانه ويخل بالرقابة.,P1,سلامة بيانات تؤثر مباشرة على المديونية والائتمان.,,DEC-CRM-06,هل يُعتمد القيد الفريد الكامل على الاسم العربي نهائيًا، وكيف تُسمّى الفروع؟,DB-06,"UNIQUE(accounts.name_ar) — يُقترح عمود مُطبَّع name_ar_normalized (توحيد Unicode/المسافات) بقيد فريد؛ أي قرار بديل (name_ar, territory_id) يتطلب هجرة.",DAR-04 | DAR-06,REQ-CRM-016 | REQ-CRM-017,,docs/audit/load-test-remediation-2026-09-09.md:85 (2026-09-09; B6a-0418) | docs/audit/03-domain-model.md:54 (2026-09-01; B6a-0083) | docs/audit/04-database.md:30 (2026-09-01; B6a-0097) | docs/audit/18-business-workflows.md:39 (unknown; B4a-0125) | docs/audit/load-test-2026-09-08.md:126 (2026-09-08; B6a-0406) | docs/audit/load-test-remediation-2026-09-09.md:88-91 (2026-09-09; B6a-0421)
REQ-CRM-006,C2,عنوان كتابي منظم وإحداثيات صحيحة ورابط خرائط للعميل,OWNER_DECISION,unnamed owner,Customer master & Field Sales,المندوب المسؤول أو المدير,تمكين التوصيل والزيارات من عنوان وموقع موثوقين.,للعميل عنوان منظم (محافظة من قائمة 27 محافظة/منطقة/شارع/مبنى/دور/تفاصيل) مع توافق للحقل القديم، وخط عرض/طول اختياريان يُدخلان معًا وبمدى صحيح (قيد في SQL + 400 من الخدمة)، ورابط Google Maps من الإحداثيات المسجلة فقط، واختيار الموقع بخريطة OSM مع تأكيد ولا تُحفظ نقطة القاهرة الابتدائية تلقائيًا؛ تحديث الملف بقفل تفاؤلي (profileVersion) وتدقيق before/after في معاملة واحدة ونطاق ملكية العميل.,BR-CRM-08 | BR-CRM-09 | BR-CRM-11,"CustomerProfileDto (version, عنوان, lat/lng, contacts)",Account محدث + profileVersion+1,فتح الملف ← تعديل ← PATCH /accounts/:id/profile بالإصدار ← تحقق ← تحديث + تحديث العنوان الرئيسي + جهات الاتصال + Audit,"إصدار قديم → 409 ""أعد التحميل""؛ إحداثي واحد → 400",المندوب المسؤول أو SUPER_ADMIN فقط,"AC-CRM-006-1: بفرض إرسال latitude دون longitude، عندما يُحفظ الملف، فإن الاستجابة 400 ولا يتغير profileVersion. | AC-CRM-006-2: بفرض مستخدمين فتحا الملف بالإصدار 3، عندما يحفظ الأول ثم الثاني، فإن الثاني يتلقى 409. | AC-CRM-006-3: بفرض عميل بإحداثيات مسجلة، عندما يُفتح ملفه، فإن رابط الخريطة يساوي https://www.google.com/maps/search/?api=1&query=<lat>,<lng>. | AC-CRM-006-4: بفرض نموذج الإنشاء لم يُختر فيه موقع، عندما يُحفظ، فإن latitude/longitude فارغان (لا تُحفظ نقطة القاهرة الافتراضية).",IMPLEMENTED,IMPLEMENTED,Unknown,[B+C] apps/web/components/customer-contact-profile.tsx:267 (رابط الخريطة)، apps/web/components/customers/location-picker.tsx:14-17، create-customer-modal.tsx:296 (GOVERNORATES),PATCH /accounts/:id/profile [C] accounts.controller.ts:132-135 / [B]:103,[B+C] apps/crm/src/modules/accounts/customer-profile.service.ts:14-103 (ملكية 31-32، إصدار 33-41، Serializable 96),[B+C] apps/crm/prisma/schema.prisma Account governorate..longitude/profileVersion ([C]:153-168)؛ migration 20260916121000_customer_profile:6 (account_location_check)؛ 20260919120000:35 (customer_address_coordinates),,"customer-profile.service.spec.ts؛ apps/web/lib/customer-onboarding.spec.ts (spec exists, not run)",فحص الملكية في حفظ الملف يعتمد Account.repId فقط ولا يعترف بإسناد BACKUP أو بصلاحية crm.accounts.manage.any (customer-profile.service.ts:31) بخلاف بقية المسارات؛ المدينة نص حر لا قائمة مرجعية؛ حفظ الملف يحدّث العنوان الرئيسي في customer_addresses مكانه (لا نسخة تاريخية، وإن كانت الزيارات تحتفظ بـsnapshot).,عنوان/موقع خاطئ يعطل التوصيل وخط السير؛ تعارض الصلاحيات يمنع المدير من التصحيح.,P3,كفاءة تشغيلية مع بديل يدوي.,REQ-CRM-037,,,DB-06,"accounts: governorate, district, street, building, floor, address_details, latitude/longitude DECIMAL(9,6) مع CHECK (كلاهما أو لا شيء، ضمن المدى)، profile_version INT؛ customer_addresses بمؤشر فريد جزئي لعنوان رئيسي واحد لكل عميل؛ قائمة محافظات/مدن مرجعية مقترحة.",DAR-03 | DAR-04 | DAR-05 | DAR-06 | DAR-10 | DAR-12 | DAR-15,REQ-CRM-007 | REQ-CRM-025,,docs/audit/2026-09-20-backlog-traceability-ar.md:40 (2026-09-20; B4b-0012) | docs/audit/2026-09-20-backlog-traceability-ar.md:41 (2026-09-20; B4b-0013) | docs/audit/2026-09-20-backlog-traceability-ar.md:42 (2026-09-20; B4b-0014) | docs/audit/2026-09-20-phase0.5-implementation-report-ar.md:30 (2026-09-20; B4b-0201) | docs/audit/production-program/PHASES-5-10-REPORT.md:58-59 (2026-09-16; B6a-0364) | docs/roadmap/2026-09-19-customer-field-execution-ar.md:24 (2026-09-19; B1-0239) | docs/roadmap/2026-09-19-customer-field-execution-ar.md:25 (2026-09-19; B1-0240) | docs/audit/production-program/PHASES-5-10-REPORT.md:56 (2026-09-16; B6a-0362)
REQ-CRM-007,C2,أرقام تواصل متعددة للعميل بصفات قابلة للتوسعة,OWNER_DECISION,unnamed owner,Customer master & Field Sales,المندوب المسؤول,الوصول للشخص الصحيح في الصيدلية (مشتريات/حسابات/صيدلي).,للعميل جهات اتصال متعددة (اسم، هاتف، صفة نصية حرة مع اقتراحات datalist) دون تعديل كود لإضافة صفة؛ عند الاستبدال تُؤرشف القديمة isActive=false ولا تُحذف، والقراءة تعيد النشطة فقط.,BR-CRM-10,contacts[] ≤30,customer_contacts,ضمن حفظ ملف العميل,اسم/صفة فارغة → 400,كما في REQ-CRM-006,"AC-CRM-007-1: بفرض عميل له 2 جهة اتصال، عندما يُحفظ الملف بقائمة من 3، فإن 2 صفين يصبحان is_active=false و3 صفوف جديدة نشطة وتعرض القراءة 3 فقط. | AC-CRM-007-2: بفرض صفة جديدة ""مدير الفرع""، عندما تُدخل، فإن الحفظ ينجح دون أي تغيير في الكود أو الهجرة.",IMPLEMENTED,IMPLEMENTED,Unknown,[B+C] apps/web/components/customer-contact-profile.tsx,PATCH /accounts/:id/profile,[B+C] customer-profile.service.ts:48-60,[B+C] apps/crm/prisma/schema.prisma model CustomerContact ([C]:519-534، [B]:492),,"customer-profile.service.spec.ts (spec exists, not run)",لا يوجد ربط بين جهة الاتصال ورقم الهاتف الرئيسي accounts.phone (مصدران للهاتف).,تشتت أرقام التواصل.,P4,تحسين؛ المطلوب الأساسي منفذ.,,,,,"customer_contacts(id, account_id FK RESTRICT, name, phone, role TEXT, is_active)؛ لا حذف فعلي.",DAR-03,REQ-CRM-006,,docs/audit/2026-09-20-backlog-traceability-ar.md:43 (2026-09-20; B4b-0015) | docs/audit/2026-09-20-backlog-traceability-ar.md:44 (2026-09-20; B4b-0016) | docs/audit/production-program/PHASES-5-10-REPORT.md:57 (2026-09-16; B6a-0363)
REQ-CRM-008,C2,الحالة الإدارية للعميل يدوية ولا تتغير تلقائيًا بانخفاض الشراء,OWNER_DECISION,owner,Customer master & Field Sales,المدير / المندوب المسؤول,"فصل ""العميل الخامل"" (مؤشر) عن ""العميل الموقوف"" (قرار إداري).",ملف العميل يشمل المسؤول والعنوان وGPS والملاحظات والحالة الإدارية؛ isActive هو المرجع الوحيد للحالة (نشط/غير نشط)؛ انخفاض الشراء أو غياب الزيارات مؤشر في التقارير ولا يغيّر الحالة آليًا؛ الأرشفة = isActive=false مع تدقيق ولا حذف.,BR-CRM-13 | BR-CRM-16,isActive,Account.isActive + Audit ACCOUNT_ARCHIVED,المدير يغيّر الحالة يدويًا من القائمة أو الملف,إعادة التفعيل عبر PATCH isActive=true,المالك أو crm.accounts.manage.any,"AC-CRM-008-1: بفرض عميل نشط بلا زيارات أو أوامر لـ90 يومًا، عندما تمر المهام الليلية، فإن isActive يبقى true ويظهر فقط ضمن مؤشر ""بلا زيارة"". | AC-CRM-008-2: بفرض أرشفة عميل، عندما تُنفذ DELETE /accounts/:id، فإن الصف يبقى بـis_active=false ويُسجل ACCOUNT_ARCHIVED في audit_logs. | AC-CRM-008-3: بفرض عميل غير نشط، عندما يُنشأ له أمر بيع، فإن السلوك يتبع DEC-CRM-07 (حاليًا يُقبل الأمر).",IMPLEMENTED,IMPLEMENTED,Unknown,[B+C] apps/web/app/dashboard/accounts/page.tsx (عمود الحالة، إجراء الأرشفة),DELETE /accounts/:id، PATCH /accounts/:id,[C] apps/crm/src/modules/accounts/accounts.service.ts:365-389 (archive)، 154-177 (summary يقرأ فقط)؛ [B] apps/crm/src/modules/accounts/accounts.service.ts:342-366,[B+C] apps/crm/prisma/schema.prisma accounts.is_active,,"accounts.service.spec.ts (spec exists, not run)",منع معاملات العملاء غير النشطين غير معمم: Sales يقبل أوامر لعميل مؤرشف (SAL-12)، بينما مقترح الزيارة يرفضه (operations.service.ts:470-471).,بيع لعميل موقوف إداريًا = مخاطر تحصيل.,P2,ضعف رقابي؛ يمكن الإيقاف يدويًا لكن البيع لا يُمنع.,,DEC-CRM-07,,SAL-12,accounts.is_active BOOLEAN NOT NULL؛ كل تغيير يُسجل before/after؛ يُقترح حقل سبب الإيقاف وتاريخه.,DAR-03 | DAR-12 | DAR-13,REQ-CRM-013,,docs/roadmap/2026-09-19-customer-field-execution-ar.md:7 (2026-09-19; B1-0228) | docs/roadmap/2026-09-19-customer-field-execution-ar.md:29 (2026-09-19; B1-0243)
REQ-CRM-009,C2,تعديل بيانات العميل الأساسية بعد الإنشاء مع تدقيق,INFERRED_NEEDS_APPROVAL,auditor,Customer master & Field Sales,المندوب المسؤول أو المدير,تصحيح الاسم/الهاتف/العنوان/النوع اللازم للفاتورة الإلكترونية لاحقًا.,يمكن تعديل الاسم العربي/الإنجليزي والنوع والهاتف والبريد والعنوان والمدينة والحالة بعد الإنشاء، مع فحص الملكية وتسجيل before/after بسبب CUSTOMER_MASTER_EDIT؛ تغيير المندوب يمر بمسار إعادة الإسناد.,BR-CRM-37,UpdateAccountDto,Account محدث + Audit ACCOUNT_UPDATED,PATCH /accounts/:id,اسم مكرر → 409,المالك أو crm.accounts.manage.any؛ إعادة الإسناد تحتاج manage.any,AC-CRM-009-1: بفرض عميل، عندما يعدّل المندوب المسؤول هاتفه، فإن audit_logs يحوي ACCOUNT_UPDATED بقيمة الهاتف قبل وبعد. | AC-CRM-009-2: بفرض مندوب غير مسؤول عن العميل، عندما يحاول التعديل، فإن الاستجابة 403.,IMPLEMENTED,IMPLEMENTED,Unknown,[B+C] apps/web/components/party-master-edit.tsx,PATCH /accounts/:id [C] accounts.controller.ts:102-113 / [B]:73,[C] apps/crm/src/modules/accounts/accounts.service.ts:310-357؛ [B] apps/crm/src/modules/accounts/accounts.service.ts:287-334,—,,"accounts.service.spec.ts (spec exists, not run)",الادعاء بأن التعديل غير ممكن (UI-DAY1) قديم. لا قفل تفاؤلي على PATCH /accounts/:id (بخلاف /profile)، وتغيير النوع لا يتطلب اعتمادًا رغم أثره على التسعير.,تعديل متزامن قد يستبدل تعديلًا آخر بصمت.,P3,منفذ مع ثغرة تزامن منخفضة الأثر.,REQ-CRM-006,,,,"audit_logs(before/after, reason_code) لكل تعديل؛ يُقترح استخدام profile_version لكل تعديلات الملف.",DAR-12,REQ-CRM-004 | REQ-CRM-005,,docs/UI-DAY1-OPERATIONS-AUDIT.md:47 (2026-09-08; B5b-0084)
REQ-CRM-010,C2,ملاحظات العميل المؤرخة بالكاتب والإصدار,DOCUMENTED_REQ,AI agent,Customer master & Field Sales,المندوب المسؤول؛ المدير لتعديل ملاحظات الآخرين,سجل تاريخي لتفاعلات العميل غير المهيكلة.,عنوان منظم مستقل مع توافق للحقول القديمة؛ التفاصيل تعرض العناوين والتعيينات وآخر 50 ملاحظة؛ الملاحظة بالكاتب والوقت والإصدار، مع منع IDOR، وتعديل ملاحظات الآخرين للمدير فقط مع تدقيق قبل/بعد.,BR-CRM-12,content، version عند التعديل,CustomerNote,POST/PATCH /accounts/:id/notes,إصدار قديم → 409,تعديل ملاحظة غيرك يتطلب crm.accounts.manage.any,AC-CRM-010-1: بفرض ملاحظة كتبها مندوب A، عندما يحاول مندوب B (مسؤول مشارك) تعديلها، فإن الاستجابة 403. | AC-CRM-010-2: بفرض تعديل ملاحظة بإصدار قديم، عندما يُرسل، فإن الاستجابة 409 ولا يتغير المحتوى. | AC-CRM-010-3: بفرض عميل له 60 ملاحظة، عندما تُفتح تفاصيله، فإن آخر 50 فقط تُعرض مرتبة تنازليًا.,IMPLEMENTED,IMPLEMENTED,Unknown,,POST /accounts/:id/notes، PATCH /accounts/:id/notes/:noteId ([C] accounts.controller.ts:127-130 / [B]:98-100),[B+C] apps/crm/src/modules/accounts/customer-notes.service.ts:30-53 (ملكية/إصدار)، 71-88 (audit)؛ findOne take 50 [C] apps/crm/src/modules/accounts/accounts.service.ts:191,[B+C] apps/crm/prisma/schema.prisma model CustomerNote ([C]:614-626),,"customer-notes.spec.ts (spec exists, not run)",لا يوجد.,—,P4,منفذ.,,,,,"customer_notes(id, account_id FK RESTRICT, content, created_by, updated_by, version, timestamps)؛ audit before/after.",DAR-12,REQ-CRM-038,,docs/roadmap/2026-09-19-customer-field-execution-ar.md:26-27 (2026-09-19; B1-0241)
REQ-CRM-011,C2,إعادة إسناد العميل للمندوب مع حفظ تاريخ المسؤولية,DOCUMENTED_REQ,AI agent,Customer master & Field Sales,مدير المبيعات (crm.accounts.manage.any),معرفة من كان مسؤولًا عن العميل في أي تاريخ (للحوافز والتحصيل).,إعادة الإسناد الفردي والجماعي (≤100) تُنهي الإسناد PRIMARY الحالي وتنشئ إسنادًا جديدًا مع حفظ التاريخ، وتترك BACKUP، وترفض الكتابة فوق توزيع PRIMARY مستقبلي، ولا تخترع تاريخ بداية للملفات القديمة، ويحفظ التدقيق قيمة repId السابقة.,BR-CRM-14,"ids[], repId, isActive?",customer_assignments جديدة + Account.repId + Audit CUSTOMER_REASSIGNED,اختيار عملاء ← اختيار مندوب ← تحقق IAM ← معاملة Serializable مع قفل الصفوف,توزيع مستقبلي → 409؛ تزامن → 409؛ IAM غير متاح → 503,manage.any فقط,AC-CRM-011-1: بفرض عميل بإسناد PRIMARY للمندوب A، عندما يُعاد إسناده لـB، فإن إسناد A يُغلق endsAt=الآن ويُنشأ إسناد B، ويحوي audit_logs before.repId=A. | AC-CRM-011-2: بفرض إسناد PRIMARY مستقبلي للعميل، عندما تُطلب إعادة الإسناد، فإن الاستجابة 409 ولا يتغير شيء. | AC-CRM-011-3: بفرض إسناد BACKUP قائم، عندما يُعاد إسناد PRIMARY، فإن BACKUP يبقى دون تغيير.,PARTIAL,PARTIAL,Unknown,[B+C] apps/web/app/dashboard/accounts/page.tsx (تغيير المندوب/إجراء جماعي),"PATCH /accounts/:id و POST /accounts/bulk مع repId ([C] accounts.controller.ts:73-83,102-113)؛ POST /field-sales/assignments",[B+C] apps/crm/src/modules/accounts/customer-onboarding.service.ts:68-158 (reassign)؛ مسار بديل apps/crm/src/modules/field-sales/field-sales.service.ts:1086-1140 (createAssignment),[B+C] apps/crm/prisma/schema.prisma model CustomerAssignment ([C]:309-327),لا حدث نطاق؛ audit_logs محلي فقط,"customer-onboarding.spec.ts، field-sales.service.spec.ts (spec exists, not run)",مسار POST /field-sales/assignments يغيّر Account.repId ويُنهي PRIMARY دون سجل تدقيق نطاقي بقيمة المندوب السابق (يعتمد على audit interceptor العام best-effort)، ولا يتحقق من المندوب في IAM.,صعوبة إثبات مسؤولية المندوب عن العميل في فترة معينة (حوافز/تحصيل).,P2,ضعف رقابي على تاريخ المسؤولية؛ يوجد مسار سليم بديل.,,DEC-CRM-08,,SEC-13,"customer_assignments(account_id, rep_id, role PRIMARY|BACKUP, territory_id, starts_at, ends_at, assigned_by)؛ يُقترح قيد استبعاد (EXCLUDE) يمنع تداخل PRIMARY زمنيًا لنفس العميل؛ Account.rep_id إسقاط (projection) للإسناد الحالي.",DAR-03 | DAR-04 | DAR-12 | DAR-15,REQ-CRM-012,,docs/roadmap/2026-09-19-customer-field-execution-ar.md:28 (2026-09-19; B1-0242)
REQ-CRM-012,C2,ترميز المندوب/المنطقة للعميل ودعم العملاء بلا مندوب (توصيل مباشر/شحن),INFERRED_NEEDS_APPROVAL,owner,Customer master & Field Sales,مدير المبيعات,تمثيل الممارسة الفعلية: حرف اللاحقة يرمز لمندوب أو منطقة وليس لنوع العميل.,يجب أن يدعم السجل إسناد العميل لمندوب نشط (N/A/L) أو لقناة بلا مندوب: C القاهرة الكبرى توصيل مباشر، R محافظات بعيدة بالشحن، G سلاسل وطنية، M مندوب سابق ترك الشركة (يُعاد إسناده)؛ ويُسجل تعيين المنطقة بحدث TerritoryAssigned مدقق بمستوى MEDIUM.,BR-CRM-07 | BR-CRM-15,repId/territoryId/قناة,Account + Assignment,QUESTION: كيف تُدار حسابات C وR حاليًا خارج النظام؟,—,manage.any,AC-CRM-012-1: بفرض عميل من فئة C (بلا مندوب)، عندما يُؤسس، فإن النظام يسمح بحفظه دون اختلاق مندوب وفق القرار DEC-CRM-08. | AC-CRM-012-2: بفرض تعيين منطقة لعميل، عندما يُحفظ، فإن territory_id يُخزن ويُسجل حدث/تدقيق بالقيمة السابقة واللاحقة.,PARTIAL,PARTIAL,Unknown,,"POST /accounts يشترط repId نشطًا في IAM ([B+C] apps/crm/src/modules/accounts/customer-onboarding.service.ts:36-67, 202)؛ لا API لتعيين Account.territoryId (UpdateAccountDto بلا territoryId)",territoryId يُكتب فقط من الاستيراد ([C] apps/crm/src/modules/accounts/accounts.service.ts:512) أو CustomerAssignment.territoryId (apps/crm/src/modules/field-sales/field-sales.service.ts:1086-1140)؛ سكربت import-customers.ts يخزن Employee id في repId (apps/crm/scripts/import-customers.ts:40),"[B+C] apps/crm/prisma/schema.prisma accounts.territory_id, rep_id (مراجع منطقية)",TerritoryAssigned يصدر من Organization لتعيين مندوب لمنطقة وليس لعميل (apps/organization/src/modules/territories/territories.service.ts:59-72),—,التأسيس يفرض مندوبًا نشطًا فلا يمكن تمثيل عملاء C/R بلا مندوب إلا بإسناد شكلي؛ لا مسار لتعيين منطقة العميل بعد الإنشاء؛ سكربت الاستيراد القديم يضع Employee id في rep_id بدل IAM user id (اتفاقيتان لنفس العمود).,تقارير المندوب/المنطقة والحوافز تُبنى على إسنادات غير حقيقية.,P2,سلامة الإسناد تؤثر على الحوافز والتغطية مع وجود حل يدوي.,,DEC-CRM-08 | DEC-CRM-05,هل يجوز عميل بلا مندوب (قنوات C وR)، ومن يملكه في التقارير والتحصيل؟,,قناة خدمة العميل (FIELD_REP | DIRECT_DELIVERY | SHIPPING | NATIONAL_CHAIN) كحقل مرجعي؛ rep_id يشير دائمًا لمعرّف IAM؛ territory_id مرجع لكتالوج Organization مع سجل تغيير.,DAR-03 | DAR-07,REQ-CRM-004 | REQ-CRM-011 | REQ-INH-023,,docs/audit/customer-classification-rep-territory-2026-09-02.md:48-60 (2026-09-02; B1-0313) | docs/AUDIT-COMPLETENESS-MATRIX.md:140 (unknown; B5a-0344)
REQ-CRM-013,C2,صفحة العميل 360,OWNER_DECISION,unnamed owner,Customer master & Field Sales,المندوب، المدير، المحاسب (حسب الصلاحية),رؤية واحدة للعميل: بيانات، رصيد، أوامر، فواتير، تحصيلات، مرتجعات، أمانة، هدايا، تذاكر، زيارات.,"صفحة 360 للعميل تعرض البيانات الأساسية والرصيد من دفتر Accounting والأوامر والفواتير وتواريخ الاستحقاق والمدفوعات والعكوسات وكشف الحساب والمرتجعات والأمانة والتذاكر، مع إخفاء كل قسم بحسب صلاحيته، وقائمة عملاء بأعمدة المديونية (أحمر عند تجاوز الحد) والمندوب بالاسم وآخر زيارة وآخر أمر وفلاتر ""بلا زيارة/شراء منذ 30/60/90 يومًا"".",,account id,عرض مجمّع,فتح العميل من القائمة ← تحميل الأقسام بالتوازي,قسم بلا صلاحية يعرض رسالة بدل البيانات,كل قسم بصلاحيته,"AC-CRM-013-1: بفرض مستخدم يملك crm.accounts.read دون accounting.ledger.read، عندما يفتح صفحة العميل، فإن قسم الرصيد وكشف الحساب يعرضان رسالة صلاحية ولا تُستدعى واجهة الدفتر. | AC-CRM-013-2: بفرض عميل رصيده من الدفتر = X، عندما تُفتح صفحته، فإن الرصيد المعروض = X (وليس مجموع قائمة فواتير محدودة). | AC-CRM-013-3: بفرض فلتر ""بلا زيارة منذ 60 يومًا""، عندما يُطبق، فإن كل العملاء المعروضين ليس لهم زيارة visitDate ≥ اليوم-60.",IMPLEMENTED,IMPLEMENTED,Unknown,"[B+C] apps/web/app/dashboard/accounts/[id]/page.tsx → apps/web/components/party-profile.tsx:32-39,58-61؛ apps/web/app/dashboard/accounts/page.tsx:170-261 (الأعمدة)، 85 (noVisitSince)",GET /accounts/:id (+ واجهات sales/accounting/inventory/organization),[C] apps/crm/src/modules/accounts/accounts.service.ts:184-219 (findOne),—,,—,"الأقسام تعتمد قوائم محدودة (ملاحظة ""limited"") وليست ترقيمًا كاملًا؛ قائمة العملاء محدودة بـ200 صف؛ آخر أمر يُجلب من Sales rollup.",قرارات على بيانات ناقصة لعملاء كبار.,P3,تقارير/كفاءة.,REQ-CRM-014,,,WEB-01,لا تخزين جديد؛ يعتمد على account_id في كل الخدمات؛ يتطلب واجهات قراءة مرقّمة لكل قسم.,DAR-18,REQ-CRM-008 | REQ-CRM-023 | REQ-INV-033 | REQ-INV-070,,docs/audit/2026-09-20-backlog-traceability-ar.md:101 (2026-09-20; B4b-0046)
REQ-CRM-014,C2,قائمة/تصدير العملاء يحترم الفلاتر ونطاق ملكية المستخدم,DOCUMENTED_REQ,AI agent,Customer master & Field Sales,كل مستخدم بصلاحية crm.accounts.read,تصدير ما يراه المستخدم فقط وبنفس الفلاتر، ومنع أخطاء الفلاتر الفارغة.,"تصدير العملاء يحتفظ بفلاتر القائمة ونطاق ملكية الفاعل؛ الواجهة لا ترسل الفلاتر الفارغة والخدمة تطبّع القيم الغائبة (""undefined""/""null""/"""") دون إضعاف النطاق، وترفض التاريخ/الحالة/النوع غير الصحيح بـ400؛ حد 200 صف في القائمة لا يُستخدم كعدد إجمالي ويُوضح للمستخدم.",BR-CRM-15,"type, territoryId, repId, q, status, noVisitSince",JSON (≤200) أو xlsx,GET /accounts أو /accounts/export,قيم غير صالحة → 400,غير الإداري مقيد بعملائه,AC-CRM-014-1: بفرض مندوب له 30 عميلًا، عندما يصدّر بلا فلاتر، فإن الملف يحوي 30 صفًا فقط من عملائه. | AC-CRM-014-2: بفرض طلب بـnoVisitSince=undefined (نصًا)، عندما يُرسل، فإن الاستجابة 200 بنفس نتيجة عدم الفلترة. | AC-CRM-014-3: بفرض 250 عميلًا مطابقًا، عندما تُعرض القائمة، فإن الواجهة تبيّن أن العرض جزئي (200) ولا تعرض 200 كإجمالي.,PARTIAL,PARTIAL,Unknown,[B+C] apps/web/app/dashboard/accounts/page.tsx:85 (لا يرسل الفارغ),[C] GET /accounts/export (accounts.controller.ts:20-33)؛ [B] لا يوجد export في الخادم,[C] apps/crm/src/modules/accounts/accounts.service.ts:58-122 (تطبيع 71-75، take 200 :120)، 126-143 (exportRows)؛ [B] apps/crm/src/modules/accounts/accounts.service.ts:57-121 (تطبيع 70-74، take 200 :119),—,,"scripts/customer-exports.test.cjs، accounts.service.spec.ts (spec exists, not run)",[B] لا تصدير خادمي (تصدير المحمّل فقط بحد 200). [C] exportRows لا يطبق تطبيع/تحقق الفلاتر (لا رفض لنوع/تاريخ غير صالح) وغير محدود الحجم (SCI-33)؛ القائمة لا تقدم ترقيمًا ولا عددًا إجماليًا.,تقارير ناقصة دون علم المستخدم.,P3,تقارير/كفاءة.,,,,WEB-01,استعلامات مرقّمة (keyset) مع count منفصل؛ نطاق الملكية مشتق من customer_assignments النشطة.,DAR-17,REQ-CRM-013 | REQ-NFR-045 | REQ-OPS-009 | REQ-R2R-058,,docs/phase1-master-data-data-io.md:131 (unknown; B3-0240) | docs/audit/2026-09-18-branches-deploy-review-ar.md:58 (2026-09-18; B4b-0293) | docs/CUSTOMER-IDENTITIES-IMPORT-20260918.md:179 (2026-09-18; B3-0226)
REQ-CRM-015,C2,استيراد هويات العملاء التاريخية بقيم افتراضية آمنة,DOCUMENTED_REQ,AI agent,Customer master — data migration,مسؤول الترحيل (سكربت تشغيل),إدخال العملاء التاريخيين دون اختلاق أرصدة أو مسؤوليات.,الحسابات الجديدة من استيراد الهويات تأخذ أكوادًا حتمية MD26 من hash الاسم، ويُحجز تعارض الأكواد، ويُكتب code وnameAr وtype فقط؛ أرصدة صفرية، مندوب/منطقة null، لا تعديل لأرصدة أو حدود ائتمان؛ الحساب نشط ظاهر للمدير ولا يراه المندوب حتى الإسناد.,BR-CRM-35 | BR-CRM-34,ملف مرشحين مراجَع,Accounts + تقرير,تشغيل سكربت import-identities.cjs داخل معاملة ← تقرير بالأكواد,فشل ← rollback؛ إعادة التشغيل idempotent,QUESTION: من يعتمد ملف المرشحين قبل التشغيل؟,AC-CRM-015-1: بفرض تشغيل الاستيراد، عندما ينتهي، فإن كل حساب جديد له rep_id=NULL وterritory_id=NULL وopening_balance=0 وcredit_limit=0. | AC-CRM-015-2: بفرض إعادة تشغيل نفس الملف، عندما ينتهي، فإن عدد الحسابات لا يزيد. | AC-CRM-015-3: بفرض مندوب، عندما يعرض قائمة عملائه، فإن الحسابات المستوردة غير المسندة لا تظهر له.,IMPLEMENTED,IMPLEMENTED,Unknown,,,[B+C] apps/crm/scripts/import-identities.cjs:17 (MD26)، 40 (HOLD_UNKNOWN_TYPE)، 59-62 (repId/territory null، أرصدة 0)؛ scripts/deploy-customer-identities.sh,—,لا AccountCreated من السكربت,"scripts/import-identities.test.cjs (cur فقط) (spec exists, not run)",السكربت لا يصدر AccountCreated ولا ينشئ customer_assignments؛ صيغة MD26 تختلف عن تسلسل CUS (REQ-CRM-003). حالة التنفيذ على الإنتاج Unknown.,حسابات بلا أثر في Accounting حتى أول حركة.,P2,سلامة بيانات الترحيل.,REQ-CRM-017,DEC-CRM-04,,,سجل تشغيل الاستيراد (batch id، عدد، أكواد) للمطابقة؛ أكواد MD26 فريدة.,DAR-06 | DAR-08 | DAR-20,REQ-CRM-003 | REQ-CRM-016 | REQ-OPS-003 | REQ-OPS-004,,docs/CUSTOMER-IDENTITIES-IMPORT-20260918.md:139 (2026-09-18; B3-0217)
REQ-CRM-016,C2,استيراد العملاء من ملف داخل التطبيق (create-only),DOCUMENTED_REQ,AI agent,Customer master & Field Sales,مستخدم بصلاحية crm.accounts.create,إضافة دفعات عملاء جديدة من قالب.,استيراد العملاء: code فريد، nameAr فريد، type من قائمة منسدلة (الافتراضي PHARMACY)، لا تحديث للموجود، المندوب المسؤول = منفذ الاستيراد، حد الائتمان ليس في الملف بل قرار مالي من شاشة الائتمان مع سبب.,BR-CRM-03 | BR-CRM-04,CSV ≤1000 صف و5MB,"{created, skipped[]}",رفع الملف ← (dryRun اختياري في C) ← إنشاء صف بصف ← تقرير المتجاهَل,صف مكرر/غير صالح يُتجاهل مع سبب,—,"AC-CRM-016-1: بفرض ملف فيه صف بكود موجود، عندما يُستورد، فإن الصف في skipped بسبب ""موجود مسبقًا"" ولا يُحدّث الحساب القائم. | AC-CRM-016-2: بفرض dryRun=true، عندما يُستورد الملف، فإن عدد الحسابات في DB لا يتغير ويعود تقرير بما كان سيُنشأ. | AC-CRM-016-3: بفرض استيراد ناجح، عندما يُفحص الحساب الجديد، فإن له إسناد PRIMARY وصف outbox AccountCreated (المطلوب) — حاليًا يفشل.",PARTIAL,PARTIAL,Unknown,[B+C] apps/web/app/dashboard/accounts/page.tsx (استيراد/قوالب IMPORT_TEMPLATES),[B+C] POST /accounts/import؛ [C] POST /accounts/import/file?dryRun (accounts.controller.ts:85-100),[C] apps/crm/src/modules/accounts/accounts.service.ts:426-546 (repId=actorId :517، type افتراضي :461)؛ [B] apps/crm/src/modules/accounts/accounts.service.ts:403-500 (بلا dryRun),—,لا AccountCreated ولا assignment,"accounts.service.spec.ts (spec exists, not run)",منفّذ كما وصف القالب لكنه يتجاوز ضمانات التأسيس (لا Assignment/حدث/تحقق IAM — SCI-29)، والقيم الافتراضية (PHARMACY، المستورد=مندوب) تتعارض مع وثائق 09-18؛ التقرير بالكود لا برقم السطر؛ في C غير dryRun = كتابة حية صامتة.,عملاء بتصنيف/مسؤول خاطئ وبلا أثر محاسبي.,P2,ضعف رقابي على بيانات رئيسية مع بديل يدوي.,,DEC-CRM-04,,SAL-14,كل صف مستورد يمر بنفس معاملة التأسيس (Assignment + Outbox + Audit)؛ سجل دفعة استيراد (batch) مع رقم السطر.,DAR-05 | DAR-06 | DAR-07 | DAR-12 | DAR-20,REQ-CRM-002 | REQ-CRM-004 | REQ-CRM-015 | REQ-OPS-003,,docs/IMPORT-TEMPLATES-AR.md:60-70 (unknown; B3-0232)
REQ-CRM-017,C2,مراجعة مرشحي العملاء التاريخيين قبل الاعتماد,DOCUMENTED_REQ,AI agent,Customer master — data migration,مراجع من الشركة يعرف العملاء,منع إدخال تهجئات مكررة أو فروع غير محسومة كعملاء.,تجميع المرشحين على النص بعد توحيد Unicode دون دمج تقريبي؛ الأسماء بعناوين متعددة تبقى معلقة؛ أكواد CAND ليست أكواد إنتاج؛ يصدر pass2 ملفي CSV (UTF-8 BOM): أنواع غير محسومة ومراجعة الهوية (تكرار/فروع/تعارض) مع README عربي؛ يملأ المراجع النوع/القرار؛ لا مستورد يستهلك التعديلات تلقائيًا.,BR-CRM-34,ملفات المصدر,CSV مراجعة,تجميع ← تصدير مراجعة ← قرار بشري ← (يدوي) تحديث ملف الاستيراد,—,QUESTION: من يوقّع على قرارات المراجعة؟,AC-CRM-017-1: بفرض اسم يظهر بعنوانين، عندما يُشغّل التجميع، فإن الاسم يظهر في ملف مراجعة الهوية بحالة معلق ولا يُنشأ له حساب. | AC-CRM-017-2: بفرض ملف المراجعة، عندما يُفتح في Excel، فإن النص العربي يظهر صحيحًا (BOM) وكل صف له عمود قرار.,IMPLEMENTED,IMPLEMENTED,Unknown,,,[B+C] scripts/export-customer-review.cjs؛ apps/crm/scripts/data/* (بيانات — لم تُفتح),,,"scripts/customer-review.test.cjs (spec exists, not run)",لا مسار مُدار لاستهلاك قرارات المراجعة (يدوي)؛ حالة تنفيذ المراجعة فعليًا Unknown.,تأخر اكتمال سجل العملاء.,P2,جاهزية البيانات للتشغيل.,,DEC-CRM-05,,,جدول/ملف قرارات مراجعة بمفتاح المرشح وقرار المراجع وتاريخه؛ لا يدخل الإنتاج قبل القرار.,DAR-06 | DAR-10,REQ-CRM-004 | REQ-CRM-005 | REQ-CRM-015 | REQ-OPS-005,,docs/CUSTOMER-IDENTITIES-IMPORT-20260918.md:162-171 (2026-09-18; B3-0225) | docs/audit/2026-09-18-master-data-enrichment-ar.md:28-32 (2026-09-18; B3-0073)
REQ-CRM-018,C2,دورة العملاء المحتملين (Lead): تأهيل/تحويل/خسارة,INFERRED_NEEDS_APPROVAL,AI agent,Lead → Customer,المندوب؛ المدير,متابعة الفرص قبل أن تصبح عملاء.,Lead بحالات NEW→QUALIFIED→CONVERTED أو LOST (بسبب)، التحويل مرتبط بحساب عميل، شاشة Leads، قائمة مرقمة، وتقييد الوصول على مستوى الكائن (المندوب يرى فرصه وفرص عملائه).,BR-CRM-17,"title, contact, estimatedValue, accountId?",Lead بحالة,إنشاء ← تأهيل ← تحويل (ربط Account قائم) أو خسارة بسبب,[C] LOST→NEW لإعادة الفتح؛ CONVERTED نهائي,—,AC-CRM-018-1: بفرض Lead بلا accountId، عندما يُطلب تحويله CONVERTED، فإن الاستجابة 400. | AC-CRM-018-2: بفرض Lead، عندما يُغلق LOST بلا سبب، فإن الاستجابة 400. | AC-CRM-018-3: بفرض مندوب، عندما يعرض القائمة، فإن الفرص المعروضة إما repId=هو أو مرتبطة بعميل مسند له، والقائمة مرقمة (≤ حد الصفحة).,PARTIAL,PARTIAL,Unknown,[B+C] apps/web/app/dashboard/leads/page.tsx:159 (التحويل يتطلب accountId),GET/POST /leads، PATCH /leads/:id/status؛ [C] PATCH /leads/:id,[C] apps/crm/src/modules/leads/leads.service.ts:68-80 (بلا take)، 131-184 (انتقالات، سبب الخسارة 160-165)؛ [B] leads.service.ts:67-79، 88-140 (LOST نهائي، بلا سبب),[C] apps/crm/prisma/schema.prisma:408-442 (+ migration 20260927120000_lead_management)؛ [B] :403-413,,"leads.service.spec.ts (spec exists, not run)",التحويل لا ينشئ/يؤسس عميلًا (يربط حسابًا قائمًا فقط)؛ لا ترقيم للقائمة؛ [B] لا سبب خسارة ولا إعادة فتح ولا حقول تواصل.,فقد تتبع مصدر العميل ومعدل التحويل.,P3,كفاءة/تقارير.,,DEC-CRM-13,,,"leads(status enum, account_id FK nullable, lost_reason إلزامي عند LOST (CHECK مقترح), qualified_at/converted_at/converted_by_id/lost_at)؛ فهارس (rep_id,status).",DAR-05 | DAR-06,REQ-CRM-002,,Data/AB DATA/Nile ERP Gap Analysis.pdf:p.2 (2026-09-13; B3-0341) | docs/GAP-ANALYSIS-AR.md:125-127 (unknown; B4a-0151) | docs/audit/04-database.md:31 (2026-09-01; B6a-0098) | docs/audit/21-p0-p1-remediation.md:417-418 (2026-09-07; B6b-0022)
REQ-CRM-019,C2,تذاكر خدمة العملاء بـSLA حسب الأولوية وبلا نجاح وهمي,INFERRED_NEEDS_APPROVAL,AI agent,Customer support,خدمة العملاء؛ المندوب من الزيارة,إدارة شكاوى الصيدليات (سلسلة التبريد، التأخير، النقص، الفواتير) بزمن استجابة ملزم.,التذكرة تُنشأ فعليًا في DB أو يعود خطأ (لا tkt-mock)؛ SLA بالساعات حسب الأولوية (CRITICAL 2، HIGH 6، MEDIUM 24، LOW 48)؛ رقم تذكرة غير متصادم؛ حالات OPEN/IN_PROGRESS/WAITING_CUSTOMER/RESOLVED/CLOSED بانتقالات محددة؛ علامة التجاوز لزجة؛ إحصاءات SLA تُحسب في قاعدة البيانات ولا تُعد CLOSED حرجة مفتوحة؛ قائمة التذاكر محدودة (500).,BR-CRM-18 | BR-CRM-22,"accountId, contact, subject, description, category, priority, visitId?",SupportTicket + slaDueAt,إنشاء ← معالجة ← حل/إغلاق,إعادة فتح RESOLVED→IN_PROGRESS؛ CLOSED نهائي,QUESTION: هل يجوز لنفس المستخدم فتح وإغلاق التذكرة؟,AC-CRM-019-1: بفرض فشل قاعدة البيانات، عندما تُنشأ تذكرة، فإن الاستجابة خطأ 5xx ولا يُعاد رقم تذكرة. | AC-CRM-019-2: بفرض تذكرة CRITICAL أُنشئت الساعة 10:00، عندما تُحل 12:30، فإن is_sla_breached=true. | AC-CRM-019-3: بفرض 1000 تذكرة، عندما تُطلب القائمة، فإن الاستجابة ≤500 صف وإحصاءات SLA تُحسب بتجميع في DB.,PARTIAL,PARTIAL,Unknown,[B+C] apps/web/app/dashboard/support/page.tsx,POST/GET /support/tickets، PATCH /support/tickets/:id/status، GET /tickets/sla-stats (support.controller.ts:28-69؛ تستخدم صلاحيات crm.accounts.*),[B+C] apps/crm/src/modules/support/support.service.ts:31-36 (SLA)، 174-266 (إنشاء بلا mock، رقم TKT-سنة-UUID8 :203)، 334-387 (انتقالات)، 390-438 (findAll بلا take)، 454-479 (SLA في الذاكرة),[B+C] apps/crm/prisma/schema.prisma model SupportTicket ([C]:473-512),,"support.service.spec.ts، support-safety.spec.ts (spec exists, not run)",قائمة التذاكر بلا حد (findAll بلا take) وإحصاءات SLA تُحمّل كل التذاكر وتُحسب في الذاكرة — خلافًا لما يدعيه تقرير PHASES-5-10؛ رقم التذكرة غير تسلسلي (الوثيقة B3-0341 طلبت رقمًا تسلسليًا)؛ لا صلاحيات خاصة بالدعم.,بطء/انقطاع مع نمو التذاكر؛ رقابة SLA غير دقيقة على أحداث سلسلة التبريد.,P2,أثر تنظيمي (سلسلة التبريد) مع بديل يدوي.,,,,DB-10 | WEB-01,"support_tickets(ticket_number UNIQUE, account_id FK RESTRICT, visit_id FK SET NULL, priority, status, sla_due_at, resolved_at, is_sla_breached)؛ فهارس status/priority/is_sla_breached موجودة؛ يُقترح سجل تغييرات الحالة.",DAR-06 | DAR-09,REQ-CRM-020 | REQ-CRM-021 | REQ-CRM-022,,docs/audit/production-program/PHASES-5-10-REPORT.md:63-64 (2026-09-16; B6a-0367)
REQ-CRM-020,C2,مسؤولون ومتابعون متعددون على تذكرة خدمة العملاء,OWNER_DECISION,unnamed owner,Customer support,منشئ التذكرة,تحديد من يعالج الشكوى ومن يجب إعلامه.,تعيين مستخدمين مسؤولين (متعددين) ومتابعين على التذكرة؛ responsibleUserIds⇒ASSIGNEE وwatcherUserIds⇒WATCHER؛ إزالة التكرار وحذف المتابع إن كان مسؤولًا؛ الدور نص بقيد CHECK؛ التذكرة والمشاركون في معاملة واحدة؛ لا تعيين بدون مستخدم موثّق؛ التحقق من وجود المستخدمين من IAM بتفويض المتصل.,BR-CRM-21,"responsibleUserIds[] ≤20, watcherUserIds[] ≤20",ticket_participants,ضمن إنشاء التذكرة,بلا مستخدم موثّق → 400,—,AC-CRM-020-1: بفرض نفس المستخدم في المسؤولين والمتابعين، عندما تُنشأ التذكرة، فإن له صفًا واحدًا بدور ASSIGNEE. | AC-CRM-020-2: بفرض معرّف مستخدم غير موجود في IAM، عندما تُنشأ التذكرة، فإن الاستجابة 400 ولا تُنشأ التذكرة. | AC-CRM-020-3: بفرض فشل إدخال المشاركين، عندما تُنشأ التذكرة، فإن التذكرة لا تُحفظ (rollback).,PARTIAL,PARTIAL,Unknown,[B+C] apps/web/app/dashboard/support/page.tsx (درج التذكرة),POST /support/tickets,[B+C] apps/crm/src/modules/support/support.service.ts:148-172 (buildParticipants)، 236-243 (معاملة),[B+C] apps/crm/prisma/schema.prisma model TicketParticipant ([C]:553-568)؛ migration 20260916121000:34 (CHECK),,"support-safety.spec.ts (6 حالات موثقة كفاشلة سابقًا؛ spec exists, not run)",لا تحقق من وجود/نشاط المستخدمين في IAM (يكفي وجود actor) خلافًا لـB6a-0366؛ لا إشعار فعلي للمتابعين؛ لا تعديل للمشاركين بعد الإنشاء.,تعيين مستخدمين وهميين أو موقوفين دون علم.,P3,كفاءة تشغيلية.,,,,ARC-06,"ticket_participants(ticket_id FK RESTRICT, user_id مرجع IAM, role CHECK IN (ASSIGNEE,WATCHER)) UNIQUE(ticket_id,user_id,role).",DAR-03 | DAR-04 | DAR-05 | DAR-06,REQ-CRM-019,,docs/audit/2026-09-20-backlog-traceability-ar.md:67 (2026-09-20; B4b-0027) | docs/audit/2026-09-20-backlog-traceability-ar.md:68 (2026-09-20; B4b-0028) | docs/audit/2026-09-20-phase0.5-implementation-report-ar.md:31 (2026-09-20; B4b-0202) | docs/audit/2026-09-20-phase0.5-implementation-report-ar.md:48-51 (2026-09-20; B4b-0204) | docs/audit/2026-09-20-phase0.5-implementation-report-ar.md:53-55 (2026-09-20; B4b-0205) | docs/audit/production-program/PHASES-5-10-REPORT.md:62 (2026-09-16; B6a-0366)
REQ-CRM-021,C2,بيانات الطرف ورقم التواصل في التذكرة مع تحقق المدخلات,OWNER_DECISION,unnamed owner,Customer support,منشئ التذكرة,معرفة من اشتكى تحديدًا داخل العميل.,التذكرة تحمل اسم/رقم التواصل وتفاصيل الطرف (≤500 حرف) منفصلة عن سجل العميل؛ CATEGORY_PATTERN يقبل الخمسة أو custom:<id> ويرفض CUSTOM الخام؛ ≤20 مسؤولًا/متابعًا مع تحقق شكل المعرف.,BR-CRM-19,"contactName, contactPhone, partyDetails",SupportTicket,ضمن الإنشاء,تجاوز الطول → 400,—,AC-CRM-021-1: بفرض partyDetails بطول 501، عندما تُنشأ التذكرة، فإن الاستجابة 400. | AC-CRM-021-2: بفرض تذكرة مع partyDetails، عندما تُقرأ، فإن الحقل يظهر ولا يغيّر بيانات العميل الرئيسية.,IMPLEMENTED,IMPLEMENTED,Unknown,,"DTO [B+C] apps/crm/src/modules/support/dto/create-ticket.dto.ts:36,83,93,109,118",[B+C] apps/crm/src/modules/support/support.service.ts:218,"[B+C] apps/crm/prisma/schema.prisma support_tickets.party_details, contact_name, contact_phone",,,لا يوجد.,—,P4,منفذ.,,,,,support_tickets.party_details TEXT ≤500؛ contact_name NOT NULL.,DAR-03,REQ-CRM-019,,docs/audit/2026-09-20-backlog-traceability-ar.md:69 (2026-09-20; B4b-0029) | docs/audit/2026-09-20-phase0.5-implementation-report-ar.md:81-84 (2026-09-20; B4b-0209)
REQ-CRM-022,C2,تصنيفات شكاوى يضيفها المستخدم دون حذف,OWNER_DECISION,unnamed owner,Customer support,مدير خدمة العملاء,إضافة تصنيف جديد دون نشر كود مع الحفاظ على التقارير التاريخية.,قائمة التصنيفات = الخمسة المدمجة (قراءة فقط) + المخصصة؛ إنشاء باسم مقصوص فريد (409 عند التكرار)؛ تعديل/إيقاف؛ لا حذف؛ custom:<id> لتصنيف موجود مفعّل يُقبل وغير الموجود/الموقوف/الخام/المجهول = 400 بلا كتابة؛ الفلتر يقبل custom:<id>.,BR-CRM-19 | BR-CRM-20,"name, isActive",support_categories,إدارة التصنيفات ← اختيارها في التذكرة,اسم مكرر → 409,QUESTION: من يحق له إدارة التصنيفات؟ حاليًا أي حامل crm.accounts.manage,"AC-CRM-022-1: بفرض تصنيف مخصص موقوف، عندما تُنشأ تذكرة به، فإن الاستجابة 400 ولا تُنشأ تذكرة. | AC-CRM-022-2: بفرض تصنيف ""Billing"" قائم، عندما يُضاف "" Billing ""، فإن الاستجابة 409. | AC-CRM-022-3: بفرض أي تصنيف، عندما يُطلب DELETE، فإن المسار غير موجود (404/405).",IMPLEMENTED,IMPLEMENTED,Unknown,[B+C] شاشة إدارة التصنيفات (apps/web/app/dashboard/support/page.tsx),GET/POST /support/categories، PATCH /support/categories/:id (support.controller.ts:82-101، crm.accounts.manage),[B+C] apps/crm/src/modules/support/support.service.ts:110-146 (resolveCategory)، 269-332,[B+C] apps/crm/prisma/schema.prisma model SupportCategory name @unique ([C]:539-548)؛ enum TicketCategory + CUSTOM,,"support-categories.spec.ts، support-safety.spec.ts (spec exists, not run)",إدارة التصنيفات بصلاحية crm.accounts.manage العامة (يملكها المندوب عادة) لا بصلاحية إدارية مستقلة؛ لا تدقيق نطاقي لتغيير التصنيف.,أي مندوب قد يضيف/يوقف تصنيفات تؤثر على التقارير.,P3,رقابة منخفضة الأثر.,,,,,"support_categories(id, name UNIQUE, is_active)؛ support_tickets.custom_category_id FK SET NULL؛ لا حذف.",DAR-06,REQ-CRM-019,,docs/audit/2026-09-20-backlog-traceability-ar.md:70 (2026-09-20; B4b-0030) | docs/audit/2026-09-20-phase0.5-implementation-report-ar.md:36-46 (2026-09-20; B4b-0203) | docs/audit/2026-09-20-phase0.5-implementation-report-ar.md:64-67 (2026-09-20; B4b-0207) | docs/audit/2026-09-20-phase0.5-implementation-report-ar.md:227-230 (2026-09-20; B4b-0219) | docs/audit/2026-09-20-phase0.5-implementation-report-ar.md:175 (2026-09-20; B4b-0215)
REQ-CRM-023,C2,"تبويب ""مصروفات وهدايا"" في ملف كل عميل",OWNER_DECISION,owner,Customer master — 360,مدير المبيعات/التسويق,معرفة كلفة خدمة العميل (هدايا/مصروفات) بجانب مبيعاته.,"تبويب ""مصروفات وهدايا"" في شيت كل عميل بالتاريخ والنوع والقيمة، والهدية قد تكون من المخزون أو من التالف (طلب المالك 6).",,هدية/مصروف مرتبط بالعميل,عرض في ملف العميل,تسجيل الهدية (Organization، دورة اعتماد C7) ← تظهر في ملف العميل,QUESTION: ما المعالجة المخزنية/المحاسبية للهدية من المخزون أو التالف؟,اعتماد الهدايا ضمن C7,AC-CRM-023-1: بفرض هدية معتمدة مرتبطة بالعميل A بتاريخ ونوع وقيمة، عندما تُفتح صفحة العميل A، فإن التبويب يعرضها بهذه الحقول. | AC-CRM-023-2: بفرض هدية مصدرها المخزون، عندما تُعتمد/تُصرف، فإن حركة مخزون صادرة تُسجل للصنف والكمية (أو من مخزن التالف) — المطلوب.,PARTIAL,PARTIAL,Unknown,"[B+C] apps/web/components/party-profile.tsx:38 (قسم ""هدايا العميل"")",Organization GET customer-gifts?accountId,[B+C] apps/organization/src/modules/customer-gifts/customer-gifts.service.ts:45 (productId مرجع فقط),[B+C] apps/organization/prisma/migrations/20260925120000_customer_gifts (customer_gifts/customer_gift_lines),,,"الهدايا تظهر في الملف، لكن ""المصروفات"" المرتبطة بالعميل غير موجودة، وسطر الهدية يحمل productId دون أي حركة مخزون (من المخزون أو التالف) ولا أثر محاسبي (ORG-04).",كلفة خدمة العميل غير مكتملة ومخزون الهدايا خارج الدفتر.,P2,أثر على المخزون/التكلفة مع تسجيل يدوي بديل.,,,"هل تُخصم هدية ""من المخزون/التالف"" من الرصيد المخزني آليًا، ومن أي مخزن؟",ORG-04 | INV-11,customer_gift_lines.product_id + warehouse_id + batch_id + source (STOCK|DAMAGED) مع رابط لحركة مخزون؛ account_id على الرأس.,DAR-05,REQ-CRM-013 | REQ-INH-070 | REQ-INH-071 | REQ-INV-040 | REQ-INV-065 | REQ-R2R-056,,docs/REQUESTS-2026-09-25-ar.md:219 (2026-09-25; B1-0163)
REQ-CRM-024,C2,المبيعات الميدانية تعيد استخدام كيانات ERP دون تكرار,INFERRED_NEEDS_APPROVAL,AI agent,Field Sales,المعمارية/فريق التطوير,منع ظهور عميل/منتج/أمر ثانٍ داخل وحدة الميدان.,العميل = CRM Account، المنتج = id + لقطة عرض، الأمر = أمر Sales الموجود مع visitId، الفاتورة/الدفع/المرتجع عبر معرفاتها، المندوبون = مستخدمو IAM، المناطق مرجع Organization؛ تُضاف كيانات CRM للإسناد والخطط والمتابعات والمكالمات والخط الزمني ومساحة my-day؛ مسار القبول: إسناد أساسي/احتياطي ← خطة مرتبة ← بدء/إكمال ← أمر يحمل visitId ← متابعة ظاهرة ← مدير يتنقل من KPI للسجل ← خط زمني ← تحصيل عبر مودال المحاسبة.,,—,—,انظر process.md,—,—,AC-CRM-024-1: بفرض مخطط قاعدة CRM، عندما يُفحص، فإن لا جداول منتجات أو أوامر بيع أو فواتير داخل nile_crm (مراجع id فقط). | AC-CRM-024-2: بفرض تنفيذ مسار القبول الثمانية خطوات بمستخدمين حقيقيين، عندما يكتمل، فإن الأمر في Sales يحمل visit_id الزيارة والخط الزمني للعميل يعرض الزيارة والمكالمة والأمر.,IMPLEMENTED,IMPLEMENTED,Unknown,[B+C] apps/web/app/dashboard/field-sales/* (13 شاشة),field-sales.controller.ts، operations.controller.ts,[B+C] apps/crm/src/modules/field-sales/field-sales.service.ts، apps/crm/src/modules/field-operations/operations.service.ts,"[B+C] apps/crm/prisma/schema.prisma (VisitPlan, Visit, CustomerAssignment, FollowUp, CustomerInteraction, VisitProductDiscussion, RepTarget, FieldProposal)",لا أحداث من وحدة الميدان (فقط crm.visit.logged من المسار القديم),"field-sales.service.spec.ts، operations.spec.ts (spec exists, not run)",الأهداف (RepTarget) تُخزن دون حساب التحقيق (SAL-18)؛ لا أحداث نطاقية للزيارات (الأنظمة الأخرى لا تعرف بالزيارة إلا عبر visitId في الأمر).,لا قياس للأداء مقابل الهدف.,P3,تقارير/أداء.,,,,SAL-18 | DB-04,مراجع منطقية عبر الخدمات بلا FK: visits.order_id، field_proposals.converted_id، visit_product_discussions.product_id، rep_targets.rep_id — تحتاج مطابقة دورية.,DAR-03 | DAR-05 | DAR-06 | DAR-08 | DAR-13,REQ-CRM-025 | REQ-CRM-030,,docs/FIELD-SALES-AUDIT.md:6-21 (2026-09-16; B4a-0102) | docs/FIELD-SALES-AUDIT.md:137 (2026-09-16; B4a-0103) | apps/crm/README.md:8 (unknown; B6c-0216) | docs/FIELD-SALES-AUDIT.md:126-135 (2026-09-16; B4a-0113)
REQ-CRM-025,C2,خطط الزيارات اليومية بمحطات مرتبة وعناوين مسجلة,DOCUMENTED_REQ,AI agent,Field Sales — planning,مدير المبيعات (crm.field-sales.manage),تنظيم يوم المندوب وتتبع المخطط مقابل المنفذ.,خطة بعنوان وحالة ومندوب وملاحظات؛ لكل زيارة تاريخ ووقت بداية ومدة بتوقيت القاهرة وعنوان مسجل للعميل مع snapshot تاريخي؛ الخطة DRAFT→PUBLISHED→IN_PROGRESS→COMPLETED أو CANCELLED؛ لا تكرار للعميل في الخطة، ولا تعارض مواعيد للمندوب، ولا تنفيذ زيارات خطة غير منشورة.,BR-CRM-23 | BR-CRM-24,"CreateVisitPlanDto(repId, planDate, visits[accountId, scheduledAt, addressId, ...])",VisitPlan + Visits,إنشاء DRAFT ← نشر ← بدء أول زيارة ← إتمام بعد إغلاق كل الزيارات,إلغاء الخطة يلغي PLANNED ويرفض إن وُجدت زيارة جارية,المدير ينشئ وينشر؛ لا اعتماد ثانٍ,"AC-CRM-025-1: بفرض خطة فيها نفس العميل مرتين، عندما تُنشأ، فإن الاستجابة 409. | AC-CRM-025-2: بفرض زيارتين للمندوب متداخلتين زمنيًا، عندما تُضاف الثانية، فإن الاستجابة 400. | AC-CRM-025-3: بفرض خطة DRAFT، عندما يحاول المندوب بدء زيارة منها، فإن الاستجابة 400 ""يجب نشر خطة الزيارات"". | AC-CRM-025-4: بفرض تغيير عنوان العميل بعد إنشاء الزيارة، عندما تُعرض الزيارة، فإن address_snapshot يبقى بالعنوان القديم.",IMPLEMENTED,IMPLEMENTED,Unknown,[B+C] apps/web/app/dashboard/field-sales/plans، routes، calendar,POST/GET /field-sales/plans، PATCH /plans/:id/status (field-sales.controller.ts:144-166),[B+C] apps/crm/src/modules/field-sales/field-sales.service.ts:914-973 (createPlan)، 975-1032 (انتقالات)، 475-507 (نفس يوم القاهرة)، 509-513 (عنوان+snapshot)، 1351-1364 (نشر قبل التنفيذ)، 1377-1399 (تعارض),"[B+C] apps/crm/prisma/schema.prisma VisitPlan ([C]:206-225)، Visit @@unique([planId,accountId])، address_id FK RESTRICT (migration 20260919150000:44)",,"field-sales.service.spec.ts (spec exists, not run)",الخطة يومية فقط (لا أسبوعية/شهرية)؛ لا اعتماد مشرف؛ لا تحذير خادمي لزيارات بلا منطقة (موجود في الواجهة فقط).,تخطيط أسبوعي يدوي خارج النظام.,P3,كفاءة.,,DEC-CRM-09 | DEC-CRM-12,,,"visit_plans(plan_number UNIQUE, plan_date, rep_id, status enum, created_by)؛ visits(plan_id FK, account_id FK, address_id FK RESTRICT, address_snapshot JSONB, scheduled_at, expected_duration_mins, sequence) UNIQUE(plan_id, account_id).",DAR-06 | DAR-09 | DAR-10 | DAR-15,REQ-CRM-026 | REQ-CRM-028,,docs/roadmap/2026-09-19-customer-field-execution-ar.md:48 (2026-09-19; B1-0248) | docs/FIELD-SALES-AUDIT.md:69-77 (2026-09-16; B4a-0107)
REQ-CRM-026,C2,قواعد ضبط خط السير: اعتماد، توليد من التكرار، فوات تلقائي، مسافة,INFERRED_NEEDS_APPROVAL,AI agent,Field Sales — planning,المندوب (ينشئ) والمشرف (يعتمد),منع خطط غير واقعية وضبط الانضباط الميداني.,المندوب ينشئ الخطة والمشرف يعتمدها؛ توليد الخطة من تكرار الزيارة لكل عميل؛ محطات بأنواع (طلب/تحصيل/متابعة/تسليم)؛ check-in يبعد >300م عن موقع العميل يعطي تحذيرًا وتُسجل المسافة؛ المحطات غير المزارة تصبح MISSED يوميًا 23:30؛ الطلب من الخطة يمر بفحص الائتمان.,BR-CRM-24,visitEveryDays، إحداثيات العميل,زيارات مولدة، تحذير مسافة، MISSED,انظر To-Be,—,اعتماد المشرف للخطة (غير منفذ),"AC-CRM-026-1: بفرض زيارة PLANNED لم تبدأ حتى 23:30 بتوقيت القاهرة، عندما تعمل المهمة المجدولة، فإن حالتها MISSED بسبب ""لم تُنفذ"". | AC-CRM-026-2: بفرض عميل بإحداثيات وcheck-in يبعد 450م، عندما تبدأ الزيارة، فإن المسافة تُخزن ويظهر تحذير ويُعلّم للمراجعة. | AC-CRM-026-3: بفرض إسناد بتكرار 14 يومًا، عندما يُطلب توليد الزيارة التالية مرتين، فإن زيارة واحدة فقط تُنشأ.",PARTIAL,PARTIAL,Unknown,,POST /field-sales/assignments/:id/next-visit (field-sales.controller.ts:215),[B+C] apps/crm/src/modules/field-sales/field-sales.service.ts:1146-1208 (توليد يدوي idempotent بـrecurrenceKey)؛ لا مهمة MISSED مجدولة ولا حساب مسافة (grep في apps/crm/src),[B+C] apps/crm/prisma/schema.prisma CustomerAssignment.visit_every_days، Visit.recurrence_key UNIQUE,,"field-sales.service.spec.ts (spec exists, not run)",موجود: توليد الزيارة التالية يدويًا من التكرار. غائب: اعتماد المشرف، أنواع المحطات (purpose فقط)، حساب المسافة/تحذير 300م، الفوات التلقائي 23:30؛ فحص الائتمان يتم في Sales عند الإنشاء لا عند التخطيط.,زيارات غير منفذة تبقى PLANNED وتشوه مؤشرات التغطية؛ لا كشف للحضور البعيد.,P2,ضعف رقابي على الانضباط الميداني مع مراجعة يدوية بديلة.,REQ-CRM-029,DEC-CRM-09,هل يجب أن يعتمد المشرف خطة المندوب؟ هل يُطبق الفوات التلقائي ومسافة 300م؟,,visits.check_in_distance_m، visit_plans.approved_by/approved_at، مهمة مجدولة مسجلة في job_runs.,DAR-05 | DAR-06,REQ-CRM-025 | REQ-CRM-027,,docs/PROMPT-P1-P3-IMPLEMENTATION.md:311 (unknown; B5a-0229) | docs/PROMPT-P1-P3-IMPLEMENTATION.md:309 (unknown; B5a-0228)
REQ-CRM-027,C2,"مؤشرات التغطية (مخطط/فعلي) ومساحة ""يومي/مهامي"" للمندوب",INFERRED_NEEDS_APPROVAL,AI agent,Field Sales — monitoring,المندوب؛ المشرف,قياس التغطية والزيارات الفائتة وتسهيل يوم المندوب.,"خطة سير أسبوعية/يومية (أي عملاء، أي ترتيب، أي يوم)، check-in/out بالموقع، مقارنة مخطط/فعلي (Coverage، زيارات فائتة)، أخذ طلبية ميدانيًا، وشاشة ""يومي/مهامي"" للمندوب وشاشة للمشرف؛ مؤشرات اليوم والعملاء بلا زيارة 30 يومًا.",,visits، plans,KPIs,my-day للمندوب؛ dashboard/performance للمشرف,"مقام صفري → ""غير قابل للحساب""",المندوب يرى نفسه فقط ما لم يملك read.any,"AC-CRM-027-1: بفرض 10 زيارات مخططة نُفذ منها 7، عندما يُعرض مؤشر التغطية لليوم، فإن القيمة 70% والفائتة 3 قابلة للنقر إلى السجل. | AC-CRM-027-2: بفرض يوم بلا زيارات مخططة، عندما يُعرض المؤشر، فإن القيمة ""غير قابل للحساب"" لا 0% ولا خطأ. | AC-CRM-027-3: بفرض مندوب بلا read.any، عندما يطلب dashboard لمندوب آخر، فإن النتائج تخصه هو فقط.",PARTIAL,PARTIAL,Unknown,"[B+C] apps/web/app/dashboard/field-sales/my-day، performance، reports؛ apps/web/lib/field-sales-metrics.ts (""غير قابل للحساب"")؛ apps/web/app/dashboard/tasks/page.tsx (صندوق اعتمادات، ليس placeholder)",GET /field-sales/dashboard، /my-day، /field-operations/report,[B+C] apps/crm/src/modules/field-sales/field-sales.service.ts:233-370 (dashboard/myDay)؛ apps/crm/src/modules/field-operations/operations.service.ts:82-199 (report)؛ [C] apps/crm/src/modules/accounts/accounts.service.ts:154-177 (summary 30 يومًا),,,"apps/web/lib/field-sales-metrics.spec.ts (spec exists, not run)","لا خطة أسبوعية؛ لا أخذ طلبية دون اتصال؛ تقرير field-operations يرشّح على account.area غير الموجود في نموذج Account (operations.service.ts:143-144) فيفشل عند استخدام فلتر المنطقة؛ قرار شكل عرض المؤشرات معلق (DEC-CRM-12). ادعاء أن ""مهامي"" placeholder قديم.",قرارات إشراف على مؤشرات ناقصة؛ فلتر المنطقة معطل.,P3,تقارير/كفاءة.,,DEC-CRM-12 | DEC-CRM-09,,,"مؤشرات محسوبة من visits(status, scheduled_at, rep_id) — فهارس موجودة؛ إضافة area/district موحد على Account إن لزم التقرير.",DAR-05 | DAR-06 | DAR-13,REQ-CRM-025 | REQ-CRM-026 | REQ-R2R-057,,docs/BUSINESS-FLOWS-COVERAGE-P0A-ASSESSMENT.md:223-238 (2026-09-07; B4a-0016) | docs/PROMPT-P1-P3-IMPLEMENTATION.md:315-317 (unknown; B5a-0231)
REQ-CRM-028,C2,آلة حالات الزيارة الميدانية,INFERRED_NEEDS_APPROVAL,AI agent,Field Sales — execution,المندوب,تسجيل الزيارة كحدث مدقق بدل نص حر.,الزيارة PLANNED→IN_PROGRESS→COMPLETED، أو CANCELLED (بسبب إلزامي)، أو MISSED (بسبب)، أو RESCHEDULED (تنشئ زيارة بديلة PLANNED)؛ إعادة المحاولة idempotent؛ كل انتقال يُدقق (VisitLogged/CHECKED_IN/OUT).,BR-CRM-25,visit id + بيانات المرحلة,Visit بحالة,بدء ← إتمام,الإلغاء من PLANNED فقط؛ الفوات من PLANNED/IN_PROGRESS؛ الزيارة المؤجلة سجل تاريخي,المندوب المنفذ أو من له read.any,AC-CRM-028-1: بفرض زيارة COMPLETED، عندما يُطلب إلغاؤها، فإن الاستجابة 400. | AC-CRM-028-2: بفرض طلبي بدء متزامنين لنفس الزيارة، عندما ينتهيان، فإن actual_start واحد وصف تدقيق VISIT_CHECKED_IN واحد. | AC-CRM-028-3: بفرض زيارة مُلغاة أو فائتة، عندما يُفحص audit_logs، فإن هناك سجل بالانتقال والسبب والمستخدم (المطلوب).,PARTIAL,PARTIAL,Unknown,[B+C] apps/web/app/dashboard/field-sales/my-day/page.tsx، visits/cancel-visit-modal.tsx,POST /field-sales/visits/:id/start|complete|cancel|missed (field-sales.controller.ts:94-142),[B+C] apps/crm/src/modules/field-sales/field-sales.service.ts:572-606 (start)، 645-767 (complete)، 769-785 (cancel)، 814-912 (missed),[B+C] apps/crm/prisma/schema.prisma enum FieldVisitStatus ([C]:33-40)، Visit ([C]:227-307),"لا حدث نطاقي؛ audit_logs VISIT_CHECKED_IN/OUT (apps/crm/src/modules/field-sales/field-sales.service.ts:603,764)","field-sales.service.spec.ts (spec exists, not run)",الإلغاء والفوات لا يكتبان سجل تدقيق نطاقي (السبب يُلحق بنص notes فقط) ويعتمدان على interceptor عام best-effort؛ الإلغاء خارج معاملة (claim ثم update منفصلان)؛ المسار القديم POST /crm/visits يكتب زيارة COMPLETED مباشرة (SCI-30).,صعوبة تدقيق أسباب الإلغاء/الفوات.,P3,رقابة على أداء ميداني غير مالي.,,,,SEC-13,visits.status enum، cancel_reason/missed_reason أعمدة مستقلة بدل notes؛ سجل انتقالات (visit_status_history) مقترح.,DAR-05 | DAR-06 | DAR-07 | DAR-09,REQ-CRM-029 | REQ-CRM-033 | REQ-CRM-036,,docs/FIELD-SALES-AUDIT.md:44-58 (2026-09-16; B4a-0104) | docs/AUDIT-COMPLETENESS-MATRIX.md:142 (unknown; B5a-0346)
REQ-CRM-029,C2,سياسة GPS للزيارة: موقع أو استثناء مسبب، ولا يُعد إثباتًا غير قابل للتزييف,OWNER_DECISION,owner,Field Sales — execution,المندوب؛ مراجع مستقل,إثبات معقول للحضور دون تعطيل العمل عند تعذر GPS.,الدخول/الخروج بإحداثيات GPS من الجهاز أو سبب استثناء يُراجع؛ الاستثناء لا يُصنف الموقع كمتحقق؛ تُحفظ الدقة والمصدر ووقت الالتقاط والمنفذ وأوقات الخادم؛ يُرفض الالتقاط الأقدم من 5 دقائق أو المختلف عن ساعة الخادم بأكثر من 5 دقائق؛ المدة من أوقات الخادم؛ لا إدخال يدوي للإحداثيات في مسارات الزيارة؛ مراجعة الاستثناء من شخص غير المنفذ.,BR-CRM-26 | BR-CRM-27,"latitude, longitude, accuracy, capturedAt, locationSource | gpsExceptionReason",Visit start*/end* + gpsReviewStatus,التقاط ← إرسال ← تحقق ← (استثناء ⇒ PENDING ⇒ مراجعة),رفض GPS ⇒ سبب مكتوب,المراجع ≠ المنفذ (check-in/out/rep),AC-CRM-029-1: بفرض capturedAt أقدم بـ6 دقائق، عندما تُبدأ الزيارة، فإن الاستجابة 400. | AC-CRM-029-2: بفرض بدء باستثناء GPS، عندما يُحفظ، فإن location_verified=false وgps_review_status=PENDING. | AC-CRM-029-3: بفرض المندوب نفسه يملك crm.field-sales.review، عندما يراجع استثناء زيارته، فإن الاستجابة 403. | AC-CRM-029-4: بفرض سبب استثناء أقل من 10 أحرف، عندما يُرسل، فإن الطلب يُرفض (المطلوب حسب QA).,IMPLEMENTED,IMPLEMENTED,Unknown,[B+C] apps/web/lib/visit-location.ts:6-13 (enableHighAccuracy، maximumAge 0، 12s، 7 منازل),start/complete؛ POST /field-operations/visits/:id/gps-review,[B+C] apps/crm/src/modules/field-sales/field-sales.service.ts:515-526 (gpsData؛ 5 دقائق :521؛ locationVerified=false)، 659-675 (أوقات الخادم)؛ apps/crm/src/modules/field-operations/operations.service.ts:333-358 (مراجعة مستقلة),[B+C] apps/crm/prisma/schema.prisma Visit start/end Gps* + gps_review_* ([C]:232-246),,"field-sales.service.spec.ts، operations.spec.ts (spec exists, not run)",الخادم يقبل سبب استثناء ≥3 أحرف (QA يذكر ≥10)؛ الخادم لا يستطيع التحقق من أن الإحداثيات من الجهاز لا يدوية (قيد واجهة فقط)؛ locationVerified لا يصبح true أبدًا (لا مقارنة بموقع العميل).,إثبات حضور ضعيف بطبيعته كما قرر المالك.,P3,منفذ وفق القرار؛ تحسينات صغيرة.,REQ-CRM-026,,,,"visits: start/end_latitude/longitude DECIMAL(10,7)، *_gps_accuracy، *_gps_captured_at، *_location_source، *_gps_exception، gps_review_status/by/note، checked_in_by/out_by، actual_start/end (خادم).",DAR-05 | DAR-06 | DAR-10,REQ-CRM-028 | REQ-SEC-038,,docs/roadmap/2026-09-19-customer-field-execution-ar.md:10 (2026-09-19; B1-0231) | QA-REPORTS/18-mobile-behavior-testing.md:27-30 (2026-09-21; B6c-0306) | docs/roadmap/2026-09-19-customer-field-execution-ar.md:49 (2026-09-19; B1-0249)
REQ-CRM-030,C2,تسليم الزيارة إلى أمر البيع: الأمر يُنشأ من الزيارة ويُتحقق منه في Sales,DOCUMENTED_REQ,AI agent,Field Sales → Order-to-Cash,المندوب,ربط موثوق بين الزيارة والإيراد (للحوافز وقياس الفاعلية).,التسجيل السريع القديم يرفض نتيجة ORDER_PLACED؛ أوامر البيع تُنشأ عبر مسار Field Sales/Sales المرتبط بالزيارة بحيث يحمل الأمر نفس visitId؛ ربط الأمر يمرر JWT المستدعي ويفشل مغلقًا إن تعذر التحقق من Sales أو اختلف العميل أو الزيارة أو كان الأمر ملغى/مرفوضًا؛ نتيجة ORDER_CREATED تتطلب أمرًا مرتبطًا؛ ربط الفاتورة المباشرة بالزيارة مؤجل.,BR-CRM-28 | BR-CRM-29,orderId,visits.order_id,"زيارة جارية ← ""أمر من الزيارة"" (orders/new?visitId=) ← Sales ينشئ الأمر بـvisitId ← ربط/إتمام بنتيجة ORDER_CREATED",Sales غير متاح ⇒ 502/503 دون ربط؛ أمر لعميل آخر ⇒ 400,—,AC-CRM-030-1: بفرض أمر Sales بلا visit_id أو بـvisit_id مختلف، عندما يُربط بالزيارة، فإن الاستجابة 400 ولا يتغير visits.order_id. | AC-CRM-030-2: بفرض Sales غير متاح، عندما تُكمل الزيارة بنتيجة ORDER_CREATED، فإن الاستجابة 502 وتبقى الزيارة IN_PROGRESS. | AC-CRM-030-3: بفرض POST /crm/visits بنتيجة ORDER_PLACED، عندما يُرسل، فإن الاستجابة 400.,IMPLEMENTED,IMPLEMENTED,Unknown,[B+C] apps/web/app/dashboard/orders/new/page.tsx (visitId),POST /field-sales/visits/:id/link-order، /complete؛ Sales GET /api/orders/:id,[B+C] apps/crm/src/modules/field-sales/field-sales.service.ts:140-174 (verifyOrderForVisit)، 608-634، 787-812؛ apps/crm/src/modules/visits/visits.service.ts:99-102,[B+C] apps/crm/prisma/schema.prisma visits.order_id (مرجع منطقي)؛ sales_orders.visit_id,,"field-sales.service.spec.ts، visits.service.spec.ts (spec exists, not run)",المسار القديم POST /crm/visits ما زال يسجل زيارات مكتملة بلا GPS (SCI-30)؛ الفواتير المباشرة لا ترتبط بالزيارة؛ متغيرا بيئة مختلفان لنفس خدمة Sales (SALES_BASE_URL وSALES_URL).,إيراد غير منسوب لزيارة يضعف قياس الفاعلية والحوافز.,P2,رقابة على نسبة الإيراد مع بديل.,,,,ARC-06,sales_orders.visit_id ⇄ visits.order_id (مرجعان منطقيان)؛ يُقترح مطابقة دورية بينهما.,DAR-03 | DAR-08,REQ-CRM-032 | REQ-CRM-036 | REQ-O2C-026,,"apps/crm/README.md:7 (unknown; B6c-0215) | docs/FIELD-SALES-AUDIT.md:88,110 (2026-09-16; B4a-0109) | Data/AB DATA/Nile ERP Business Operations.pdf:p.2-3 (2026-09-13; B3-0319) | docs/INVOICE-CONCEPT-AR.md:33 (2026-09-21; B1-0224) | docs/FIELD-SALES-AUDIT.md:110 (2026-09-16; B4a-0110)"
REQ-CRM-031,C2,المتابعات بعد الزيارة: حالات وتأخر مشتق وموعد مستقبلي,INFERRED_NEEDS_APPROVAL,AI agent,Field Sales — execution,المندوب,ضمان أن كل زيارة تنتج خطوة تالية قابلة للمتابعة.,المتابعة OPEN→COMPLETED أو CANCELLED؛ OVERDUE مشتقة من dueAt؛ موعد المتابعة (عند إكمال الزيارة أو إنشائها) يجب أن يكون في المستقبل؛ الإتمام/الإلغاء idempotent.,BR-CRM-36,"dueAt, purpose, notes",FollowUp,إنشاء من الزيارة أو يدويًا ← إتمام/إلغاء,موعد ماضٍ ⇒ 400,المسند إليه أو manage,AC-CRM-031-1: بفرض followUpDate في الماضي، عندما تُكمل الزيارة، فإن الاستجابة 400. | AC-CRM-031-2: بفرض متابعة OPEN تجاوز dueAt، عندما تُطلب overdue=true، فإن المتابعة تظهر دون تغيير حالتها المخزنة.,IMPLEMENTED,IMPLEMENTED,Unknown,[B+C] apps/web/app/dashboard/field-sales/follow-ups,GET/POST /field-sales/follow-ups، PATCH complete|cancel,[B+C] apps/crm/src/modules/field-sales/field-sales.service.ts:670-673، 750-763، 1261-1349,[B+C] apps/crm/prisma/schema.prisma FollowUp ([C]:329-348),,"field-sales.service.spec.ts (spec exists, not run)",الإلغاء والإتمام بلا سجل تدقيق نطاقي؛ إلغاء المتابعة لا يشترط سببًا.,منخفض.,P4,منفذ.,,DEC-CRM-11,,,"follow_ups(status enum, due_at, assigned_to, visit_id FK SET NULL, completed_at)؛ فهرس (assigned_to, due_at).",DAR-07 | DAR-09 | DAR-17,REQ-CRM-036,,docs/FIELD-SALES-AUDIT.md:60-67 (2026-09-16; B4a-0106) | docs/audit/2026-09-20-phase0-discovery-audit-ar.md:225-230 (2026-09-20; B4b-0141)
REQ-CRM-032,C2,اقتراح طلب لصيدلية من زيارة طبيب ولا يصبح بيعًا إلا بتأكيد ومراجعة,OWNER_DECISION,owner,Field Sales → Order-to-Cash,المندوب (يقترح)؛ مراجع مستقل (يعتمد ويحوّل),فصل محل الزيارة (طبيب/مركز) عن المشتري وصاحب المديونية (صيدلية) مع رقابة ثنائية.,يفصل النظام الطبيب/المركز محل الزيارة عن الصيدلية المشترية؛ يمكن للمندوب اقتراح طلب على صيدلية من زيارة الطبيب ولا يتحول لبيع إلا بعد تسجيل تأكيد الصيدلية ومراجعة المسؤول؛ أمر الصيدلية لا يرث visitId الطبيب، ويُنسب للمندوب صاحب الاقتراح لا للمراجع؛ السعر يطابق سعر الجمهور الحالي؛ عند الانقطاع يُحفظ المقترح في sessionStorage مفصولًا حسب المستخدم ويُعاد بنفس المفتاح.,BR-CRM-31,"CreateProposalDto(id, visitId, accountId المشتري, lines[productId, quantity, discountPct, proposedPrice])",FieldProposal → SalesOrder (idempotencyKey = proposal id),زيارة جارية/مكتملة ← مقترح PENDING_REVIEW ← مراجع ≠ المنشئ يعتمد مع تأكيد الصيدلية ← نفس المراجع يحوّل ← Sales ينشئ الأمر,CHANGES_REQUESTED ⇒ تعديل بإصدار؛ فشل التحويل ⇒ UNKNOWN وإعادة بنفس المفتاح؛ سعر تغيّر ⇒ 409,المنشئ ≠ المراجع؛ التحويل من نفس المراجع ويحتاج sales.orders.create(.any),AC-CRM-032-1: بفرض مقترح أنشأه المندوب A، عندما يحاول A اعتماده، فإن الاستجابة 403. | AC-CRM-032-2: بفرض مقترح معتمد من زيارة طبيب لصيدلية B، عندما يُحوّل، فإن أمرًا واحدًا يُنشأ لـB بـrep_id=A وvisit_id=NULL. | AC-CRM-032-3: بفرض مهلة أثناء التحويل، عندما يُعاد التحويل بنفس المقترح، فإن عدد الأوامر يبقى واحدًا. | AC-CRM-032-4: بفرض FIELD_PROPOSAL_CONVERSION_ENABLED=false، عندما يُطلب التحويل، فإن الاستجابة 503 ولا يُنشأ أمر.,IMPLEMENTED,IMPLEMENTED,Unknown,"[B+C] apps/web/app/dashboard/field-sales/proposals؛ apps/web/components/field-sales/proposal-workspace.tsx:39,87,179 (sessionStorage لكل مستخدم)",POST/PUT /field-operations/proposals، /:id/review، /:id/convert؛ Sales POST /orders/from-field-proposal ([C] orders.controller.ts:114 / [B]:98),[B+C] apps/crm/src/modules/field-operations/operations.service.ts:443-518 (submit)، 580-618 (review)، 519-579 (convert)؛ [C] apps/sales/src/modules/orders/orders.service.ts:515-533 / [B]:500-518,[B+C] apps/crm/prisma/schema.prisma FieldProposal ([C]:663-683),—,"operations.spec.ts (spec exists, not run)",التحويل معطل افتراضيًا في compose الإنتاج (FIELD_PROPOSAL_CONVERSION_ENABLED=false، [C] docker-compose.production.yml:62 / [B]:59) — قيمة الإنتاج Unknown؛ status وkind في field_proposals نص حر بلا CHECK.,بدون التحويل يبقى الاعتماد سجلًا لا يصل للمبيعات.,P2,رقابة مالية مصممة جيدًا لكنها غير مفعلة افتراضيًا.,REQ-CRM-030,,هل يُفعّل تحويل المقترحات في الإنتاج؟,DB-06,"field_proposals(id = مفتاح idempotency, visit_id FK, account_id FK (المشتري), kind CHECK IN (ORDER,COLLECTION), status CHECK, version, created_by, reviewed_by, buyer_confirmation, converted_id)؛ sales_orders.idempotency_key = proposal id.",DAR-05 | DAR-06 | DAR-07,REQ-CRM-030 | REQ-O2C-050 | REQ-SEC-038,,docs/roadmap/2026-09-19-customer-field-execution-ar.md:11 (2026-09-19; B1-0232) | docs/roadmap/2026-09-19-customer-field-execution-ar.md:8 (2026-09-19; B1-0229) | docs/roadmap/2026-09-19-customer-field-execution-ar.md:52 (2026-09-19; B1-0252) | docs/roadmap/2026-09-19-customer-field-execution-ar.md:74-75 (2026-09-19; B1-0265) | docs/roadmap/2026-09-19-customer-field-execution-ar.md:56 (2026-09-19; B1-0256)
REQ-CRM-033,C2,تأجيل الزيارة بطلب منفصل يقبله المندوب صراحة,OWNER_DECISION,owner,Field Sales — execution,المندوب أو المشرف (يطلب)؛ المندوب (يقرر),منع إدراج مواعيد في يوم المندوب دون موافقته مع حفظ التاريخ.,التأجيل يحفظ الأصل والسبب وطلبًا منفصلًا؛ الاقتراح المؤجل لا يدخل جدول اليوم تلقائيًا؛ القبول/التجاهل من المندوب نفسه؛ الزيارة البديلة تُنشأ عند القبول فقط ولا تنسخ ارتباط الخطة القديمة؛ تعديل المقترح غير المقبول مع تدقيق قبل/بعد.,BR-CRM-32,"proposedAt, reason",VisitRescheduleRequest + (عند القبول) Visit بديلة,طلب تأجيل (الأصل RESCHEDULED) ← المندوب يقبل/يتجاهل,موعد منتهٍ عند القبول ⇒ 400؛ تعارض ⇒ 409,القرار للمندوب صاحب الزيارة فقط,AC-CRM-033-1: بفرض طلب تأجيل من المشرف، عندما يفتح المندوب يومه، فإن الزيارة البديلة غير موجودة حتى يقبل. | AC-CRM-033-2: بفرض قبول التأجيل، عندما تُنشأ البديلة، فإن plan_id=NULL وrescheduled_from_id=الأصل. | AC-CRM-033-3: بفرض مشرف، عندما يحاول قبول الطلب، فإن الاستجابة 403.,IMPLEMENTED,IMPLEMENTED,Unknown,[B+C] apps/web/app/dashboard/field-sales/reschedules، visits/reschedule-modal.tsx,POST /field-operations/visits/:id/reschedule، /reschedules/:id/decision,[B+C] apps/crm/src/modules/field-operations/operations.service.ts:200-254، 266-332؛ apps/crm/src/modules/field-sales/field-sales.service.ts:815 (missed يرفض rescheduledAt),[B+C] apps/crm/prisma/schema.prisma VisitRescheduleRequest ([C]:649-662) visit_id/replacement_id UNIQUE,,"operations.spec.ts (spec exists, not run)",status في visit_reschedule_requests نص حر بلا CHECK.,منخفض.,P4,منفذ.,,,,,"visit_reschedule_requests(visit_id UNIQUE, proposed_at, reason, status CHECK (PENDING,ACCEPTED,DISMISSED) مقترح, decided_by, replacement_id UNIQUE).",DAR-05 | DAR-06 | DAR-12 | DAR-15,REQ-CRM-028,,docs/roadmap/2026-09-19-customer-field-execution-ar.md:12 (2026-09-19; B1-0233) | docs/roadmap/2026-09-19-customer-field-execution-ar.md:57 (2026-09-19; B1-0257)
REQ-CRM-034,C2,مسودات الزيارة دون اتصال: حفظ عند انقطاع الشبكة فقط ومزامنة صريحة,DOCUMENTED_REQ,QA,Field Sales — execution,المندوب,تمكين المندوب في منطقة بلا تغطية دون تزوير توقيت/موقع الحضور.,تُحفظ مسودة بدء/إتمام الزيارة محليًا فقط عند فشل الشبكة (رفض الخادم 4xx/5xx لا يصبح مسودة)؛ الإعادة ترسل الجسم المحفوظ كما هو (إثبات GPS والوقت الأصليين)؛ لا مزامنة تلقائية عند عودة الاتصال (تذكير فقط)؛ لا تخزين مؤقت لقراءات API (بيانات دوائية قديمة خطر)؛ النطاق my-day فقط؛ إتمام الزيارة والخروج عملية واحدة تتطلب تأكيد الخادم.,BR-CRM-33,جسم الطلب,مسودة localStorage,فشل شبكة ← مسودة ← زر مزامنة ← نفس الجسم,capturedAt المحفوظ أقدم من 5 دقائق ⇒ الخادم يرفض (تعارض مع BR-CRM-26),—,AC-CRM-034-1: بفرض استجابة 400 من الخادم، عندما يُحفظ الإتمام، فإن لا مسودة تُنشأ. | AC-CRM-034-2: بفرض عودة الاتصال، عندما يحدث حدث online، فإن لا طلب يُرسل تلقائيًا ويظهر تذكير فقط. | AC-CRM-034-3: بفرض service worker، عندما يُطلب /api/*، فإن الاستجابة لا تأتي من الكاش.,IMPLEMENTED,IMPLEMENTED,Unknown,[B+C] apps/web/lib/visit-drafts.ts:1-40؛ apps/web/public/offline.html؛ apps/web/public/sw.js:18 (تجاوز /api/)؛ my-day/page.tsx:283,,,,,"apps/web/lib/visit-drafts.spec.ts، offline-page.spec.ts (spec exists, not run)","تعارض جوهري: الإعادة ""كما هي"" تحمل capturedAt قديمًا فيرفضها الخادم إن تجاوزت 5 دقائق (BR-CRM-26) — أي أن المسودة غير قابلة للمزامنة عمليًا بعد أكثر من 5 دقائق؛ لا طلبيات دون اتصال.",المندوب الريفي لا يستطيع تسجيل زياراته/طلباته فعليًا عند الانقطاع الطويل.,P2,يعطل تشغيلًا ميدانيًا في المناطق الضعيفة مع بديل ورقي.,REQ-CRM-029,DEC-CRM-10,"هل تُقبل مسودات بتوقيت التقاط أقدم من 5 دقائق مع وسم ""متأخر"" للمراجعة؟",,visits: client_captured_at مقابل server_received_at، علم synced_late؛ لا تخزين على الخادم للمسودات.,DAR-03,REQ-CRM-035 | REQ-NFR-035 | REQ-SEC-064,,QA-REPORTS/23-offline-mode-testing.md:22-25 (2026-09-21; B6c-0322) | docs/roadmap/2026-09-19-customer-field-execution-ar.md:90-91 (2026-09-19; B1-0272)
REQ-CRM-035,C2,المراحل 3-4 للعمل دون اتصال (كاش قراءة محدود وصندوق أوامر موقّع),OPTIONAL_IMPROVEMENT,QA,Field Sales — execution,المندوب,تحسين العمل الريفي.,المرحلة 3: stale-while-revalidate بـTTL 15 دقيقة لقراءات ثابتة (مخازن، مناطق، قوائم أسعار، العميل المزار) مع شارة تاريخ الكاش، وليس للمخزون الحي أو الاستدعاءات أو الأرصدة. المرحلة 4: صندوق أوامر محلي موقّع بمفتاح idempotency وحل تعارض في الخادم.,,,,,,,AC-CRM-035-1: بفرض قائمة أسعار مخزنة منذ 10 دقائق ولا اتصال، عندما تُفتح، فإن تظهر مع شارة تاريخ الكاش. | AC-CRM-035-2: بفرض رصيد مخزون، عندما لا يوجد اتصال، فإن لا قيمة مخزنة تُعرض.,NOT_IMPLEMENTED,NOT_IMPLEMENTED,Unknown,sw.js يستبعد /api/ ([B+C] apps/web/public/sw.js:18),,,,,,غير منفذ (اختياري).,—,P4,تحسين اختياري.,,DEC-CRM-10,,,لا يوجد على الخادم سوى مفتاح idempotency لكل أمر.,DAR-07 | DAR-11,REQ-CRM-034 | REQ-NFR-035,,QA-REPORTS/23-offline-mode-testing.md:29-37 (2026-09-21; B6c-0323)
REQ-CRM-036,C2,التحقق عند إتمام الزيارة: نتيجة + خطوة تالية أو سبب إغلاق، وترتيب التحقق,DOCUMENTED_REQ,QA,Field Sales — execution,المندوب,كل زيارة مكتملة تترك تسليمًا تشغيليًا.,الإتمام يتطلب نتيجة الزيارة، وخطوة تالية أو ملاحظة إغلاق؛ موعد متابعة إلزامي لنتيجة FOLLOW_UP_REQUIRED؛ مناقشة منتج بلا هوية Products صالحة تفشل مغلقة (503/400)؛ ترتيب التحقق: النتيجة ← الأمر ← المتابعة ← التعارض ← الخطة قابلة للتنفيذ ← بدأت ← GPS ← المنتجات ← claim ذري بـupdateMany شرطي.,BR-CRM-30 | BR-CRM-28,CompleteVisitDto,Visit COMPLETED + FollowUp?,انظر BR-CRM-30,إعادة الإرسال بعد النجاح تعيد السجل؛ نتيجة مختلفة ⇒ 409,—,"AC-CRM-036-1: بفرض إتمام بلا nextAction ولا notes، عندما يُرسل، فإن الاستجابة 400 ""يجب تحديد الخطوة التالية أو سبب إغلاق الزيارة"". | AC-CRM-036-2: بفرض نتيجة FOLLOW_UP_REQUIRED بلا موعد، عندما تُرسل، فإن الاستجابة 400. | AC-CRM-036-3: بفرض خدمة Products غير متاحة ومناقشة منتج، عندما تُرسل، فإن الاستجابة 502/503 وتبقى الزيارة IN_PROGRESS. | AC-CRM-036-4: بفرض طلبي إتمام متزامنين، عندما ينتهيان، فإن متابعة واحدة فقط تُنشأ.",IMPLEMENTED,IMPLEMENTED,Unknown,[B+C] apps/web/app/dashboard/field-sales/my-day/page.tsx:145-171 (النتيجة + الخطوة/السبب معًا),POST /field-sales/visits/:id/complete,[B+C] apps/crm/src/modules/field-sales/field-sales.service.ts:608-643 (نتيجة/أمر/متابعة/خطوة)، 645-767 (claim :689-705)، 176-213 (منتجات),,,"field-sales.service.spec.ts، QA-REPORTS/01 (spec exists, not run)",القرار بين متغيري الدمج (النتيجة إلزامية مقابل الخطوة التالية إلزامية؛ CUSTOMER_INTERESTED يتطلب متابعة أم لا) غير موثق من المالك؛ الكود الحالي يطبق اتحادًا: النتيجة + (خطوة أو سبب)، والمتابعة لـFOLLOW_UP_REQUIRED فقط.,ما يُطلب من الميدان عند الإغلاق.,P3,جودة بيانات ميدانية.,,DEC-CRM-11 | DEC-CRM-12,,,visits.result enum، next_action، notes، follow_up_date؛ CHECK مقترح: status=COMPLETED ⇒ result NOT NULL.,DAR-05 | DAR-06,REQ-CRM-028 | REQ-CRM-030 | REQ-CRM-031,,QA-REPORTS/01-functional-testing.md:38-44 (2026-09-21; B6c-0251) | QA-REPORTS/01-functional-testing.md:66-73 (2026-09-21; B6c-0253)
REQ-CRM-037,C2,تحرير وأرشفة جميع عناوين العميل مع الحفاظ على اللقطات السابقة,OPTIONAL_IMPROVEMENT,AI agent,Customer master & Field Sales,المندوب/المدير,إدارة فروع/عناوين زيارة متعددة.,واجهة كاملة لتحرير/أرشفة كل العناوين مع الإبقاء على snapshots الزيارات السابقة.,,,,,,,AC-CRM-037-1: بفرض عنوان زيارة مستخدم في زيارات سابقة، عندما يُؤرشف، فإن الزيارات السابقة تحتفظ بلقطتها ولا يظهر العنوان في اختيار زيارة جديدة.,PARTIAL,PARTIAL,Unknown,[B+C] apps/web/components/customers/add-visit-address.tsx,POST /accounts/:id/addresses فقط,[B+C] apps/crm/src/modules/accounts/customer-onboarding.service.ts:160-169 (إضافة فقط),[B+C] apps/crm/prisma/schema.prisma CustomerAddress بلا is_active,,,إضافة فقط؛ لا تحرير ولا أرشفة؛ العنوان الرئيسي يُحدّث مكانه من الملف.,منخفض.,P4,تحسين.,,,,,customer_addresses.is_active/archived_at؛ FK من visits RESTRICT يمنع الحذف.,DAR-15,REQ-CRM-006,,docs/roadmap/2026-09-19-customer-field-execution-ar.md:86 (2026-09-19; B1-0268)
REQ-CRM-038,C2,تعميم الملاحظات المؤرخة على الخطة والزيارة والأمر والدفعة,OPTIONAL_IMPROVEMENT,AI agent,Customer master & Field Sales,كل المستخدمين,سجل ملاحظات موحد بالكاتب والوقت.,تعميم محرر الملاحظات المؤرخة (كاتب، وقت، إصدار) على الخطة والزيارة والأمر والدفعة بدل حقل notes الحر.,,,,,,,AC-CRM-038-1: بفرض ملاحظة ثانية على زيارة، عندما تُضاف، فإن الأولى تبقى مع كاتبها ووقتها ولا يُستبدل النص.,NOT_IMPLEMENTED,NOT_IMPLEMENTED,Unknown,,,visits.notes/visit_plans.notes نص حر يُلحق به ([B+C] apps/crm/src/modules/field-sales/field-sales.service.ts:781-783، 1027-1029),,,,غير منفذ.,فقد تاريخ الملاحظات.,P4,تحسين.,,,,,"جدول ملاحظات عام (entity_type, entity_id, content, created_by, version).",DAR-05,REQ-CRM-010,,docs/roadmap/2026-09-19-customer-field-execution-ar.md:85 (2026-09-19; B1-0267)
REQ-P2P-001,C3,طلب الشراء الداخلي واعتماده وتحويله إلى أمر شراء,INFERRED_NEEDS_APPROVAL,AI agent,Procure-to-Pay,طالب الشراء (مخازن/تشغيل)؛ معتمد الطلب (يُحدد بقرار)؛ المشتريات للتحويل,توثيق الحاجة الداخلية للشراء واعتمادها قبل الالتزام مع المورد.,يجب أن يدعم النظام طلب شراء داخليًا مرقمًا (DocumentSequence) ببنود (منتج، كمية مطلوبة/معتمدة، سعر تقديري) وحالات DRAFT/SUBMITTED/APPROVED/REJECTED/CONVERTED/CANCELLED، ثم تحويل المعتمد إلى أمر شراء مع الاحتفاظ بالربط.,,منتج، كمية، تاريخ مطلوب، سبب/مركز تكلفة,طلب شراء معتمد، أمر شراء مرتبط,إنشاء ← إرسال ← اعتماد ← تحويل لأمر شراء (CONVERTED),رفض بسبب إلزامي؛ إلغاء قبل التحويل فقط؛ التحويل idempotent (طلب واحد ← أمر واحد أو تحويل جزئي حسب القرار),المعتمد ≠ طالب الشراء,بافتراض طلب شراء بحالة SUBMITTED أنشأه المستخدم (أ)، عندما يحاول (أ) اعتماده، فإن النظام يرفض العملية بخطأ فصل مهام ولا تتغير الحالة. | بافتراض طلب معتمد بكمية 100، عندما يُحوَّل إلى أمر شراء، فإن أمر الشراء يحمل مرجع الطلب ويصبح الطلب CONVERTED ولا يمكن تحويله مرة ثانية. | بافتراض طلب مرفوض، عندما يُعرض، فإن سبب الرفض واسم الرافض وتاريخه يظهران في سجل التدقيق.,NOT_IMPLEMENTED,NOT_IMPLEMENTED,Unknown,[B][C] apps/web/app/dashboard/purchase-requests/page.tsx (6 أسطر، PlaceholderPage),لا يوجد route (pkg/api-inventory.csv),لا يوجد,لا موديل PurchaseRequest في schema_base/schema_cur,لا يوجد,لا يوجد,لا كيان ولا API ولا صلاحية؛ الصفحة Placeholder في النسختين. الممارسة الحالية خارج النظام غير معروفة (سؤال).,لا أثر تدقيقي لمن طلب الشراء ولماذا؛ لا يمنع العمل اليومي لأن أمر الشراء يُنشأ مباشرة.,P3,تحسين رقابي/كفاءة؛ أمر الشراء يعمل بدونه.,DEC-P2P-11,DEC-P2P-11,هل تحتاج الشركة طلب شراء داخليًا قبل أمر الشراء، ومن يعتمده، أم تُلغى الصفحة؟,,PurchaseRequest(id، number فريد سنوي، requesterId، status enum، reason) وPurchaseRequestLine(productId، requestedQty، approvedQty، estUnitPrice)؛ FK اختياري من PurchaseOrder إلى PurchaseRequest؛ سجل تدقيق لكل انتقال.,DAR-03 | DAR-06 | DAR-09 | DAR-10 | DAR-12 | DAR-15 | DAR-18,REQ-P2P-002 | REQ-P2P-031,,"docs/EMPTY-PAGES-DB-IMPACT-AR.md:52,58-117 (2026-09-15; B4b-0333) | docs/FRONTEND-COVERAGE-AUDIT-AR.md:241-252 (2026-09-15; B5b-0108)"
REQ-P2P-002,C3,إنشاء أمر الشراء مقصور على SUPER_ADMIN وترقيمه من الخادم PO-YYYY-NNNN,OWNER_DECISION,unnamed owner (2026-09-28),Procure-to-Pay,SUPER_ADMIN,حصر الالتزام مع الموردين في جهة واحدة وضمان ترقيم مستندي متسلسل غير قابل للتلاعب.,لا يُنشئ أمر شراء المورد إلا مستخدم بدور SUPER_ADMIN، ويولّد الخادم رقمًا بالصيغة PO-YYYY-NNNN من تسلسل ذري يبدأ فوق أعلى رقم قديم بنفس الصيغة.,BR-P2P-01 | BR-P2P-02,مورد، بنود (منتج، كمية، سعر)، تاريخ متوقع، ملاحظات,أمر شراء برقم خادمي,SUPER_ADMIN يُدخل الأمر ← الخادم يحجز الرقم ويحفظ الأمر في معاملة واحدة,تعارض تزامن ← إعادة محاولة SERIALIZABLE؛ رقم مكرر ← 409,مرتبط بتعارض الاعتماد DEC-P2P-02,بافتراض مستخدم يملك accounting.matching.manage وليس SUPER_ADMIN، عندما يرسل POST /api/accounting/matching/purchase-orders، فإن الاستجابة 403 ولا يُنشأ أمر. | بافتراض وجود أمر قديم برقم PO-2026-0007 وعدم وجود تسلسل، عندما ينشئ SUPER_ADMIN أمرًا جديدًا، فإن رقمه PO-2026-0008. | بافتراض طلبين متزامنين لإنشاء أمرين، عندما يكتملان، فإن الرقمين مختلفان ومتتاليان دون فجوة تكرار.,NOT_IMPLEMENTED,IMPLEMENTED,Unknown,"[C] apps/web/app/dashboard/purchase-orders/page.tsx:59,198 (زر الإنشاء لـSUPER_ADMIN فقط)",POST /api/accounting/matching/purchase-orders [B][C] matching.controller.ts:34 (accounting.matching.manage),[B] apps/accounting/src/modules/matching/matching.service.ts:91-127 (poNumber من العميل + فحص تكرار)؛ [C] apps/accounting/src/modules/matching/matching.service.ts:100-126 (فحص SUPER_ADMIN :101-103، document_sequences مع GREATEST فوق الأرقام القديمة :109-126),"DocumentSequence(name,year,lastValue)؛ PurchaseOrder.poNumber unique [B][C]",لا حدث PurchaseOrderCreated [B][C],"spec exists, not run: apps/accounting/src/modules/matching/matching.service.spec.ts",BASELINE: الرقم من العميل وأي حامل accounting.matching.manage ينشئ. CURRENT: منفذ، لكن قيد الدور مكتوب كاسم دور ثابت لا كصلاحية IAM، ويتعارض مع قرار اعتماد مدير المالية (DEC-P2P-02).,ترقيم غير مضمون في BASELINE يضعف الأثر التدقيقي؛ حصر الإنشاء في SUPER_ADMIN يخلق اختناقًا تشغيليًا.,P2,ضبط رقابي؛ يوجد بديل يدوي (ترقيم خارجي).,DEC-P2P-02,DEC-P2P-02 | DEC-P2P-03,هل يبقى الإنشاء لـSUPER_ADMIN وحده، أم تُعرَّف صلاحية procurement.po.create لدور مشتريات؟,ACC-12 | GOV-03,"DocumentSequence فريد (name, year) مع تحديث ذري؛ PurchaseOrder.poNumber UNIQUE NOT NULL؛ createdById NOT NULL؛ سجل تدقيق PO_CREATED.",DAR-06 | DAR-10 | DAR-12,REQ-P2P-003 | REQ-P2P-032,,docs/P1-BUSINESS-DECISION-PACK.md:426 (2026-09-28; B2-0087) | docs/P1-BUSINESS-DECISION-PACK.md:380 (2026-09-24; B2-0076)
REQ-P2P-003,C3,دورة اعتماد أمر الشراء بفصل المهام (المعتمد ≠ المنشئ) وحد قيمة,OWNER_DECISION,"owner (2026-09-25, via C8 B1-0063) — contradicted by 2026-09-28 (B2-0087)",Procure-to-Pay,منشئ الأمر؛ مدير الحسابات/المالية كمعتمد (accounting.matching.approve),منع التزام مالي مع مورد دون موافقة مستقلة.,يمر أمر الشراء بحالات DRAFT ← PENDING_APPROVAL ← APPROVED (رفض ← DRAFT بسبب، إلغاء ← CANCELLED بسبب)، ولا يعتمده منشئه، ويُرفض الاعتماد إن كان المنشئ مجهولًا؛ ويُشترط اعتماد خاص فوق حد قيمة قابل للتهيئة إن قرره المالك.,BR-P2P-03 | BR-P2P-04,أمر بحالة DRAFT؛ قرار الاعتماد/الرفض وسببه,أمر APPROVED مع approvedBy/approvedAt وسجل تدقيق,submit ← approve من مستخدم آخر ← APPROVED؛ لا تُسجل فاتورة مورد إلا على أمر معتمد,reject ← DRAFT بسبب إلزامي؛ cancel قبل أي استلام فقط؛ الانتقالات شرطية (updateMany بالحالة المتوقعة) وidempotent,SOD: approver ≠ createdById؛ null createdById ← 403,بافتراض أمر PENDING_APPROVAL أنشأه (أ)، عندما يعتمده (أ)، فإن الاستجابة 403 ويبقى الأمر PENDING_APPROVAL. | بافتراض أمر جديد، عندما يُحفظ، فإن حالته DRAFT ولا يمكن تسجيل فاتورة مورد عليه (409) حتى يُعتمد. | بافتراض حد اعتماد مهيأ بقيمة X، عندما يُعتمد أمر قيمته > X بمستخدم لا يملك صلاحية الحد الأعلى، فإن الاعتماد يُرفض. | بافتراض أمر مرفوض، عندما يُعرض سجل التدقيق، فإن PO_REJECTED يظهر مع السبب والفاعل.,PARTIAL,CONTRADICTED,Unknown,[B][C] apps/web/app/dashboard/purchase-orders/page.tsx (أزرار submit/approve/reject/cancel),[B][C] matching.controller.ts:89 submit، :95 approve، :101 reject (accounting.matching.approve)، :111 cancel,[B] apps/accounting/src/modules/matching/matching.service.ts:117 (DRAFT)، :186-229 (SoD :200-210)، :231-263 reject؛ [C] apps/accounting/src/modules/matching/matching.service.ts:148 (status:'APPROVED' عند الإنشاء)، :218-261 كود الاعتماد باقٍ لكن لا يصل إليه أمر جديد,PurchaseOrder.status/createdById/approvedBy/approvedAt [B][C]؛ لا حقل حد اعتماد ولا totalEgp,لا أحداث PurchaseOrderApproved/Cancelled [B][C],"spec exists, not run: matching.service.spec.ts",BASELINE: الدورة وفصل المهام منفذان لكن بلا حد قيمة، وصلاحية الاعتماد غير ممنوحة لأي دور. CURRENT: الأمر يولد APPROVED فورًا فيُلغى فصل المهام المقرر في 2026-09-25.,مستخدم واحد (SUPER_ADMIN) يُلزم الشركة ماليًا تجاه المورد دون مراجعة مستقلة.,P1,ضبط مالي على التزامات الموردين (مال)؛ تعارض قرارين للمالك.,DEC-P2P-02 | DEC-P2P-13 | REQ-P2P-002,DEC-P2P-02 | DEC-P2P-13,بعد قرار 2026-09-28 (SUPER_ADMIN ينشئ)، هل يظل اعتماد مدير المالية مطلوبًا (قرار 2026-09-25)؟ وما حد القيمة إن وُجد؟,ACC-12 | GOV-03 | GOV-04,PurchaseOrder: status enum بانتقالات مقيدة، createdById NOT NULL، approvedBy/approvedAt، rejectReason، cancelReason؛ قيد CHECK approvedBy <> createdById؛ إعداد PO_APPROVAL_THRESHOLD بعملة الأساس؛ AuditLog لكل انتقال.,DAR-04 | DAR-05 | DAR-06 | DAR-09 | DAR-10 | DAR-12 | DAR-15,REQ-P2P-002 | REQ-P2P-005 | REQ-P2P-009 | REQ-SEC-030,,docs/P1-BUSINESS-DECISION-PACK.md:397 (2026-09-24; B2-0082) | docs/DECISIONS-2026-09-25-ar.md:see C8 bucket (2026-09-25; B1-0063)
REQ-P2P-004,C3,بيانات أمر الشراء الدولي: العملة وسعر الصرف وشروط التسليم والدفع وعنوان التسليم وبيانات السطر,DOCUMENTED_REQ,design doc (P1-AUDIT/PROMPT design) + company PO template,Procure-to-Pay,منشئ أمر الشراء,الاستيراد هو النشاط الأساسي؛ أمر الشراء يجب أن يعكس الفاتورة التجارية للمورد الأجنبي بعملتها.,يحمل أمر الشراء العملة (EUR وغيرها)، وسعر صرف إرشاديًا مؤرخًا وقت الإنشاء، وIncoterm (مثل CIP)، وشروط الدفع (مثل SIGHT)، وتاريخ المستند، وتاريخ التسليم المطلوب وطريقة الشحن، وعنوان التسليم (لا المقر القانوني)؛ وكل سطر يحمل المنتج ووحدة الشراء والكمية والسعر بالعملة والتشغيلة المتوقعة إن وُجدت.,BR-P2P-37,حقول قالب أمر الشراء للمورد الأجنبي (B3-0310),أمر شراء بالعملة وإجمالي بالعملة وبالجنيه,إنشاء الأمر بالعملة ← حساب المعادل بالجنيه بسعر الإنشاء للعرض والحدود,سعر صرف ≤ 0 مرفوض؛ عملة غير مدعومة مرفوضة,حد الاعتماد يُقارن بالمعادل بالجنيه (DEC-P2P-13),"بافتراض أمر شراء باليورو بسطر 100 وحدة × 2.50 EUR وسعر صرف 52.10، عندما يُحفظ، فإن currency=EUR وtotal=250.00 EUR ويُحفظ المعادل 13,025.00 EGP. | بافتراض أمر بعملة EUR، عندما تُسجل عليه فاتورة بعملة USD، فإن المطابقة تُنتج استثناء عملة ولا تُعتمد للدفع. | بافتراض أمر شراء، عندما يُعرض أو يُطبع، فإن Incoterm وشروط الدفع وعنوان التسليم تظهر كما أُدخلت.",PARTIAL,PARTIAL,Unknown,[B][C] purchase-orders/page.tsx نموذج بلا عملة/Incoterm,[B][C] apps/accounting/src/modules/matching/dto/create-po.dto.ts (لا currency/incoterm/fxRate/paymentTerms),[C] apps/accounting/src/modules/matching/matching.service.ts:128-150 لا يقرأ عملة,[B][C] PurchaseOrder.currency موجود (افتراضي EGP) بلا incoterm/paymentTerms/fxRateAtCreation/deliveryAddress؛ PurchaseOrderLine بلا uom/expectedBatch,,,العمود currency موجود لكنه لا يُدخل أبدًا (دائمًا EGP)؛ لا Incoterm ولا شروط دفع ولا سعر صرف ولا عنوان تسليم ولا وحدة شراء. ادعاء B5a-0148 «لا مفهوم عملة في أي schema» قديم.,أوامر الاستيراد باليورو تُسجل بالجنيه أو خارج النظام؛ تضيع قيمة الالتزام الأجنبي وفروق العملة.,P1,قيمة مالية بعملة أجنبية للنشاط الأساسي (مال/سلامة بيانات).,REQ-P2P-003 | DEC-P2P-04,DEC-P2P-04,ما قائمة العملات وIncoterms وشروط الدفع المستخدمة فعلًا؟ ومن أين يُؤخذ سعر الصرف الإرشادي؟,GOV-04,"PurchaseOrder: currency FK→Currency NOT NULL، fxRateAtCreation DECIMAL(18,6) >0، incoterm enum، paymentTermCode، documentDate، requestedDeliveryDate، shippingMethod، deliveryAddress؛ PurchaseOrderLine: uomId، unitPrice DECIMAL(18,4) بالعملة، expectedBatchNo nullable؛ المبالغ Decimal لا float.",DAR-05 | DAR-10 | DAR-15,REQ-P2P-005 | REQ-P2P-010 | REQ-P2P-032 | REQ-R2R-046,,docs/P1-AUDIT.md:131 (2026-09-24; B2-0116) | docs/audit/2026-09-18-company-workflows-vs-erp-ar.md:166 (2026-09-18; B3-0037) | docs/BUSINESS-FLOWS-COVERAGE-P0A-ASSESSMENT.md:59-78 (2026-09-07; B4a-0003) | docs/roadmap/2026-09-19-operations-expansion-ar.md:46-47 (2026-09-19; B1-0291) | Data/INV/purchase_order_template.html:whole file (unknown; B3-0310) | docs/audit/2026-09-18-master-data-enrichment-ar.md:36 (2026-09-18; B3-0074) | Data/AB DATA/Nile ERP Gap Analysis.pdf:p.3 (2026-09-13; B3-0345)
REQ-P2P-005,C3,دورة حياة أمر الشراء بعد الاعتماد: الإرسال للمورد، الإغلاق، قواعد الإلغاء، والأحداث,INFERRED_NEEDS_APPROVAL,AI agent,Procure-to-Pay,المشتريات/المالية,تتبع أين وصل كل أمر شراء وضمان إغلاقه أو إلغائه بشكل مضبوط.,حالات DRAFT→PENDING_APPROVAL→APPROVED→SENT_TO_SUPPLIER→PARTIALLY_RECEIVED/FULLY_RECEIVED→CLOSED، أو CANCELLED قبل أول استلام فقط؛ تعديل الأمر في DRAFT فقط؛ نشر أحداث PurchaseOrderCreated/Approved/Cancelled/Closed.,BR-P2P-05,أمر معتمد؛ قرار إرسال/إغلاق/إلغاء وسببه,حالة الأمر وأحداث للمخزون والتقارير,اعتماد ← إرسال (تسجيل تاريخ الإرسال) ← استلامات ← إغلاق عند الاكتمال أو إغلاق قسري بسبب,الإلغاء بعد الاستلام مرفوض حاليًا (DEC-P2P-07)؛ الإغلاق القسري بسبب ويُظهر الكمية غير المستلمة,الإلغاء/الإغلاق القسري بسبب إلزامي وسجل تدقيق,بافتراض أمر PARTIALLY_RECEIVED، عندما يُطلب إلغاؤه، فإن الاستجابة 409 ويبقى الأمر كما هو. | بافتراض أمر APPROVED، عندما يُعلَّم مرسلًا للمورد، فإن الحالة SENT_TO_SUPPLIER ويُسجل تاريخ الإرسال والفاعل. | بافتراض أمر FULLY_RECEIVED وفواتيره معتمدة، عندما يُغلق، فإن الحالة CLOSED ولا تُقبل عليه فواتير جديدة. | بافتراض اعتماد أمر، عندما تكتمل المعاملة، فإن حدث PurchaseOrderApproved يُكتب في outbox مرة واحدة.,PARTIAL,PARTIAL,Unknown,[B][C] purchase-orders/page.tsx (إلغاء؛ لا إرسال/إغلاق),[B][C] matching.controller.ts:111 cancel؛ لا PATCH/send/close,[B] apps/accounting/src/modules/matching/matching.service.ts:265-290 (إلغاء من DRAFT/PENDING/APPROVED فقط)؛ [C] apps/accounting/src/modules/matching/matching.service.ts:297-325 (+ SUPER_ADMIN فقط :298-300),POStatus بلا SENT_TO_SUPPLIER/CLOSED [B][C],لا outbox لأوامر الشراء [B][C],"spec exists, not run: matching.service.spec.ts",قاعدة الإلغاء قبل الاستلام منفذة؛ لا إرسال ولا إغلاق ولا تعديل مسودة ولا أحداث.,لا يُعرف رسميًا ما أُرسل للمورد؛ أوامر قديمة تبقى مفتوحة وتشوه تقارير المتبقي.,P3,تتبع وتقارير؛ لا يمس القيم المالية مباشرة.,REQ-P2P-003 | DEC-P2P-07,DEC-P2P-07,هل تحتاجون حالة «مرسل للمورد» وإغلاقًا قسريًا للأوامر الناقصة؟,,"POStatus يضم SENT_TO_SUPPLIER وCLOSED؛ sentAt/sentBy، closedAt/closedBy/closeReason؛ جدول انتقالات مسموحة؛ outbox event لكل انتقال بمفتاح (poId, transition).",DAR-07 | DAR-09 | DAR-14 | DAR-15,REQ-P2P-003 | REQ-P2P-007,,docs/BUSINESS-FLOWS-COVERAGE-P0A-ASSESSMENT.md:450-515 (2026-09-07; B4a-0036) | docs/PROMPT-P1-P3-IMPLEMENTATION.md:141-145 (unknown; B5a-0184) | docs/P1-AUDIT.md:131 (2026-09-24; B2-0116)
REQ-P2P-006,C3,أمر الشراء سجل فقط: الاستلام الفعلي هو المرجع، وربطه بأمر الشراء اختياري ولا يمنع الاستلام,OWNER_DECISION,unnamed owner (2026-09-28),Procure-to-Pay,أمين المخزن (الاستلام)؛ المشتريات (الربط),ألا يتوقف المخزن عن الاستلام بسبب نقص بيانات أمر الشراء.,يُنفَّذ الاستلام الفعلي في المخزون دائمًا، ويمكن إرفاق مرجع أمر الشراء وسطره اختياريًا؛ أي مرجع خاطئ أو مفقود لا يمنع الاستلام ولا قيد المستحق.,BR-P2P-06 | BR-P2P-10,استلام (منتج، تشغيلة، كمية، مورد، تكلفة) + purchaseOrderId/purchaseOrderLineId اختياريان معًا,حركة مخزون + حدث GoodsReceived يحمل المراجع,استلام ← حدث ← قيد المستحق ← (إن وُجد مرجع) إسقاط على أمر الشراء,مرجع غير صالح ← لا يُطبق على الأمر ويُسجل تحذير (يجب أن يظهر في تقرير استثناءات),—,بافتراض استلام بلا مرجع أمر شراء، عندما يُرسل، فإن الاستلام والمستحق يُسجلان والأمر لا يتغير. | بافتراض استلام بمرجع أمر دون مرجع السطر، عندما يُرسل من الواجهة، فإن الواجهة تطلب السطر أو إفراغ المرجع. | بافتراض مرجع سطر لمنتج مختلف، عندما يُعالج الحدث، فإن الاستلام يبقى مسجلًا ولا يزيد receivedQty ويظهر الاستثناء PRODUCT_MISMATCH في تقرير.,PARTIAL,IMPLEMENTED,Unknown,[C] apps/web/components/receive-stock-modal.tsx:71-75 (جلب الأوامر لا يعطل الاستلام)، :165، :178-179,POST /api/inventory/transactions/goods-receipt [B][C] transactions.controller.ts:23,[C] apps/inventory/src/modules/transactions/dto/goods-receipt.dto.ts:18-20؛ apps/accounting/src/modules/saga-listener/saga-listener.service.ts:340-356 (الإسقاط بعد قيد المستحق)؛ [B] DTO بلا مرجع أمر,[C] PurchaseOrderReceipt,GoodsReceived + purchase_order_id/purchase_order_line_id [C],"spec exists, not run: saga-listener.service.spec.ts",BASELINE: الاستلام لا يُمنع لكن لا يوجد ربط بأمر الشراء إطلاقًا. CURRENT: منفذ؛ رفض المرجع يُسجَّل في log فقط ولا يوجد تقرير استثناءات.,بدون ربط لا يمكن قياس المتبقي من الأوامر ولا مطابقة حقيقية.,P2,أساس المطابقة؛ يوجد بديل يدوي.,REQ-P2P-007,DEC-P2P-08,,INV-08 | GOV-03,حدث GoodsReceived بحقول اختيارية purchase_order_id/purchase_order_line_id (كلاهما أو لا شيء)؛ جدول استثناءات ربط (eventId، reason، createdAt) بدل log فقط.,DAR-03 | DAR-04 | DAR-07,REQ-INV-068 | REQ-P2P-007 | REQ-P2P-010,,docs/P1-BUSINESS-DECISION-PACK.md:425 (2026-09-28; B2-0086)
REQ-P2P-007,C3,تحديث كميات الاستلام على أمر الشراء من أحداث الاستلام الفعلية مرة واحدة واشتقاق الحالة,OWNER_DECISION,unnamed owner (2026-09-28),Procure-to-Pay,المشتريات/المالية (قراءة)؛ النظام (تحديث آلي),معرفة المستلم والمتبقي والناقص والزائد لكل أمر وسطر كحقائق تقريرية.,كل حدث GoodsReceived يحمل مرجع سطر أمر صالحًا يزيد receivedQty للسطر مرة واحدة بمفتاح event_id، وتُشتق الحالة (APPROVED/PARTIALLY_RECEIVED/FULLY_RECEIVED) دون أن تتغير حالة CANCELLED؛ وتُعرض المتبقي والناقص والزائد كحقائق تقريرية لا كقيود على المخزن.,BR-P2P-07 | BR-P2P-08 | BR-P2P-09 | BR-P2P-10,GoodsReceived(event_id، product، supplier، batch، quantity، PO refs),PurchaseOrderReceipt، receivedQty، حالة الأمر,استلام 60 من 100 ← PARTIALLY_RECEIVED؛ استلام 40 ← FULLY_RECEIVED,إعادة تسليم الحدث لا تزيد مرتين؛ استلام لأمر ملغى يُسجل كاستثناء (DEC-P2P-06)؛ فشل الإسقاط يجب أن يُعاد لا أن يضيع,—,بافتراض أمر بسطر 100 وحدة، عندما يصل استلامان 60 ثم 40 مرتبطان بالسطر، فإن الحالة تصبح PARTIALLY_RECEIVED ثم FULLY_RECEIVED وreceivedQty=100. | بافتراض حدث GoodsReceived طُبق، عندما يُعاد تسليمه بنفس event_id، فإن receivedQty لا يتغير ويوجد صف PurchaseOrderReceipt واحد. | بافتراض أمر PARTIALLY_RECEIVED، عندما يفتح أمين المخزن نافذة الاستلام، فإن الأمر يظهر في قائمة الأوامر القابلة للربط. | بافتراض استلامين متزامنين على نفس السطر بكميتي 30 و20، عندما يكتملان، فإن receivedQty يزيد بـ50 بالضبط.,NOT_IMPLEMENTED,PARTIAL,Unknown,[C] receive-stock-modal.tsx:72 (يجلب status=APPROVED فقط)؛ purchase-orders/page.tsx (receivedPct/زيادة توريد),GET /api/accounting/matching/purchase-orders/:id [B][C] matching.controller.ts:63,[B] لا كاتب لـreceivedQty؛ [C] apps/accounting/src/modules/matching/matching.service.ts:951-1030 (eventId فريد، فحص المنتج/المورد :983-988، الحالة :1014-1021)؛ apps/accounting/src/modules/saga-listener/saga-listener.service.ts:342-356 تُستدعى بعد قيد GL في خطوة مستقلة,[C] PurchaseOrderReceipt(eventId unique)؛ PurchaseOrderLine.receivedQty [B][C],GoodsReceived [C] بمراجع الأمر,"spec exists, not run: matching.service.spec.ts, saga-listener.service.spec.ts",CURRENT: (1) نافذة الاستلام تعرض أوامر APPROVED فقط فلا يمكن ربط الاستلام الثاني لأمر مستلم جزئيًا من الواجهة؛ (2) الإسقاط خطوة مستقلة بعد قيد المستحق وGL (ACC-16) فقد يضيع عند الفشل؛ (3) receivedQty يزيد على أمر ملغى بلا علامة استثناء؛ (4) لا صف تدقيق PO_RECEIPT_APPLIED.,المطابقة في CURRENT تعتمد على receivedQty؛ أي استلام غير مربوط يجعل فاتورة صحيحة QUANTITY_MISMATCH ويعطل الدفع.,P1,يؤثر مباشرة على اعتماد فواتير الموردين للدفع (مال).,REQ-P2P-006 | DEC-P2P-05 | DEC-P2P-06,DEC-P2P-05 | DEC-P2P-06,هل يُحتسب الاستلام في الحجر أم بعد إفراج الجودة فقط (DEC-P2P-05)؟,ACC-16 | ACC-19 | GOV-03,PurchaseOrderReceipt(eventId UNIQUE، poId، poLineId، productId، supplierId، batchId، qty DECIMAL>0، actorId، receivedAt)؛ receivedQty = Σ receipts (قابل للتحقق بتسوية)؛ علامة appliedToCancelledPo؛ AuditLog لكل تطبيق/رفض.,DAR-03 | DAR-04 | DAR-06 | DAR-07 | DAR-08 | DAR-09 | DAR-10 | DAR-12 | DAR-13,REQ-P2P-006 | REQ-P2P-008 | REQ-P2P-010,,"docs/P1-BUSINESS-DECISION-PACK.md:427 (2026-09-28; B2-0088) | docs/P1-BUSINESS-DECISION-PACK.md:396 (2026-09-24; B2-0081) | docs/P1-1C-IMPLEMENTATION-READINESS.md:69-70 (2026-09-24; B2-0187) | docs/P1-1C-IMPLEMENTATION-READINESS.md:139-156 (2026-09-24; B2-0197) | docs/P1-WAVE1-IMPLEMENTATION-NOTES.md:316-355 (2026-09-24; B2-0240) | docs/P1-1C-IMPLEMENTATION-READINESS.md:75,80 (2026-09-24; B2-0188) | docs/P1-1C-IMPLEMENTATION-READINESS.md:33 (2026-09-24; B2-0175)"
REQ-P2P-008,C3,إذن استلام (GRN) مرقم مرتبط بسطر أمر الشراء والتشغيلة بكميات مستلمة/مقبولة/مرفوضة ومفتاح idempotency,INFERRED_NEEDS_APPROVAL,AI agent,Procure-to-Pay,أمين المخزن؛ الجودة (المقبول/المرفوض),دليل استلام قابل للإشارة إليه في المطابقة والدفع والتتبع.,مستند GRN برقم وتاريخ لكل دفعة توريد، بنوده مرتبطة بسطر أمر الشراء والتشغيلة الفعلية، بكميات مستلمة ومقبولة ومرفوضة، ومفتاح idempotency للأمر، ودعم الاستلام الجزئي وتوزيع السطر على عدة تشغيلات.,,توريد فعلي، أمر شراء، تشغيلات,GRN مرقم يُشار إليه في فاتورة المورد,إنشاء GRN ← بنود لكل تشغيلة ← حركة مخزون للحجر ← حدث,إعادة إرسال بنفس المفتاح تعيد نفس GRN؛ رفض جزئي بعد الفحص يُسجل,—,بافتراض طلب استلام بمفتاح idempotency K، عندما يُرسل مرتين، فإن GRN واحدًا وحركة مخزون واحدة وقيد مستحق واحد تُنشأ. | بافتراض سطر أمر 100 وحدة استُلم على تشغيلتين 70 و30، عندما يُحفظ GRN، فإن له بندين مرتبطين بنفس سطر الأمر. | بافتراض فاتورة مورد، عندما تُسجل، فإن مرجع GRN يُختار من قائمة GRN فعلية لا نص حر.,NOT_IMPLEMENTED,PARTIAL,Unknown,[B][C] نافذة الاستلام سطر واحد/تشغيلة واحدة,POST goods-receipt بلا مفتاح idempotency [B][C],[C] apps/accounting/src/modules/matching/matching.service.ts:951-1030 PurchaseOrderReceipt لكل حدث بلا رقم ولا مقبول/مرفوض,VendorInvoice.grnNumber نص حر [B][C]؛ لا GoodsReceiptNote,,—,لا مستند GRN مرقم؛ لا كمية مرفوضة؛ لا مفتاح idempotency للاستلام (INV-09)؛ مرجع GRN في الفاتورة نص حر.,المطابقة لا تستطيع الإشارة لدليل استلام بعينه؛ إعادة إرسال طلب الاستلام تكرر المخزون والمستحق.,P2,ضعف رقابي على دليل الاستلام؛ بديل: receipt transaction id.,DEC-P2P-08 | REQ-P2P-007,DEC-P2P-08,هل تحتاجون GRN مرقمًا مطبوعًا لكل توريد أم تكفي حركة الاستلام في المخزون؟,INV-09 | INV-08,GoodsReceiptNote(number UNIQUE، supplierId، poId?، shipmentId?، receivedAt، idempotencyKey UNIQUE) وGRNLine(poLineId?، batchId، receivedQty، acceptedQty، rejectedQty، CHECK accepted+rejected<=received)؛ VendorInvoiceLine.grnLineId FK. (ملكية الحركة المادية: C4),DAR-03 | DAR-05 | DAR-06 | DAR-07,REQ-INV-009 | REQ-INV-010 | REQ-INV-068 | REQ-NFR-012 | REQ-O2C-025 | REQ-O2C-041 | REQ-P2P-007 | REQ-P2P-010 | REQ-P2P-028,,docs/roadmap/2026-09-19-operations-expansion-ar.md:46-47 (2026-09-19; B1-0291) | docs/audit/production-program/PHASE-0-ARCHITECTURE.md:53 (2026-09-16; B6a-0309)
REQ-P2P-009,C3,تسجيل فاتورة المورد بنوعها وعملتها وسعر صرفها واستحقاقها وحالة سدادها,INFERRED_NEEDS_APPROVAL,AI agent,Procure-to-Pay,محاسب الموردين (مسجّل الفاتورة),تسجيل ما يطالب به المورد (بضاعة أو خدمات شحن/جمارك/تخليص/تأمين) كأساس للمطابقة والدفع.,فاتورة مورد فريدة لكل (مورد، رقم فاتورة) بنوع GOODS/FREIGHT/CUSTOMS/CLEARANCE/INSURANCE/OTHER، وعملة وسعر صرف، وتاريخ فاتورة واستحقاق، وضريبة، ومرفق، وحالة سداد UNPAID/PARTIAL/PAID/CANCELLED منفصلة عن حالة المطابقة، ويُسجل المسجِّل.,BR-P2P-04,رقم الفاتورة، المورد، النوع، أمر الشراء (لفواتير البضاعة)، البنود، الضريبة، العملة، السعر، الاستحقاق، المرفق,فاتورة مورد + نتيجة مطابقة,تسجيل ← مطابقة آلية في نفس المعاملة ← APPROVED_FOR_PAYMENT أو EXCEPTION_PENDING,رقم مكرر لنفس المورد ← 409؛ فاتورة على أمر غير معتمد ← 409؛ فاتورة خدمات بلا أمر شراء لا يجب أن تصبح UNMATCHED_GRN آليًا,createdById يُسجل لفصل مهام الاستثناء,"بافتراض فاتورة رقم 123 مسجلة للمورد أ، عندما تُسجل فاتورة 123 للمورد أ مرة أخرى، فإن الاستجابة 409. | بافتراض فاتورة نوعها FREIGHT من وكيل شحن بلا أمر شراء، عندما تُسجل، فإنها لا تُعامل كفاتورة بضاعة بلا استلام وتُوجَّه لمسار اعتماد الخدمات. | بافتراض فاتورة بـ1,000 EUR وسعر 52.00، عندما تُحفظ، فإن baseTotal=52,000.00 EGP وحالة السداد UNPAID. | بافتراض فاتورة مسددة جزئيًا 400 من 1,000، عندما تُعرض، فإن حالة السداد PARTIAL والمتبقي 600.",PARTIAL,PARTIAL,Unknown,[B][C] purchase-orders/page.tsx (تسجيل الفاتورة من تفاصيل الأمر),POST /api/accounting/matching/vendor-invoices [B][C] matching.controller.ts:69,[B] apps/accounting/src/modules/matching/matching.service.ts:313-410 (EGP فقط)؛ [C] apps/accounting/src/modules/matching/matching.service.ts:348-432 (currency/exchangeRate/baseTotal :385-404),"VendorInvoice unique(supplierId,invoiceNumber)، dueDate، taxAmount، currency [B][C]؛ exchangeRate/baseTotal [C]؛ لا type/attachment/paidAmount/paymentStatus",لا حدث SupplierInvoiceCreated,"spec exists, not run: matching.service.spec.ts",لا نوع فاتورة (فاتورة خدمات بلا أمر تصبح UNMATCHED_GRN)؛ لا مرفق؛ لا حالة سداد منفصلة ولا مبلغ مدفوع؛ BASELINE لا يقبل العملة؛ backfill العملة لمرة واحدة (DB-08).,مستحقات الشحن والجمارك والتخليص لا مكان لها؛ لا يمكن تتبع السداد الجزئي.,P1,قيمة الالتزام تجاه الموردين ومستحقات الخدمات (مال).,REQ-P2P-010 | REQ-P2P-016 | DEC-P2P-01,DEC-P2P-01,هل تُسجل فواتير الشحن والجمارك والتخليص في النظام ومن يعتمدها؟,DB-08,"VendorInvoice: type enum، currency FK، exchangeRate>0، baseTotal، attachmentUrl، paidAmount DECIMAL >=0 و<= total، paymentStatus enum، createdById NOT NULL؛ UNIQUE(supplierId, invoiceNumber)؛ المبالغ Decimal(18,2).",DAR-03 | DAR-05 | DAR-06 | DAR-08 | DAR-09 | DAR-10,REQ-P2P-010 | REQ-P2P-016 | REQ-P2P-030,,docs/PROMPT-P1-P3-IMPLEMENTATION.md:108 (unknown; B5a-0172) | docs/BUSINESS-FLOWS-COVERAGE-P0A-ASSESSMENT.md:987-1010 (2026-09-07; B4a-0049)
REQ-P2P-010,C3,مطابقة ثلاثية حقيقية: المفوتر تراكميًا ≤ المستلم فعلًا، والسعر ≤ سعر الأمر، مع فحص المورد والعملة والوحدة,DOCUMENTED_REQ,audit acceptance doc (scenario 13) + AI/auditor analyses,Procure-to-Pay,النظام (آلي)؛ محاسب الموردين,عدم اعتماد دفع أي جزء من فاتورة لم يُستلم أو بسعر أعلى من المتفق عليه.,تقارن المطابقة لكل منتج/سطر: Σ الكميات المفوترة على كل الفواتير غير المرفوضة للأمر ≤ الكمية المستلمة فعلًا، وسعر الوحدة ≤ سعر الأمر، وتطابق المورد والعملة والوحدة والضريبة؛ ونقص الفوترة معلومة غير حاجبة؛ وتُحسب بالمبالغ Decimal؛ ولا يُعلن «متحقق» إلا إذا كانت ساق الاستلام من أحداث فعلية.,BR-P2P-11 | BR-P2P-12 | BR-P2P-13 | BR-P2P-14,فاتورة مورد، أمر شراء، استلامات فعلية,ThreeWayMatch بالحالة والفروق,تسجيل الفاتورة ← مطابقة في نفس المعاملة SERIALIZABLE ← MATCHED ⇒ APPROVED_FOR_PAYMENT,فرق كمية/سعر ← EXCEPTION_PENDING؛ مرتجع بعد المطابقة يجب أن يعيد تقييم المطابقة؛ تأخر حدث الاستلام ← استثناء يُعاد تقييمه,الاستثناءات في REQ-P2P-011,بافتراض أمر باليورو بـ100 وحدة واستلام فعلي 60، عندما تُسجل فاتورة بـ100، فإن المطابقة QUANTITY_MISMATCH بفرق 40 والفاتورة EXCEPTION_PENDING والعملة EUR محفوظة. | بافتراض فاتورة أولى بـ60 معتمدة على استلام 60، عندما تُسجل فاتورة ثانية بـ60 على نفس الأمر، فإن الثانية تُرفض للدفع (المفوتر التراكمي 120 > المستلم 60). | بافتراض فاتورة بسعر وحدة 2.60 وسعر الأمر 2.50، عندما تُطابق، فإن الحالة PRICE_MISMATCH. | بافتراض استلام 100 وفاتورة بـ80، عندما تُطابق، فإنها MATCHED مع بند UNDER_BILLED معلوماتي بفرق 20.,PARTIAL,PARTIAL,Unknown,[C] apps/web/app/dashboard/matching/page.tsx (PO/GRN/Invoice)؛ [B][C] purchase-orders/page.tsx (UNDER_BILLED),"GET /api/accounting/matching/matches، /discrepancies [B][C] matching.controller.ts:22,28",[B] apps/accounting/src/modules/matching/matching.service.ts:24 (UNVERIFIED_FREE_TEXT)، :604 (receivedQtyTotal = orderedQtyTotal)؛ [C] apps/accounting/src/modules/matching/matching.service.ts:25 (INVENTORY_RECEIPT_PROJECTION)، :474-495 (بلا أمر ← UNMATCHED_GRN)، :583-597 (مقارنة بالمستلم الفعلي)، :644,ThreeWayMatch، VendorInvoiceLine، PurchaseOrderLine.receivedQty [B][C],,"spec exists, not run: matching.service.spec.ts",BASELINE: ساق الاستلام مفترضة (المستلم = المطلوب) فتُعتمد فاتورة لبضاعة لم تصل. CURRENT: المقارنة بالمستلم الفعلي، لكن لا مقارنة للعملة/الوحدة/الضريبة بين الفاتورة والأمر، والمرتجع بعد المطابقة لا يعيدها، وتعتمد على ربط الاستلامات (REQ-P2P-007). ادعاء RTM «VERIFIED» (B5a-0014) لا ينطبق على BASELINE.,BASELINE يسمح باعتماد دفع بضاعة غير مستلمة؛ مخاطرة دفع مزدوج أو زائد.,P1,حماية مدفوعات الموردين (مال).,REQ-P2P-007 | REQ-P2P-009 | DEC-P2P-05 | DEC-P2P-08,DEC-P2P-05 | DEC-P2P-08,ما نسبة التسامح المقبولة في السعر أو الكمية، إن وُجدت؟,ACC-19 | GOV-03,ThreeWayMatch: المبالغ والكميات Decimal، receivedQtyTotal من Σ PurchaseOrderReceipt، grnVerification enum، discrepancyDetails منظمة بالنوع؛ قيد: لا أكثر من مطابقة نشطة لكل فاتورة؛ ربط مرتجع المورد بالأمر لإعادة الحساب.,DAR-04 | DAR-07 | DAR-08 | DAR-10,REQ-P2P-007 | REQ-P2P-011 | REQ-P2P-017,,docs/audit/2026-09-18-company-workflows-vs-erp-ar.md:237 (2026-09-18; B3-0061) | docs/roadmap/2026-09-19-operations-expansion-ar.md:44 (2026-09-19; B1-0290) | docs/audit/2026-09-18-company-workflows-vs-erp-ar.md:156 (2026-09-18; B3-0035) | docs/audit/production-program/PHASE-0-ARCHITECTURE.md:51 (2026-09-16; B6a-0307) | docs/roadmap/2026-09-19-operations-expansion-ar.md:51 (2026-09-19; B1-0294) | docs/P1-BUSINESS-DECISION-PACK.md:394 (2026-09-24; B2-0079) | docs/P1-BUSINESS-DECISION-PACK.md:395 (2026-09-24; B2-0080) | docs/P1-WAVE1-IMPLEMENTATION-NOTES.md:125-129 (2026-09-24; B2-0230) | docs/P1-AUDIT.md:225-230 (2026-09-24; B2-0146)
REQ-P2P-011,C3,إدارة استثناءات المطابقة: اعتماد استثنائي أو رفض بسبب، من مستوى المدير المالي، بشخص غير منشئ المستندات,DOCUMENTED_REQ,company business-operations doc (Data/AB DATA p.5),Procure-to-Pay,المدير المالي (CFO) أو من يفوضه,السماح بتجاوز مبرر وموثق لفروق المطابقة دون فتح باب الاعتماد الذاتي.,يُعتمد استثناء المطابقة أو يُرفض بسبب إلزامي، بصلاحية مستوى المدير المالي، ومن مستخدم غير مسجّل الفاتورة (ويُرفض إن كان المسجّل مجهولًا)، مع شاشة استثناءات وسجل تدقيق؛ ولا يُرفض استثناء لفاتورة لها سداد قائم.,BR-P2P-15 | BR-P2P-16,مطابقة EXCEPTION_PENDING، القرار والسبب,APPROVED_EXCEPTION ⇒ APPROVED_FOR_PAYMENT، أو REJECTED,مراجعة الفروق ← اعتماد بسبب ← الفاتورة معتمدة للدفع,رفض ← isApprovedPayment=false؛ اعتماد مطابقة MATCHED/REJECTED ← 409؛ رفض بعد سداد يجب أن يُمنع,approver ≠ VendorInvoice.createdById؛ null ← 403,بافتراض استثناء على فاتورة سجلها (أ)، عندما يعتمده (أ)، فإن الاستجابة 403. | بافتراض مستخدم لا يملك صلاحية الاستثناءات، عندما يفتح شاشة المطابقة، فإن أزرار الاعتماد/الرفض لا تظهر والـAPI يرد 403. | بافتراض فاتورة عليها سداد غير معكوس، عندما يُطلب رفض مطابقتها، فإن العملية تُرفض بـ409. | بافتراض اعتماد استثناء، عندما يُراجع سجل التدقيق، فإن MATCH_EXCEPTION_APPROVED يظهر بالسبب والفاعل والوقت.,PARTIAL,PARTIAL,Unknown,[C] apps/web/app/dashboard/matching/page.tsx (اعتماد/رفض بسبب، accounting.matching.override)؛ [B] لا شاشة مطابقة,"POST matches/:id/override، matches/:id/reject [B][C] matching.controller.ts:122,132 (accounting.matching.override)",[B] apps/accounting/src/modules/matching/matching.service.ts:641-727 (SoD :649-660)، :729-783؛ [C] apps/accounting/src/modules/matching/matching.service.ts:681-760 (SoD :689-700)، :769-808 (الرفض لا يفحص وجود سداد),ThreeWayMatch.approvedBy/approvalReason، VendorInvoice.createdById [B][C],,"spec exists, not run: matching.service.spec.ts",فصل المهام منفذ في النسختين؛ BASELINE بلا شاشة؛ الصلاحية غير مقصورة على المدير المالي ولا مُسندة لدور محدد؛ الرفض مسموح حتى بعد سداد (خطر عند تفعيل السداد).,تجاوز الفروق ممكن لأي حامل للصلاحية دون مستوى إداري محدد.,P2,ضعف رقابي مع وجود فصل مهام أساسي.,REQ-P2P-010 | REQ-P2P-016,,من يملك صلاحية accounting.matching.override (المدير المالي فقط؟) وهل يُشترط حد قيمة للاستثناء؟,GOV-04,ThreeWayMatch: decision enum، decidedBy NOT NULL عند القرار، reason NOT NULL، decidedAt؛ CHECK decidedBy <> vendorInvoice.createdById (تطبيقيًا)؛ AuditLog غير قابل للتعديل.,DAR-05 | DAR-06 | DAR-08 | DAR-12,REQ-P2P-010 | REQ-P2P-017 | REQ-SEC-031,,Data/AB DATA/Nile ERP Business Operations.pdf:p.5 (2026-09-13; B3-0328) | docs/GAP-ANALYSIS-AR.md:111 (unknown; B4a-0142)
REQ-P2P-012,C3,التزام المورد (AP) يُنشأ عند الاستلام الفعلي للبضاعة,OWNER_DECISION,unnamed owner (2026-09-28),Procure-to-Pay,النظام (آلي من حدث الاستلام)؛ المالية,الاعتراف بالدين للمورد لحظة دخول البضاعة.,كل استلام فعلي بمورد وقيمة يُنشئ قيدًا مدينًا (RECEIPT) في دفتر المورد بقيمة الاستلام، مرة واحدة لكل حدث؛ ولا تُعاد صياغة القيود التاريخية دون استراتيجية تحول يعتمدها المالك.,BR-P2P-17 | BR-P2P-18,GoodsReceived(supplier_id، total_value، event_id),SupplierLedgerEntry RECEIPT (+ [C] قيد GL Dr 1131 / Cr 2111),استلام ← حدث ← قيد دفتر المورد (inbox tx) ← [C] قيد GL ← [C] إسقاط أمر الشراء,إعادة التسليم لا تكرر القيد؛ الاستلام بلا مورد أو قيمة لا يُقيد (صمتًا),—,"بافتراض استلام 100 وحدة × 25.00 من المورد أ، عندما يُعالج الحدث، فإن رصيد المورد أ يزيد 2,500.00 بقيد RECEIPT مرجعه event_id. | بافتراض نفس الحدث أُعيد تسليمه، عندما يُعالج، فإن رصيد المورد لا يتغير. | بافتراض فاتورة مورد معتمدة للدفع، عندما تُعتمد، فإن رصيد دفتر المورد لا يتغير (المستحق من الاستلام وحده) ويظهر الفرق بين المستلم والمفوتر في تقرير.",IMPLEMENTED,IMPLEMENTED,Unknown,[B][C] supplier-accounts/page.tsx، payables/page.tsx (الرصيد من الدفتر),"GET /api/accounting/supplier-ledger/:supplierId(/balance) [B][C] supplier-ledger.controller.ts:40,42",[B] apps/accounting/src/modules/saga-listener/saga-listener.service.ts:290-294؛ [C] apps/accounting/src/modules/saga-listener/saga-listener.service.ts:318-337 (قيد الدفتر :330 ثم GL :334-337 في خطوة منفصلة)؛ apps/accounting/src/modules/supplier-ledger/supplier-ledger.service.ts:29-41 [B][C],"SupplierLedgerEntry(refType,refId unique) [B][C]",GoodsReceived (inventory) [B][C],"spec exists, not run: saga-listener.service.spec.ts, supplier-ledger.service.spec.ts",منفذ كما قرر المالك؛ لكن (1) اعتماد الفاتورة لا يربط بالدفتر فتبقى «حقيقتان» دون تقرير مستلم-غير-مفوتر (B2-0003/0005/0009)؛ (2) في CURRENT قيد GL خطوة منفصلة غير ذرية مع قيد الدفتر (ACC-16)؛ (3) يتعارض مع وثائق التصميم التي تجعل المستحق من الفاتورة (DEC-P2P-01).,رصيد الموردين صحيح بقيمة الاستلام لكن لا يُكتشف فرق فاتورة المورد عن الاستلام.,P1,أساس رصيد المستحقات (مال).,DEC-P2P-01 | REQ-P2P-013,DEC-P2P-01,هل يلزم تقرير «مستلم غير مفوتر» وفروق الاستلام عن الفاتورة بجانب قرار AP عند الاستلام؟,ACC-16 | ACC-23 | GOV-03,"SupplierLedgerEntry: UNIQUE(refType, refId)، side، amount Decimal>0، currency، amountFx/fxRate عند العملة الأجنبية، occurredAt؛ غير قابل للتعديل/الحذف (append-only)؛ ربط اختياري vendorInvoiceId للتسوية بين المستلم والمفوتر.",DAR-04 | DAR-05 | DAR-06 | DAR-07 | DAR-08 | DAR-10,REQ-INV-016 | REQ-P2P-013 | REQ-P2P-014 | REQ-P2P-019,,docs/P1-BUSINESS-DECISION-PACK.md:424 (2026-09-28; B2-0085) | Data/AB DATA/Nile ERP Business Operations.pdf:p.5 (2026-09-13; B3-0328)
REQ-P2P-013,C3,منع تكرار قيود دفتر المورد عند إعادة تسليم الأحداث أو التزامن,INFERRED_NEEDS_APPROVAL,auditor,Procure-to-Pay,النظام,ألا يتضاعف رصيد المورد بسبب إعادة تسليم Kafka أو إعادة توازن المستهلكين.,"قيود الاستلام والمرتجع والرصيد الافتتاحي في دفتر المورد تُكتب بفحص وإدراج في معاملة واحدة مع علامة inbox، وبقيد فريد (refType, refId)، بحيث ينتج طلبان متزامنان بنفس المرجع قيدًا واحدًا.",BR-P2P-18,أحداث GoodsReceived/SupplierReturnCreated,قيد واحد لكل حدث,runInInboxTransaction(eventId) ← recordOnce,تعارض هوية (نفس المرجع بمبلغ/مورد مختلف) ← 409 وتنبيه,—,بافتراض معالجتين متزامنتين لنفس event_id، عندما تكتملان، فإن صف SupplierLedgerEntry واحدًا موجود. | بافتراض صف قديم بنفس المرجع ومبلغ مختلف، عندما يصل الحدث، فإن المعالجة تُرفض بتعارض هوية ولا يُنشأ صف جديد.,IMPLEMENTED,IMPLEMENTED,Unknown,,,[B][C] apps/accounting/src/modules/supplier-ledger/supplier-ledger.service.ts:29-41 (runInInboxTransaction)، :375-387 (recordOnce),"[B][C] SupplierLedgerEntry @@unique([refType, refId])",,"spec exists, not run: supplier-ledger.service.spec.ts",منفذ على مستوى الحدث؛ لكن أمر الاستلام نفسه بلا مفتاح idempotency (INV-09، ملك C4) فإعادة إرسال الطلب تنشئ حدثًا وقيدًا جديدين مشروعين.,بدون ذلك يتضخم رصيد الموردين.,P1,سلامة بيانات مالية.,REQ-P2P-008,,,INV-09,"UNIQUE(refType, refId) على SupplierLedgerEntry؛ جدول inbox(eventId PK) في نفس قاعدة الدفتر؛ تحقق تطابق (supplierId, amount, side) للصفوف القديمة.",DAR-03 | DAR-04 | DAR-05 | DAR-06 | DAR-07 | DAR-20,REQ-INH-004 | REQ-NFR-015 | REQ-O2C-049 | REQ-P2P-012 | REQ-P2P-014 | REQ-R2R-004 | REQ-TRC-022,,docs/audit/05-transactions-concurrency.md:80 (2026-09-01; B6a-0120) | docs/audit/00-executive-summary.md:24 (2026-09-01; B6a-0011) | docs/audit/04-database.md:44 (2026-09-01; B6a-0103) | docs/audit/20-p0-p1-evidence-validation.md:101-105 (unknown; B6a-0270)
REQ-P2P-014,C3,مرتجع المورد يخفض مستحقات المورد ويُدقَّق,DOCUMENTED_REQ,company business-operations doc (Data/AB DATA p.5),Procure-to-Pay,أمين المخزن (المرتجع)؛ النظام (القيد),إعادة البضاعة للمورد تنقص ما ندين به.,كل مرتجع مورد بقيمة يُنشئ قيدًا دائنًا SUPPLIER_RETURN في دفتر المورد مرة واحدة، ويُسجل حدث تدقيق بمستوى عالٍ، ويُربط بأمر الشراء/الفاتورة ليعاد تقييم المطابقة.,BR-P2P-19,SupplierReturnCreated(supplier_id، total_value، reason),قيد دائن (+ [C] GL Dr 2111 / Cr 1131),مرتجع في المخزون ← حدث ← قيد دائن,إعادة التسليم لا تكرر القيد,—,"بافتراض رصيد المورد 10,000 ومرتجع بقيمة 1,500، عندما يُعالج الحدث، فإن الرصيد 8,500 بقيد SUPPLIER_RETURN. | بافتراض مرتجع على أمر شراء مطابق، عندما يُقيد، فإن المطابقة تُعاد وتظهر الفاتورة كمفوترة بأكثر من المستلم الصافي. | بافتراض مرتجع مورد، عندما يُراجع سجل التدقيق، فإن حدث SupplierReturnCreated يظهر بمستوى HIGH.",PARTIAL,PARTIAL,Unknown,,POST /api/inventory/transactions/supplier-return [B][C] transactions.controller.ts:31,[B] apps/accounting/src/modules/saga-listener/saga-listener.service.ts:298-302؛ [C] apps/accounting/src/modules/saga-listener/saga-listener.service.ts:361-370,,inventory SupplierReturnCreated [B][C],"spec exists, not run: saga-listener.service.spec.ts",القيد المالي منفذ؛ لا ربط بالأمر أو الفاتورة ولا إعادة مطابقة؛ مستوى التدقيق HIGH غير متحقق منه.,فاتورة معتمدة قد تُدفع كاملة رغم إرجاع جزء.,P2,القيد صحيح؛ الربط بالمطابقة ضعف رقابي.,REQ-P2P-010,,,INV-09,"SupplierReturn: supplierId، poId?/poLineId?، vendorInvoiceId?، batchId، qty، value، reason؛ قيد دفتر فريد (SUPPLIER_RETURN, eventId).",DAR-03 | DAR-04 | DAR-05 | DAR-06 | DAR-07 | DAR-08 | DAR-12,REQ-INV-050 | REQ-P2P-010 | REQ-P2P-015,,Data/AB DATA/Nile ERP Business Operations.pdf:p.5 (2026-09-13; B3-0328)
REQ-P2P-015,C3,مطالبات الموردين/الناقلين عن التالف: دورة مستقلة دون خصم تلقائي من فاتورة المورد,OWNER_DECISION,owner (2026-09-25),Procure-to-Pay,المالية/المشتريات,استرداد قيمة التالف من المورد أو الناقل بشكل موثق دون تشويه فاتورة المورد.,تُنشأ مطالبة منفصلة بالتالف (مورد أو ناقل) بدورة Submitted → Accepted/Rejected → Settlement؛ يُمنع الخصم التلقائي من فاتورة المورد؛ عند القبول تتحول إلى إشعار دائن/تسوية مورد من المسار المحاسبي القائم أو تبقى APPROVED_PENDING_SETTLEMENT؛ ولا قيد يومية وهمي.,BR-P2P-20 | BR-P2P-21,استلام/تشغيلة متضررة، كمية، قيمة، طرف المطالبة، مستندات,مطالبة بحالتها؛ عند التسوية أثر على دفتر المورد,تسجيل التالف ← مطالبة Submitted ← رد الطرف ← Accepted ← تسوية,Rejected يُغلق بلا أثر مالي؛ لا تسوية مرتين,منشئ المطالبة ≠ معتمد التسوية (مقترح),"بافتراض مطالبة Submitted بقيمة 3,000 على المورد أ، عندما تُنشأ، فإن رصيد المورد وفاتورته لا يتغيران. | بافتراض مطالبة Accepted، عندما تُسوى بإشعار دائن، فإن رصيد المورد ينقص 3,000 مرة واحدة وتصبح الحالة SETTLED. | بافتراض مطالبة Accepted ولا مسار تسوية متاح، عندما تُعرض، فإن حالتها APPROVED_PENDING_SETTLEMENT ولا يوجد قيد يومية.",NOT_IMPLEMENTED,NOT_IMPLEMENTED,Unknown,لا شاشة [B][C],لا route [B][C],لا يوجد (grep SupplierClaim في apps/*/src [B][C] = لا نتائج),لا SupplierClaim في schema_base/schema_cur,,—,لا كيان ولا شاشة ولا API (GOV-05)؛ غياب الخصم التلقائي متوافق بالغياب فقط.,قيمة التالف لا تُتابع ولا تُسترد بشكل موثق.,P2,قيمة مالية قابلة للاسترداد؛ يوجد بديل يدوي خارج النظام.,DEC-P2P-12,DEC-P2P-12,كيف تُتابع مطالبات التالف اليوم خارج النظام، وبأي آلية تُسوى عند القبول؟,GOV-05,SupplierClaim(number UNIQUE، counterpartyType SUPPLIER|CARRIER، counterpartyId، sourceReceipt/batch، qty، amount Decimal، currency، status enum، decidedBy، settlementRef UNIQUE nullable)؛ قيد تسوية واحد لكل مطالبة؛ AuditLog.,DAR-04 | DAR-06 | DAR-08 | DAR-09 | DAR-10 | DAR-12,REQ-INV-040 | REQ-P2P-014 | REQ-P2P-016,,docs/DECISIONS-2026-09-25-ar.md:46 (2026-09-25; B1-0078) | docs/DECISIONS-2026-09-25-ar.md:127-128 (2026-09-25; B1-0109) | docs/DECISIONS-2026-09-25-ar.md:129-130 (2026-09-25; B1-0110) | docs/REQUESTS-2026-09-25-ar.md:178 (2026-09-25; B1-0149)
REQ-P2P-016,C3,تسجيل سداد المورد ككيان idempotent مرتبط بالفاتورة وحساب الخزينة، يقيد AP والخزينة وGL ذريًا، وقابل للعكس,INFERRED_NEEDS_APPROVAL,AI agent / auditor,Procure-to-Pay,أمين الخزينة/المحاسب (accounting.payables.pay),إغلاق دورة المستحقات: ما يُدفع فعلًا ينقص رصيد المورد والخزينة معًا.,سداد مورد بمفتاح idempotency إلزامي، مرتبط بفاتورة معتمدة للدفع وبحساب خزينة، بطريقة TRANSFER/LC/CASH/CHECK، يقيد في معاملة واحدة: CREDIT على دفتر المورد، PAYMENT_OUT على الخزينة، قيد GL، وفرق العملة المحقق؛ ويُعكس بقيد معاكس كامل بسبب إلزامي.,BR-P2P-22 | BR-P2P-23 | BR-P2P-24,idempotencyKey، supplierId، vendorInvoiceId، financialAccountId، amount، currency، rate، method، bankRef,SupplierPayment، قيود AP/خزينة/GL، حالة سداد الفاتورة,اختيار فاتورة معتمدة ← إدخال المبلغ والحساب ← تحقق ← قيد ذري ← PARTIAL/PAID,نفس المفتاح بنفس الطلب ← نفس النتيجة؛ نفس المفتاح بطلب مختلف ← 409؛ عكس ← قيود معاكسة وإعادة حالة الفاتورة؛ رصيد خزينة غير كافٍ ← 400,مقترح: المسدِّد ≠ معتمد الاستثناء؛ العكس بصلاحية accounting.payments.reverse,"بافتراض فاتورة معتمدة بـ10,000 EGP وحساب بنك رصيده 50,000، عندما يُسجل سداد 4,000، فإن رصيد المورد ينقص 4,000 والبنك 4,000 ويُرحَّل قيد GL متوازن وحالة الفاتورة PARTIAL، كل ذلك في معاملة واحدة. | بافتراض سداد سُجل بمفتاح K، عندما يُعاد نفس الطلب بـK، فإن سدادًا واحدًا فقط موجود. | بافتراض فاتورة 1,000 EUR بسعر 52.00 سُددت بسعر 53.00، عندما يُسجل السداد، فإن خسارة فرق عملة 1,000 EGP تُقيد ويصبح رصيد المورد بالعملة صفرًا. | بافتراض سداد مسجل، عندما يُعكس بسبب، فإن كل القيود تُعكس بالاتجاه المعاكس وتعود الفاتورة APPROVED_FOR_PAYMENT.",NOT_IMPLEMENTED,NOT_IMPLEMENTED,Unknown,[C] apps/web/app/dashboard/payables/page.tsx:344 (يرسل شكل v1: vendorInvoiceId/amount/exchangeRate),[C] /api/accounting/supplier-payments* mounted=False (pkg/api-inventory.csv)؛ SupplierLedgerModule لا يسجل supplier-payments.controller (supplier-ledger.module.ts) ولا يوجد SupplierPaymentsModule في apps/accounting/src/app.module.ts:48-50؛ controller v2 بلا PermissionsGuard (SEC-04),[C] v1 apps/accounting/src/modules/supplier-payments/supplier-payments.service.ts:40-92 (GeneralLedgerService، settleFxDifferenceInTransaction :84)؛ v2 apps/accounting/src/modules/supplier-ledger/supplier-payments.service.ts:52-190 (GlPostingService، فحص الاعتماد :99-101، المتبقي :114)، reverse :193-270؛ [B] لا يوجد,[C] SupplierPayment (شكل v2: supplierInvoiceId/amountFx/fxRate) — schema_cur؛ migrations متنافسة v1/v2 (DB-03),لا حدث SupplierPaymentRecorded,"spec exists, not run: supplier-ledger/supplier-payments.service.spec.ts [C]",BASELINE: لا سداد موردين إطلاقًا (المستحق لا ينقص إلا بالمرتجع). CURRENT: تنفيذان متعارضان غير مسجلين في AppModule فالـroute يعطي 404، والواجهة ترسل شكل v1 بينما الموديل v2؛ عكس GL في GlPostingService بنفس اتجاه الأصل (ACC-04). ادعاءات B5a-0251/0252 «منفذ» غير صحيحة وظيفيًا.,رصيد الموردين يتضخم باستمرار؛ المدفوعات تُسجل خارج النظام أو كمصروف/سحب خزينة حر غير مربوط بالمورد.,P1,مال: لا يمكن تسوية المستحقات أو مطابقة الخزينة.,DEC-P2P-09 | DEC-P2P-01 | REQ-P2P-017 | REQ-P2P-009,DEC-P2P-09 | DEC-P2P-01,كيف يُسجل سداد الموردين اليوم؟ وأي طرق دفع مطلوبة عند التشغيل (هل LC ضروري)؟,ACC-10 | ARC-05 | DB-03 | ACC-04 | SEC-04,"SupplierPayment(idempotencyKey UNIQUE، requestHash، supplierId، vendorInvoiceId FK NOT NULL، financialAccountId FK، method enum، currency، amountFx Decimal>0، fxRate>0، amountEgp، bankRef، paidAt، actorId، reversed، reversedAt/By/Reason)؛ قيد دفتر فريد (SUPPLIER_PAYMENT, paymentId)؛ Σ مدفوعات غير معكوسة ≤ إجمالي الفاتورة؛ شكل جدول واحد معتمد.",DAR-03 | DAR-04 | DAR-05 | DAR-06 | DAR-07 | DAR-09 | DAR-10,REQ-P2P-017 | REQ-P2P-018 | REQ-P2P-019 | REQ-R2R-048 | REQ-TRC-015,,"docs/PROMPT-P1-P3-IMPLEMENTATION.md:109,111-112 (unknown; B5a-0173) | docs/BUSINESS-FLOWS-COVERAGE-P0A-ASSESSMENT.md:349-363 (2026-09-07; B4a-0030) | docs/P1-AUDIT.md:295-308 (2026-09-24; B2-0159) | docs/audit/2026-09-20-ab-data-pdf-review-ar.md:170 (2026-09-20; B3-0147)"
REQ-P2P-017,C3,حجب الدفع: لا سداد إلا لفاتورة معتمدة للدفع ومطابقة، ولا تجاوز من مسار دفع آخر,INFERRED_NEEDS_APPROVAL,AI agent / auditor,Procure-to-Pay,المالية,ضمان أن كل جنيه يُدفع للمورد يقابله استلام وفاتورة معتمدة.,لا يُسجل سداد بضاعة إلا لفاتورة APPROVED_FOR_PAYMENT ناتجة عن مطابقة أو استثناء موثق، وبمبلغ ≤ المتبقي، وبعملة الفاتورة؛ غياب الاستلام أو عدم كفايته يحجب الدفع؛ ولا يُتاح مسار خزينة بديل لدفع مورد دون هذه الفحوص.,BR-P2P-22,طلب سداد,قبول أو رفض 400,فحص حالة الفاتورة ← المتبقي ← العملة ← تنفيذ REQ-P2P-016,رفض مطابقة بعد سداد يجب أن يُمنع (REQ-P2P-011),الفرق التجاري يحتاج موافقة موثقة بفصل مهام,بافتراض فاتورة EXCEPTION_PENDING، عندما يُطلب سدادها، فإن الطلب يُرفض 400 ولا تتغير الأرصدة. | بافتراض فاتورة معتمدة متبقيها 600، عندما يُطلب سداد 700، فإن الطلب يُرفض. | بافتراض مستخدم يملك صلاحيات الخزينة، عندما يحاول تسجيل حركة سحب/مصروف بمرجع مورد، فإنها لا تخفض رصيد المورد ولا تُعرض كسداد مورد.,NOT_IMPLEMENTED,NOT_IMPLEMENTED,Unknown,,[B][C] POST /api/accounting/financial-accounts/entries يقبل WITHDRAWAL/EXPENSE حرة بلا مورد (financial-account.dto.ts:24 POSTABLE_ENTRY_TYPES)؛ PAYMENT_OUT ممنوع مباشرة,[C] apps/accounting/src/modules/supplier-ledger/supplier-payments.service.ts:98-114 (فحص الاعتماد والمتبقي والعملة) — غير مسجل,,,,لا سداد مسجل يمكن حجبه؛ البديل الفعلي حركات خزينة حرة (سحب/مصروف) غير مربوطة بالمورد ولا بالفاتورة.,الدفع يتم دون ربط بالمطابقة؛ خطر دفع فاتورة غير مستلمة أو مكررة.,P1,حماية النقدية (مال).,REQ-P2P-016 | REQ-P2P-010 | DEC-P2P-08 | DEC-P2P-09,DEC-P2P-08 | DEC-P2P-09,هل يُسمح بتسجيل دفعة مقدمة (قبل الفاتورة/الاستلام) لموردي الاستيراد، كما هو شائع في LC/SIGHT؟,ACC-10,قيد تطبيقي: SupplierPayment.vendorInvoiceId يشير لفاتورة paymentStatus<>PAID وstatus=APPROVED_FOR_PAYMENT؛ إن قُررت الدفعات المقدمة: SupplierAdvance منفصل يُخصص لاحقًا.,DAR-04 | DAR-05 | DAR-08 | DAR-10,REQ-P2P-010 | REQ-P2P-011 | REQ-P2P-016 | REQ-R2R-048 | REQ-TRC-015,,docs/roadmap/2026-09-19-operations-expansion-ar.md:48-49 (2026-09-19; B1-0292) | docs/P1-AUDIT.md:120-122 (2026-09-24; B2-0114)
REQ-P2P-018,C3,أعمار الذمم الدائنة وشروط الدفع وتواريخ الاستحقاق,INFERRED_NEEDS_APPROVAL,AI agent,Procure-to-Pay,المالية,معرفة ما يستحق دفعه ومتى، دون دفع مبكر غير مصرح.,شرط دفع بإصدار مُثبت على المستند (تاريخ الأساس، netDays، نسبة وأيام خصم السداد المبكر، العملة والتقريب) يشتق تاريخ الاستحقاق؛ تقرير أعمار 0-30/31-60/61-90/90+ على الفواتير المعتمدة غير المسددة بالمتبقي؛ تنبيه بالتاريخ دون خصم آلي.,BR-P2P-25 | BR-P2P-26,فواتير، شروط الدفع، المدفوعات,تقرير أعمار وقائمة المستحق,فاتورة ← استحقاق مشتق ← أعمار حسب المتبقي,فاتورة مرفوضة لا تظهر في الأعمار,—,"بافتراض فاتورة معتمدة غير مسددة متأخرة 45 يومًا بـ5,000، عندما يُعرض تقرير الأعمار، فإنها تظهر في فئة 31-60 بـ5,000. | بافتراض فاتورة REJECTED متأخرة، عندما يُعرض التقرير، فإنها لا تظهر. | بافتراض فاتورة مسددة بالكامل، عندما يُعرض التقرير، فإنها لا تظهر كمتأخرة. | بافتراض شرط net 60 من تاريخ الفاتورة 2026-01-10، عندما تُسجل الفاتورة بلا استحقاق يدوي، فإن الاستحقاق 2026-03-11.",PARTIAL,PARTIAL,Unknown,[B][C] apps/web/app/dashboard/payables/page.tsx,GET /api/accounting/supplier-ledger/payables [B][C] supplier-ledger.controller.ts:16,"[B][C] apps/accounting/src/modules/supplier-ledger/supplier-ledger.service.ts:152-176 (الفئات بشرط isApprovedPayment=false)، :287-291 (paymentsTracked:false، agingBasis)، :317,:340",VendorInvoice.dueDate [B][C]؛ لا PaymentTerm على Supplier/PO/VendorInvoice,,"spec exists, not run: supplier-ledger/payables.spec.ts [C]",الأعمار تستبعد الفواتير المعتمدة للدفع (isApprovedPayment=true) — وهي المستحق الفعلي — وتشمل المرفوضة (false)؛ لا شروط دفع؛ الاستلام بلا فاتورة لا يُعمَّر.,قائمة المتأخرات مضللة؛ لا جدولة نقدية للمدفوعات.,P2,قرار نقدي يعتمد على تقرير خاطئ؛ بديل يدوي.,REQ-P2P-016 | REQ-P2P-020,DEC-P2P-10,ما شروط الدفع المعتادة لكل نوع مورد؟ وهل يوجد خصم سداد مبكر؟,,PaymentTerm(code، version، baseDateRule، netDays، discountPct، discountDays)؛ snapshot للشرط على VendorInvoice؛ dueDate مشتق ومخزن؛ outstanding = total − Σ payments − credits.,DAR-05 | DAR-10 | DAR-13,REQ-P2P-019 | REQ-P2P-020,,docs/roadmap/2026-09-19-operations-expansion-ar.md:50 (2026-09-19; B1-0293)
REQ-P2P-019,C3,مساحة عمل الذمم الدائنة: أرصدة الموردين وأعمارها وسجل المدفوعات,INFERRED_NEEDS_APPROVAL,AI agent,Procure-to-Pay,محاسب الموردين,أداة يومية للمحاسبين لمتابعة ما ندين به ولمن.,صفحة الموردين والدائنين تعرض أرصدة كل الموردين من الدفتر، وفواتير الموردين وتقادمها، وسجل المدفوعات، بصلاحيات accounting.payables.*؛ مع توضيح أن القيد الدائن ليس بالضرورة دفعة نقدية.,,دفتر المورد، الفواتير، المدفوعات,شاشة وتقارير قابلة للتصدير,قائمة الموردين ← تفاصيل المورد ← فواتيره ومدفوعاته ← إجراء سداد (REQ-P2P-016),—,زر السداد بصلاحية accounting.payables.pay فقط,بافتراض مستخدم بصلاحية القراءة فقط، عندما يفتح صفحة الدائنين، فإنه يرى الأرصدة والأعمار ولا يرى زر السداد. | بافتراض سداد مسجل للمورد أ، عندما تُفتح تفاصيله، فإن السداد يظهر في سجل المدفوعات بالمبلغ والحساب والتاريخ. | بافتراض الضغط على زر السداد، عندما يُرسل الطلب، فإن الخادم يقبله (لا 404) ويُحدَّث الرصيد المعروض.,PARTIAL,PARTIAL,Unknown,[B] payables/page.tsx (قراءة)؛ [C] payables/page.tsx:344 (سداد إلى route غير مسجل)؛ supplier-accounts/page.tsx [B][C],GET supplier-ledger/payables، payables/:supplierId، :supplierId، :supplierId/balance [B][C] supplier-ledger.controller.ts:16-42,apps/accounting/src/modules/supplier-ledger/supplier-ledger.service.ts:44-292 [B][C],,,,العرض والكشف موجودان (ادعاء B5a-0083 «Placeholder» قديم)؛ لا سجل مدفوعات في BASELINE؛ زر السداد في CURRENT يعطي 404 (ARC-05).,المحاسب لا يرى المدفوع ولا يستطيع السداد من النظام.,P2,تشغيلي يومي مع بديل يدوي.,REQ-P2P-016 | REQ-P2P-018,,,ARC-05,Read model لكل مورد: balance، invoicesOutstanding، overdue، lastPaymentAt؛ صلاحيات accounting.payables.read/pay في كتالوج IAM.,DAR-04 | DAR-05 | DAR-13,REQ-P2P-016 | REQ-P2P-018 | REQ-P2P-022,,docs/audit/22-production-remediation-master-plan.md:142 (2026-09-13; B6b-0091) | docs/PROMPT-P1-P3-IMPLEMENTATION.md:128-130 (unknown; B5a-0182)
REQ-P2P-020,C3,بيانات المورد المالية لدورة الشراء: النوع، العملة الافتراضية، أيام الدفع، الرقم الضريبي، البيانات البنكية,INFERRED_NEEDS_APPROVAL,AI agent / design doc (unknown decider),Procure-to-Pay,مسؤول بيانات الموردين,التمييز بين موردي البضاعة وموردي الخدمات (شحن، تخليص، تأمين، جمارك) ودعم الدفع والضريبة.,يحمل المورد نوعًا (بضائع/وكيل شحن/مخلص/تأمين/معمل/أخرى) وعملة افتراضية وأيام سداد ورقم تسجيل ضريبي وبيانات بنكية، مع مورد نظامي CUSTOMS_AUTHORITY، ونشر حدث SupplierUpdated؛ ولا تُدخل أرقام ضريبية/بنكية مخمنة.,BR-P2P-37,بيانات المورد,مورد مصنف + حدث,إنشاء/تعديل ← تحقق ← حدث SupplierUpdated لنماذج القراءة,تعديل البيانات البنكية بصلاحية منفصلة وسجل تدقيق,تغيير البنك يحتاج موافقة ثانية (مقترح),بافتراض مورد نوعه FREIGHT_FORWARDER، عندما تُسجل له فاتورة شحن، فإنها تُقبل كفاتورة خدمات. | بافتراض تعديل البيانات البنكية لمورد، عندما يُحفظ، فإن سجل التدقيق يحمل القيمة السابقة والجديدة والفاعل. | بافتراض تعديل مورد، عندما يُحفظ، فإن حدث SupplierUpdated يُنشر مرة واحدة.,NOT_IMPLEMENTED,NOT_IMPLEMENTED,Unknown,[B][C] suppliers/page.tsx (نموذج: «بيانات تجارية أساسية فقط — بدون أرصدة افتتاحية أو شروط مالية»),[B][C] products suppliers.controller.ts POST/PATCH,,[B][C] products Supplier(id، code، nameAr، nameEn، phone، email، address، creditLimit، isActive، createdAt),لا SupplierUpdated [B][C],,لا نوع ولا عملة ولا شروط ولا ضريبة ولا بنك؛ قرار سابق (ERP-DATA-GAP §10) بعدم الإضافة يتعارض مع وثائق لاحقة (DEC-P2P-10).,مستحقات الخدمات اللوجستية لا يمكن تسجيلها لمورد مصنف؛ لا بيانات دفع بنكي.,P3,تمكين لاحق لمتطلبات الدفع والتكاليف؛ لا يمنع العمل اليوم.,DEC-P2P-10,DEC-P2P-10,هل يُضاف تصنيف ونوع وبيانات مالية للموردين الآن؟,,Supplier: type enum، defaultCurrency FK، paymentTermCode، taxRegistrationNo (unique nullable)، bank details في جدول منفصل بصلاحية وسجل تدقيق؛ حدث SupplierUpdated بإصدار. (ملكية الموديل: Products/C4),DAR-05 | DAR-06 | DAR-07 | DAR-10 | DAR-12 | DAR-14,REQ-P2P-009 | REQ-P2P-021 | REQ-P2P-030,,docs/PROMPT-P1-P3-IMPLEMENTATION.md:113 (unknown; B5a-0175) | docs/P1-AUDIT.md:116 (2026-09-24; B2-0111)
REQ-P2P-021,C3,المورد كيان رئيسي منفصل عن المصنّع ويُوسَّع ملفه القائم,INFERRED_NEEDS_APPROVAL,AI agent,Procure-to-Pay,مسؤول البيانات الرئيسية,سلسلة التوريد: صاحب العلامة/المورد يختلف عن مصنع المنتج.,يبقى المورد (الطرف المالي: أوامر الشراء، الفواتير، التشغيلات، الحركات) كيانًا منفصلًا عن ProductManufacturer، ويُوسع ملفه الحالي بدل إنشاء ملف موازٍ.,BR-P2P-36,,,,,,بافتراض منتج مصنعه Fine Foods ومورده Alfasigma، عندما يُنشأ أمر شراء، فإن المورد في الأمر Alfasigma ويظل المصنع في بيانات المنتج Fine Foods. | بافتراض ملف مورد، عندما يُعرض، فإنه شاشة واحدة (لا ملف موازٍ) تجمع بياناته المالية والتشغيلية.,IMPLEMENTED,IMPLEMENTED,Unknown,[B][C] apps/web/app/dashboard/suppliers/[id]/page.tsx (PartyProfile kind=supplier),,,[B][C] products: Supplier وProductManufacturer موديلان منفصلان (schema_cur.json),,,متوافق.,—,P4,متحقق؛ يُحفظ كقاعدة تصميم.,,,,,Supplier وProductManufacturer جدولان منفصلان؛ لا FK إلزامي بينهما؛ (ملكية: Products/C4).,DAR-05,REQ-P2P-020 | REQ-P2P-022,,docs/roadmap/2026-09-19-operations-expansion-ar.md:55 (2026-09-19; B1-0295)
REQ-P2P-022,C3,قائمة الموردين وملف المورد 360: أوامر الشراء، الفواتير، الحركات، التشغيلات، الرصيد المستحق,OWNER_DECISION,unnamed owner (backlog 2026-09-20),Procure-to-Pay,المشتريات/المالية,رؤية موحدة لعلاقة الشركة بكل مورد.,قائمة موردين بفلتر الحالة (نشط/غير نشط/الكل، افتراضي نشط)، وصفحة تفاصيل تجمع أوامر الشراء والفواتير وحركات الدفتر والتشغيلات والرصيد المستحق، كل قسم بصلاحيته، مع توضيح أن القيد الدائن ليس بالضرورة دفعة نقدية.,,,شاشة المورد,القائمة ← التفاصيل ← الأقسام حسب الصلاحية,قسم بلا صلاحية يُخفى أو يعرض رسالة لا يكسر الصفحة,,بافتراض مورد غير نشط، عندما يُختار فلتر «الكل»، فإنه يظهر في القائمة. | بافتراض مستخدم بلا accounting.matching.read، عندما يفتح ملف المورد، فإن قسم أوامر الشراء لا يُحمَّل وباقي الأقسام تعمل. | بافتراض مورد له 3 أوامر و2 فواتير، عندما يُفتح ملفه، فإن الأقسام تعرض 3 و2 والرصيد من دفتر المورد.,IMPLEMENTED,IMPLEMENTED,Unknown,[B][C] apps/web/components/party-profile.tsx:41-45؛ suppliers/page.tsx:50 (فلتر الحالة),GET /api/products/suppliers?status، /:id، /:id/batches [B][C] suppliers.controller.ts,[B][C] products suppliers.service.ts:14 (status),,,,منفذ؛ قسم المدفوعات غير موجود لأن السداد غير متاح (REQ-P2P-016).,—,P4,منفذ.,REQ-P2P-016,,,,Read models في المحاسبة مفهرسة بـsupplierId (PO، فواتير، دفتر)؛ products batches.supplierId مفهرس.,DAR-03 | DAR-04 | DAR-05 | DAR-17,REQ-P2P-019 | REQ-P2P-023 | REQ-P2P-024,,"docs/audit/2026-09-20-backlog-traceability-ar.md:97 (2026-09-20; B4b-0042) | docs/audit/2026-09-20-backlog-traceability-ar.md:98 (2026-09-20; B4b-0043) | docs/audit/2026-09-20-backlog-traceability-ar.md:99 (2026-09-20; B4b-0044) | docs/audit/2026-09-18-branches-deploy-review-ar.md:23,60-68 (2026-09-18; B4b-0289)"
REQ-P2P-023,C3,جهات اتصال متعددة للمورد,OWNER_DECISION,unnamed owner (backlog 2026-09-20),Procure-to-Pay,المشتريات,التواصل مع الأقسام المختلفة لدى المورد (مبيعات، شحن، جودة، حسابات).,جدول جهات اتصال للمورد: الاسم والدور والقسم وقنوات متعددة وجهة رئيسية ونشط وتاريخ التحقق، دون خلط مع مستخدمي IAM.,,بيانات جهة الاتصال,,إضافة/تعديل/تعطيل جهة اتصال,جهة رئيسية واحدة فقط لكل مورد,,بافتراض مورد له جهتا اتصال، عندما تُعلَّم الثانية رئيسية، فإن الأولى تفقد صفة الرئيسية. | بافتراض جهة اتصال معطلة، عندما يُعرض ملف المورد، فإنها تظهر كغير نشطة ولا تُحذف.,NOT_IMPLEMENTED,NOT_IMPLEMENTED,Unknown,لا يوجد [B][C],لا يوجد,,لا SupplierContact في products [B][C]؛ Supplier.phone/email مفرد,,,غير موجود.,بيانات اتصال الموردين خارج النظام.,P4,تحسين بيانات رئيسية.,,,,,SupplierContact(id، supplierId FK، name، role، department، channels JSON/جدول فرعي، isPrimary، isActive، verifiedAt)؛ partial unique (supplierId) WHERE isPrimary. (ملكية: Products/C4),DAR-03 | DAR-06,REQ-P2P-022,,docs/audit/2026-09-20-backlog-traceability-ar.md:100 (2026-09-20; B4b-0045) | docs/roadmap/2026-09-19-operations-expansion-ar.md:56 (2026-09-19; B1-0296)
REQ-P2P-024,C3,دورة حياة المورد: إضافة، تعديل، أرشفة، استعادة، تصدير؛ دون حذف مادي لمورد له تاريخ,INFERRED_NEEDS_APPROVAL,AI agent,Procure-to-Pay,مسؤول بيانات الموردين,إدارة الموردين دون فقد التاريخ المالي والتشغيلي.,إضافة/تعديل/أرشفة/استعادة المورد بصلاحيات من كتالوج IAM؛ الإجراءات الجماعية بمعاينة ثم تأكيد بسبب وحد أقصى؛ تصدير المحدد Excel/CSV/PDF؛ لا حذف مادي لمورد له حركة/فاتورة/تشغيلة؛ الأرشفة لا تمحو التاريخ.,BR-P2P-27,,,أرشفة بسبب ← المورد غير نشط ← يظهر بفلتر «الكل» ← استعادة,أرشفة مورد مؤرشف = لا تغيير (idempotent),,بافتراض مورد له فواتير، عندما يُؤرشف، فإن فواتيره وحركاته تبقى قابلة للعرض ويُسجل SUPPLIER_ARCHIVED في التدقيق. | بافتراض أي مورد، عندما يُطلب حذفه، فإنه لا يوجد مسار حذف مادي. | بافتراض تحديد 3 موردين، عندما يُصدَّرون، فإن الملف يحوي 3 صفوف فقط.,PARTIAL,PARTIAL,Unknown,[B][C] suppliers/page.tsx (إضافة، تعديل، selectable، تصدير exportFormats؛ bulkActions فارغة),[B][C] POST/PATCH suppliers؛ [C] PATCH /:id/archive (products.suppliers.archive) suppliers.controller.ts:43، GET /export :15؛ لا DELETE [B][C],[C] products suppliers.service.ts:64-75 (أرشفة/استعادة + AuditLog),Supplier.isActive,,,BASELINE بلا أرشفة؛ CURRENT أرشفة/استعادة فردية بتدقيق؛ لا إجراءات جماعية بمعاينة وسبب.,محدود.,P4,تحسين إداري.,,,,,Supplier.isActive + archivedAt/archivedBy/archiveReason؛ منع DELETE على مستوى الصلاحيات وقيود FK RESTRICT من الجداول المرتبطة. (ملكية: Products/C4),DAR-04 | DAR-15,REQ-P2P-022,,docs/roadmap/2026-09-19-operations-expansion-ar.md:58 (2026-09-19; B1-0298) | docs/roadmap/2026-09-19-operations-expansion-ar.md:10 (2026-09-19; B1-0279)
REQ-P2P-025,C3,تغيير حد ائتمان المورد إجراء رقابي بصلاحية منفصلة وسجل تدقيق، لا عبر استيراد عام,DOCUMENTED_REQ,phase1 data-io doc + company business-operations doc,Procure-to-Pay,المدير المالي,التحكم في سقف التعرض لكل مورد.,يُعدَّل حد ائتمان المورد فقط عبر مسار مخصص بصلاحية products.suppliers.credit-limit.update مع سجل تدقيق للقيمة قبل وبعد، ولا يوجد مستورد موردين يمرر الحد.,BR-P2P-28,حد جديد,حد محدث + سجل,,,صلاحية منفصلة عن تعديل المورد,"بافتراض مستخدم يملك products.suppliers.update فقط، عندما يحاول تعديل الحد، فإن الاستجابة 403. | بافتراض تعديل الحد من 100,000 إلى 150,000، عندما يُحفظ، فإن سجل التدقيق يحمل القيمتين والفاعل والوقت.",PARTIAL,PARTIAL,Unknown,[B][C] receive-stock-modal.tsx (تنبيه تجاوز الحد فقط),PATCH /api/products/suppliers/:id/credit-limit [B] suppliers.controller.ts:32 [C] :48,[B] products suppliers.service.ts:65-69؛ [C] :82-86 (تحديث بلا auditLog صريح؛ AuditInterceptor عام فقط),Supplier.creditLimit,,,الصلاحية المنفصلة موجودة ولا مستورد موردين؛ لا صف تدقيق صريح بالقيمة قبل/بعد في الخدمة.,تغيير الحد غير قابل للتتبع بدقة.,P3,الحد استشاري فقط (تنبيه).,,,هل حد ائتمان المورد تنبيه فقط أم يجب أن يمنع الاستلام؟,,AuditLog(entity=Supplier، field=creditLimit، before، after، actorId) لكل تغيير. (ملكية: Products/C4),DAR-12 | DAR-20,REQ-P2P-024,,docs/phase1-master-data-data-io.md:133 (unknown; B3-0243) | Data/AB DATA/Nile ERP Business Operations.pdf:p.5 (2026-09-13; B3-0328)
REQ-P2P-026,C3,دورة شحنة الاستيراد: البيانات والحالات والمستندات والتصاريح الرقابية والسجل الزمني,DOCUMENTED_REQ,design doc (P1-AUDIT/PROMPT) — plan calls import the core activity,Procure-to-Pay,مسؤول الاستيراد/التخليص,متابعة الشحنة من الحجز حتى الاستلام في المخزن، وهو النشاط الأساسي للشركة.,شحنة استيراد مرتبطة بأمر شراء وسطوره، بحالات PLANNED→BOOKED→SHIPPED→ARRIVED_PORT→CUSTOMS_FILED→INSPECTION→CUSTOMS_RELEASED→IN_TRANSIT→RECEIVED→CLOSED مع HELD وCANCELLED، ومستندات (فاتورة تجارية، قائمة تعبئة، B/L أو AWB، شهادة منشأ، CoA، Form 4)، وقرارات رقابية (NFSA/EDA/GOEIC) برقم الملف، وETD/ETA وأيام السماح، وكل انتقال حدث غير قابل للتعديل.,BR-P2P-32,أمر الشراء، بيانات الشحن، المستندات، القرارات,شحنة بحالتها وسجلها الزمني وأحداث,إنشاء ← حجز ← شحن ← وصول ← تقديم جمركي ← فحص ← إفراج ← نقل ← استلام ← إغلاق,HELD عند الرفض/المشكلة مع عودة لمرحلة سابقة؛ إلغاء قبل الشحن؛ انتقال غير مسموح ← 400,—,بافتراض شحنة PLANNED، عندما يُطلب انتقالها مباشرة إلى RECEIVED، فإن الطلب يُرفض 400. | بافتراض أي انتقال صحيح، عندما يكتمل، فإن صف ShipmentStatusEvent يُضاف بالحالة السابقة والجديدة والفاعل ولا يمكن تعديله. | بافتراض مستخدم بصلاحية accounting.imports.read، عندما يطلب GET /api/accounting/import-shipments، فإن الاستجابة 200 (المسار مسجل). | بافتراض شحنة مرتبطة بأمر شراء، عندما تُعرض، فإن سطورها تشير لسطور الأمر بالكميات المشحونة.,NOT_IMPLEMENTED,NOT_IMPLEMENTED,Unknown,لا شاشة شحنات [B][C],[C] /api/accounting/import-shipments* mounted=False (pkg/api-inventory.csv)؛ ImportShipmentsModule غير مدرج في apps/accounting/src/app.module.ts:48-50؛ DTO من نوع any,[C] apps/accounting/src/modules/import-shipments/import-shipments.service.ts:6-12 (TRANSITIONS)، :18-27 create (shipmentNumber من العميل)، :45-62 transition,[C] ImportShipment، ImportShipmentLine، ShipmentDocument، RegulatoryClearance، ShipmentStatusEvent (schema_cur),لا أحداث outbox للشحنات [C],لا spec [C],BASELINE لا شيء. CURRENT كود خدمة وجداول لكن الوحدة غير مسجلة (404)، بلا واجهة ولا تحقق مدخلات ولا أحداث ولا ربط بالاستلام؛ ادعاء B5a-0259 «backend present» صحيح كودًا لا تشغيلًا.,النشاط الأساسي (الاستيراد) يُتابع كليًا خارج النظام.,P1,يعطل تتبع النشاط الأساسي والامتثال الرقابي.,DEC-P2P-04 | REQ-P2P-004,DEC-P2P-04,أين تُتابع الشحنات والتخليص والقرارات الرقابية اليوم (Excel، المخلص، البريد)؟,ARC-05 | DB-02,ImportShipment(number UNIQUE من تسلسل، poId FK، status enum، mode، ETD/ETA/ATA، freeTimeEndsAt، forwarder/broker supplierId FK)؛ ImportShipmentLine(poLineId FK، shippedQty، receivedQty، lot، expiry، weight، volume)؛ ShipmentDocument(type enum، number، url، verified)؛ RegulatoryClearance(authority enum، fileNo، decision enum)؛ ShipmentStatusEvent append-only.,DAR-03 | DAR-04 | DAR-06 | DAR-07 | DAR-09 | DAR-10 | DAR-14 | DAR-20,REQ-INV-059 | REQ-P2P-027 | REQ-P2P-028 | REQ-P2P-029 | REQ-SEC-053 | REQ-TRC-011,,docs/P1-AUDIT.md:132 (2026-09-24; B2-0117) | docs/BUSINESS-FLOWS-COVERAGE-P0A-ASSESSMENT.md:96-107 (2026-09-07; B4a-0005) | docs/BUSINESS-FLOWS-COVERAGE-P0A-ASSESSMENT.md:565-669 (2026-09-07; B4a-0038) | docs/PROMPT-P1-P3-IMPLEMENTATION.md:148-150 (unknown; B5a-0185) | Data/AB DATA/Nile ERP Gap Analysis.pdf:p.3 (2026-09-13; B3-0345) | docs/P1-AUDIT.md:321-331 (2026-09-24; B2-0161)
REQ-P2P-027,C3,بوابات الجمارك والرقابة: لا تقديم جمركي بلا مستندات ولا إفراج مع قرار رقابي معلق أو مرفوض,DOCUMENTED_REQ,design doc (BD-2 regulatory gate),Procure-to-Pay,مسؤول التخليص؛ الجودة/الشؤون التنظيمية,الامتثال لهيئة سلامة الغذاء (NFSA) وهيئة الدواء (EDA) وGOEIC قبل دخول البضاعة.,لا انتقال إلى CUSTOMS_FILED دون فاتورة تجارية وقائمة تعبئة وبوليصة؛ لا CUSTOMS_RELEASED مع أي قرار رقابي PENDING أو REJECTED (أو عينة بلا نتيجة)؛ القرار المرفوض ينقل الشحنة إلى HELD تلقائيًا ويُبلغ.,BR-P2P-29 | BR-P2P-30 | BR-P2P-31,المستندات والقرارات,سماح/رفض الانتقال,,HELD ← معالجة ← عودة لمرحلة التقديم/الفحص,,بافتراض شحنة ARRIVED_PORT بلا قائمة تعبئة، عندما يُطلب CUSTOMS_FILED، فإن الطلب يُرفض. | بافتراض قرار NFSA بحالة PENDING، عندما يُطلب CUSTOMS_RELEASED، فإن الطلب يُرفض. | بافتراض تسجيل قرار EDA = REJECTED، عندما يُحفظ، فإن الشحنة تنتقل إلى HELD ويُسجل حدث.,NOT_IMPLEMENTED,NOT_IMPLEMENTED,Unknown,,[C] غير مسجل (mounted=False),[C] apps/accounting/src/modules/import-shipments/import-shipments.service.ts:51-54 (فحص الإفراج مقابل PENDING/REJECTED فقط)؛ لا فحص مستندات؛ setRegulatory :68-72 لا يغير الحالة,[C] RegulatoryClearance.decision,,,البوابة الوحيدة المكتوبة (الإفراج) في وحدة غير مسجلة؛ لا بوابة مستندات؛ لا HELD تلقائي.,خطر تنظيمي: إفراج/بيع بضاعة لم تُجز رقابيًا (يخفف منه الحجر في المخزون — C4).,P1,امتثال تنظيمي.,REQ-P2P-026 | DEC-P2P-04,DEC-P2P-04,ما المستندات الإلزامية لكل جهة رقابية وكل نوع منتج (غذاء/دواء)؟,ARC-05,قواعد مستندات مطلوبة لكل انتقال (جدول إعداد)؛ RegulatoryClearance.decision enum (PENDING، SAMPLE_TAKEN، APPROVED، REJECTED)؛ فحص داخل نفس معاملة الانتقال مع قفل الصف.,DAR-09 | DAR-14,REQ-P2P-026,,docs/P1-BUSINESS-DECISION-PACK.md:310 (2026-09-24; B2-0048) | docs/PROMPT-P1-P3-IMPLEMENTATION.md:151-153 (unknown; B5a-0186)
REQ-P2P-028,C3,استلام الشحنة لكل سطر إلى الحجر بتشغيلة مرتبطة وidempotent بمفتاح الشحنة والسطر,INFERRED_NEEDS_APPROVAL,AI agent,Procure-to-Pay,أمين المخزن,ربط ما شُحن بما استُلم فعلًا في المخزن.,"استلام كل سطر شحنة ينشئ أو يطابق تشغيلة بحالة QUARANTINE ويستلمها لحوض الحجر، idempotent بـ(shipmentId, lineId)، ويحدّث receivedQty للسطر وأمر الشراء.",,سطر شحنة، تشغيلة، كمية,حركة استلام + تحديث الشحنة والأمر,شحنة IN_TRANSIT ← استلام السطور ← RECEIVED,تكرار نفس السطر لا يكرر,,"بافتراض سطر شحنة 500 وحدة، عندما يُستلم مرتين بنفس (shipmentId, lineId)، فإن حركة مخزون واحدة بـ500 تُسجل. | بافتراض استلام سطر، عندما يكتمل، فإن التشغيلة بحالة QUARANTINE وImportShipmentLine.receivedQty=500.",NOT_IMPLEMENTED,NOT_IMPLEMENTED,Unknown,,,[C] لا كاتب لـImportShipmentLine.receivedQty في apps/accounting/src/modules/import-shipments/import-shipments.service.ts,[C] ImportShipmentLine.receivedQty,,,غير موجود؛ الاستلام في المخزون لا يعرف الشحنة.,لا تتبع من الشحنة إلى التشغيلة.,P2,تتبع؛ الاستلام نفسه يعمل.,REQ-P2P-026 | REQ-P2P-008,DEC-P2P-04,,,"مفتاح فريد (shipmentId, shipmentLineId) على حركة الاستلام أو GRNLine؛ batch.shipmentLineId nullable. (الحركة المادية ملك C4)",DAR-06 | DAR-07,REQ-INV-007 | REQ-P2P-007 | REQ-P2P-008 | REQ-P2P-026,,docs/PROMPT-P1-P3-IMPLEMENTATION.md:154 (unknown; B5a-0187)
REQ-P2P-029,C3,حساب وتوزيع التكاليف الواصلة على بنود الشحنة بأنواعها وعملاتها وبدقة القرش,DOCUMENTED_REQ,design doc (P1-AUDIT landed cost design),Procure-to-Pay,محاسب التكاليف,معرفة التكلفة الحقيقية لكل وحدة مستوردة لحساب الهامش وتقييم المخزون.,تكاليف مصنفة (شحن، تأمين، جمارك، ضريبة استيراد، تخليص، أرضيات، نقل داخلي، فحص، رسوم بنكية...) لكل منها مورد خدمة وعملة وسعر صرف، تُوزع على بنود الشحنة بأساس (قيمة/كمية/وزن/حجم)، ويُحمَّل فرق التقريب على آخر بند ليطابق المجموع، وتُستبعد ضريبة الاستيراد المستردة، وتكلفة الوحدة = سعر البضاعة بالجنيه + الموزع ÷ الكمية، بحساب Decimal.,BR-P2P-33 | BR-P2P-34,شحنة/فاتورة تجارية، بنود التكاليف,تكلفة نهائية لكل سطر ووحدة,إدخال التكاليف ← محاكاة ← حفظ القسيمة,أساس توزيع بمجموع صفر ← توزيع متساوٍ أو رفض (قرار),,"بافتراض تكاليف 1,000.00 EGP على 3 بنود بالتساوي في القيمة، عندما تُوزع، فإن المجموع الموزع 1,000.00 بالضبط (333.33، 333.33، 333.34). | بافتراض تكلفة شحن 500 USD بسعر 48.50، عندما تُضاف، فإنها تُحفظ بعملتها وسعرها ومعادلها 24,250.00 EGP. | بافتراض ضريبة استيراد مستردة 14,000، عندما تُوزع التكاليف، فإنها لا تدخل في تكلفة الوحدة. | بافتراض توزيع بالحجم، عندما تُدخل أحجام البنود، فإن الحصة تتناسب مع volume_m3.",PARTIAL,PARTIAL,Unknown,[B][C] apps/web/app/dashboard/fx/page.tsx (تبويب التكاليف),"POST /api/accounting/landed-cost/simulate، /landed-cost [B][C] landed-cost.controller.ts:12,18 (صلاحيات accounting.fx.*)",[B] apps/accounting/src/modules/landed-cost/landed-cost.service.ts:53-127 (Number/float، الباقي لآخر بند :84-87)؛ [C] apps/accounting/src/modules/landed-cost/landed-cost.service.ts:54-85 (Decimal؛ BY_VALUE/QUANTITY/WEIGHT؛ الباقي :70-74)؛ لا lc-mock في النسختين (apps/accounting/src/modules/landed-cost/landed-cost.service.ts [B]:161 [C]:119),LandedCostVoucher (5 مبالغ ثابتة بالجنيه، shipmentReference نص حر، vendorInvoiceId اختياري) [B][C],,"spec exists, not run: landed-cost.service.spec.ts",5 بنود ثابتة بالجنيه بلا مورد خدمة ولا عملة لكل تكلفة ولا حجم ولا ضريبة مستردة؛ سعر صرف واحد للقسيمة؛ مرجع الشحنة نص حر؛ BASELINE بـfloat. ادعاء RTM «VERIFIED» (B5a-0028) مبالغ فيه؛ ادعاء B3-0038 عن lc-mock قديم (أزيل).,تكلفة الوحدة غير دقيقة ⇒ هامش وتقييم مخزون خاطئان.,P1,تقييم المخزون والهامش (مال).,REQ-P2P-026 | DEC-P2P-04,DEC-P2P-04,كيف تُحسب تكلفة الوحدة الواصلة اليوم قبل إدخالها يدويًا في unitCost عند الاستلام؟,ACC-21,"LandedCostCharge(voucherId، type enum، serviceSupplierId FK، currency، fxRate، amountFx، amountEgp، recoverable bool، status ESTIMATED|ACTUAL)؛ LandedCostItem بـvolume؛ قيد Σ allocated = Σ charges غير المستردة؛ shipmentId FK بدل نص حر؛ Decimal(18,4) لتكلفة الوحدة.",DAR-03 | DAR-04 | DAR-05 | DAR-10 | DAR-19 | DAR-20,REQ-P2P-026 | REQ-P2P-030,,docs/P1-AUDIT.md:134 (2026-09-24; B2-0119) | docs/PROMPT-P1-P3-IMPLEMENTATION.md:159-161 (unknown; B5a-0189) | docs/BUSINESS-FLOWS-COVERAGE-P0A-ASSESSMENT.md:80-94 (2026-09-07; B4a-0004) | docs/BUSINESS-FLOWS-COVERAGE-P0A-ASSESSMENT.md:517-563 (2026-09-07; B4a-0037)
REQ-P2P-030,C3,ترحيل التكلفة الواصلة (تقديري ← فعلي ← مرحّل) إلى تكلفة التشغيلة وقيود موردي الخدمات,INFERRED_NEEDS_APPROVAL,AI agent,Procure-to-Pay,محاسب التكاليف؛ المدير المالي (الترحيل),أن تصل التكلفة الحقيقية إلى المخزون والحسابات وأن تُسجل مستحقات موردي الخدمات.,لا يُرحَّل التوزيع إلا إذا كانت كل التكاليف ACTUAL والشحنة RECEIVED؛ الترحيل يُحدّث تكلفة وحدة التشغيلات المستلمة وينشر حدث تغيير التكلفة، وينشئ فواتير/مستحقات موردي الخدمات (أو CUSTOMS_AUTHORITY)؛ بعد الترحيل لا تعديل إلا بتكلفة تصحيحية.,BR-P2P-35,قسيمة محسوبة، حالة الشحنة,تكلفة تشغيلة، مستحقات موردي خدمات، قيد GL,ESTIMATED ← ACTUAL (فواتير الخدمات) ← POSTED,تعديل بعد الترحيل ← قسيمة تصحيحية؛ الترحيل idempotent,المرحِّل ≠ المُدخل (مقترح),بافتراض تكلفة واحدة ما زالت ESTIMATED، عندما يُطلب الترحيل، فإنه يُرفض. | بافتراض ترحيل قسيمة لشحنة RECEIVED، عندما يكتمل، فإن تكلفة الوحدة للتشغيلات المرتبطة تساوي finalUnitCostEgp وتُنشأ مستحقات موردي الخدمات بقيمتها. | بافتراض قسيمة مرحّلة، عندما يُطلب تعديل مبلغها، فإن الطلب يُرفض ويُتاح إنشاء قسيمة تصحيحية.,NOT_IMPLEMENTED,NOT_IMPLEMENTED,Unknown,,لا route ترحيل [B][C],"[B][C] apps/accounting/src/modules/landed-cost/landed-cost.service.ts createVoucher (حفظ قسيمة فقط بلا ترحيل ولا تحديث تكلفة)؛ apps/inventory transactions.service.ts:81,93 (unitCost يدوي من الاستلام)",LandedCostVoucher.status بلا ESTIMATED/ACTUAL؛ Batch بلا تكلفة,لا حدث تغيير تكلفة من المحاسبة,,القسائم سجلات حسابية فقط بلا أثر على المخزون أو التشغيلة أو GL أو دفتر الموردين (ACC-21).,تقييم المخزون وتكلفة المبيعات يعتمدان على unitCost يدوي؛ مستحقات الشحن والجمارك خارج النظام.,P1,تقييم مخزون ومستحقات (مال).,REQ-P2P-029 | REQ-P2P-020 | REQ-P2P-009 | DEC-P2P-04,DEC-P2P-04,من يدفع مستحقات الشحن والجمارك والتخليص اليوم وأين تُسجل؟,ACC-21,LandedCostVoucher.status (DRAFT، ESTIMATED، ACTUAL، POSTED، ADJUSTED)، postedAt/By؛ BatchCost(batchId، source LANDED|MANUAL، unitCost، voucherId) append-only؛ مفتاح ترحيل فريد (voucherId)؛ correctionOfVoucherId.,DAR-03 | DAR-04 | DAR-06 | DAR-07 | DAR-14 | DAR-15 | DAR-19,REQ-INV-051 | REQ-P2P-009 | REQ-P2P-016 | REQ-P2P-029,,docs/PROMPT-P1-P3-IMPLEMENTATION.md:162 (unknown; B5a-0190)
REQ-P2P-031,C3,واجهات المشتريات: أوامر الشراء، المطابقة، الشحنات (خط زمني/Kanban)، التكاليف الواصلة، ومؤشرات الشحنات,INFERRED_NEEDS_APPROVAL,AI agent,Procure-to-Pay,المشتريات/الاستيراد,تمكين فريق المشتريات والاستيراد من العمل داخل النظام.,شاشات أوامر الشراء (قائمة، تفاصيل، حالة، دورة اعتماد/إلغاء، ربط الاستلام والفاتورة)، والمطابقة، والشحنات (خط زمني، مستندات، جهات رقابية، تكاليف واصلة)، ومؤشرات الشحنات؛ بصلاحيات procurement.* أو ما يقرره المالك؛ طلبات الشراء الداخلية اختيارية.,,,,,,أزرار حسب الصلاحية,بافتراض مستخدم بصلاحية قراءة الشحنات، عندما يفتح شاشة الشحنات، فإنه يرى كل شحنة بحالتها والخط الزمني لانتقالاتها. | بافتراض أمر شراء، عندما تُفتح تفاصيله، فإن الاستلامات والفواتير والمطابقات المرتبطة تظهر. | بافتراض مستخدم بلا صلاحية الإدارة، عندما يفتح شاشة الأوامر، فإن أزرار الإنشاء/الاعتماد/الإلغاء لا تظهر.,PARTIAL,PARTIAL,Unknown,[B] purchase-orders/page.tsx (874 سطرًا)؛ [C] purchase-orders/page.tsx (880)، matching/page.tsx (35)؛ لا شاشة شحنات [B][C]؛ التكاليف في fx/page.tsx,,,,,,شاشة أوامر الشراء موجودة بلا عملة/Incoterm/طباعة (ادعاء B5a-0092 «Placeholder» قديم)؛ لا شاشة شحنات؛ صلاحيات procurement.* غير موجودة (الصلاحيات accounting.matching.*).,الاستيراد يُدار خارج النظام.,P3,واجهات تعتمد على اكتمال الخلفية.,REQ-P2P-026 | DEC-P2P-04,DEC-P2P-04,,ARC-05,لا متطلب بيانات جديد غير ما في REQ-P2P-004/026/029؛ كتالوج صلاحيات في IAM.,DAR-08 | DAR-09,REQ-P2P-001 | REQ-P2P-026 | REQ-P2P-029,,"docs/PROMPT-P1-P3-IMPLEMENTATION.md:166-168 (unknown; B5a-0192) | docs/EMPTY-PAGES-DB-IMPACT-AR.md:45,220-225 (2026-09-15; B4b-0326)"
REQ-P2P-032,C3,طباعة/حفظ أمر الشراء PDF للمورد الأجنبي وفق قالب الشركة,INFERRED_NEEDS_APPROVAL,"company file (PO template) — practice, needs owner approval",Procure-to-Pay,المشتريات,إرسال أمر رسمي للمورد من النظام بدل قالب منفصل.,إخراج أمر الشراء بقالب الشركة: إلى (المورد)، عنوان التسليم، تاريخ ورقم الأمر، تاريخ التسليم المطلوب، طريقة الشحن، شروط الدفع، بنود (رقم الصنف، الاسم، الكمية، السعر، الإجمالي باليورو)، الإجمالي بالعملة، وبيانات الشركة في التذييل؛ للطباعة أو الحفظ PDF (بالإنجليزية للموردين الأجانب).,,أمر شراء معتمد,مستند مطبوع/PDF,,لا طباعة لأمر غير معتمد,,بافتراض أمر معتمد باليورو، عندما يُطبع، فإن المستند يعرض كل حقول قالب الشركة والإجمالي بـEUR. | بافتراض أمر DRAFT، عندما تُطلب طباعته، فإن الطباعة غير متاحة أو موسومة «مسودة».,NOT_IMPLEMENTED,NOT_IMPLEMENTED,Unknown,لا طباعة في purchase-orders/page.tsx [B][C],لا route pdf/print,,,,,لا طباعة؛ القالب الخارجي هو الممارسة الحالية (مع إعادة إدخال محتملة).,ازدواج إدخال واحتمال اختلاف الأمر المرسل عن المسجل.,P3,كفاءة؛ بديل خارجي قائم.,DEC-P2P-03 | REQ-P2P-004,DEC-P2P-03,هل الطباعة مطلوبة في الموجة الأولى؟,,يحتاج حقول REQ-P2P-004 (العنوان، الشروط، طريقة الشحن)؛ بيانات الشركة من إعدادات الشركة (C8/C5).,DAR-10,REQ-P2P-004 | REQ-P2P-005,,Data/INV/purchase_order_template.html:whole file (unknown; B3-0310)
REQ-INV-001,C4,سجل المخازن: مخزن مركزي واحد، بلا مخازن وهمية، تعديل وتعطيل منضبط,DOCUMENTED_REQ,company file,Inventory / Warehouses,مدير المخزن / مسؤول البيانات الرئيسية,أن يعكس النظام المواقع الفعلية فقط حتى تكون الأرصدة قابلة للتفسير.,يجب أن يحتفظ النظام بسجل مخازن رئيسي (كود، اسم عربي/إنجليزي، GLN، نشط/غير نشط) يعكس المخزن المركزي الفعلي فقط، ويسمح بتعديله وتعطيله بصلاحية inventory.warehouses.update، ويرفض التعطيل إن وُجد رصيد onHand>0 أو حجوزات مفتوحة. المخزن بيانات رئيسية وليس رصيدًا.,BR-INV-55,"code, nameAr, nameEn, gln, isActive",Warehouse + audit WAREHOUSE_UPDATED,إنشاء مخزن → تعديل الاسم/GLN → تعطيل عند التوقف بعد تفريغ الرصيد.,تعطيل مخزن به رصيد أو حجوزات يجب أن يُرفض 409؛ GLN مكرر 409.,inventory.warehouses.create/update,AC-INV-001-1: بافتراض مخزن به رصيد onHand=10، عند طلب تعطيله، يرفض النظام بـ409 ويبقى isActive=true. | AC-INV-001-2: بافتراض مخزن بلا رصيد ولا حجوزات، عند تعطيله، يختفي من قوائم الاستلام والتحويل ويُسجّل audit بالقيمة قبل/بعد. | AC-INV-001-3: بافتراض بيانات الشركة الحالية، عند عرض قائمة المخازن، لا يظهر إلا المخزن المركزي الفعلي (لا مواقع تاريخية بلا مخزون).,PARTIAL,PARTIAL,Unknown,app/dashboard/warehouses/page.tsx [B][C]؛ [C] warehouses/[id] + components/warehouse-management-view.tsx,GET/POST /warehouses، PATCH /warehouses/:id [B][C]؛ /warehouses/export و bins [C],apps/inventory/src/modules/warehouses/warehouses.service.ts:21-46 [B] (PATCH بلا فحص رصيد عند isActive=false)؛ :25-50 [C],apps/inventory/prisma/schema.prisma:47 Warehouse [B][C],لا حدث؛ audit_logs WAREHOUSE_UPDATED,لا spec للمخازن,التعديل موجود مع audit، لكن لا يوجد حارس يمنع تعطيل مخزن به رصيد أو حجوزات؛ والتحويل لا يتحقق من isActive.,مخزن معطل قد يحمل رصيدًا مخفيًا عن القوائم فيختفي من المطابقة.,P3,مخزن واحد حاليًا؛ الخطر محدود ولا يمس المال مباشرة.,DEC-INV-01,DEC-INV-01,هل توجد مواقع تخزين فعلية غير المخزن المركزي يجب تسجيلها؟,INV-16,Warehouse(code فريد، gln فريد اختياري، isActive) مع قيد منطقي: لا isActive=false مع وجود StockBalance.onHand>0 أو InventoryReservation مفتوحة؛ audit لكل تعديل.,DAR-03 | DAR-04 | DAR-06 | DAR-09 | DAR-12,REQ-INV-002 | REQ-INV-024,,"docs/roadmap/2026-09-19-operations-expansion-ar.md:62 (2026-09-19; B1-0299) | docs/roadmap/2026-09-19-operations-expansion-ar.md:64-66 (2026-09-19; B1-0300) | docs/P1-AUDIT.md:187 (2026-09-24; B2-0136) | docs/audit/2026-09-18-master-data-enrichment-ar.md:40 (2026-09-18; B3-0075) | docs/BUSINESS-FLOWS-COVERAGE.md:36-37 (2026-09-08; B4a-0066) | docs/UI-DAY1-OPERATIONS-AUDIT.md:152,256 (2026-09-08; B5b-0089) | docs/audit/23-day1-operations-ux-consistency.md:79-93 (2026-09-08; B5b-0134)"
REQ-INV-002,C4,نوع المخزن (رئيسي/مندوب) ومسؤوله، وعهدة المندوب والتحويل إليها والبيع منها,OWNER_DECISION,owner,Inventory / Warehouses,مدير المبيعات + مدير المخزن,معرفة مكان كل وحدة لدى المندوبين ومنع البيع من عهدة مندوب آخر.,يجب نمذجة المخزون المحمول مع المندوبين (كموقع أو ككيان عهدة له مسؤول) بحيث يُخصم التحويل للمندوب من الرئيسي ويُضاف لعهدته، والبيع من العهدة يخفض عهدته فقط، ولا يُصرف طلب مندوب من عهدة مندوب آخر. طلب المالك (4): المخزن يأخذ نوعًا (رئيسي/مندوب) ومسؤولًا، ويُنشأ بزر أو تلقائيًا عند منح دور المندوب، والتحويل من الرئيسي لمخزن المندوب بإذن تحويل، وفواتير المندوب تُخصم من مخزنه. قرار لاحق للمالك (2026-09-2x): «تركه موثقًا والمضي» دون تغيير مخطط الآن.,BR-INV-52,تحويل من الرئيسي إلى عهدة مندوب؛ بيع من العهدة,أرصدة لكل عهدة,تحويل 30 للمندوب ثم بيع 4 → الرئيسي −30، العهدة +26.,إرجاع العهدة للرئيسي؛ فقد في العهدة يحتاج تسوية معتمدة.,إقرار استلام المندوب إن اشترطته العملية (غير محسوم).,AC-INV-002-1: بافتراض رصيد رئيسي 100، عند تحويل 30 لعهدة المندوب أ ثم بيع 4 منها، يكون الرئيسي 70 وعهدة أ 26 وإجمالي مواقع الشركة 96. | AC-INV-002-2: بافتراض أن للمندوب ب طلبًا، عند محاولة تخصيصه من عهدة المندوب أ، يرفض النظام التخصيص.,NOT_IMPLEMENTED,NOT_IMPLEMENTED,Unknown,,,التخصيص لا يقيّد بـ warehouseId/repId: apps/inventory/src/modules/allocation/allocation.engine.ts:75-195 [B]، :83-203 [C],Warehouse بلا custodian: schema.prisma:47-61 [B][C],,,لا كيان عهدة ولا ربط مخزن بمندوب؛ تسمية مخزن باسم مندوب لا تمنع الصرف لطلب مندوب آخر.,مخزون المندوبين خارج النظام أو غير مضبوط؛ لا يمكن مطابقة العهد.,P2,سلامة مخزون ميداني، لكن يوجد بديل يدوي (شيتات) حاليًا.,DEC-INV-01 | REQ-INV-001,DEC-INV-01 | DEC-INV-31,هل عهدة المندوب موقع مخزون أم كيان عهدة بمسؤول؟ وهل يُشترط إقرار استلام؟,,"إما Warehouse.type=REP_CUSTODY + custodianUserId، أو كيان Custody(repId, status) مع StockBalance لكل عهدة؛ قيد: التخصيص لطلب repId يقرأ عهدة نفس المندوب أو الرئيسي فقط؛ ledger بحركتي تحويل.",DAR-03 | DAR-04,REQ-INV-001 | REQ-INV-019 | REQ-INV-024 | REQ-TRC-013,,docs/REQUESTS-2026-09-25-ar.md:139-144 (2026-09-25; B1-0138) | docs/audit/2026-09-18-company-workflows-vs-erp-ar.md:30 (2026-09-18; B3-0005) | docs/audit/2026-09-18-company-workflows-vs-erp-ar.md:228 (2026-09-18; B3-0053) | Data/حسابات المخزون والخزنه 2026.xlsx:4 per-rep sheets rows 2-6 (unknown; B3-0301) | docs/audit/20-p0-p1-evidence-validation.md:167 (unknown; B6a-0279) | docs/audit/21-p0-p1-remediation.md:409-416 (2026-09-07; B6b-0020)
REQ-INV-003,C4,دفتر حركات مخزون append-only وسجل حركات قابل للتدقيق والفلترة,DOCUMENTED_REQ,auditor,Inventory / Stock ledger,أمين المخزن، المراجع الداخلي,أن يكون لكل تغيير رصيد حركة مفسِّرة (من/متى/لماذا/قبل/بعد).,كل تغيير في رصيد المخزون يجب أن يقابله صف في دفتر الحركات (نوع، كمية، سبب، فاعل، وقت الخادم، correlation)، والتصحيح بحركة تعويضية فقط؛ وصفحة الحركات تدعم فلاتر التاريخ والنوع والمخزن والتشغيلة، وتعرض رقم اللوط لا UUID، مع ترقيم صفحات وإجراء «تتبع التشغيلة».,BR-INV-29 | BR-INV-52,فلاتر batchId/type/actorId/warehouseId/from/to,قائمة حركات مرقمة,أي عملية مخزنية → صف InventoryTransaction في نفس المعاملة.,العكس متاح للتسويات فقط؛ لا تعديل أو حذف صف.,inventory.transactions.read,AC-INV-003-1: بافتراض أي استلام/صرف/تسوية/تحويل، عند الاستعلام بالـcorrelationId، يظهر صف حركة واحد على الأقل بنفس الكمية الموقعة والفاعل والوقت. | AC-INV-003-2: بافتراض 500 حركة في 60 يومًا، عند فلترة نطاق تاريخ 7 أيام ومخزن محدد، تُعاد فقط حركات النطاق مرقمة بالصفحات مع عرض lotNumber.,PARTIAL,PARTIAL,Unknown,app/dashboard/stock-movements/page.tsx [B][C] (220 سطرًا، متطابق),"GET /transactions بفلاتر batchId,type,actorId,warehouseId,before (cursor) — apps/inventory/src/modules/transactions/transactions.controller.ts:14-20 [B][C]؛ لا فلتر from/to",applySignedDelta + صف الحركة في نفس المعاملة: transactions.service.ts:41-58 [B]، :45-62 [C],InventoryTransaction schema.prisma:109-146 [C] (append-only عدا أعلام reversed),,"spec exists, not run: transactions.service.spec.ts",الدفتر نفسه منفذ؛ ينقص فلتر نطاق التاريخ في الـAPI، وبعض الحركات (حكم الحجر) بلا حدث للمحاسبة؛ عرض lotNumber في الواجهة غير متحقق.,صعوبة التدقيق الدوري وتتبع الفروق.,P2,ضعف رقابي مع وجود بديل (تصدير وفلترة يدوية).,,,,INV-06,"InventoryTransaction غير قابل للتعديل (عدا reversed*) مع type/reasonCode من قائمة مغلقة، actorId، createdAt بتوقيت الخادم، correlationId، reversalOfId؛ فهارس (warehouseId, createdAt) و(batchId, createdAt).",DAR-03 | DAR-09 | DAR-10 | DAR-11 | DAR-12,REQ-INV-006 | REQ-INV-027,,docs/BUSINESS-FLOWS-COVERAGE.md:53-54 (2026-09-08; B4a-0069) | docs/audit/23-day1-operations-ux-consistency.md:108-119 (2026-09-08; B5b-0136) | apps/inventory/README.md:5-9 (unknown; B6c-0229)
REQ-INV-004,C4,عرض الأرصدة: الفيزيائي مقابل القابل للبيع حسب المخزن/التشغيلة/الملكية,DOCUMENTED_REQ,unknown,Inventory / Stock balances,أمين المخزن، المبيعات,تمييز ما هو موجود فعليًا عما يمكن بيعه.,الرصيد الفيزيائي يشمل كل الأحواض (WAREHOUSE، QUARANTINE، DAMAGED) والأمانة لدى العملاء، والقابل للبيع هو حوض WAREHOUSE فقط، والمتاح = onHand − reserved؛ مع عرض حسب المخزن/التشغيلة/الملكية وترتيب FEFO وفلاتر (SKU، صفري، تحت الحد).,BR-INV-05,"productId, warehouseId",onHand/reserved/available لكل حوض,قراءة StockBalance + ConsignmentStock.,—,inventory.stock.read,AC-INV-004-1: بافتراض تشغيلة بها 40 في الحجر و60 في WAREHOUSE منها 10 محجوزة، عند عرض الأرصدة، يظهر الفيزيائي 100 والقابل للبيع 60 والمتاح 50. | AC-INV-004-2: بافتراض منتج تحت نقطة إعادة الطلب، عند تفعيل فلتر «تحت الحد»، يظهر المنتج في النتائج.,PARTIAL,PARTIAL,Unknown,app/dashboard/inventory/page.tsx [B][C],GET /stock، /stock/by-warehouse، /stock/summary، /stock/by-product [B][C]؛ فلتر warehouseId و/stock/export [C],apps/inventory/src/modules/stock/stock.service.ts:29 overview [B]؛ :29 مع warehouseId [C],"StockBalance(warehouseId,batchId,ownership) schema.prisma:75-92 [B][C]",,"spec exists, not run: stock.service.spec.ts",الأرصدة حسب الحوض موجودة؛ فلاتر صفري/تحت الحد/فائض غير مؤكدة في الخادم، وحدود دنيا للمنتجات غير مرتبطة بالمخزون.,قرارات شراء/بيع على عرض ناقص.,P3,تقارير وكفاءة.,,,,,"StockBalance مفتاح فريد (warehouseId,batchId,ownership) مع onHand≥0، 0≤reserved≤onHand (قيود CHECK مطلوبة)، expiryDate مشتق من Batch.",DAR-03 | DAR-04 | DAR-05 | DAR-06,REQ-INV-005 | REQ-INV-008,,docs/P1-AUDIT.md:185 (2026-09-24; B2-0134) | docs/audit/load-test-remediation-2026-09-09.md:135-149 (2026-09-09; B6a-0425)
REQ-INV-005,C4,منع الأرصدة السالبة وسلامة التزامن,INFERRED_NEEDS_APPROVAL,auditor,Inventory / Stock integrity,النظام,منع بيع أو خصم ما ليس موجودًا.,يجب منع أي رصيد سالب صراحةً: كل خصم يتحقق داخل معاملة Serializable أن الكمية ≤ onHand − reserved، ويرفض بخطأ أعمال واضح عند عدم الكفاية، ويثبت تحت التزامن.,BR-INV-04,خصم بكمية,رفض 400/409 أو رصيد محدث,applySignedDelta داخل withSerializableRetry.,تعارض تسلسل P2034 يعاد 3 مرات.,—,AC-INV-005-1: بافتراض رصيد غير محجوز 100، عند 32 طلب خصم متزامن بـ10 لكل منها، ينجح 10 بالضبط ويُرفض 22 والرصيد النهائي 0. | AC-INV-005-2: عند تشغيل استعلام stock_balances WHERE on_hand<0 OR reserved<0 OR reserved>on_hand، تكون النتيجة 0 صفوف.,IMPLEMENTED,IMPLEMENTED,Unknown,,,transactions.service.ts:41-58 [B]، :45-62 [C]؛ allocation.engine.ts reserveOnce :612-660 [B]، :667-715 [C],لا CHECK على stock_balances في أي migration [B][C] (الوحيد في inventory_cost_layers [C]),,"spec exists, not run: reservation.concurrency.spec.ts، allocation.issue.integration.spec.ts",المنع تطبيقي فقط؛ release() ليس Serializable وقد ينقص reserved مرتين (INV-15)، ولا قيد قاعدة بيانات يحمي.,احتمال نادر لـreserved سالب يفسد المتاح.,P1,سلامة المخزون؛ المطلوب منفذ لكن ينقصه قيد قاعدة بيانات.,,,,INV-15,"CHECK (on_hand>=0 AND reserved>=0 AND reserved<=on_hand) على stock_balances وconsignment_stock (available,held,...≥0).",DAR-05 | DAR-06,REQ-INV-020 | REQ-INV-022,,docs/audit/04-database.md:25 (2026-09-01; B6a-0095)
REQ-INV-006,C4,معادلة مطابقة المخزون ومهمة المطابقة الليلية,DOCUMENTED_REQ,company file,Inventory / Reconciliation,مدير المخزن، المراجع,أرصدة قابلة للتفسير ومطابقة مع الجرد الفعلي.,يجب أن يحقق كل موقع المعادلة: افتتاحي + استلام + تحويل وارد + مرتجع صالح − صرف − تحويل صادر − هالك/هدية/عينة ± تسويات معتمدة = الرصيد؛ ومهمة ليلية (03:30) تقريرية تثبت لكل (مخزن، تشغيلة) أن مجموع الأحواض = مجموع الحركات الموزونة، وأن المحجوز = الحجوزات المفتوحة، دون تصحيح آلي؛ مع مقترح مطابقة لكل حوض.,BR-INV-51 | BR-INV-52,الدفتر والأرصدة,job_runs بالانحرافات,cron 30 3 * * * → حساب → تقرير.,تقرير فقط؛ لا تصحيح آلي.,—,AC-INV-006-1: بافتراض استلام 100 إلى الحجر ثم إفراج، عند تشغيل المطابقة، لا يُبلَّغ عن أي انحراف لتلك التشغيلة. | AC-INV-006-2: بافتراض تعديل يدوي مباشر لـon_hand بـ+5 خارج النظام، عند تشغيل المطابقة، يظهر انحراف 5 للتشغيلة/المخزن المعني.,PARTIAL,PARTIAL,Unknown,,,apps/inventory/src/modules/jobs/inventory-jobs.ts:27 (cron) و:67-74 (الصيغة تحسب RECEIPT وQUARANTINE_IN معًا) [B][C],,—,"spec exists, not run: inventory-jobs.spec.ts (يحاكي SQL)",المهمة موجودة لكن صيغتها تعد استلامات الحجر مرتين فتُنتج انحرافًا كاذبًا دائمًا؛ لا مطابقة لكل حوض.,المطابقة الآلية الوحيدة غير صالحة؛ الانحراف الحقيقي لا يُميَّز.,P2,ضعف رقابي؛ بديل يدوي ممكن.,REQ-INV-003,,,INV-06,تصنيف إشارة لكل نوع حركة (signed/negated/neutral) محفوظ كبيانات مرجعية؛ أعمدة pool على الحركة لتمكين مطابقة لكل حوض.,DAR-03 | DAR-08 | DAR-13 | DAR-20,REQ-INV-003 | REQ-INV-028,,docs/audit/2026-09-18-company-workflows-vs-erp-ar.md:32 (2026-09-18; B3-0006) | Data/حسابات المخزون والخزنه 2026.xlsx:sheet الشركة(استوك) rows 2-6 (unknown; B3-0299) | docs/audit/03-domain-model.md:46 (2026-09-01; B6a-0079)
REQ-INV-007,C4,الاستلام إلى حوض الحجر افتراضيًا والاستلام المفرج بصلاحية خاصة,OWNER_DECISION,unnamed owner,Inventory / Receiving,أمين المخزن,البضاعة الواصلة موجودة فيزيائيًا لكنها غير قابلة للبيع حتى إفراج الجودة.,كل استلام بضاعة يدخل افتراضيًا حوض QUARANTINE (حركتا RECEIPT وQUARANTINE_IN) ولا يصبح قابلًا للتخصيص قبل الإفراج؛ والاستلام مباشرة إلى WAREHOUSE يتطلب صلاحية inventory.transactions.receive-released وإلا 403.,BR-INV-01,"warehouseId, productId, batchId, quantity≥1, expiryDate, supplierId, unitCost≥0, pool",StockBalance(QUARANTINE)+حركتان+GoodsReceived,تسجيل التشغيلة → استلام في الحجر → GoodsReceived → المحاسبة تقيد AP.,لا عكس للاستلام؛ لا idempotency (انظر REQ-INV-009).,inventory.transactions.create؛ receive-released للحوض المفرج,AC-INV-007-1: بافتراض استلام 100 بلا تحديد pool، عند الاستعلام، يكون رصيد QUARANTINE=100 وWAREHOUSE=0 وتوجد حركتا RECEIPT وQUARANTINE_IN. | AC-INV-007-2: بافتراض مستخدم بلا receive-released، عند طلب pool=WAREHOUSE، يرد النظام 403 ولا يتغير أي رصيد. | AC-INV-007-3: بافتراض تشغيلة مُفرج عنها مسبقًا، عند استلام كمية إضافية لها، تُنقل الكمية إلى حوض البيع آليًا أو تُعرض في طابور إجراء (لا تبقى مخفية في الحجر).,IMPLEMENTED,IMPLEMENTED,Unknown,components/receive-stock-modal.tsx [B][C] (C يضيف ربط PO اختياري),POST /transactions/goods-receipt [B][C],transactions.service.ts:60-110 [B]؛ :64-123 [C] (طبقة تكلفة + outbox),StockBalance.ownership QUARANTINE schema.prisma:75 [B][C],GoodsReceived: نشر مباشر [B] transactions.service.ts:93-108؛ outbox [C] :107-117,"spec exists, not run: transactions.service.spec.ts",منفذ؛ لكن الاستلام اللاحق لتشغيلة مفرج عنها يبقى في الحجر بلا إفراج آلي (INV-04)، ولا تحقق من product/batch/expiry مقابل Products (INV-08).,مخزون مخفي في الحجر ونقص وهمي في الطلبات؛ تواريخ صلاحية خاطئة تفسد FEFO.,P1,يمس سلامة المخزون والامتثال الدوائي.,REQ-INV-011 | REQ-INV-009 | DEC-INV-02,DEC-INV-02 | DEC-INV-33 | DEC-INV-35,,INV-04 | INV-08 | INT-01,GoodsReceipt (رأس/سطور مستقبلًا) مرتبط بـbatchId صالح في Products مع productId مطابق؛ expiryDate من Batch لا من العميل؛ ledger RECEIPT+QUARANTINE_IN بنفس correlationId.,DAR-03 | DAR-11 | DAR-14,REQ-INV-008 | REQ-INV-013 | REQ-INV-018 | REQ-P2P-028,,Data/AB DATA/Nile ERP Business Operations.pdf:p.1 (2026-09-13; B3-0315) | docs/BUSINESS-FLOWS-COVERAGE-P0A-ASSESSMENT.md:150-168 (2026-09-07; B4a-0009) | docs/audit/2026-09-20-backlog-traceability-ar.md:90 (2026-09-20; B4b-0040) | docs/P0-IMPLEMENTATION-PLAN.md:153-158 (unknown; B5a-0111)
REQ-INV-008,C4,إنفاذ الحجر من الخادم: فقط حوض WAREHOUSE قابل للتخصيص,INFERRED_NEEDS_APPROVAL,AI agent,Inventory / Allocation,النظام,منع بيع غير المفرج عنه حتى عبر الـAPI.,منع تخصيص أو بيع المخزون غير المفرج عنه يجب أن يكون في الخادم: محرك التخصيص يقرأ حوض WAREHOUSE فقط، وأرصدة QUARANTINE وDAMAGED لا تدخل المتاح، والمخزون المحجوز لا يُسوّى أو يُحوَّل أو يُحجر من تحت الأمر.,BR-INV-02 | BR-INV-09,طلب تخصيص,تخصيص من WAREHOUSE فقط,allocate() → reserve() Serializable.,—,—,AC-INV-008-1: بافتراض تشغيلة رصيدها 100 في QUARANTINE فقط، عند معاينة التخصيص لطلب بـ10، لا تظهر التشغيلة ويفشل التخصيص بنقص. | AC-INV-008-2: بافتراض 20 في WAREHOUSE منها 5 محجوزة، عند إعادة الحجر، ينتقل 15 فقط ويبقى 5 محجوزًا ويُنشر QuarantineBlockedReservations.,IMPLEMENTED,IMPLEMENTED,Unknown,,,allocation.engine.ts:147-148 [B]، :155-156 [C] (ownership WAREHOUSE)؛ applySignedDelta WAREHOUSE فقط transactions.service.ts:42 [B]، :46 [C],,,"spec exists, not run: allocation.batch-policy.spec.ts، quarantine.service.spec.ts",لا فجوة جوهرية في الكود؛ الادعاءات القديمة (09-07) بعدم الإنفاذ تجاوزها التنفيذ.,—,P1,ضابط امتثال دوائي أساسي.,,,,,"ownership enum مغلق؛ التخصيص مقيد على ownership=WAREHOUSE بفهرس (productId, ownership, expiryDate).",DAR-03 | DAR-04 | DAR-17,REQ-INV-007 | REQ-INV-019,,docs/P0-IMPLEMENTATION-PLAN.md:141-147 (unknown; B5a-0110) | docs/P0-IMPLEMENTATION-PLAN.md:170-175 (unknown; B5a-0114) | docs/P0-IMPLEMENTATION-PLAN.md:252-256 (unknown; B5a-0122)
REQ-INV-009,C4,عدم تكرار الاستلام (Idempotency لكل طلب استلام),INFERRED_NEEDS_APPROVAL,AI agent,Inventory / Receiving,النظام,منع مضاعفة المخزون والدائنين عند إعادة الإرسال.,يجب قبول مفتاح Idempotency-Key لكل طلب استلام بحيث يعيد نفس المفتاح النتيجة المخزنة بدل زيادة الرصيد وقيد AP مرة ثانية.,BR-INV-49,Idempotency-Key + payload,نفس الاستجابة الأولى,بحث بالمفتاح → إن وجد يُعاد → وإلا تنفيذ وحفظ.,نفس المفتاح بحمولة مختلفة → 409.,—,AC-INV-009-1: بافتراض طلب استلام 50 بمفتاح K، عند إعادة إرساله بنفس المفتاح، يبقى الرصيد +50 مرة واحدة ويوجد حدث GoodsReceived واحد. | AC-INV-009-2: عند إرسال المفتاح K بكمية مختلفة، يرد النظام 409 دون أي حركة.,NOT_IMPLEMENTED,NOT_IMPLEMENTED,Unknown,,POST /transactions/goods-receipt,apps/inventory/src/modules/transactions/dto/goods-receipt.dto.ts (لا مفتاح) [B][C]؛ مقارنة: transfers تتطلب idempotencyKey transfers.service.ts:51,,,,لا مفتاح؛ النقر المزدوج أو إعادة المحاولة بعد 5xx يضاعف المخزون وقيد الدائنين.,تضخم المخزون والدائنين.,P1,سلامة المخزون والمال.,,,,INV-09 | INT-01,عمود idempotency_key فريد على رأس الاستلام/الحركة مع hash الحمولة.,DAR-04 | DAR-05 | DAR-06 | DAR-07,REQ-INV-007 | REQ-INV-050 | REQ-NFR-012 | REQ-O2C-025 | REQ-O2C-041 | REQ-P2P-008,,"docs/P1-1C-IMPLEMENTATION-READINESS.md:59,100 (2026-09-24; B2-0184)"
REQ-INV-010,C4,خانة «عدد التالف» لكل سطر استلام,OWNER_DECISION,owner,Inventory / Receiving,أمين المخزن,فصل التالف عند الوصول عن المسار العادي.,لكل سطر استلام خانة «عدد العلب التالفة»؛ العدد يدخل حالة «تالف» مباشرة والباقي يمشي في المسار العادي (الحجر).,,"quantity, damagedQty ≤ quantity",DAMAGED += damagedQty؛ QUARANTINE += quantity − damagedQty,استلام 100 منها 3 تالف → حجر 97، تالف 3 → فرز التالف.,damagedQty > quantity مرفوض.,أمين المخزن,AC-INV-010-1: بافتراض استلام 100 منها 3 تالفة، عند الحفظ، يصبح QUARANTINE=97 وDAMAGED=3 وكلاهما مرتبط بنفس سطر الاستلام. | AC-INV-010-2: عند إدخال damagedQty=101 لكمية 100، يُرفض الطلب 400.,NOT_IMPLEMENTED,NOT_IMPLEMENTED,Unknown,receive-stock-modal.tsx بلا خانة تالف [B][C],,goods-receipt.dto.ts بلا damagedQty [B][C],,,,غير موجود؛ الاستلام يُدخل الكل إلى الحجر.,التالف عند الاستلام يختلط بالحجر ويتأخر قرار المطالبة.,P2,طلب صاحب النظام؛ يوجد بديل (نقل يدوي إلى DAMAGED).,REQ-INV-040,,,INV-11,سطر استلام بحقل damagedQty مع قيد 0≤damagedQty≤quantity وحركة QUARANTINE→DAMAGED مرتبطة.,DAR-04,REQ-INV-007 | REQ-INV-040 | REQ-P2P-008,,docs/REQUESTS-2026-09-25-ar.md:167-168 (2026-09-25; B1-0145)
REQ-INV-011,C4,سجل التشغيلات ودورة حياتها وإنشاؤها وتصحيح بياناتها,DOCUMENTED_REQ,auditor,Quality / Batches,الجودة,تشغيلة واحدة موثوقة لكل (منتج، لوط) يعتمد عليها FEFO والاستدعاء.,"سجل تشغيلات فريد على (productId, lotNumber) بحالات QUARANTINE/RELEASED/EXPIRED/REJECTED/RECALLED، مع زر «تشغيلة جديدة» وخطوة استلامها، وتصحيح اللوط وتاريخ التصنيع والانتهاء فقط والتشغيلة في QUARANTINE وقبل أي حركة مخزنية بصلاحية products.batches.update مع حدث BatchUpdated.",BR-INV-53 | BR-INV-54,"productId, lotNumber, manufactureDate, expiryDate",Batch(QUARANTINE),إنشاء → QC → إفراج/رفض.,تصحيح بعد أي حركة → 400.,products.batches.create/update,"AC-INV-011-1: بافتراض تشغيلة (P1, L1) موجودة، عند إنشاء (P1, L1) مرة أخرى، يرفض النظام بتعارض. | AC-INV-011-2: بافتراض تشغيلة في QUARANTINE بلا حركات، عند تصحيح تاريخ الانتهاء، يُحفظ ويُنشر BatchUpdated ويتحدث expiryDate في أرصدة المخزون. | AC-INV-011-3: بافتراض تشغيلة لها حركة استلام، عند محاولة التصحيح، يُرفض 400.",PARTIAL,PARTIAL,Unknown,app/dashboard/batches/page.tsx [B] بلا زر إنشاء؛ [C] زر «تشغيلة جديدة» :123 + components/create-batch-modal.tsx,POST /batches؛ لا PATCH /batches/:id [B][C] — batches.controller.ts:14-40,apps/products/src/modules/batches/batches.service.ts:47 create [B][C],"Batch @@unique([productId, lotNumber]) apps/products/prisma/schema.prisma:224 [B][C]",BatchCreated,"spec exists, not run: batches.service.spec.ts",لا تصحيح للتشغيلة؛ المخزون يقبل batchId نصيًا وتاريخ انتهاء من العميل دون تحقق؛ انتقالات حالة مشكوك فيها (EXPIRED→QUARANTINE→RELEASED).,تاريخ صلاحية خاطئ لا يمكن تصحيحه إلا بتدخل قاعدة بيانات.,P2,سلامة بيانات رئيسية مع بديل يدوي.,,,,INV-08 | INV-03,"Batch(productId, lotNumber) فريد؛ آلة حالات مقيدة بتحديث شرطي؛ نسخة/version للتصحيح مع audit قبل/بعد؛ المخزون يشتق expiryDate من Batch.",DAR-03 | DAR-04 | DAR-06 | DAR-07 | DAR-11 | DAR-12 | DAR-14 | DAR-15,REQ-INV-007 | REQ-INV-012,,"docs/BACKEND-DATA-IO-STANDARD.md:62 (unknown; B3-0257) | docs/UI-DAY1-OPERATIONS-AUDIT.md:154,257 (2026-09-08; B5b-0090) | apps/products/README.md:5-8 (unknown; B6c-0234)"
REQ-INV-012,C4,سجل فحص الجودة (QC) لكل تشغيلة وتعديله في الحجر فقط,DOCUMENTED_REQ,AI agent,Quality / QC,مسؤول الجودة,إثبات أساس قرار الإفراج.,لكل تشغيلة سجل فحص: تاريخ ومن أخذ العينة، المعمل، رقم CoA ورابطها، تقرير الاختبار، النتيجة (PENDING/PASS/FAIL/CONDITIONAL)، بنود المواصفة والقيمة الفعلية، ملاحظات، المقرر ووقته، التوقيع؛ يُعدل فقط والتشغيلة في الحجر؛ مع ربط الإفراج الداخلي بالإفراج الرقابي وموقع حجر فعلي.,BR-INV-07,حقول QC,BatchQcRecord,إنشاء سجل PENDING → تحديث النتيجة → تجميد بعد القرار.,تعديل بعد الإفراج/الرفض → 409.,products.batches.qc,AC-INV-012-1: بافتراض تشغيلة RELEASED، عند تعديل سجل QC لها، يرد النظام 409 «frozen». | AC-INV-012-2: بافتراض سجل QC، عند حفظه، تُحفظ coaNumber وlabName وresult وdecidedBy وdecidedAt.,PARTIAL,PARTIAL,Unknown,components/quality/qc-drawer.tsx [B][C],GET/POST /batches/:id/qc، PATCH /batches/:id/qc/:qcId [B][C],batches.service.ts:99-140 (تجميد :122) [B][C],BatchQcRecord apps/products/prisma/schema.prisma [B][C],,"spec exists, not run: batches.qc.spec.ts",السجل وتجميده منفذان؛ لا ربط بالإفراج الرقابي (الهيئة) ولا منطقة حجر فعلية؛ الملفات روابط نصية.,دليل امتثال ناقص أمام الجهة الرقابية.,P2,امتثال مع بديل ورقي.,,,هل يلزم تسجيل إفراج الهيئة (رقم/تاريخ) قبل الإفراج الداخلي؟,,BatchQcRecord غير قابل للتعديل بعد القرار؛ مرفقات في تخزين آمن؛ حقل regulatoryReleaseRef اختياري.,DAR-04 | DAR-12 | DAR-13 | DAR-14,REQ-INV-013,,Data/AB DATA/Nile ERP Business Operations.pdf:p.4 (2026-09-13; B3-0324) | docs/P0-IMPLEMENTATION-PLAN.md:186-212 (unknown; B5a-0115) | docs/P0-IMPLEMENTATION-PLAN.md:217 (unknown; B5a-0116)
REQ-INV-013,C4,إفراج/رفض التشغيلة بقرار جودة موثق,INFERRED_NEEDS_APPROVAL,AI agent,Quality / Release,مسؤول الجودة,لا بيع قبل قرار جودة صريح.,الإفراج يتطلب أن تكون التشغيلة في QUARANTINE وسجل QC بنتيجة PASS/CONDITIONAL، ويُسجل من أفرج ومتى والملاحظة ورقم السجل؛ التوقيع الإلكتروني إلزامي إذا فُعّل QC_RELEASE_REQUIRES_SIGNATURE؛ الرفض بسبب مكتوب مرتبط بسجل الفحص يحوّل الحالة إلى REJECTED.,BR-INV-06 | BR-INV-08,"qcRecordId, note, signatureId",Batch RELEASED/REJECTED + حدث,PASS → release → BatchReleased → نقل المخزون.,بلا QC PASS → 400؛ FAIL → 400؛ وضع legacy ينشئ PASS آليًا إن QC_RELEASE_REQUIRES_QC=false.,products.batches.release؛ products.batches.qc؛ توقيع QC_RELEASE,AC-INV-013-1: بافتراض تشغيلة بلا سجل PASS وQC_RELEASE_REQUIRES_QC=true، عند الإفراج، يرد 400 ولا تتغير الحالة. | AC-INV-013-2: بافتراض سجل PASS، عند الإفراج، تصبح RELEASED وتسجل releasedBy/releasedAt وتظهر الكمية في التخصيص خلال 60 ثانية. | AC-INV-013-3: بافتراض QC_RELEASE_REQUIRES_SIGNATURE=true، عند الإفراج بلا signatureId، يرد 400.,IMPLEMENTED,IMPLEMENTED,Unknown,,POST /batches/:id/release|reject [B][C],batches.service.ts:145-198 [B][C]؛ env.qc.releaseRequiresQc افتراضي true في الإنتاج apps/products/src/config/env.ts:66,,BatchReleased/BatchRejected نشر مباشر بعد التحديث,"spec exists, not run: batches.qc.spec.ts",منفذ؛ التوقيع اختياري ولا يُتحقق منه مقابل IAM؛ النشر بلا outbox فقد يضيع الحدث ولا يمكن إعادة الإفراج (INV-03).,تشغيلة مفرج عنها تبقى غير قابلة للبيع في المخزون، أو العكس.,P1,امتثال دوائي ويمس توافر المخزون.,DEC-INV-04,DEC-INV-04 | DEC-INV-35,هل التوقيع الإلكتروني إلزامي للإفراج في الإنتاج؟,INV-03,Batch.status بآلة حالات وتحديث شرطي؛ releasedBy/At، rejectedReason، qcRecordId المرجعي، signatureId صالح في IAM؛ outbox للحدث في نفس المعاملة.,DAR-03 | DAR-07 | DAR-12 | DAR-14 | DAR-15,REQ-INV-012 | REQ-INV-014 | REQ-SEC-015,,docs/P0-IMPLEMENTATION-PLAN.md:218-221 (unknown; B5a-0117) | docs/P0-IMPLEMENTATION-PLAN.md:222-224 (unknown; B5a-0118) | docs/P0-IMPLEMENTATION-PLAN.md:351 (2026-09-08; B5a-0137)
REQ-INV-014,C4,قرارات الجودة تحرك المخزون بين الأحواض تلقائيًا,INFERRED_NEEDS_APPROVAL,AI agent,Quality / Quarantine,النظام,تطابق حالة التشغيلة مع حوض المخزون.,الإفراج ينقل من الحجر إلى WAREHOUSE ويرفع الحظر غير الخاص بالاستدعاء؛ إعادة الحجر/الانتهاء تنقل غير المحجوز فقط من WAREHOUSE إلى QUARANTINE وتبلّغ عن المحجوز (الأوامر → ON_HOLD_RECALL)؛ الرفض ينقل إلى DAMAGED ويحظر التشغيلة؛ كل نقل ذري بحركتين بنفس correlationId مع سبب الحجر ومن قام به؛ إعادة استلام الحدث لا تسبب نقلًا مزدوجًا.,BR-INV-09 | BR-INV-10,أحداث Batch*,حركات QUARANTINE_*,BatchReleased → moveBatch(QUARANTINE→WAREHOUSE).,الحدث المكرر: dedup بـevent_id.,النقل اليدوي بـreceive-released,AC-INV-014-1: بافتراض 20 في WAREHOUSE منها 5 محجوزة، عند BatchQuarantined، يصبح QUARANTINE=15 وWAREHOUSE=5 محجوزة، ويتحول الأمر الحامل إلى ON_HOLD_RECALL. | AC-INV-014-2: بافتراض BatchRejected، عند المعالجة، يصبح رصيد الحجر صفرًا وDAMAGED بنفس الكمية مع سبب QC_REJECT. | AC-INV-014-3: عند إعادة تسليم نفس حدث الإفراج، لا تتغير الأرصدة مرة ثانية.,IMPLEMENTED,IMPLEMENTED,Unknown,,,reservation.listener.ts:410-453 [B][C] (متطابق)؛ quarantine.service.ts:46-93 [B][C]؛ sales traceability.service.ts:135-194 [B][C],,QuarantineBlockedReservations,"spec exists, not run: reservation.listener.spec.ts، quarantine.service.spec.ts",منفذ؛ الاعتماد على حدث Products بلا outbox (INV-03) وعدم وجود حدث محاسبي للرفض (انظر REQ-INV-016).,ضياع حدث يترك المخزون في حوض خاطئ بلا آلية إعادة.,P1,امتثال وسلامة مخزون.,REQ-INV-013,,,INV-03 | INV-04,"حركات QUARANTINE_IN/RELEASE/REJECT بنفس correlationId؛ BlockedBatch(batchId, reason∈{RECALL,QUARANTINE,EXPIRED,REJECTED}) في المخزون والمبيعات.",DAR-03 | DAR-07 | DAR-11 | DAR-14,REQ-INV-008 | REQ-INV-034,,docs/BUSINESS-FLOWS-COVERAGE-P0A-ASSESSMENT.md:692-744 (2026-09-07; B4a-0041) | docs/P0-IMPLEMENTATION-PLAN.md:160-164 (unknown; B5a-0112) | docs/P0-IMPLEMENTATION-PLAN.md:165-169 (unknown; B5a-0113)
REQ-INV-015,C4,طابور الحجر الصحي والنقل اليدوي بين الأحواض في الواجهة,INFERRED_NEEDS_APPROVAL,AI agent,Quality / Quarantine,مسؤول الجودة، أمين المخزن,رؤية ما ينتظر قرار الجودة واتخاذ الإجراء.,شاشة «طابور الحجر» تعرض لكل تشغيلة أيام البقاء وآخر فحص مع إنشاء/تعديل QC ورفع CoA وأزرار إفراج/رفض؛ عمود الحوض في المخزون؛ نقل يدوي بين الأحواض؛ KPI «قيمة المخزون تحت الحجر»؛ نافذة الاستلام تنبه «سيُستلم في الحجر».,,—,—,فتح الطابور → اختيار تشغيلة → QC → إفراج.,—,products.batches.qc/release؛ inventory.transactions.receive-released للنقل,AC-INV-015-1: بافتراض 3 تشغيلات في الحجر، عند فتح الطابور، تظهر الثلاث بأيام البقاء وآخر نتيجة QC. | AC-INV-015-2: بافتراض مستخدم بصلاحية receive-released، عند نقل تشغيلة DAMAGED→QUARANTINE بملاحظة، تظهر حركتان وتُحدّث الأرصدة.,PARTIAL,PARTIAL,Unknown,app/dashboard/batches/page.tsx + components/quality/qc-drawer.tsx؛ moveBatchPool في app/dashboard/inventory/page.tsx:1178 [B]، :1206 [C],GET /batches/quarantine-queue؛ GET /quarantine/summary؛ POST /quarantine/:batchId/move [B][C],,,,,الطابور والنقل موجودان؛ KPI قيمة الحجر غير ممكن لغياب تكلفة التشغيلة في B (وفي C عبر طبقات غير موثوقة).,كفاءة.,P3,واجهة/كفاءة.,REQ-INV-051,,,INV-05,—,DAR-04 | DAR-13,REQ-INV-012 | REQ-INV-013,,docs/GAP-ANALYSIS-AR.md:116 (unknown; B4a-0146) | docs/P0-IMPLEMENTATION-PLAN.md:241-244 (unknown; B5a-0120)
REQ-INV-016,C4,نشر أحداث قرارات الحجر (إفراج/رفض) لتبني عليها المحاسبة والكميات,INFERRED_NEEDS_APPROVAL,auditor,Quality / Quarantine → Accounting,النظام,ألا تبقى ذمة مورد قائمة على بضاعة رُفضت أو أُتلفت.,يجب أن تنشر خدمة المخزون أحداث قرارات الإفراج والرفض من الحجر (بمراجع أمر الشراء والاستلام) لتعالج المحاسبة أثر الرفض على الدائنين والكميات المستلمة حسب القرار المعتمد. ويشمل ذلك أن يكون منتِج حدث quality.batch.quarantined/قرارات الجودة موثقًا ومطابقًا لعقد الأحداث (لا يوجد سياق Quality مستقل؛ Products هو المنتِج الفعلي)، أو يُعلَّم في العقد كمخطط غير منفذ.,,قرار QC,حدث QuarantineDisposition,رفض QC → DAMAGED → حدث → المحاسبة تقرر (مرتجع مورد/شطب).,—,—,AC-INV-016-1: بافتراض استلام 100 قُيّد عنه AP، عند رفض QC للتشغيلة، يُنشر حدث يحمل الكمية والمورد ومرجع الاستلام ويظهر في سجل المحاسبة خلال دقيقة. | AC-INV-016-2: بافتراض عقد الأحداث، عند مراجعته، فإن كل حدث جودة موثق له منتِج فعلي في الكود أو موسوم «مخطط غير منفذ».,NOT_IMPLEMENTED,NOT_IMPLEMENTED,Unknown,,,"quarantine.service.ts:46-93 لا publish [B][C]؛ المحاسبة تستهلك GoodsReceived وSupplierReturnCreated فقط saga-listener.service.ts:290,298 [B]، :318,361 [C]",,,,قرارات الحجر صامتة؛ AP المقيد عند الاستلام يبقى بعد إتلاف البضاعة.,تسرب مالي: دين لمورد عن بضاعة مرفوضة دون مطالبة.,P1,سلامة المال (AP).,DEC-INV-03,DEC-INV-03,ما الأثر المالي لرفض الجودة: مرتجع مورد، إشعار دائن يدوي، أم شطب؟,INV-11 | INT-01,"حدث بمفتاح (batchId, decisionId) idempotent، يحمل supplierId وreceiptRef وكمية وقيمة؛ outbox.",DAR-03 | DAR-07 | DAR-14,REQ-INV-040 | REQ-INV-050 | REQ-P2P-012,,docs/audit/01-system-inventory.md:56 (2026-09-01; B6a-0051) | docs/audit/02-architecture.md:42 (2026-09-01; B6a-0064) | docs/P0-IMPLEMENTATION-PLAN.md:249-250 (unknown; B5a-0121)
REQ-INV-017,C4,تحميل الرصيد الافتتاحي بجرد فعلي عبر إيصالات استلام لكل تشغيلة (لا استيراد أرصدة),DOCUMENTED_REQ,AI agent,Inventory / Go-live,مدير المخزن + الجودة,بداية أرصدة مثبتة وقابلة للتتبع.,الرصيد الافتتاحي يُحمَّل بجرد فعلي ثم إيصالات استلام لكل تشغيلة بصلاحيتها ثم إفراج QC (أو استلام مفرج بتوقيع)؛ ويُمنع الاستيراد العام لأرصدة/حركات المخزون والتحويلات والحجر والمرتجعات؛ والأرصدة القائمة قبل تفعيل الحجر تبقى في WAREHOUSE.,BR-INV-01,ورقة جرد,RECEIPT لكل تشغيلة,جرد → إنشاء تشغيلات → استلام → QC.,—,الجودة للإفراج,AC-INV-017-1: بعد التحميل الافتتاحي، لكل StockBalance>0 توجد حركة RECEIPT مرتبطة بتشغيلة صالحة في Products بنفس المنتج والصلاحية. | AC-INV-017-2: لا يوجد أي endpoint لاستيراد أرصدة مخزون بالجملة (فحص قائمة المسارات).,IMPLEMENTED,IMPLEMENTED,Unknown,,لا مسار استيراد أرصدة في inventory (pkg/api-inventory.csv) [B][C]؛ POST /transactions/goods-receipt,transactions.service.ts:60 [B]، :64 [C],,,,الآلية متاحة؛ حالة البيانات في الإنتاج غير معروفة (docx: جداول Products التجارية ≈0 صف — ثانوي).,بدء التشغيل بلا أرصدة يعطل البيع.,P1,يحجب التشغيل اليومي.,REQ-INV-007 | REQ-INV-013 | REQ-INV-011,,متى يتم الجرد الافتتاحي ومن يوقّع عليه؟,INV-08,كل رصيد له أصل في الدفتر (RECEIPT)؛ لا جداول مرحلية للاستيراد.,DAR-12 | DAR-20,REQ-INV-028 | REQ-OPS-008,,docs/phase1-master-data-data-io.md:135 (unknown; B3-0245)
REQ-INV-018,C4,شاشة الاستلام وسجل الاستلامات,OWNER_DECISION,unnamed owner,Inventory / Receiving,أمين المخزن,مدخل كل المخزون بشاشة واحدة واضحة.,شاشة استلام متكاملة: سجل الاستلامات بفلترة التاريخ/المورد/المخزن مع حالة الحجر وفحص الجودة، نموذج استلام (مورد/منتج/تشغيلة/كمية)، واختصارات «الإعداد المطلوب» (مخازن/تشغيلات/موردين) تفتح في تبويب جديد دون فقد بيانات النموذج.,,—,حركة RECEIPT,فتح الاستلام → نموذج → حفظ → يظهر في السجل.,—,inventory.transactions.create,AC-INV-018-1: بافتراض استلام جديد، عند الحفظ، يظهر في سجل الاستلام خلال 5 ثوانٍ بحالة «تحت الحجر». | AC-INV-018-2: عند فلترة السجل بمورد ومخزن ونطاق 30 يومًا، تظهر فقط الاستلامات المطابقة.,IMPLEMENTED,IMPLEMENTED,Unknown,"app/dashboard/receiving/page.tsx (480 سطرًا، متطابق [B][C]) مع فلاتر مخزن/حوض/أيام :79,138,303",GET /transactions?type=RECEIPT؛ POST /transactions/goods-receipt,,,,,الشاشة موجودة؛ فلتر المورد غير مؤكد في الخادم (لا معامل supplierId في GET /transactions).,كفاءة.,P3,واجهة.,DEC-INV-02,DEC-INV-02,,,supplierId مفهرس على حركة RECEIPT أو رأس GRN.,DAR-03 | DAR-17,REQ-INV-007,,"Data/AB DATA/Nile ERP Gap Analysis.pdf:p.2 (2026-09-13; B3-0342) | docs/BUSINESS-FLOWS-COVERAGE.md:48 (2026-09-08; B4a-0067) | docs/audit/2026-09-20-backlog-traceability-ar.md:86 (2026-09-20; B4b-0036) | docs/audit/2026-09-20-backlog-traceability-ar.md:88 (2026-09-20; B4b-0038) | docs/EMPTY-PAGES-DB-IMPACT-AR.md:46,219 (2026-09-15; B4b-0327) | docs/audit/23-day1-operations-ux-consistency.md:95-106 (2026-09-08; B5b-0135) | docs/audit/22-production-remediation-master-plan.md:143 (2026-09-13; B6b-0092)"
REQ-INV-019,C4,تخصيص FEFO على التشغيلات (الأمانة أولًا) مع استبعاد المنتهي والمحظور,OWNER_DECISION,unnamed owner,Inventory / Allocation,النظام,صرف الأقرب انتهاءً أولًا وربط البيع بتشغيلة فعلية.,"تتبع التشغيلات واللوط والصلاحية مع تخصيص FEFO عند البيع (لا عند التحويل): أمانة العميل أولًا ثم المخزن، بترتيب الانتهاء تصاعديًا، مع استبعاد المنتهي والمحظور، والتخصيص مرتبط فعليًا بالمخزون (OrderLineAllocation {batchId, warehouseId, quantity, source})، وطلب تشغيلة محظورة صراحةً يُرفض في الخادم.",BR-INV-02 | BR-INV-03,"productId, qty, customerId, requestedBatchId?",allocations[],allocate() → reserve().,نقص → StockReservationFailed + release.,—,AC-INV-019-1: بافتراض تشغيلتين تنتهيان 2027-01 و2026-12 في WAREHOUSE، عند طلب 10، يُخصص من تشغيلة 2026-12 أولًا. | AC-INV-019-2: بافتراض أمانة للعميل من نفس المنتج، عند طلبه، تُستهلك الأمانة قبل المخزن. | AC-INV-019-3: بافتراض requestedBatchId لتشغيلة مستدعاة، عند التخصيص، يرفض الخادم ويُسجل audit.,IMPLEMENTED,IMPLEMENTED,Unknown,معاينة التخصيص في تفاصيل الأمر,POST /allocation/preview، /validate-batch,allocation.engine.ts:75-195 [B]، :83-203 [C],sales OrderLineAllocation؛ InventoryReservation schema.prisma:174 [B]، :190 [C],,"spec exists, not run: allocation.batch-policy.spec.ts",منفذ؛ لا حد أدنى للصلاحية المتبقية عند البيع (غير مقرر).,—,P1,جوهر الامتثال الدوائي.,,DEC-INV-31,,,"InventoryReservation(orderId, batchId, warehouseId, source, quantity, expiryDate snapshot)؛ BlockedBatch مفحوص داخل المعاملة.",DAR-03 | DAR-11,REQ-INV-008 | REQ-INV-020 | REQ-O2C-028 | REQ-O2C-057,,Data/AB DATA/Nile ERP Business Operations.pdf:p.3 (2026-09-13; B3-0321) | docs/audit/2026-09-20-backlog-traceability-ar.md:78 (2026-09-20; B4b-0033) | apps/inventory/README.md:12-20 (unknown; B6c-0230)
REQ-INV-020,C4,حجز المخزون لكل أمر مع منع البيع المزدوج ومصدر حجز وحيد,INFERRED_NEEDS_APPROVAL,AI agent,Inventory / Reservation,النظام,عدم بيع نفس الوحدة مرتين.,الحجز بالأمر/الوقت/الكمية/الحالة مع تحرير وانتهاء، ومنع ازدواج بيع آخر الوحدات بالتزامن؛ الحجز يتم من مسار واحد فقط (allocation)؛ حدث StockReserved المكرر لا يكرر صفوف التخصيص ولا يعيد أمرًا نهائيًا للوراء؛ فشل الحجز يُبلغ حاملي inventory.allocation.create وsales.orders.approve.any.,BR-INV-04,StockReserveRequested,StockReserved / StockReservationFailed,saga → reserve per line → event.,نقص في أي سطر → release الكل + Failed؛ إعادة الطلب لأمر محجوز → إعادة نشر StockReserved.,—,AC-INV-020-1: بافتراض 10 وحدات وأمرين متزامنين بـ10، عند الحجز، ينجح أحدهما فقط ويُنشر Failed للآخر. | AC-INV-020-2: بافتراض أمر ملغى، عند وصول StockReserved متأخر، تبقى حالته CANCELLED ويُحرر أي حجز.,PARTIAL,PARTIAL,Unknown,,,reservation.listener.ts:179-341 [B][C]؛ allocation.engine.ts reserve :596-660 [B]، :651-715 [C],,StockReserved/StockReservationFailed,"spec exists, not run: reservation.concurrency.spec.ts، reservation.listener.spec.ts",الحجز سليم؛ لكن StockReserved المتأخر يعيد إحياء أمر ملغى (SAL-02)، وكل سطر في معاملة مستقلة.,مخزون محجوز لأمر ملغى.,P1,سلامة المخزون.,REQ-INV-022,,,SAL-02 | INV-15,"InventoryReservation بحالة صريحة (OPEN/ISSUED/RELEASED) بدل علمين؛ unique(orderId, orderLineId, batchId).",DAR-03 | DAR-06 | DAR-07 | DAR-14,REQ-INV-019 | REQ-INV-021 | REQ-INV-022,,docs/roadmap/2026-09-19-operations-expansion-ar.md:68-69 (2026-09-19; B1-0302) | docs/audit/22-production-remediation-master-plan.md:416 (2026-09-13; B6b-0129)
REQ-INV-021,C4,صرف المخزون الفعلي عند الشحن (وعند الفاتورة المباشرة),INFERRED_NEEDS_APPROVAL,auditor,Inventory / Issue,أمين المخزن / الشحن,أن ينقص الرصيد الفعلي عند خروج البضاعة.,عند تعليم الأمر SHIPPED يُخصم onHand وreserved معًا مع حركة ISSUE مرتبطة بالأمر (رصيد 100 وطلب 10 → onHand=90، reserved=0)؛ حجوزات الأمانة تُكتب CONSIGN_CONSUME بلا تغيير كمية؛ والفاتورة المباشرة تحقق «الكمية = المسلَّم = أثر المخزون». والفاتورة المباشرة يجب أن تحقق «الكمية = المسلّم = أثر المخزون» أو تعرّف استثناءً صريحًا.,BR-INV-21,OrderMarkedShipped؛ issue-direct,ISSUE rows,ship() → event → issue() Serializable.,عدم كفاية → Conflict؛ إعادة الحدث → لا صرف مزدوج (issuedAt).,—,AC-INV-021-1: بافتراض onHand=100 وreserved=10 لأمر، عند الشحن، يصبح onHand=90 وreserved=0 مع حركة ISSUE واحدة بمرجع الأمر. | AC-INV-021-2: عند إعادة تسليم حدث الشحن، لا تتغير الأرصدة. | AC-INV-021-3: بافتراض فاتورة مباشرة بـ5، عند الحفظ، ينقص onHand بـ5 بحركة ISSUE مرتبطة بمفتاح الفاتورة.,IMPLEMENTED,IMPLEMENTED,Unknown,,,allocation.engine.ts issue :712-760 [B]، :767-831 [C]؛ issueDirect :277-487 [B]، :285-541 [C]؛ accounting invoices.service.ts:314 [B]، :316 [C] تستدعي issue-direct,,OrderMarkedShipped (sales orders.service.ts:1212 [B]، :1242 [C])؛ StockIssued [C] للمباشرة فقط,"spec exists, not run: allocation.issue.integration.spec.ts، direct-invoice-stock.spec.ts",الصرف الكمي منفذ؛ لا تكلفة/COGS عند شحن أوامر المبيعات (INV-07)، والشحن الجزئي غير منمذج.,COGS والهامش غير صحيحين لأوامر الـsaga.,P1,سلامة المخزون والمال.,DEC-INV-06 | DEC-INV-07 | REQ-INV-051,DEC-INV-06 | DEC-INV-07 | DEC-INV-20 | DEC-INV-30,هل تنتقل الحيازة عند الشحن أم عند التسليم؟,INV-07 | INV-02 | INV-13,حركة ISSUE مرتبطة بـreservationId/orderId، كمية وتكلفة؛ تحديث شرطي على issuedAt IS NULL.,DAR-19,REQ-INV-020 | REQ-INV-051 | REQ-O2C-030 | REQ-O2C-054 | REQ-TRC-025,,docs/INVOICE-CONCEPT-AR.md:30 (2026-09-21; B1-0222) | docs/audit/00-executive-summary.md:20 (2026-09-01; B6a-0007) | docs/audit/20-p0-p1-evidence-validation.md:130-133 (unknown; B6a-0274) | docs/audit/21-p0-p1-remediation.md:831-847 (2026-09-07; B6b-0047)
REQ-INV-022,C4,تحرير الحجز عند إلغاء الأمر (بما فيه بعد التخصيص),INFERRED_NEEDS_APPROVAL,auditor,Inventory / Reservation,النظام,ألا تبقى حجوزات عالقة تقلص المتاح.,عند sales.order.cancelled يحرر المخزون كل الحجوزات المفتوحة غير المصروفة للأمر وينشر StockReleased، ولا يعيد الحجز لأمر محجوز مسبقًا.,BR-INV-23,OrderCancelled,StockReleased,cancel → event → release().,لا شيء للتحرير → صامت.,—,AC-INV-022-1: بافتراض أمر ALLOCATED بحجز 10، عند إلغائه، يقل reserved بـ10 خلال دقيقة ويُنشر StockReleased بعدد 1. | AC-INV-022-2: بافتراض إلغاء وشحن متزامنين لنفس الأمر، لا يصبح reserved سالبًا أبدًا.,IMPLEMENTED,IMPLEMENTED,Unknown,,,allocation.engine.ts release :663-700 [B]، :718-745 [C]؛ reservation.listener.ts:100-114 [B][C]؛ sales orders.service.ts cancel :1283 [B]، :1313 [C],,StockReleased,"spec exists, not run: reservation.listener.spec.ts",منفذ؛ release غير Serializable (سباق نادر)، وتعليق المستمع يقول إن الإلغاء قبل التخصيص فقط (قديم)، وحقل السبب لا يطابق (cancellation_reason مقابل reason).,سباق نادر؛ سبب الإلغاء يُفقد في الحدث.,P1,سلامة المخزون.,DEC-INV-08,DEC-INV-08,,INV-15 | SAL-02,تحرير بتحديث شرطي داخل Serializable؛ سبب الإلغاء محفوظ على الحجز.,DAR-05 | DAR-09 | DAR-14,REQ-INV-020 | REQ-INV-035 | REQ-O2C-022,,docs/audit/00-executive-summary.md:58 (2026-09-01; B6a-0020) | docs/audit/21-p0-p1-remediation.md:905-997 (2026-09-07; B6b-0050)
REQ-INV-023,C4,الحجوزات الراكدة: اكتشاف وتنبيه بلا إفراج تلقائي,OWNER_DECISION,owner,Inventory / Reservation,مدير المبيعات + المخزن + المحاسبة,كشف الحجوزات المعطِّلة دون بيع بضاعة عميل لغيره.,لا إفراج تلقائي نهائيًا (لا ALLOCATED ولا INVOICED ولا PAID)؛ مهمة كل ساعة تكتشف الحجوزات المفتوحة غير المصروفة الأقدم من 72 ساعة، تعلّمها stale/exception وتنبه الفريق؛ أي إفراج يدوي يراجع حالة الأمر في المبيعات والفاتورة في المحاسبة أولًا ويكون transactional مع audit وStockReleased؛ وأوامر ON_HOLD_RECALL محمية. قرار المالك النهائي (أ): لا إفراج تلقائي نهائيًا؛ يسبق تصميم مسار الاستثناءات استعلام قراءة فقط لأعداد الحجوزات القديمة من الخادم (بانتظار النتيجة).,BR-INV-19 | BR-INV-20,—,StaleReservationsDetected,cron hourly → تقرير → قرار بشري.,—,إفراج يدوي بعد مراجعة المبيعات والمحاسبة,AC-INV-023-1: بافتراض حجز مفتوح عمره 73 ساعة، عند تشغيل المهمة، يظهر في التقرير ويبقى reserved دون تغيير. | AC-INV-023-2: بافتراض حجز لأمر INVOICED، عند محاولة إفراج يدوي، يطلب النظام تأكيد مراجعة الفاتورة ويسجل audit وStockReleased.,PARTIAL,PARTIAL,Unknown,,,"apps/inventory/src/modules/jobs/inventory-jobs.ts:9-16,25,94,127-134 [B][C]",,StaleReservationsDetected,"spec exists, not run: inventory-jobs.spec.ts",الاكتشاف والتنبيه منفذان دون إفراج تلقائي؛ لا تعليم stale على الحجز نفسه ولا مسار إفراج يدوي استثنائي بعد المراجعة (بانتظار نتيجة استعلام الأعداد).,الحجز الراكد يبقى بلا أداة معالجة داخل النظام.,P2,بديل يدوي (إلغاء الأمر) موجود.,REQ-INV-022,DEC-INV-09,كم عدد الحجوزات الراكدة فعليًا في الإنتاج؟ ومن يملك قرار الإفراج اليدوي؟,,"InventoryReservation.staleFlaggedAt + exceptionStatus؛ سجل قرار الإفراج اليدوي (actor, reason, orderStatusChecked, invoiceStatusChecked).",DAR-05 | DAR-06 | DAR-11 | DAR-12 | DAR-14 | DAR-17,REQ-INV-020 | REQ-INV-035 | REQ-SEC-034,,docs/DECISIONS-2026-09-25-ar.md:87 (2026-09-25; B1-0092) | docs/DECISIONS-2026-09-25-ar.md:98-100 (2026-09-25; B1-0094) | docs/DECISIONS-2026-09-25-ar.md:102-103 (2026-09-25; B1-0096) | docs/P0-IMPLEMENTATION-PLAN.md:281 (unknown; B5a-0126)
REQ-INV-024,C4,التحويل بين المخازن (ذري، تشغيلة محددة، idempotent، مُدقق),INFERRED_NEEDS_APPROVAL,AI agent,Inventory / Transfers,أمين المخزن,نقل المخزون بين المواقع دون فقد أو ازدواج.,التحويل بين مخازن متعددة مع تتبع GLN: تحقق من المصدر والوجهة والرصيد المتاح والتشغيلة، منع السالب واحترام المحجوز، معاملة Serializable، تدقيق بحركتين مرتبطتين وحدث؛ ولا يُفعّل في الإنتاج قبل تطبيق migration التحويلات والتحقق بتحويل حي.,BR-INV-31,"fromWarehouseId, toWarehouseId, batchId, quantity, idempotencyKey",Transfer + حركتا TRANSFER + StockTransferred,إنشاء → خصم المصدر → إضافة الوجهة → حدث.,المفتاح المكرر يعيد الأصل (حتى لو اختلفت الحمولة).,inventory.transfers.create,AC-INV-024-1: بافتراض 50 متاحة في المصدر، عند تحويل 20، يصبح المصدر 30 والوجهة 20 بحركتين بنفس correlationId. | AC-INV-024-2: بافتراض مخزن وجهة معطل، عند التحويل إليه، يُرفض 409. | AC-INV-024-3: عند إعادة نفس idempotencyKey بكمية مختلفة، يُرفض 409 بدل إعادة الأصل بصمت.,IMPLEMENTED,PARTIAL,Unknown,app/dashboard/inventory/page.tsx:65-72 تعليق «Inter-warehouse transfers are enabled» [B][C],GET/POST /transfers [B][C],apps/inventory/src/modules/transfers/transfers.service.ts:48-121 [B][C],Transfer schema.prisma:216 [B]، :232 [C],StockTransferred (نشر مباشر),"spec exists, not run: transfers.service.spec.ts، transfers.controller.spec.ts",منفذ ومفعل في الواجهة في النسختين؛ لا فحص isActive، والمفتاح يتجاهل الحمولة؛ في C لا تنتقل طبقات التكلفة فيفشل الصرف المباشر من الوجهة (INV-01). حالة migration في الإنتاج غير معروفة.,تحويل إلى مخزن معطل؛ في C تعطّل الفوترة المباشرة بعد التحويل.,P3,مخزن واحد فعليًا حاليًا.,DEC-INV-11 | DEC-INV-01,DEC-INV-11 | DEC-INV-01 | DEC-INV-10,,INV-01 | INT-01,Transfer(idempotencyKey فريد + payloadHash)، فحص Warehouse.isActive للطرفين، نقل طبقات التكلفة مع الكمية.,DAR-04 | DAR-06 | DAR-07 | DAR-11 | DAR-12 | DAR-14 | DAR-19,REQ-INV-001 | REQ-INV-025,,docs/audit/21-p0-p1-remediation.md:150-151 (2026-09-07; B6b-0007) | docs/audit/22-production-remediation-master-plan.md:331-334 (2026-09-13; B6b-0122)
REQ-INV-025,C4,دورة حياة التحويل (مسودة→اعتماد→إرسال→في الطريق→استلام جزئي→مكتمل),DOCUMENTED_REQ,unknown,Inventory / Transfers,أمين المخزن المرسل والمستلم,رصيد «في الطريق» ومعالجة فروق الاستلام.,دورة تحويل DRAFT→APPROVED→DISPATCHED→IN_TRANSIT→PARTIALLY_RECEIVED→COMPLETED مع رفض/اختلاف استلام بمستند ودفتر لمخزون الطريق واعتماد التحويل.,,—,—,مسودة → اعتماد → إرسال (خصم المصدر إلى IN_TRANSIT) → استلام (إضافة الوجهة).,فرق استلام → مستند فرق.,اعتماد التحويل (غير محسوم),AC-INV-025-1: بافتراض تحويل 20 مُرسل، قبل الاستلام يظهر 20 في «في الطريق» ولا يظهر في المصدر أو الوجهة. | AC-INV-025-2: عند استلام 18 فقط، يصبح التحويل PARTIALLY_RECEIVED ويُنشأ مستند فرق 2.,NOT_IMPLEMENTED,NOT_IMPLEMENTED,Unknown,,,,Transfer بلا status schema.prisma:216-226 [B]، :232-242 [C],,,التحويل فوري بلا حالات.,لا رؤية لمخزون الطريق عند وجود موقع ثانٍ.,P3,مخزن واحد حاليًا.,DEC-INV-10 | DEC-INV-01,DEC-INV-10,هل يلزم اعتماد للتحويل؟,,Transfer.status + سطور + ownership IN_TRANSIT أو جدول transit؛ ledger لكل انتقال.,DAR-03 | DAR-09 | DAR-15,REQ-INV-024 | REQ-SEC-037,,docs/roadmap/2026-09-19-operations-expansion-ar.md:67 (2026-09-19; B1-0301) | docs/P1-AUDIT.md:186 (2026-09-24; B2-0135)
REQ-INV-026,C4,تسويات المخزون بسبب محكوم واعتماد للتسويات الكبيرة وفصل مهام,DOCUMENTED_REQ,AI agent,Inventory / Adjustments,أمين المخزن (طلب)، مشرف المخزن (اعتماد),ضبط الخصم من المخزون ومنع التلاعب.,كل تسوية بحركة دفتر (نوع/كمية/سبب من قائمة مغلقة/فاعل/correlation)؛ النقص ≥50 وحدة أو أي سرقة/فقد بلا صلاحية التسوية الكبيرة يصبح طلبًا معلقًا لاعتماد مشرف؛ أمين المخزن لا يعتمد التسويات الكبيرة؛ يُمنع الاعتماد الذاتي؛ تنفيذ الاعتماد وتغيير المخزون في معاملة واحدة مع حالة الطلب؛ الحدث يحمل القيمة قبل/التغيير/بعد.,BR-INV-24 | BR-INV-25 | BR-INV-26 | BR-INV-27 | BR-INV-28,"warehouseId, batchId, direction, quantity, reasonCode, note",ADJUSTMENT أو AdjustmentRequest PENDING,تسوية صغيرة → تطبيق فوري؛ كبيرة → طلب → اعتماد/رفض.,فشل التنفيذ → الطلب يعود PENDING؛ الرفض بسبب.,inventory.adjustments.create / large.create / approve,AC-INV-026-1: بافتراض مستخدم بلا large.create، عند نقص 50 بسبب COUNT_CORRECTION، يُنشأ طلب PENDING ولا يتغير الرصيد. | AC-INV-026-2: بافتراض طلب أنشأه المستخدم س، عند محاولة س اعتماده، يُرفض 403. | AC-INV-026-3: بافتراض اعتماد ورفض متزامنين لنفس الطلب، تكون النتيجة حالة واحدة متسقة مع وجود/عدم وجود resultingTransactionId.,PARTIAL,PARTIAL,Unknown,تبويب التسويات في app/dashboard/inventory/page.tsx [B][C],POST /transactions/adjustment؛ GET/POST /transactions/adjustment-requests/:id/approve|reject [B][C],transactions.service.ts:238-247 عتبة، :275-330 اعتماد بلا فحص requestedBy، :333-360 رفض غير شرطي [B]؛ :251-262، :288-344، :346-376 [C],AdjustmentRequest schema.prisma:153 [B]، :169 [C],StockAdjusted، AdjustmentDecided,"spec exists, not run: transactions.service.spec.ts",لا منع للاعتماد الذاتي؛ الاعتماد يغيّر المخزون خارج معاملة حالة الطلب؛ الرفض غير شرطي؛ الزيادة بلا حد ولا اعتماد؛ العتبة كمية لا قيمة.,إمكانية شطب/إنشاء مخزون دون رقابة مستقلة.,P2,ضعف رقابي على المخزون مع وجود صلاحيات.,DEC-INV-23,DEC-INV-23 | DEC-INV-15,ما مصفوفة اعتماد التسويات (كمية/قيمة/زيادة)؟,INV-10 | INV-15,AdjustmentRequest(requestedBy ≠ decidedBy قيد)، حالة بتحديث شرطي، resultingTransactionId فريد، قيمة التسوية (تكلفة) للعتبة.,DAR-04 | DAR-06 | DAR-07 | DAR-08 | DAR-11 | DAR-19,REQ-INV-027 | REQ-INV-028 | REQ-INV-051 | REQ-SEC-037 | REQ-SEC-046,,docs/roadmap/2026-09-19-operations-expansion-ar.md:38 (2026-09-19; B1-0288) | docs/PRODUCTION-READINESS-P0.md:96 (2026-09-23; B6c-0074)
REQ-INV-027,C4,عكس التسوية مرة واحدة بقيد مقابل,DOCUMENTED_REQ,AI agent,Inventory / Adjustments,مشرف المخزن,تصحيح الخطأ دون تعديل الأصل.,أي تسوية يمكن عكسها مرة واحدة بسبب عبر حركة تعويضية مرتبطة (reversalOfId)، لا بتعديل الأصل.,BR-INV-29,"transactionId, reason",حركة تعويضية,reverse → صف معاكس + reversed=true.,عكس ثانٍ → 400.,inventory.adjustments.reverse (حسب الكود),AC-INV-027-1: بافتراض تسوية −5، عند عكسها، تُنشأ حركة +5 بـreversalOfId ويصبح الأصل reversed=true. | AC-INV-027-2: بافتراض طلبي عكس متزامنين، تنتج حركة تعويضية واحدة فقط.,IMPLEMENTED,IMPLEMENTED,Unknown,,POST /transactions/:id/reverse [B][C],transactions.service.ts:365-400 [B]، :378-415 [C],,,"spec exists, not run: transactions.service.spec.ts",منفذ؛ إعادة المحاولة بعد تعارض تسلسل لا تعيد فحص reversed (سباق نادر).,تعويض مزدوج نادر.,P2,سلامة مخزون، احتمال منخفض.,,,,INV-15,unique(reversalOfId) على inventory_transactions.,DAR-04 | DAR-06 | DAR-08 | DAR-09,REQ-INV-026,,Data/AB DATA/Nile ERP Business Operations.pdf:p.4-5 (2026-09-13; B3-0326)
REQ-INV-028,C4,جلسات الجرد الفعلي (دوري/كامل) بفروق معتمدة وترحيل ذري,INFERRED_NEEDS_APPROVAL,AI agent,Inventory / Stock counts,لجنة الجرد، مدير المخزن (اعتماد),مطابقة الدفتر مع الواقع بإثبات من عدّ ومتى.,جلسة جرد مرقمة مرتبطة بمخزن مع لقطة رصيد عند البدء وبنود (منتج/تشغيلة/ملكية: الدفتري × المعدود × الفرق) تفصل الحجر والتالف والأمانة؛ countedQty فارغ ≠ صفر؛ عد غير سالب؛ عد أعمى اختياري؛ سبب إلزامي لكل فرق؛ كل الفروق للاعتماد؛ منع اعتماد العداد لنفسه؛ النقص عن المحجوز يفشل؛ ترحيل ذري (قفل/نسخة + ledger لكل فرق + POSTED + outbox) بمفتاح idempotency؛ وسياسة تداخل الحركات أثناء العد.,BR-INV-27 | BR-INV-30,"warehouseId, نطاق",CountSession/CountLine + حركات ADJUSTMENT COUNT_CORRECTION,فتح (لقطة) → عد → تقديم → مراجعة → اعتماد → ترحيل.,إلغاء قبل الترحيل؛ snapshot قديم → رفض الترحيل وإعادة العد؛ إعادة الطلب بعد timeout → idempotent.,العداد ≠ المعتمد,AC-INV-028-1: بافتراض بند دفتري 100 ومعدود 97 بلا سبب، عند التقديم، يُرفض 400. | AC-INV-028-2: بافتراض جلسة معتمدة، عند الترحيل مرتين بنفس المفتاح، تُنشأ حركات الفروق مرة واحدة والجلسة POSTED. | AC-INV-028-3: بافتراض حركة صرف على بند بعد اللقطة، عند الترحيل، يُرفض أو يُعاد احتساب الفرق حسب السياسة المعتمدة دون ترحيل صامت. | AC-INV-028-4: بافتراض نقص يجعل onHand أقل من reserved، عند الترحيل، يفشل ولا تُحرر الحجوزات.,NOT_IMPLEMENTED,NOT_IMPLEMENTED,Unknown,app/dashboard/stock-counts/page.tsx = PlaceholderPage (6 أسطر) [B][C],لا endpoint,,لا CountSession/CountLine [B][C],,,غائب بالكامل؛ أقرب بديل تسوية COUNT_CORRECTION لبند واحد فوق مسار اعتماد غير ذري.,لا إثبات جرد؛ الفروق تُعالج بتسويات منفردة بلا لقطة.,P2,ضبط مخزون مهم مع بديل يدوي (تسويات + أوراق).,REQ-INV-026 | DEC-INV-12 | DEC-INV-13 | DEC-INV-14 | DEC-INV-15,DEC-INV-12 | DEC-INV-13 | DEC-INV-14 | DEC-INV-15,جلسة جرد كاملة أم شاشة تسويات مبسطة؟ وتجميد الحركات أم لقطة؟,INV-11 | INV-15,"CountSession(number فريد، warehouseId، status، snapshotAt، version، countedBy/submittedBy/approvedBy)، CountLine(productId,batchId,ownership,systemQty,countedQty NULLABLE,variance,reason)؛ قيد countedQty≥0؛ idempotency key للترحيل.",DAR-03 | DAR-04 | DAR-06 | DAR-07 | DAR-15,REQ-INV-006 | REQ-INV-017 | REQ-INV-026 | REQ-SEC-035,,"docs/roadmap/2026-09-19-operations-expansion-ar.md:25-27 (2026-09-19; B1-0283) | docs/roadmap/2026-09-19-operations-expansion-ar.md:28-30 (2026-09-19; B1-0284) | docs/roadmap/2026-09-19-operations-expansion-ar.md:31 (2026-09-19; B1-0285) | docs/roadmap/2026-09-19-operations-expansion-ar.md:34-36 (2026-09-19; B1-0287) | docs/roadmap/2026-09-19-operations-expansion-ar.md:40 (2026-09-19; B1-0289) | docs/audit/2026-09-20-ab-data-pdf-review-ar.md:169 (2026-09-20; B3-0146) | docs/EMPTY-PAGES-DB-IMPACT-AR.md:50,119-174 (2026-09-15; B4b-0331) | docs/audit/22-production-remediation-master-plan.md:145 (2026-09-13; B6b-0094)"
REQ-INV-029,C4,صرف/إرجاع الأمانة نقل ملكية محايد للمخزون وذري,DOCUMENTED_REQ,auditor,Inventory / Consignment,أمين المخزن,منع احتساب الأمانة مرتين أو اختفائها.,إضافة مخزون أمانة للعميل تتطلب مخزن مصدر وحركة ذرية تخصم من حوض WAREHOUSE (ترفض المساس بالمحجوز) مع صف CONSIGN_OUT؛ والإرجاع يعيد الوحدات إلى المخزن المصدر (الصالح إلى WAREHOUSE، المحجوز بالاستدعاء إلى QUARANTINE)؛ إجمالي البضاعة محفوظ عبر المواقع.,BR-INV-32 | BR-INV-33,"customerId, warehouseId, batchId, qty",ConsignmentStock + CONSIGN_OUT/RETURN,تحويل 20 للأمانة → بيع 5 → رد 2 → المجموع محفوظ.,سند التسليم المكرر idempotent (consign-delivery:<key>)؛ التحميل الفردي بلا مفتاح.,inventory.consignment.create/update,AC-INV-029-1: بافتراض WAREHOUSE=100، عند تحميل 20 أمانة للعميل ع، يصبح WAREHOUSE=80 وأمانة ع=20 في نفس المعاملة. | AC-INV-029-2: بافتراض أمانة 20 بيع منها 5، عند رد 2، يصبح WAREHOUSE=82 وavailable=13 وإجمالي الشركة 95.,IMPLEMENTED,IMPLEMENTED,Unknown,components/customers/customer-consignment.tsx، components/consignment/* [B][C],POST /consignment/stock، /deliveries، /return [B][C],consignment.service.ts:52-128 (applySignedDelta :128) و:166-201 [B]؛ :52-129 و:199-234 [C],,ConsignmentStockAdded/Returned,"spec exists, not run: consignment.service.spec.ts",منفذ في النسختين؛ التحميل الفردي بلا idempotency، وproductId من العميل لا من الرصيد.,تكرار تحميل عند إعادة الإرسال.,P1,سلامة مخزون.,,DEC-INV-05,,INV-09,"ConsignmentStock unique(customerId,batchId)؛ productId مشتق من Batch؛ حركة CONSIGN_OUT وتغيير الرصيدين في معاملة واحدة.",DAR-03 | DAR-06 | DAR-11,REQ-INV-030 | REQ-INV-031,,docs/audit/2026-09-18-company-workflows-vs-erp-ar.md:136 (2026-09-18; B3-0031) | docs/audit/2026-09-18-company-workflows-vs-erp-ar.md:229 (2026-09-18; B3-0054) | docs/audit/00-executive-summary.md:58 (2026-09-01; B6a-0021) | docs/audit/production-program/PHASE-0-ARCHITECTURE.md:52 (2026-09-16; B6a-0308)
REQ-INV-030,C4,أوعية الأمانة الخمسة لكل عميل وتشغيلة وشطب الفقد,INFERRED_NEEDS_APPROVAL,auditor,Inventory / Consignment,أمين المخزن، المالية,عدم خلط المباع والمفقود والمجمّد.,تتبع أمانة كل صيدلية عميل بأوعية: owned = available + consumed + returned + lost + held؛ الفقد/الانتهاء في الموقع available→lost مع شطب؛ الاستدعاء available→held؛ وكل عملية أمانة تكتب الحركة وصف الدفتر في معاملة واحدة.,BR-INV-14 | BR-INV-35,—,—,—,الشطب غير قابل للعكس حاليًا.,inventory.consignment.update,AC-INV-030-1: لأي صف ConsignmentStock في أي وقت، owned = available+consumed+returned+lost+held. | AC-INV-030-2: بافتراض فشل كتابة صف الدفتر أثناء الشطب، لا يتغير lostQty (ذرية).,PARTIAL,PARTIAL,Unknown,,,consignment.service.ts writeOff :226-245 تحديث وصف دفتر منفصلان [B]؛ :259-286 [C]؛ اتفاقية isActive/endDate لا تُفحص :52-64,ConsignmentStock schema.prisma:279 [B]، :295 [C],,,الأوعية موجودة؛ الشطب غير ذري؛ لا قيد يضمن المعادلة؛ صلاحية الاتفاقية لا تُفحص.,انحراف بين الأوعية والدفتر.,P2,ضعف سلامة بيانات بديله يدوي.,,DEC-INV-05,,INV-09,CHECK owned = available+consumed+returned+lost+held وكلها ≥0؛ عمليات الأمانة داخل $transaction.,DAR-05 | DAR-06 | DAR-11,REQ-INV-029 | REQ-INV-034 | REQ-R2R-042,,docs/audit/18-business-workflows.md:29 (unknown; B4a-0122)
REQ-INV-031,C4,رفض التشغيلات المنتهية/غير الصالحة عند تحميل الأمانة في الخادم,OWNER_DECISION,owner,Inventory / Consignment,النظام,عدم وضع دواء منتهٍ أو محظور لدى العميل.,اعتماد 91f1f18 بشرط: التشغيلة المنتهية أو غير الصالحة تُرفض في الـbackend (التحميل الفردي والإذن متعدد البنود) لا في الشاشة فقط — شرط قبل أي استخدام إنتاجي.,BR-INV-34,batchId,رفض 400/409,assertSellableBatch قبل الخصم.,—,—,AC-INV-031-1: بافتراض تشغيلة منتهية أمس، عند تحميلها أمانة (فردي أو إذن متعدد)، يرفض الخادم ولا تتغير الأرصدة. | AC-INV-031-2: بافتراض تشغيلة محظورة باستدعاء، عند تحميلها، يرفض الخادم.,NOT_IMPLEMENTED,IMPLEMENTED,Unknown,,,"[C] consignment.service.ts:128,159-177 assertSellableBatch؛ [B] consignment.service.ts:52-128 بلا فحص انتهاء/حظر",,,"spec exists, not run: consignment.service.spec.ts",B (المرشح للإنتاج) لا يرفض؛ C يرفض.,دواء منتهٍ/مستدعى قد يُحمَّل لدى العميل في الإنتاج الحالي.,P1,شرط صاحب النظام قبل الإنتاج؛ امتثال.,,,,INV-14,التحقق من Batch.status وexpiryDate داخل معاملة التحميل.,DAR-19,REQ-INV-019 | REQ-INV-029,,docs/DECISIONS-2026-09-25-ar.md:105-106 (2026-09-25; B1-0097)
REQ-INV-032,C4,الأمانة مجال مستقل يتحول لبيع عند الاستهلاك عبر FEFO,OWNER_DECISION,owner,Inventory / Consignment,المبيعات، المالية,تحديد متى تصبح الأمانة بيعًا.,مخزون الأمانة مجال مستقل لا «فاتورة غير مدفوعة»، يتحول لبيع باستهلاك consumedQty عبر FEFO (الطبقة الأولى) عند الحجز، بينما مخزون المخزن يُصرف عند الشحن.,BR-INV-22,—,—,طلب عميل له أمانة → حجز يستهلك الأمانة.,إلغاء الأمر يعيد available.,—,AC-INV-032-1: بافتراض أمانة 10 للعميل وطلب 4، عند الحجز، يصبح available=6 وconsumed=4 دون حركة على حوض المخزن.,IMPLEMENTED,IMPLEMENTED,Unknown,,,allocation.engine.ts reserveOnce :612-660 [B]، :667-715 [C],,,,منفذ؛ ملكية الأمانة ولحظة الاعتراف بالإيراد غير محسومة، وحدث ConsignmentStockConsumed بلا منتج.,اعتراف محاسبي غير محدد.,P2,محاسبي/حوكمة.,DEC-INV-05,DEC-INV-05,من يملك بضاعة الأمانة ومتى يُعترف بالإيراد؟,,ConsignmentAgreement مرجع إلزامي لكل ConsignmentStock؛ حدث استهلاك.,DAR-03 | DAR-07,REQ-INV-019 | REQ-INV-029,,docs/DECISIONS-2026-09-25-ar.md:51 (2026-09-25; B1-0080) | docs/REQUESTS-2026-09-25-ar.md:276 (2026-09-25; B1-0175) | docs/audit/2026-09-20-backlog-traceability-ar.md:110 (2026-09-20; B4b-0050) | docs/audit/2026-09-20-backlog-traceability-ar.md:111 (2026-09-20; B4b-0051) | docs/audit/2026-09-20-backlog-traceability-ar.md:112 (2026-09-20; B4b-0052) | docs/audit/production-program/PHASE-0-ARCHITECTURE.md:71 (2026-09-16; B6a-0320) | apps/inventory/README.md:3 (unknown; B6c-0228)
REQ-INV-033,C4,واجهة الأمانة داخل ملف العميل ونوع البيع «عادي/تصريف» في الطلب,OWNER_DECISION,owner,Inventory / Consignment,أمين المخزن، المندوب,تشغيل الأمانة من الواجهة.,إتاحة اتفاقية أمانة جديدة، إضافة مخزون أمانة لعميل (تشغيلة مفرج عنها فقط)، الإرجاع، والشطب من الواجهة. طلب المالك (12): إزالة تبويب الأمانة المستقل، واختيار «نوع البيع: عادي/تصريف» في الطلب/الفاتورة، وعرض عهدة التصريف في ملف العميل.,,—,—,ملف العميل → الأمانة → إجراء.,—,inventory.consignment.create/update,AC-INV-033-1: من ملف العميل يمكن إنشاء اتفاقية وتحميل وإرجاع وشطب، وكل إجراء يظهر في رصيد الأمانة خلال 5 ثوانٍ.,IMPLEMENTED,IMPLEMENTED,Unknown,app/dashboard/consignment/page.tsx يعيد التوجيه إلى /dashboard/accounts؛ components/customers/customer-consignment.tsx، consignment-modals.tsx، consignment-delivery-form.tsx [B][C]؛ اختيار «بيع عادي / تصريف (أمانة)» app/dashboard/orders/new/page.tsx:304 [C] (موجود أيضًا في [B])؛ components/party-profile.tsx:60-61 [B][C],lib/api.ts:1430-1444 [C],,,,,منفذ ضمن ملف العميل (تحقق ثابت فقط).,—,P3,واجهة.,,DEC-INV-36,,,—,DAR-19,REQ-CRM-013 | REQ-INV-029 | REQ-INV-070,,docs/REQUESTS-2026-09-25-ar.md:269-274 (2026-09-25; B1-0174) | docs/audit/2026-09-20-backlog-traceability-ar.md:103 (2026-09-20; B4b-0048)
REQ-INV-034,C4,بدء الاستدعاء: حظر التشغيلة وتجميد الأمانة وإيقاف الأوامر الجارية,DOCUMENTED_REQ,AI agent,Quality / Recall,مسؤول الجودة/الشؤون التنظيمية,إيقاف أي حركة للتشغيلة المستدعاة خلال ثوانٍ.,الجودة تبدأ استدعاء بسبب ودرجة خطورة (class_1/2/3، افتراضي class_2)؛ النظام يخفي التشغيلة من كل تخصيص، يجمّد أمانة كل عميل (available→held بحركة CONSIGN_HOLD)، يحوّل كل أمر ALLOCATED/INVOICED/PAID يحملها إلى ON_HOLD_RECALL مع حفظ حالته السابقة (idempotent لكل order+batch) ويرفض شحنه؛ الإيقاف لا يحرر الحجز؛ حظر الاستدعاء لا يُرفع بإفراج QC؛ ويُبلّغ حاملي products.batches.recall وsales.traceability.read وinventory.consignment.update.,BR-INV-11 | BR-INV-12 | BR-INV-14 | BR-INV-15 | BR-INV-16,"batchId, reason, severity",RecallInitiated، ConsignmentRecallHold، أوامر محجوزة,recall() → حدث → المخزون يحظر ويجمّد → المبيعات توقف الأوامر.,تكرار الحدث = أثر واحد؛ استدعاء ثانٍ لنفس التشغيلة مرفوض.,products.batches.recall,AC-INV-034-1: بافتراض أمر ALLOCATED على التشغيلة، عند بدء الاستدعاء، يصبح ON_HOLD_RECALL خلال 60 ثانية وتُحفظ الحالة السابقة، ومحاولة شحنه تُرفض. | AC-INV-034-2: بافتراض أمانة 12 لدى عميلين من التشغيلة، عند الاستدعاء، يصبح available=0 وheld=12 مع حركة CONSIGN_HOLD لكل عميل. | AC-INV-034-3: بافتراض إفراج QC لاحق لنفس التشغيلة، يبقى حظر الاستدعاء قائمًا.,IMPLEMENTED,IMPLEMENTED,Unknown,app/dashboard/recalls/page.tsx [B][C]؛ productsApi.recall lib/api.ts:1348,POST /batches/:id/recall [B][C],batches.service.ts:245-265 [B][C]؛ inventory reservation.listener.ts:124-176 [B][C]؛ sales saga.orchestrator.ts:97-100 و traceability.service.ts:135-217 [B][C],sales BlockedBatch :560، OrderRecallHold :572 [C],RecallInitiated، ConsignmentRecallHold، OrderHeldForRecall,"spec exists, not run: traceability.service.spec.ts، reservation.listener.spec.ts",منفذ؛ RecallInitiated يُنشر مباشرة بلا outbox ولا يمكن إعادة الاستدعاء إن ضاع الحدث (INV-03)؛ issue() في المخزون لا يفحص الحظر (دفاع في العمق).,ضياع حدث يترك دواء مستدعى قابلًا للحجز.,P1,امتثال/سلامة مرضى.,REQ-INV-035 | REQ-INV-036,,,INV-03 | INT-01,"Batch.recall* + recallId؛ BlockedBatch في المخزون والمبيعات (reason=RECALL غير قابل للحذف)؛ OrderRecallHold(orderId,batchId,previousStatus) فريد؛ outbox للحدث.",DAR-03 | DAR-06 | DAR-07 | DAR-11,REQ-INV-030 | REQ-INV-035 | REQ-INV-036 | REQ-INV-037 | REQ-O2C-055,,Data/AB DATA/Nile ERP Business Operations.pdf:p.4 (2026-09-13; B3-0325) | docs/P0-IMPLEMENTATION-PLAN.md:19-25 (unknown; B5a-0096) | docs/P0-IMPLEMENTATION-PLAN.md:66-69 (unknown; B5a-0098) | docs/P0-IMPLEMENTATION-PLAN.md:74-77 (unknown; B5a-0100) | docs/P0-IMPLEMENTATION-PLAN.md:97-99 (unknown; B5a-0103) | docs/P0-IMPLEMENTATION-PLAN.md:100 (unknown; B5a-0104) | docs/P0-IMPLEMENTATION-PLAN.md:107-108 (unknown; B5a-0105) | docs/P0-IMPLEMENTATION-PLAN.md:129-133 (unknown; B5a-0109) | docs/P0-IMPLEMENTATION-PLAN.md:116-119 (unknown; B5a-0107) | docs/P0-IMPLEMENTATION-PLAN.md:124-127 (unknown; B5a-0108)
REQ-INV-035,C4,فك إيقاف أوامر الاستدعاء بقرار بشري (استئناف/إلغاء),INFERRED_NEEDS_APPROVAL,AI agent,Quality / Recall,مسؤول الاستدعاء,قرار صريح لكل أمر معلق.,فك الإيقاف بقرار بشري بصلاحية sales.orders.recall-hold.release مع تسجيل الفاعل والملاحظة: RESUME يعيد الحالة السابقة فقط إن لم تعد التشغيلة محظورة؛ CANCEL يلغي الأمر ويحرر الحجز؛ حظر الاستدعاء لا يُرفع أبدًا فخيار أوامره الإلغاء.,BR-INV-11 | BR-INV-13,"orderId, decision, note",حالة الأمر + OrderCancelled,قائمة الأوامر الموقوفة → قرار.,RESUME مع BlockedBatch → 400.,sales.orders.recall-hold.release,AC-INV-035-1: بافتراض أمر موقوف بتشغيلة مستدعاة، عند RESUME، يرد 400. | AC-INV-035-2: عند CANCEL، يصبح الأمر CANCELLED ويُحرر الحجز ويُنشر OrderCancelled. | AC-INV-035-3: بافتراض أمر مدفوع، عند CANCEL، يُنشأ استحقاق رد/رصيد دائن للعميل أو يُمنع الإلغاء حتى معالجة المبلغ.,PARTIAL,PARTIAL,Unknown,recalls/page.tsx جدول الأوامر الموقوفة [B][C],GET /traceability/holds، POST /traceability/holds/:orderId/release,traceability.service.ts:219-290 [B][C],,,"spec exists, not run: traceability.service.spec.ts",القرار منفذ؛ الإلغاء يتجاهل الأموال المحصلة (SAL-16).,أمر مدفوع يُلغى دون رد/رصيد.,P1,مال العميل وامتثال.,REQ-INV-034 | REQ-INV-022,,كيف تُعالج مبالغ أمر مدفوع أُلغي بسبب استدعاء؟,SAL-16,OrderRecallHold.resolvedBy/At/decision/note؛ ربط بإشعار دائن عند الإلغاء بعد الدفع.,DAR-09 | DAR-11 | DAR-14,REQ-INV-034 | REQ-INV-049 | REQ-O2C-055,,docs/P0-IMPLEMENTATION-PLAN.md:70-72 (unknown; B5a-0099)
REQ-INV-036,C4,تتبع توزيع التشغيلة «من استلم ماذا» ومعادلة أين كل وحدة,INFERRED_NEEDS_APPROVAL,AI agent,Quality / Recall,الجودة,قائمة العملاء والكميات خلال ثوانٍ عند الاستدعاء.,استعلام لكل تشغيلة يعرض الأوامر والعملاء والمندوب والحالة والكمية والمرتجع والإجماليات (مخصص/مشحون/مسلَّم/محجوز/مرتجع/موقوف)، وتتبع المخزون للتشغيلة مع الحجوزات وحالة الحظر، من PO/GRN إلى البيع والعميل؛ ومعادلة: المستلم = المخزون (كل الأحواض) + الأمانة (متاح+محجوز) + المشحون − المرتجع + المصروف لغيره = صفر فرق على بيانات نظيفة؛ تصدير CSV.,BR-INV-57,batchId,orders[] + totals + reconciliation,—,—,sales.traceability.read,AC-INV-036-1: بافتراض تشغيلة وزعت على 5 عملاء، عند فتح التتبع، يظهر الخمسة بكمياتهم وتواريخهم خلال 5 ثوانٍ. | AC-INV-036-2: على بيانات نظيفة، فرق معادلة المطابقة = 0. | AC-INV-036-3: يمكن الرجوع من التشغيلة إلى أمر الشراء/الاستلام الذي أدخلها.,PARTIAL,PARTIAL,Unknown,recalls/page.tsx (توزيع، أمانة، تسلسل، تصدير) [B][C]؛ app/api/recall-trace BFF,GET /traceability/batch/:batchId (sales)؛ GET /stock/trace/:batchId (inventory),traceability.service.ts:67-133 [B][C]؛ stock.service.ts batchTrace :200 [B]، :223 [C],,,,التتبع موجود؛ ساق PO/GRN غائبة (ربط PO نصي في B، اختياري في C)؛ حساب معادلة المطابقة غير متحقق.,تتبع للخلف ناقص.,P1,امتثال دوائي.,REQ-INV-007,DEC-INV-02,,,RECEIPT يحمل receiptRef/poLineId كحقول لا نص؛ فهارس batchId على الحجوزات والحركات وسطور المرتجع.,DAR-03 | DAR-05 | DAR-11 | DAR-17,REQ-INV-034 | REQ-INV-037,,docs/BUSINESS-FLOWS-COVERAGE-P0A-ASSESSMENT.md:395-417 (2026-09-07; B4a-0033) | docs/P0-IMPLEMENTATION-PLAN.md:59-65 (unknown; B5a-0097) | docs/P0-IMPLEMENTATION-PLAN.md:113-115 (unknown; B5a-0106)
REQ-INV-037,C4,إدارة حالة الاستدعاء: إخطار العملاء والهيئة والاسترجاع والمطابقة والإغلاق,INFERRED_NEEDS_APPROVAL,AI agent,Quality / Recall,مسؤول الاستدعاء,إدارة الاستدعاء كاملًا داخل النظام بدل خارجه.,كيان استدعاء برقم فريد ودرجة وسبب وحالات (بدأ→أُخطر العملاء→استرجاع→مطابق→مغلق)، تاريخ إخطار الهيئة ومرجعها، الكميات الموزعة/المسترجعة/في المخزن/المعدمة؛ إخطار كل عميل استلم أو لديه أمانة مع الإقرار؛ مرتجعات الاستدعاء تحدّث المسترجع؛ RECONCILED عندما الموزع = المسترجع + المقبول التخلص منه محليًا؛ تقرير إغلاق PDF للهيئة.,BR-INV-57,—,RecallCase + تقرير,بدء → إخطار → استرجاع → مطابقة → إغلاق.,—,QA,AC-INV-037-1: بافتراض استدعاء وزع 100 واسترجع 90 وأُعدم محليًا 10، تتحول الحالة إلى RECONCILED ويُنتج تقرير إغلاق. | AC-INV-037-2: بافتراض عميل لديه أمانة من التشغيلة، يظهر في قائمة الإخطار بحالة (مُخطَر/أقرّ/أعاد/متبقٍ).,NOT_IMPLEMENTED,NOT_IMPLEMENTED,Unknown,,,,لا RecallCase/Recall في أي schema [B][C],,,التجميد آلي، لكن الإخطار والاسترجاع والإغلاق خارج النظام.,لا دليل إغلاق رسمي داخل النظام.,P2,امتثال مع بديل يدوي خارج النظام.,REQ-INV-034 | REQ-INV-036,,كيف يُدار إخطار العملاء والهيئة اليوم (يدويًا؟ من؟),,"RecallCase(number, batchId, class, status, regulatorRef, notifiedAt) + RecallCustomer(customerId, notifiedAt, ackAt, qtyHeld, qtyReturned) + روابط مرتجعات RECALL_RETURN.",DAR-03 | DAR-06 | DAR-08 | DAR-11 | DAR-13,REQ-INV-034 | REQ-INV-036 | REQ-INV-041,,Data/AB DATA/Nile ERP Gap Analysis.pdf:p.2-3 (2026-09-13; B3-0343) | docs/BUSINESS-FLOWS-COVERAGE-P0A-ASSESSMENT.md:1138-1184 (2026-09-07; B4a-0058)
REQ-INV-038,C4,انتهاء صلاحية التشغيلات تلقائيًا يوميًا وحجزها,INFERRED_NEEDS_APPROVAL,AI agent,Quality / Expiry,النظام,منع بيع المنتهي وتحديث المؤشرات.,يوميًا 00:15 بتوقيت القاهرة تتحول كل تشغيلة RELEASED تجاوزت تاريخ انتهائها إلى EXPIRED وينشر BatchExpired، فينقل المخزون رصيدها إلى الحجر ويحظر حجوزاتها وتوقف المبيعات أوامرها المفتوحة.,BR-INV-09 | BR-INV-17,—,BatchExpired,cron → expireBatches → حدث → نقل للحجر.,دفعات 200/دورة.,—,AC-INV-038-1: بافتراض تشغيلة RELEASED انتهت أمس برصيد 30 غير محجوز، بعد تشغيل 00:15، تصبح EXPIRED ورصيدها في QUARANTINE.,IMPLEMENTED,IMPLEMENTED,Unknown,,,"apps/products/src/modules/jobs/batch-jobs.ts:12,29,33 [B][C]؛ inventory reservation.listener.ts:424 [B][C]",,BatchExpired,"spec exists, not run: batch-jobs.spec.ts",منفذ؛ النشر بلا outbox (INV-03).,—,P1,امتثال.,,,,INV-03,Batch.status=EXPIRED بتحديث شرطي؛ job_runs.,DAR-14,REQ-INV-014 | REQ-INV-039,,docs/BUSINESS-FLOWS-COVERAGE-P0A-ASSESSMENT.md:145 (2026-09-07; B4a-0008) | docs/P0-IMPLEMENTATION-PLAN.md:279 (unknown; B5a-0124) | docs/P0-IMPLEMENTATION-PLAN.md:284-287 (unknown; B5a-0128) | docs/P0-IMPLEMENTATION-PLAN.md:297-300 (unknown; B5a-0130)
REQ-INV-039,C4,ملخصات وتنبيهات دورية: قرب الانتهاء ومرشحو الإعدام,INFERRED_NEEDS_APPROVAL,AI agent,Quality / Expiry,مدير المخزون والمبيعات، الجودة,إنذار مبكر للتصريف أو الإعدام.,ملخص يومي 06:30 للتشغيلات التي تنتهي خلال 30/60/90 يومًا يُرسل لحاملي products.batches.release وinventory.adjustments.create؛ ملخص 07:00 لمرشحي الإعدام (كل رصيد تالف + الحجر بسبب الانتهاء، لا الاستلامات المنتظرة للفحص) لحاملي inventory.adjustments.large.create وproducts.batches.qc.,BR-INV-18,—,NearExpiryDigest، DisposalCandidatesDigest,cron → حدث → إشعارات.,—,—,AC-INV-039-1: بافتراض تشغيلة تنتهي بعد 45 يومًا، يظهر في ملخص 06:30 ضمن شريحة 60 يومًا ويصل إشعار لحاملي الصلاحية. | AC-INV-039-2: بافتراض رصيد DAMAGED=4، يظهر في ملخص 07:00؛ ورصيد حجر لاستلام جديد لا يظهر.,PARTIAL,PARTIAL,Unknown,,,"batch-jobs.ts:14,30 [B][C]؛ inventory-jobs.ts:26 [B][C]",,NearExpiryDigest، DisposalCandidatesDigest,"spec exists, not run: batch-jobs.spec.ts، inventory-jobs.spec.ts",المهام والأحداث منفذة؛ توجيه الإشعارات للمستلمين حسب الصلاحية لم يُتحقق منه في هذا النطاق (خدمة الإشعارات).,كفاءة.,P3,تقارير/تنبيه.,REQ-INV-041,,,INT-07,job_runs بحالة ونتيجة؛ اشتراكات إشعار حسب الصلاحية.,DAR-14,REQ-INV-038 | REQ-INV-041,,docs/P0-IMPLEMENTATION-PLAN.md:280 (unknown; B5a-0125) | docs/P0-IMPLEMENTATION-PLAN.md:282 (unknown; B5a-0127)
REQ-INV-040,C4,فرز التالف بأحكام معتمدة وتصنيف محاسبي,OWNER_DECISION,owner,Inventory / Damaged goods,مدير المخزن، المبيعات/التسويق، المالية، المشتريات,قرار موثق ومعتمد لكل كمية تالفة بأثرها المالي.,شاشة «فرز التالف»: لكل كمية تالفة حكم: إصلاح العبوة → SELLABLE بلا خسارة (اعتماد مدير المخزن)؛ هدايا/عينات للأطباء تُسجل على الطبيب/العميل كمصروف تسويق (اعتماد المبيعات أو التسويق)؛ إعدام/شطب كخسارة تلف (اعتماد المخزن والمالية معًا)؛ مطالبة المورد أو شركة الشحن كذمة مطالبة (اعتماد المالية أو المشتريات) ورفض المطالبة يحولها إلى خسارة؛ السجل يحوي الحكم والكمية والتقييم والمعتمد والسبب والاستلام/التشغيلة والتصنيف المحاسبي وحالة المطالبة.,BR-INV-47,"batchId, qty, verdict, reason",DamageDisposition + حركة + قيد محاسبي,DAMAGED → حكم → اعتماد → حركة/قيد.,رفض المطالبة → خسارة.,حسب الحكم (BR-INV-47),"AC-INV-040-1: بافتراض 5 تالفة، عند حكم «إصلاح» واعتماد مدير المخزن، تنتقل 5 إلى WAREHOUSE بلا قيد خسارة. | AC-INV-040-2: عند حكم «إعدام» باعتماد المخزن فقط، يبقى الحكم بانتظار اعتماد المالية ولا يتغير الرصيد. | AC-INV-040-3: عند رفض مطالبة مورد بقيمة 1,000، يُرحّل قيد خسارة 1,000 ويُغلق سجل المطالبة.",NOT_IMPLEMENTED,NOT_IMPLEMENTED,Unknown,,,DAMAGED لا يخرج إلا بنقل يدوي quarantine.service.ts:19-25 [B][C],لا جدول أحكام تالف ولا مطالبات [B][C],,,غير منفذ في أي نسخة.,التالف يتراكم بلا قرار ولا أثر مالي.,P2,قرار مالك؛ يوجد بديل يدوي.,REQ-INV-041 | REQ-INV-051 | DEC-INV-19,DEC-INV-19 | DEC-INV-32,,INV-11,"DamageDisposition(id, batchId, warehouseId, qty, verdict enum, unitCost, value, reason, receiptRef, approvals[] بالأدوار، glClassification, claimStatus)؛ approvals متعددة لحكم الإعدام.",DAR-03 | DAR-04 | DAR-05,REQ-CRM-023 | REQ-INV-010 | REQ-INV-041 | REQ-INV-050 | REQ-INV-065 | REQ-P2P-015 | REQ-SEC-032,,docs/DECISIONS-2026-09-25-ar.md:28-37 (2026-09-25; B1-0076) | docs/DECISIONS-2026-09-25-ar.md:121-122 (2026-09-25; B1-0106) | docs/DECISIONS-2026-09-25-ar.md:123 (2026-09-25; B1-0107) | docs/REQUESTS-2026-09-25-ar.md:169-173 (2026-09-25; B1-0146)
REQ-INV-041,C4,إذن إعدام رسمي (لجنة، شاهد الهيئة، شهادة، اعتماد، تنفيذ، ترحيل بالقيمة),INFERRED_NEEDS_APPROVAL,AI agent,Inventory / Disposal,أمين المخزن، اللجنة، المالية، الجودة,إخراج التالف/المنتهي من الدفاتر بإثبات رقابي.,إذن إعدام برقم فريد (ID-YYYY-NNNN) ومخزن وحالات (DRAFT/PENDING_APPROVAL/APPROVED/SCHEDULED/EXECUTED/POSTED/CANCELLED) وسبب (منتهي/تالف/مستدعى/رفض رقابي) ولجنة بأدوار وشاهد الهيئة وشركة الإعدام وشهادتها وقيمة إجمالية واعتماد وتوقيع؛ بنود من أحواض التالف/الحجر المنتهي بالتشغيلة والكمية وتكلفة الوحدة (تكلفة التشغيلة وإلا المنتج وإلا صفر بتحذير)؛ التنفيذ ينقص الحوض المصدر ويرفض الرصيد الناقص (409)؛ الترحيل ينشر حدث الإعدام بالقيمة idempotent؛ الإلغاء قبل التنفيذ فقط؛ محضر مطبوع.,BR-INV-48,بنود,DisposalOrder + DISPOSAL + StockDisposed,ترشيح → مسودة → اعتماد → جدولة → تنفيذ → ترحيل.,رصيد ناقص → 409؛ إلغاء بعد التنفيذ مرفوض.,انظر DEC-INV-19,AC-INV-041-1: بافتراض إذن غير معتمد، عند التنفيذ، يُرفض. | AC-INV-041-2: بافتراض بند 10 ورصيد DAMAGED=8، عند التنفيذ، يُرفض 409 ويُذكر البند الناقص. | AC-INV-041-3: بعد الترحيل، تظهر قيمة الإعدام في تقرير المحاسبة مرة واحدة حتى مع تكرار الحدث.,NOT_IMPLEMENTED,NOT_IMPLEMENTED,Unknown,,,disposal-candidates تقرير فقط inventory-jobs.ts:26 [B][C]؛ applySignedDelta لا يمس DAMAGED transactions.service.ts:42 [B]، :46 [C],,,,لا مسار إعدام؛ الإعدام اليوم تسوية EXPIRY_WRITE_OFF على WAREHOUSE فقط ولا تمس DAMAGED/QUARANTINE.,لا يمكن إخراج التالف من الدفاتر نظاميًا؛ لا دليل رقابي.,P2,امتثال ومال مع بديل ورقي/نقل يدوي.,REQ-INV-051 | REQ-INV-040 | DEC-INV-19,DEC-INV-19,من يعتمد الإعدام: المخزن+المالية أم المالية+الجودة؟ وهل يلزم حضور الهيئة دائمًا؟,INV-11,DisposalOrder + DisposalLine(source pool) + لجنة/مرفقات؛ حركة DISPOSAL من DAMAGED/QUARANTINE؛ حدث بمفتاح idempotent؛ ترقيم سنوي.,DAR-04 | DAR-06 | DAR-07 | DAR-09 | DAR-10 | DAR-12 | DAR-14 | DAR-15 | DAR-19,REQ-INV-039 | REQ-INV-040 | REQ-INV-051 | REQ-R2R-042 | REQ-SEC-015 | REQ-SEC-036,,"docs/BUSINESS-FLOWS-COVERAGE-P0A-ASSESSMENT.md:288-309 (2026-09-07; B4a-0021) | docs/BUSINESS-FLOWS-COVERAGE-P0A-ASSESSMENT.md:926-957 (2026-09-07; B4a-0047) | docs/PROMPT-P1-P3-IMPLEMENTATION.md:225,229 (unknown; B5a-0205) | docs/PROMPT-P1-P3-IMPLEMENTATION.md:228 (unknown; B5a-0206) | docs/PROMPT-P1-P3-IMPLEMENTATION.md:231 (unknown; B5a-0208) | docs/PROMPT-P1-P3-IMPLEMENTATION.md:232-234 (unknown; B5a-0209) | docs/PROMPT-P1-P3-IMPLEMENTATION.md:238-242 (unknown; B5a-0211)"
REQ-INV-042,C4,طلب المرتجع: أمر مؤهل، تشغيلة من التخصيص الفعلي، سقف لكل تشغيلة، قيمة نسبية,OWNER_DECISION,unnamed owner,Returns / Customer return,المندوب / موظف المبيعات,مرتجع قابل للتتبع للمخزون والفاتورة.,المرتجع على أمر مؤهل مرتبط بفاتورة أمر (لا الفواتير المباشرة)؛ لكل سطر تشغيلة ضمن التخصيص الفعلي (FEFO) ومخزن وكمية ≤ المتبقي القابل للإرجاع لتلك التشغيلة وحالة SELLABLE/DAMAGED؛ القيمة نسبة من سطر الفاتورة شاملة الخصم والضريبة؛ returnedQty تراكمي لا يتجاوز الكمية؛ زر «مرتجع جديد» من صفحة المرتجعات مع فلاتر.,BR-INV-36 | BR-INV-37 | BR-INV-38,"orderId, lines[{orderLineId,batchId,warehouseId,quantity,condition}], reason",SalesReturn PENDING,اختيار أمر → بنود → تحقق → حفظ PENDING.,تشغيلة خارج التخصيص أو كمية فوق المتبقي → 400.,sales.returns.create,"AC-INV-042-1: بافتراض سطر خُصص 6 من L1 و4 من L2، عند إرجاع 5 من L2، يُرفض 400 «only 4 remain». | AC-INV-042-2: بافتراض سطر lineTotal=1,140 لكمية 10، عند إرجاع 3، تكون قيمة السطر 342.00. | AC-INV-042-3: بافتراض أمر بحالة غير مؤهلة حسب القرار المعتمد، عند إنشاء مرتجع، يُرفض 400.",IMPLEMENTED,IMPLEMENTED,Unknown,app/dashboard/returns/page.tsx (925 سطرًا) [B][C],POST /orders/:orderId/returns؛ GET /returns [B][C],"apps/sales/src/modules/returns/returns.service.ts:16,84-112,354-419 [B][C] (متطابق)",SalesReturn :180، SalesReturnLine :204 (sales schema) [C],,"spec exists, not run: returns.service.spec.ts",منفذ كما في الوثيقة؛ لكن الأوامر المؤهلة تشمل INVOICED غير المشحون (الفاتورة تصدر عند الحجز) فيُرجع ما لم يُشحن (SAL-06)؛ السبب نص حر.,إعادة مخزون وهمية وائتمان AR لبضاعة لم تخرج.,P1,سلامة المخزون والمال.,DEC-INV-17,DEC-INV-17 | DEC-INV-28 | DEC-INV-30,هل يُسمح بالمرتجع قبل الشحن/التسليم؟,SAL-06,"SalesReturnLine(orderLineId, batchId FK منطقي لتخصيص فعلي، warehouseId، quantity>0، condition، unitPrice، lineTotal)؛ قيد returnedQty ≤ quantity على SalesOrderLine؛ reasonCode من قائمة.",DAR-03 | DAR-04 | DAR-06,REQ-INV-043 | REQ-INV-045 | REQ-INV-046,,Data/AB DATA/Nile ERP Business Operations.pdf:p.4 (2026-09-13; B3-0323) | docs/audit/2026-09-20-backlog-traceability-ar.md:192 (2026-09-20; B4b-0102) | docs/audit/22-production-remediation-master-plan.md:414 (2026-09-13; B6b-0127) | docs/PRODUCTION-READINESS-P0.md:98 (2026-09-23; B6c-0076)
REQ-INV-043,C4,اعتماد المرتجع المستقل والترحيل المؤجل,INFERRED_NEEDS_APPROVAL,AI agent,Returns / Approval,معتمد المرتجعات (sales.returns.approve),لحظة قرار قبل أي أثر مخزني أو مالي.,المرتجع يُسجل PENDING ولا ينشر حدثًا؛ returnedQty يزيد لحظة التسجيل كحجز منطقي؛ الاعتماد بمعتمد مستقل ينشر SalesReturnCreated ثم POSTED (أثر المخزون والمحاسبة عند الاعتماد فقط)؛ الرفض بسبب إلزامي يفرج الحجز المنطقي؛ المرفوض يُعدل ويعاد إرساله؛ إشعار «مرتجع بانتظار الاعتماد» للمعتمدين والمندوب؛ الشاشة تقرأ من Sales وتعرض KPI بانتظار الاعتماد ولا تعرض مبلغًا لم يُقيد.,BR-INV-39 | BR-INV-40 | BR-INV-41,returnId,APPROVED→POSTED / REJECTED,PENDING → approve → publish → POSTED.,فشل النشر → يبقى APPROVED وإعادة approve تعيد المحاولة؛ رفض → تعديل → PENDING.,المعتمد ≠ المسجل إلا SUPER_ADMIN أو sales.returns.approve.any,AC-INV-043-1: بافتراض مرتجع PENDING، قبل الاعتماد لا تتغير أرصدة المخزون ولا creditedAmount للفاتورة. | AC-INV-043-2: بافتراض المندوب س سجّل المرتجع، عند محاولته اعتماده بلا .any، يرد 403. | AC-INV-043-3: عند الرفض بلا سبب يرد 400؛ ومع سبب يقل returnedQty بكمية المرتجع. | AC-INV-043-4: عند اعتماد مرتين متزامنتين، يُنشر حدث واحد ويصبح POSTED مرة واحدة.,IMPLEMENTED,IMPLEMENTED,Unknown,returns/page.tsx [B][C],POST /returns/:id/approve|reject|cancel، PATCH /returns/:id، GET /returns/summary — returns-register.controller.ts:22-88 [B][C],returns.service.ts:84-321 [B][C],SalesReturn.status/decidedById/decidedAt/rejectedReason/postedAt,SalesReturnCreated عند approve (نشر مباشر),"spec exists, not run: returns.approval.spec.ts، returns.cancellation.spec.ts",منفذ؛ approve ليس معاملة واحدة والنشر مباشر (INT-01)؛ لا SLA/تصعيد؛ المعتمد صلاحية لا دور محدد.,مرتجع قد يبقى APPROVED دون ترحيل حتى إعادة المحاولة.,P1,ضابط مال ومخزون أساسي.,DEC-INV-16,DEC-INV-16 | DEC-INV-25 | DEC-INV-26,من يعتمد المرتجع (مبيعات/مخزن/جودة)؟ وما مهلة الاعتماد؟,INT-01 | INT-02,SalesReturn آلة حالات PENDING/APPROVED/POSTED/REJECTED بتحديث شرطي؛ actorId≠decidedById؛ outbox للحدث داخل معاملة الاعتماد؛ audit للرفض/الإلغاء.,DAR-04 | DAR-07 | DAR-09 | DAR-12 | DAR-13 | DAR-14,REQ-INV-042 | REQ-INV-044 | REQ-INV-045 | REQ-INV-049 | REQ-SEC-029,,docs/DECISIONS-AR.md:42 (2026-09-14; B1-0008)
REQ-INV-044,C4,عكس/تصحيح مرتجع مُرحّل,INFERRED_NEEDS_APPROVAL,AI agent,Returns / Correction,معتمد المرتجعات + المالية,مسار تصحيح لمرتجع سُجّل بالخطأ بعد ترحيله.,يجب توفير مسار عكس لمرتجع مُرحّل (POSTED) يعكس أثر المخزون والإشعار الدائن بقيود مقابلة، كما يوجد عكس تحصيل وإلغاء فاتورة.,,"returnId, reason",حدث عكس + قيود مقابلة,طلب عكس → اعتماد → عكس مخزن وائتمان.,المخزون المعاد قد بيع → رفض أو عكس جزئي.,اعتماد مستقل,AC-INV-044-1: بافتراض مرتجع POSTED بـ5 صالحة غير مباعة، عند عكسه، ينقص المخزون 5 ويُلغى الائتمان بقيد مقابل ويعود returnedQty. | AC-INV-044-2: بافتراض الكمية المعادة لم تعد متاحة، عند العكس، يُرفض 409.,NOT_IMPLEMENTED,NOT_IMPLEMENTED,Unknown,,,returns.service.ts: لا مسار لحالة POSTED (update يرفض غير PENDING/REJECTED :253) [B][C],,,,لا عكس.,الخطأ يُصحح بتسويات يدوية متفرقة في المخزون والمحاسبة.,P2,ضعف رقابي مع بديل يدوي.,REQ-INV-043,,هل يُسمح بعكس مرتجع مرحل؟ ومن يعتمده؟,,SalesReturn.status REVERSED + reversalOf؛ حدث SalesReturnReversed idempotent.,DAR-04 | DAR-05 | DAR-07 | DAR-09,REQ-INV-043 | REQ-INV-049,,docs/DECISIONS-AR.md:23-25 (2026-09-14; B1-0002)
REQ-INV-045,C4,فحص مستقل للمرتجع ودورة RMA: استلام إلى الحجر ثم فحص ثم إعادة تخزين وائتمان,INFERRED_NEEDS_APPROVAL,AI agent,Returns / Inspection,أمين المخزن/الجودة (فحص)، مشرف المبيعات (اعتماد),لا يعود دواء مرتجع للبيع دون فحص.,حالات RMA (REQUESTED/APPROVED/RECEIVED/INSPECTED/CLOSED/REJECTED) برقم RMA-YYYY-NNNN وأسباب محكومة وحالة بند (PENDING_INSPECTION/SELLABLE/DAMAGED/EXPIRED)؛ الاستلام الفيزيائي يزيد حوض الحجر بكامل الكمية؛ الفحص (sales.returns.inspect أو الجودة) يوزع الصالح للمخزن والتالف/المنتهي للتالف؛ الائتمان يُحسب عند الفحص للبنود المقبولة فقط؛ لا إشعار دائن قبل الفحص؛ البضاعة المرتجعة غير قابلة للحجز قبل الفحص؛ المرفوض عند الباب ينشأ بحالة مستلم؛ منشئ المرتجع ≠ قرار الفحص؛ المخزون والمحاسبة يستهلكان أحداث الاستلام/الفحص.,BR-INV-42 | BR-INV-43 | BR-INV-45,RMA + فحص لكل بند,حركات QUARANTINE→WAREHOUSE/DAMAGED + ائتمان,طلب → اعتماد → استلام (حجر) → فحص → ائتمان → إغلاق.,رفض عند الباب → RECEIVED تلقائيًا.,الطالب ≠ الفاحص؛ sales.returns.approve / inspect,AC-INV-045-1: بافتراض مرتجع معتمد 10 SELLABLE، عند الاستلام، يزيد QUARANTINE بـ10 ولا يزيد WAREHOUSE ولا يظهر في التخصيص. | AC-INV-045-2: عند فحص 8 صالحة و2 تالفة، ينتقل 8 إلى WAREHOUSE و2 إلى DAMAGED، ويُصدر ائتمان بقيمة 8 فقط (أو حسب نسبة التالف المعتمدة). | AC-INV-045-3: بافتراض أن منشئ المرتجع هو نفسه من يحاول الفحص، يُرفض 403.,CONTRADICTED,CONTRADICTED,Unknown,,,inventory reservation.listener.ts:353-402: SELLABLE يُضاف مباشرة إلى حوض WAREHOUSE القابل للبيع عند الاعتماد، والحالة يعلنها الطالب [B][C],ReturnLineCondition = SELLABLE|DAMAGED فقط (create-return.dto.ts:13) [B][C],,,الكود يفعل العكس: المرتجع الصالح يعود فورًا قابلًا للبيع دون استلام فيزيائي أو فحص، والائتمان عند الاعتماد لا عند الفحص.,دواء مرتجع (ربما تالف أو مخزّن خطأ) يُباع لعميل آخر؛ ائتمان لبضاعة لم تُستلم.,P1,سلامة دوائية ومال.,REQ-INV-043 | DEC-INV-18,DEC-INV-18 | DEC-INV-16 | DEC-INV-25,هل يجب أن يمر كل مرتجع بالحجر والفحص قبل إعادة البيع؟ ومتى يُصدر الائتمان؟,SAL-06,SalesReturn بحالات RMA وrmaNumber فريد سنويًا، receivedBy/At، inspectedBy/At؛ SalesReturnLine.inspectionResult؛ أحداث ReturnReceived/ReturnInspected idempotent؛ حوض RETURNS أو QUARANTINE.,DAR-06 | DAR-07 | DAR-09,REQ-INV-043 | REQ-INV-046 | REQ-INV-047 | REQ-INV-049,,docs/BUSINESS-FLOWS-COVERAGE-P0A-ASSESSMENT.md:279-285 (2026-09-07; B4a-0020) | docs/BUSINESS-FLOWS-COVERAGE-P0A-ASSESSMENT.md:902-922 (2026-09-07; B4a-0046) | docs/PROMPT-P1-P3-IMPLEMENTATION.md:250 (unknown; B5a-0212) | docs/PROMPT-P1-P3-IMPLEMENTATION.md:255 (unknown; B5a-0214) | docs/PROMPT-P1-P3-IMPLEMENTATION.md:259-263 (unknown; B5a-0216)
REQ-INV-046,C4,سياسة المرتجعات (صلاحية متبقية، سلامة العبوة، نافذة زمنية، أسباب),DOCUMENTED_REQ,company file,Returns / Policy,مدير المبيعات (سياسة)، المعتمد,قبول المرتجع وفق سياسة الشركة المعتمدة.,قاعدة مستند الشركة: قبول المرتجع قبل الصلاحية بـ90 يومًا على الأقل مع سلامة العبوة واكتمال الأكياس؛ ومقترح: الاستدعاء يُعتمد تلقائيًا، «قرب الانتهاء» يُرفض إن كانت الصلاحية المتبقية < 90 يومًا إلا بصلاحية تجاوز sales.returns.override، «الفائض» يتطلب البيع خلال 30 يومًا، والصالح يُعاد للمخزن فقط إن تبقى >180 يومًا.,BR-INV-44 | BR-INV-45,expiryDate، حالة العبوة، عدد الأكياس، سبب,قبول/رفض/تجاوز,—,تجاوز بصلاحية وسبب.,sales.returns.override,AC-INV-046-1: بافتراض صلاحية متبقية 89 يومًا وحد 90، عند الطلب، يُرفض إلا بصلاحية تجاوز مع سبب يُسجّل. | AC-INV-046-2: بافتراض صلاحية متبقية 90 يومًا وعبوة سليمة وأكياس كاملة، يُقبل.,NOT_IMPLEMENTED,NOT_IMPLEMENTED,Unknown,,,returns.service.ts prepareLines :376-419 لا فحص صلاحية/عبوة/نافذة [B][C],,,,لا أي قاعدة سياسة في الكود.,قبول مرتجعات قرب الانتهاء خلاف سياسة الشركة.,P2,ضابط تجاري مع مراجعة يدوية من المعتمد.,DEC-INV-18,DEC-INV-18,ما السياسة المعتمدة (90 يومًا قبل الانتهاء؟ نافذة الفائض؟ حد إعادة التخزين 180؟ نسبة ائتمان التالف؟),SAL-18,"ReturnPolicy(version, minShelfLifeDays, windowDays, restockMinDays, damagedCreditPct) مرجعية بالإصدار؛ SalesReturnLine.packageIntact، sachetsComplete، policyVersion.",DAR-03 | DAR-11,REQ-INV-042 | REQ-INV-045,,docs/audit/2026-09-18-company-workflows-vs-erp-ar.md:182 (2026-09-18; B3-0041) | docs/audit/2026-09-18-company-workflows-vs-erp-ar.md:233 (2026-09-18; B3-0058) | docs/PROMPT-P1-P3-IMPLEMENTATION.md:254 (unknown; B5a-0213)
REQ-INV-047,C4,المرتجع التالف يدخل حوض التالف القابل للجرد والإعدام,INFERRED_NEEDS_APPROVAL,AI agent,Returns / Disposition,أمين المخزن,عدم اختفاء التالف المرتجع من الدفاتر.,المرتجع التالف يدخل رصيد «تالف بانتظار الإعدام» قابلًا للجرد والإعدام الرسمي؛ والمرتجع يرتبط بالطلب/الفاتورة/التشغيلة الأصلية ويسجل التصرف بكود سبب؛ ومرتجع الأمانة يفصل المحجوز للاستدعاء إلى الحجر.,BR-INV-33 | BR-INV-42,SalesReturnCreated,DAMAGED += q,—,—,—,AC-INV-047-1: بافتراض مرتجع معتمد 3 DAMAGED، بعد المعالجة، يزيد رصيد DAMAGED للتشغيلة بـ3 بحركة RETURN بكمية 3.,NOT_IMPLEMENTED,NOT_IMPLEMENTED,Unknown,,,reservation.listener.ts:362-370: DAMAGED → حركة RETURN بكمية 0 للتدقيق فقط [B][C]؛ إرجاع الأمانة المحجوز → QUARANTINE consignment.service.ts:188 [B]، :221 [C],,,,التالف المرتجع لا يدخل أي رصيد (كمية 0)؛ جزء الأمانة منفذ.,بضاعة تالفة موجودة فيزيائيًا غير موجودة دفتريًا؛ لا يمكن إعدامها أو مطالبة بها.,P2,سلامة مخزون؛ أثر مالي محدود.,REQ-INV-041 | REQ-INV-045,,,INV-11,حركة RETURN بكمية فعلية إلى ownership=DAMAGED مع reasonCode وreturnLineId.,DAR-03 | DAR-11,REQ-INV-041 | REQ-INV-045,,docs/PROMPT-P1-P3-IMPLEMENTATION.md:256-257 (unknown; B5a-0215)
REQ-INV-048,C4,عدم تكرار أثر المرتجع: إعادة التخزين على مفتاح العمل والائتمان المالي مرة واحدة,INFERRED_NEEDS_APPROVAL,auditor,Returns / Inventory integration,النظام,عدم إضافة المرتجع للمخزون مرتين.,"إعادة المخزون عند مرتجع المبيعات يجب ألا تتكرر عند إعادة تسليم الأحداث أو إعادة النشر بحدث جديد: InventoryTransaction.sourceEventId/returnLineId فريد ويُتخطى إن وُجد. وفي المحاسبة: قيد RETURN فريد على (refType, refId) وعدم إعادة نشر SalesReturnCredited عند إعادة التسليم (النشر فقط عند applied=true) — وهذا الجزء منفذ.",BR-INV-50 | BR-INV-61,SalesReturnCreated,RETURN rows مرة واحدة,—,فشل سطر لاحق يعيد السطور السابقة في المحاولة (INV-12 قديم).,—,AC-INV-048-1: بافتراض مرتجع 5، عند تسليم الحدث مرتين بـevent_id مختلف لنفس return_id، يزيد المخزون 5 فقط. | AC-INV-048-2: بافتراض فشل السطر الثاني من ثلاثة ثم إعادة المحاولة، يُطبق كل سطر مرة واحدة.,PARTIAL,PARTIAL,Unknown,,,"dedup بـevent_id فقط reservation.listener.ts:119-123,353-402 (معاملة لكل سطر) [B][C]؛ packages/events consumer handlerRetries",,,,الحماية على event_id فقط لا على مفتاح العمل؛ معالجة غير ذرية عبر السطور. الجانب المالي محمي (قيد فريد في migration 20260902233634 وعلم applied في saga-listener.service.ts:~272 [B] / :278-282 [C])؛ الفجوة في جانب المخزون فقط.,تضخم المخزون الصالح.,P1,سلامة مخزون.,,DEC-INV-07,,INT-02,"unique(sourceType, sourceLineId) على inventory_transactions للمرتجعات؛ معالجة كل المرتجع في معاملة واحدة.",DAR-04 | DAR-06 | DAR-07 | DAR-14,REQ-INV-043,,docs/audit/05-transactions-concurrency.md:58 (2026-09-01; B6a-0116) | docs/audit/19-production-readiness.md:20 (2026-09-01; B6a-0246) | docs/audit/21-p0-p1-remediation.md:528-534 (2026-09-07; B6b-0027) | docs/audit/21-p0-p1-remediation.md:894-901 (2026-09-07; B6b-0049)
REQ-INV-049,C4,تسليم الأثر المالي للمرتجع: إشعار دائن، ورصيد دائن/استحقاق رد على الفاتورة المسددة,OWNER_DECISION,unnamed owner,Returns → Accounting hand-off,المالية,اتساق المخزون والذمة عند المرتجع.,المرتجع المعتمد يُضاف دائنًا مقابل فاتورة الأمر (creditedAmount منفصل عن paidAmount) ويخفض التعرض؛ وعلى فاتورة مدفوعة ينشئ رصيدًا دائنًا للعميل أو استحقاق رد، ورد النقدية سند مستقل (المرتجع ليس تحصيلًا)؛ مع اتساق المخزون والذمة عند الفشل وإعادة المحاولة.,BR-INV-38 | BR-INV-46,SalesReturnCreated,إشعار دائن / رصيد دائن,اعتماد → حدث → المحاسبة تقيد.,فشل المحاسبة بعد إعادة المخزون → يجب ألا يتباعد الطرفان.,—,"AC-INV-049-1: بافتراض فاتورة 1,000 مسددة بالكامل، عند مرتجع 200 معتمد، يُنشأ رصيد دائن/استحقاق رد 200 ولا يُرفض الحدث. | AC-INV-049-2: بافتراض فاتورة غير مسددة 1,000، عند مرتجع 200، يصبح creditedAmount=200 والمستحق 800.",CONTRADICTED,CONTRADICTED,Unknown,,,accounting saga-listener.service.ts:245 [B]، :252 [C]؛ applyReturnCredit invoices.service.ts:889 [B]، :916 [C] يرفض حين paid+credited>total بينما المخزون أعاد البضاعة,,SalesReturnCreated,—,على الفاتورة المسددة يُرفض الائتمان محاسبيًا بينما المخزون يعيد البضاعة (عكس المطلوب).,تباعد مخزون/ذمم؛ العميل لا يحصل على رصيده.,P1,سلامة المال.,REQ-INV-043,DEC-INV-28 | DEC-INV-29 | DEC-INV-27,,ACC-18,CreditNote مرتبط بـreturnId (فريد)؛ CustomerCredit/RefundPayable عند تجاوز المتبقي؛ سند رد مستقل.,DAR-05 | DAR-06 | DAR-07 | DAR-09,REQ-INV-035 | REQ-INV-043 | REQ-O2C-040 | REQ-O2C-047 | REQ-TRC-025,,docs/audit/2026-09-18-company-workflows-vs-erp-ar.md:180 (2026-09-18; B3-0040) | docs/audit/2026-09-18-company-workflows-vs-erp-ar.md:232 (2026-09-18; B3-0057) | docs/audit/2026-09-20-backlog-traceability-ar.md:151 (2026-09-20; B4b-0076) | docs/audit/2026-09-20-phase0-discovery-audit-ar.md:333-337 (2026-09-20; B4b-0156)
REQ-INV-050,C4,مرتجع المورد الفيزيائي من الحوض الصحيح مع أثر دائن للمورد,INFERRED_NEEDS_APPROVAL,AI agent,Inventory / Supplier return,أمين المخزن، المشتريات,إخراج البضاعة المرفوضة للمورد مع تخفيض الدائنين.,مرتجع المورد ينقص المخزون ويقيد حركة سالبة وينشر حدثًا يقيد AP دائنًا؛ ويجب أن يكون ممكنًا من حوض DAMAGED/QUARANTINE (المرفوض من QC) لا WAREHOUSE فقط، ومرتبطًا بالتشغيلة والاستلام والمورد، وغير قابل للتكرار.,BR-INV-49,"supplierId, warehouseId, batchId, qty, unitCost, pool",SUPPLIER_RETURN + SupplierReturnCreated,—,بلا idempotency حاليًا.,inventory.supplier-returns.create,AC-INV-050-1: بافتراض 10 في DAMAGED لتشغيلة مرفوضة، عند مرتجع مورد 10 من DAMAGED، ينقص DAMAGED بـ10 ويُقيد AP دائنًا بقيمة الاستلام الأصلية. | AC-INV-050-2: عند إعادة نفس الطلب بنفس المفتاح، لا يتكرر الخصم ولا القيد.,PARTIAL,PARTIAL,Unknown,,POST /transactions/supplier-return,transactions.service.ts:118-160 [B]، :131-170 [C] (WAREHOUSE فقط عبر applySignedDelta، unitCost من العميل),,SupplierReturnCreated نشر مباشر؛ accounting :298 [B]، :361 [C],,من WAREHOUSE فقط؛ التكلفة من العميل؛ لا ربط بالاستلام؛ لا idempotency؛ نشر مباشر.,المرفوض لا يمكن إرجاعه للمورد إلا بإعادته قابلًا للبيع مؤقتًا.,P2,ضبط مالي مع بديل يدوي.,DEC-INV-03,DEC-INV-03,,INV-09 | INV-11 | INT-01,SupplierReturn(رأس/سطور، receiptRef، sourcePool، idempotencyKey)؛ التكلفة من طبقة/تكلفة التشغيلة.,DAR-04 | DAR-06 | DAR-07 | DAR-14 | DAR-19,REQ-INV-016 | REQ-INV-040 | REQ-P2P-014,,docs/P1-1C-IMPLEMENTATION-READINESS.md:36 (2026-09-24; B2-0178)
REQ-INV-051,C4,تكلفة التشغيلة وتقييم المخزون وتكلفة المبيعات بطريقة معتمدة,DOCUMENTED_REQ,unknown,Inventory / Costing,المالية,قيمة مخزون وتكلفة مبيعات صحيحة.,المخزون يحفظ تكلفة الوحدة لكل تشغيلة بمصدرها (مضافة/يدوية/معيارية) وتُغذى من ترحيل التكاليف المضافة؛ تقارير التقييم والهالك والإعدام تستخدمها بدل تكلفة المنتج عند وجودها وتوضح مصدرها؛ وكل حركة خروج (شحن، فاتورة مباشرة، تسوية، تحويل، مرتجع مورد) تستهلك/تنقل التكلفة بالطريقة المعتمدة وتنتج COGS. ويشمل تقرير الهالك بالكمية والقيمة حسب السبب × المنتج مع بيان مصدر التكلفة (دُمج هنا متطلب تقرير الهالك).,,unitCost عند الاستلام؛ landed cost,BatchCost/طبقات؛ تقييم؛ COGS,استلام → طبقة → خروج → COGS.,إلغاء الصرف يعيد الطبقة ويعكس COGS.,المالية,AC-INV-051-1: بعد أي سلسلة حركات، Σ(quantity_remaining) لطبقات (مخزن، تشغيلة) = onHand لنفس المفتاح. | AC-INV-051-2: بافتراض شحن أمر مبيعات 10 بتكلفة 5، يُرحّل COGS 50 مرة واحدة. | AC-INV-051-3: بافتراض rollback-direct لفاتورة مباشرة، تُعاد الطبقات ويُعكس قيد COGS. | AC-INV-051-4: بافتراض تسويتي نقص DAMAGE بـ3 وTHEFT بـ2 لنفس المنتج، فإن تقرير الهالك يُظهر سطرين بالكمية والقيمة ومصدر التكلفة.,NOT_IMPLEMENTED,PARTIAL,Unknown,,[C] GET /stock/valuation؛ GET /stock/shrinkage (كميات فقط) stock.service.ts:127-139 [B] / :150-157 [C],[B] لا تكلفة على الحركات ولا طبقات؛ [C] transactions.service.ts:78-96 طبقة عند الاستلام، allocation.engine.ts:454-481 استهلاك في issueDirect فقط، stock.service.ts:43-57 تقييم,[C] InventoryCostLayer schema.prisma:94-106؛ unit_cost/total_cost على الحركات,[C] StockIssued للمباشرة فقط,,B: لا تكلفة إطلاقًا (Product.costPrice). C: طبقات FIFO لا تتحدث إلا بالاستلام والصرف المباشر؛ التقييم يعد مرتين؛ rollback لا يعيد الطبقات؛ لا COGS لشحن الأوامر.,قيمة مخزون وCOGS وهامش خاطئة؛ في C رفض فواتير مباشرة شرعية.,P1,سلامة المال.,DEC-INV-20,DEC-INV-20 | DEC-INV-05,ما طريقة التكلفة المعتمدة (FIFO لكل مخزن أم متوسط مرجح)؟ ومتى تُعترف COGS؟,INV-01 | INV-02 | INV-05 | INV-07 | ACC-21,"BatchCost أو InventoryCostLayer(warehouse,batch,unitCost,qtyRemaining,source) مع قيد qtyRemaining≥0 ومطابقة مع StockBalance؛ unitCost/totalCost على كل حركة خروج؛ حدث valued لكل خروج idempotent.",DAR-04 | DAR-05 | DAR-07 | DAR-08 | DAR-13 | DAR-19,REQ-INV-021 | REQ-INV-024 | REQ-INV-041 | REQ-P2P-030,,docs/roadmap/2026-09-19-operations-expansion-ar.md:70-71 (2026-09-19; B1-0303) | docs/P1-AUDIT.md:135 (2026-09-24; B2-0120) | docs/PROMPT-P1-P3-IMPLEMENTATION.md:163-164 (unknown; B5a-0191)
REQ-INV-052,C4,شجرة الوحدات المسلسلة (DSCSA) مرتبطة بحركات المخزون والشحن,INFERRED_NEEDS_APPROVAL,auditor,Quality / Serialization,الجودة,تتبع سلسلة الحيازة على مستوى الوحدة.,تتبع شجرة الوحدات المسلسلة وفق DSCSA للمنتجات والمخزون (ربط الرقم التسلسلي بالاستلام والصرف والشحن). (دُمج هنا: توليد الأرقام التسلسلية وتتبعها من شاشة الاستدعاء، وهو منفذ: GET/POST /serialization و recalls/page.tsx [B][C]).,,—,—,—,—,—,AC-INV-052-1: بافتراض وحدة مسلسلة شُحنت لعميل، عند تتبع رقمها، يظهر الاستلام والصرف والشحنة والعميل.,NOT_IMPLEMENTED,NOT_IMPLEMENTED,Unknown,,,Inventory لا يشير لأي serial (notes/inventory-products.md P22) [B][C],,,,الأرقام تُولّد داخليًا ولا ترتبط بأي حركة؛ ادعاء RTM «VERIFIED» غير صحيح. توليد الأرقام وتتبعها من الواجهة منفذ، لكن الربط بحركات المخزون والشحن غير موجود؛ قابلية تطبيق DSCSA/GAMP 5 نفسها محل تعارض.,لا تتبع وحدة فعلي.,P4,قد لا يلزم للمكملات (قرار).,DEC-INV-21,DEC-INV-21,هل يلزم التسلسل على مستوى الوحدة لمنتجاتكم أم يكفي مستوى التشغيلة؟,,SerializedUnit.status + currentLocation + روابط بحركات/شحنات.,DAR-10 | DAR-11,,,docs/audit/18-business-workflows.md:29 (unknown; B4a-0123)
REQ-INV-053,C4,ظروف التخزين والسلسلة الباردة (ملف حراري، قراءات، انحرافات، حجر تلقائي),INFERRED_NEEDS_APPROVAL,AI agent,Quality / Storage conditions,الجودة، أمين المخزن,حماية المنتجات الحساسة للحرارة.,ملف حراري للمنتج (حرارة/رطوبة/ضوء)، تصنيف تخزين للمخزن والموقع (عادي/مبرد 2-8/مجمد/رطوبة مضبوطة)، قراءات يدوية/حساس، انحرافات بحالة وقرار (إفراج/حجر/إتلاف)؛ رفض استلام/تحويل منتج مبرد إلى موقع غير مبرد (400)؛ قراءة خارج النطاق أو انقطاع > SENSOR_GAP_MINUTES ينشئ انحرافًا بكل التشغيلات المبردة؛ قرار الحجر/الإتلاف يحجر كل تشغيلة ويربطها بمرشحات الإعدام؛ تبويب ظروف التخزين وشارة للمبرد.,BR-INV-56,قراءات,Excursion,—,—,inventory.storage.read/record/assess,AC-INV-053-1: بافتراض منتج requiresCold=true ومخزن غير مبرد، عند الاستلام، يُرفض 400. | AC-INV-053-2: بافتراض قراءة 9°م في موقع 2-8، يُنشأ انحراف مفتوح يضم كل التشغيلات المبردة بالموقع.,NOT_IMPLEMENTED,NOT_IMPLEMENTED,Unknown,,,,ProductTemperatureProfile فقط apps/products/prisma/schema.prisma:180-190 (requiresCold :185) بلا منطق [B][C],,,schema فقط.,لا ضمان لسلسلة التبريد إن وُجدت منتجات مبردة.,P3,يعتمد على وجود منتجات مبردة (قرار).,DEC-INV-22,DEC-INV-22,هل لديكم منتجات تتطلب تبريدًا أو حساسات حرارة؟,,"Warehouse/Bin.storageClass؛ StorageReading؛ StorageExcursion(status, decision, batches[])؛ SENSOR_GAP_MINUTES مرجعي.",DAR-03 | DAR-08 | DAR-18,REQ-INV-014 | REQ-INV-041 | REQ-O2C-058,,docs/BUSINESS-FLOWS-COVERAGE-P0A-ASSESSMENT.md:170-182 (2026-09-07; B4a-0011) | docs/BUSINESS-FLOWS-COVERAGE-P0A-ASSESSMENT.md:748-766 (2026-09-07; B4a-0042) | docs/PROMPT-P1-P3-IMPLEMENTATION.md:323-324 (unknown; B5a-0232) | docs/PROMPT-P1-P3-IMPLEMENTATION.md:326 (unknown; B5a-0233) | docs/PROMPT-P1-P3-IMPLEMENTATION.md:328-332 (unknown; B5a-0234)
REQ-INV-054,C4,مواقع الأرفف مؤجلة حسب التشغيل الفعلي,OPTIONAL_IMPROVEMENT,unknown,Inventory / Warehouses,مدير المخزن,عدم بناء هيكل شكلي قبل الحاجة.,BinLocation موجود بالمخطط؛ إعداد الأرفف مؤجل حسب التشغيل الفعلي ولا يُنشأ هيكل شكلي الآن.,,—,—,—,—,—,AC-INV-054-1: لا تُشترط مواقع أرفف في أي عملية استلام أو صرف حتى يُقرر خلاف ذلك.,IMPLEMENTED,IMPLEMENTED,Unknown,,[C] POST/DELETE /warehouses/:id/bins (قائمة رئيسية فقط),,BinLocation schema.prisma:63 بلا علاقة بالأرصدة [B][C],,,متوافق مع التأجيل (bins قائمة رئيسية فقط).,—,P4,مؤجل.,,,,INV-16,—,DAR-19,REQ-INV-001,,"docs/P1-AUDIT.md:191,247 (2026-09-24; B2-0139)"
REQ-INV-055,C4,أحداث تدقيق أعمال بمستويات خطورة لعمليات المخزون والجودة والأمانة والمرتجعات والمنتجات,INFERRED_NEEDS_APPROVAL,AI agent,Inventory / Audit trail,المراجع الداخلي,أثر تدقيقي لكل عملية مؤثرة.,تسجيل حدث تدقيق لكل عملية: StockReserved/StockReleased (MEDIUM)، StockReserveRequested (LOW)، StockReservationFailed (HIGH)، StockAdjusted/GoodsReceived/AdjustmentDecided/RecallInitiated/BatchQuarantined (CRITICAL)، StockTransferred/BatchExpired/ConsignmentRecallHold/QuarantineBlockedReservations/BatchReleased/BatchRejected/SalesReturnCreated/ConsignmentStockConsumed (HIGH)، StaleReservationsDetected/ConsignmentCreated/ConsignmentStockAdded/ConsignmentStockReturned/BatchCreated (MEDIUM)، DisposalCandidatesDigest/NearExpiryDigest (LOW). ويضاف: ProductCostChanged (CRITICAL)، BulkOperationCompleted (HIGH)، OrderHeldForRecall/OrderRecallHoldReleased (HIGH)، SalesReturnCredited (HIGH).,,—,أحداث,العملية → حدث → خدمة التدقيق.,ضياع الحدث بعد commit (نشر مباشر).,—,AC-INV-055-1: لكل عملية في القائمة، بعد تنفيذها، يوجد سجل تدقيق واحد بالمستوى المحدد خلال دقيقة. | AC-INV-055-2: عند تعطل الوسيط لحظة العملية، لا يضيع سجل التدقيق (outbox).,PARTIAL,PARTIAL,Unknown,,,المنتجون: inventory transactions/transfers/consignment/reservation.listener/jobs؛ products batches.service.ts و batch-jobs.ts؛ sales returns.service.ts و saga.orchestrator.ts [B][C],,ConsignmentStockConsumed بلا منتج؛ معظمها نشر مباشر بعد commit,specs: reservation.listener.spec.ts، transactions.service.spec.ts، batches.qc.spec.ts، inventory-jobs.spec.ts (بعضها يؤكد عدم النشر في consignment),معظم الأحداث تُنشر لكن مباشرة (dual write)؛ ConsignmentStockConsumed غير موجود؛ تحويل المستوى إلى سجل التدقيق خارج هذا النطاق (C8/C9).,فجوات تدقيق عند تعطل الوسيط.,P2,ضابط رقابي.,,,,INT-01 | INT-06,outbox لكل خدمة؛ envelope بـactor وcorrelation وbefore/after.,DAR-07 | DAR-11 | DAR-12 | DAR-14 | DAR-15,REQ-INH-012 | REQ-INV-003 | REQ-NFR-018 | REQ-NFR-020 | REQ-O2C-016 | REQ-O2C-061 | REQ-O2C-062 | REQ-R2R-012 | REQ-TRC-028,,docs/BUSINESS-AUDIT-MATRIX.md:95-109 (unknown; B4a-0090)
REQ-INV-056,C4,إنشاء وتعديل منتج بلا سعر تجاري (منتجات قيد التسجيل) دون اختراع سعر,DOCUMENTED_REQ,auditor,Products / Product master,مسؤول كتالوج المنتجات,تمكين تسجيل الأصناف الحقيقية التي لم يُعتمد سعرها بعد دون إدخال صفر أو سعر وهمي يفسد الهوامش والتقارير.,يجب أن يقبل النظام منتجًا بسعر أساسي/تكلفة فارغين (null وليس 0) عند الإنشاء والتعديل، ويعرض «—» في الشاشات والتصدير CSV كخانة فارغة، ويرفض السعر السالب، ويرفض مسح سعر موجود سابقًا برسالة واضحة. حسم ما إذا كان الإنشاء من الواجهة يتطلب سعرًا معلق على قرار (تعارض).,BR-INV-58,"sku, nameAr, nameEn, basePrice?, costPrice?, publicPrice?",Product (basePrice/costPrice nullable),إنشاء منتج قيد التسجيل بلا سعر ← ظهوره بـ«—» ← لاحقًا إدخال السعر بتعديل ← نشر ProductPriceChanged.,سعر سالب → 400؛ محاولة مسح سعر قائم → رفض؛ SKU مكرر → 409.,products.products.create / products.products.update,AC-INV-056-1: بافتراض مستخدم بصلاحية products.products.create، عندما يرسل منتجًا بلا basePrice/costPrice عبر API، فإن المنتج يُحفظ وقيمة السعر null وليس 0. | AC-INV-056-2: بافتراض منتج سعره null، عندما يُعدَّل اسمه فقط من الواجهة، فإن الحفظ ينجح ويبقى السعر null ويُعرض «—». | AC-INV-056-3: بافتراض منتج له سعر 120، عندما يُرسل تعديل يفرغ السعر، فإن النظام يرفض برسالة واضحة ويبقى السعر 120. | AC-INV-056-4: بافتراض منتج سعره null، عندما يُصدَّر الكتالوج CSV، فإن خانة السعر تكون فارغة لا 0.,PARTIAL,PARTIAL,Unknown,app/dashboard/products/page.tsx: إنشاء يرسل Number(form.basePrice) :667 [B] / :668 [C]؛ تعديل يحذف الخانة الفارغة :1426 [B] / :1359 [C]؛ apps/web/lib/validators.ts:31-37 الإنشاء يتطلب سعرًا [B][C],POST /products، PATCH /products/:id,apps/products/src/modules/products/products.service.ts create :228 [B] / :237 [C],"apps/products/src/modules/products/dto/create-product.dto.ts:13,16 @IsOptional @Min(0) [B][C]؛ Product.basePrice/costPrice nullable apps/products/prisma/schema.prisma:65 [B][C]",ProductPriceChanged / ProductCostChanged,"spec exists, not run: products.service.spec.ts",الخلفية تقبل null والتعديل يحافظ على null، لكن واجهة الإنشاء ما زالت تفرض السعر (validators.ts:31-37) في النسختين؛ متسق مع قرار 2026-09-25 «الإنشاء يتطلب السعر» ومخالف لمستندات 09-08/09-18 التي تطلب الإنشاء بلا سعر.,منتجات قيد التسجيل لا تُنشأ من الواجهة إلا بسعر مخترع أو عبر الاستيراد؛ خطر هوامش وتقارير مضللة.,P2,بيانات رئيسية تمس التسعير، ويوجد بديل (الاستيراد/API) ومسار التعديل سليم.,REQ-INV-061,DEC-INV-24,هل يُسمح بإنشاء منتج بلا سعر من الواجهة، أم يبقى الإنشاء بسعر إلزامي والاستثناء عبر الاستيراد فقط؟,,Product.basePrice/costPrice/publicPrice قابلة لـnull مع CHECK ≥ 0 عند وجودها؛ لا قيمة افتراضية 0؛ سجل تاريخ الأسعار product_price_history يسجل الانتقال من null إلى قيمة مع الفاعل والوقت.,DAR-04 | DAR-05 | DAR-06 | DAR-09 | DAR-19,REQ-INV-058 | REQ-INV-061 | REQ-O2C-001,,docs/AUDIT-REMEDIATION-STATUS-2026-09-25-ar.md:42-45 (2026-09-25; B1-0345) | docs/ERP-PRODUCT-IMPORT-RESULT.md:41-45 (2026-09-01; B3-0206) | docs/BUSINESS-FLOWS-COVERAGE.md:32 (2026-09-08; B4a-0065) | docs/audit/23-day1-operations-ux-consistency.md:64-77 (2026-09-08; B5b-0133) | docs/audit/00-executive-summary.md:66 (2026-09-01; B6a-0024) | docs/audit/07-frontend.md:63 (2026-09-01; B6a-0154) | docs/audit/07-frontend.md:63-65 (2026-09-01; B6a-0155) | docs/audit/20-p0-p1-evidence-validation.md:330-332 (unknown; B6a-0297)
REQ-INV-057,C4,صيانة القوائم المرجعية للمنتج (الفئات، العلامات، المصنّعون) بأسماء فريدة,INFERRED_NEEDS_APPROVAL,auditor,Products / Reference data,مسؤول البيانات الرئيسية,تمكين فريق البيانات من إضافة فئة/علامة/مصنّع دون تدخل على قاعدة البيانات، ومنع تكرار الأسماء.,يجب توفير إنشاء/تعديل/تعطيل للفئات والعلامات والمصنّعين من الواجهة وAPI بصلاحية products.lookups.create/update، مع قيد تفرد على nameAr (وnameEn) لكل قائمة، ورفض نظيف 409 عند التكرار حتى مع الاستيراد المتزامن، وتدقيق كل تغيير.,,"nameAr, nameEn, isActive",ProductCategory/ProductBrand/ProductManufacturer + audit,إضافة مصنّع جديد ← يظهر فورًا في قوائم إنشاء المنتج والاستيراد.,اسم مكرر → 409؛ تعطيل قيمة مستخدمة → تبقى على المنتجات القائمة ولا تُعرض للجديد.,products.lookups.create / update,AC-INV-057-1: بافتراض مستخدم بصلاحية products.lookups.create، عندما يضيف مصنّعًا جديدًا، فإن المصنّع يظهر في قائمة اختيار المنتج دون تدخل على قاعدة البيانات. | AC-INV-057-2: بافتراض مصنّع باسم عربي «س» قائم، عندما يُرسل طلبان متزامنان لإنشاء «س»، فإن واحدًا فقط ينجح والآخر يعود 409 لا 500. | AC-INV-057-3: بافتراض تعديل اسم فئة، عندما يُحفظ، فإن سجل تدقيق يحفظ القيمة قبل/بعد والفاعل.,NOT_IMPLEMENTED,NOT_IMPLEMENTED,Unknown,لا شاشة؛ app/dashboard/settings/master-data/page.tsx (189 سطرًا متطابق [B][C]) تدير جدول lookups في Organization وليس فئات المنتج,GET /categories، /brands، /manufacturers فقط apps/products/src/modules/categories/categories.controller.ts:16-22 [B][C],,ProductCategory/ProductBrand/ProductManufacturer apps/products/prisma/schema.prisma:37-63 بلا @unique على nameAr [B][C],,,القوائم قراءة فقط في النسختين ولا قيد تفرد على الأسماء؛ ادعاء «صفحة البيانات الأساسية Placeholder» (B5a-0085) متجاوز: الصفحة حقيقية لكنها لجدول lookups عام لا لقوائم المنتج.,إضافة مصنّع/علامة جديدة تتطلب تدخلًا فنيًا، والاستيراد المتزامن قد ينشئ أسماء مكررة.,P3,كفاءة تشغيلية للبيانات الرئيسية؛ يوجد بديل يدوي عبر الزرع.,,,,,جداول القوائم الثلاثة بمفتاح UUID وقيد UNIQUE(lower(nameAr)) وUNIQUE(lower(nameEn))، وisActive بدل الحذف، وتدقيق في audit_logs.,DAR-03 | DAR-04 | DAR-06 | DAR-12 | DAR-20,REQ-INV-061,,"docs/UI-DAY1-OPERATIONS-AUDIT.md:153,155-156,258-260 (2026-09-08; B5b-0091) | docs/audit/04-database.md:21 (2026-09-01; B6a-0094) | docs/audit/22-production-remediation-master-plan.md:157 (2026-09-13; B6b-0099)"
REQ-INV-058,C4,حالة دورة حياة المنتج (نشط/موقوف/متوقف/قريب الإطلاق) بدل علم نشط فقط,INFERRED_NEEDS_APPROVAL,AI agent,Products / Product master,مسؤول الكتالوج / المدير التجاري,التمييز بين صنف متوقف نهائيًا وصنف موقوف مؤقتًا أو قيد الإطلاق، لضبط البيع والشراء والتقارير.,"يُقترح أن يحمل المنتج حالة دورة حياة من قائمة مغلقة (ACTIVE, SUSPENDED, DISCONTINUED, PRE_LAUNCH) مع سبب وتاريخ وفاعل، وألا يُحذف المنتج حذفًا فعليًا (أرشفة فقط)، وأن تحدد الحالة ما إذا كان الصنف قابلًا للبيع/الشراء.",,"status, reason",Product.status + تاريخ الحالات,منتج PRE_LAUNCH بلا سعر ← ACTIVE عند الاعتماد ← DISCONTINUED عند التوقف (مثل Ellamuselle).,بيع منتج DISCONTINUED/SUSPENDED يُرفض؛ الأرشفة لا تحذف الصف.,products.products.update / archive,AC-INV-058-1: بافتراض منتج بحالة DISCONTINUED، عندما يحاول مندوب إضافته لأمر بيع، فإن السطر يُرفض برسالة توضح الحالة. | AC-INV-058-2: بافتراض تغيير حالة منتج، عندما يُحفظ، فإن سجل الحالات يحفظ الحالة السابقة والجديدة والسبب والفاعل. | AC-INV-058-3: بافتراض منتج له حركات، عندما يُطلب حذفه، فإن النظام يؤرشفه فقط ولا يحذف الصف.,NOT_IMPLEMENTED,NOT_IMPLEMENTED,Unknown,,POST /products/:id/archive|activate apps/products/src/modules/products/products.controller.ts:68 [C],products.service.ts archive :256 [B] / :265 [C] (حذف ناعم isActive),Product.isActive فقط apps/products/prisma/schema.prisma:97 [B][C],,,لا يوجد غير isActive (نشط/مؤرشف)؛ الحذف الناعم متحقق، لكن لا حالات موقوف/متوقف/قريب الإطلاق ولا سبب ولا تاريخ.,لا يمكن التمييز في البيع والتقارير بين صنف متوقف وصنف موقوف مؤقتًا.,P3,تحسين ضبط الكتالوج والتقارير؛ الأرشفة تغطي الحالة الأشد.,REQ-INV-059,,هل تحتاجون حالات دورة حياة للمنتج أكثر من نشط/مؤرشف؟ وما أثر كل حالة على البيع والشراء؟,,"عمود Product.lifecycleStatus (enum) غير قابل لـnull بقيمة افتراضية ACTIVE، وجدول تاريخ حالات (productId, from, to, reason, actorId, at)؛ لا DELETE على products.",DAR-03,REQ-INV-056 | REQ-INV-059,,docs/ERP-PRODUCT-IMPORT-RESULT.md:37-39 (2026-09-01; B3-0205)
REQ-INV-059,C4,تتبع التسجيل الرقابي للمنتج وتراخيص الشركة والمخازن مع تنبيه التجديد ومنع البيع عند الانتهاء,INFERRED_NEEDS_APPROVAL,AI agent,Quality / Regulatory compliance,مسؤول الشؤون التنظيمية / الجودة,ضمان عدم بيع/استيراد منتج انتهى أو أُوقف تسجيله لدى NFSA/EDA، وعدم العمل بترخيص منتهٍ.,يُقترح كيان تسجيل منتج (الجهة، الرقم، تاريخ الإصدار/الانتهاء، الحالة VALID/RENEWAL_DUE/EXPIRED/SUSPENDED، مرفقات) وكيان تراخيص الشركة والمخازن (سجل تجاري، بطاقة ضريبية، رخصة استيراد، سجل مستوردين، رخصة مخزن، GMP/GDP، دفاع مدني) مع تنبيه قبل الانتهاء (افتراضي 180 يومًا للمنتج و90 للتراخيص)، ومنع بيع منتج تسجيله EXPIRED/SUSPENDED، ومنع اعتماد أمر شراء برخصة استيراد منتهية، ولوحة امتثال.,BR-INV-65,"authority, registrationNo, validFrom, validTo, status, attachments",ProductRegistration / OrgLicense + إشعارات,تسجيل المنتج ← تنبيه RENEWAL_DUE ← تجديد ← تحديث registrationNo تلقائيًا.,تسجيل منتهٍ → رفض سطر البيع 409؛ رخصة استيراد منتهية → رفض اعتماد PO 409؛ رخصة مخزن منتهية → تحذير/حظر استلام اختياري.,products.registrations.manage / org.licenses.manage,AC-INV-059-1: بافتراض منتج تسجيله EXPIRED، عندما يُضاف إلى أمر بيع، فإن الخادم يرفض السطر 409 برسالة تذكر حالة التسجيل. | AC-INV-059-2: بافتراض تسجيل ينتهي بعد 170 يومًا ومهلة تجديد 180، عندما تعمل المهمة اليومية، فإن الحالة تصبح RENEWAL_DUE ويُرسل إشعار للمسؤول. | AC-INV-059-3: بافتراض رخصة استيراد منتهية، عندما يُطلب اعتماد أمر شراء، فإن الطلب يُرفض 409.,NOT_IMPLEMENTED,NOT_IMPLEMENTED,Unknown,حقل registrationNo نصي في نموذج المنتج app/dashboard/products/page.tsx [B][C],,apps/products/src/modules/products/dto/create-product.dto.ts:8 [B][C],Product.registrationNo String? apps/products/prisma/schema.prisma:73 [B][C]؛ لا ProductRegistration ولا OrgLicense,,,حقل نصي فقط؛ لا تواريخ سريان ولا حالة ولا تنبيهات ولا منع بيع/استيراد.,خطر رقابي: بيع منتج تسجيله منتهٍ أو استيراد برخصة منتهية دون أي إنذار من النظام.,P2,امتثال تنظيمي؛ يوجد متابعة يدوية محتملة خارج النظام (غير معروفة).,REQ-INV-063,DEC-INV-37,كيف تتابعون اليوم تواريخ تسجيل المنتجات وتراخيص الشركة؟ وهل يجب أن يمنع النظام البيع/الشراء آليًا عند الانتهاء أم يكتفي بالتنبيه؟,,"ProductRegistration(productId FK, authority, number UNIQUE per authority, validFrom, validTo, status, attachments) وOrgLicense(type, number, scope warehouseId?, validTo, status)؛ مهمة يومية تحدّث الحالة؛ تدقيق كامل للتعديلات.",DAR-03 | DAR-04 | DAR-06 | DAR-11 | DAR-12 | DAR-13 | DAR-20,REQ-INV-058 | REQ-INV-063 | REQ-P2P-026 | REQ-SEC-053 | REQ-TRC-011,,docs/BUSINESS-FLOWS-COVERAGE-P0A-ASSESSMENT.md:382-393 (2026-09-07; B4a-0032) | docs/BUSINESS-FLOWS-COVERAGE-P0A-ASSESSMENT.md:1104-1134 (2026-09-07; B4a-0057) | docs/PROMPT-P1-P3-IMPLEMENTATION.md:292 (unknown; B5a-0223) | docs/PROMPT-P1-P3-IMPLEMENTATION.md:293 (unknown; B5a-0224) | docs/PROMPT-P1-P3-IMPLEMENTATION.md:297 (unknown; B5a-0226) | docs/PROMPT-P1-P3-IMPLEMENTATION.md:299-303 (unknown; B5a-0227)
REQ-INV-060,C4,وحدات القياس والتحويلات (كرتونة/علبة/شريط) واستخدامها المتسق في الكميات,DOCUMENTED_REQ,AI agent,Products / UOM,مسؤول البيانات الرئيسية,توحيد وحدة الكمية بين الشراء والمخزون والبيع ومنع أخطاء تحويل الكراتين إلى قطع.,يجب أن يحتفظ النظام بمصفوفة تحويل لكل منتج (fromUom→toUom، معامل موجب ≤4 منازل عشرية، باركود، افتراضي شراء/بيع) مع شاشة صيانة واستيراد CSV بمعاينة (dry-run) وتدقيق معاملاتي، وتعريفات الوحدات تحت تحكم الزرع، ولا يكتب الاستيراد أي مخزون؛ ويجب تحديد وحدة الأساس التي تُحفظ بها كميات المخزون والمبيعات وتطبيق التحويل عند الإدخال.,BR-INV-66,"sku, fromUom, toUom, conversionFactor, barcode, isDefaultPurchasing, isDefaultSelling",ProductUomConversion + audit,تعريف التحويلات ← الاستيراد بمعاينة ← استخدام التحويل عند الاستلام/البيع.,معامل ≤0 أو >4 منازل → رفض السطر؛ وحدة غير معرّفة → رفض.,products.uom.manage,AC-INV-060-1: بافتراض ملف تحويلات بمعامل 0.12345، عندما يُستورد بمعاينة، فإن السطر يُرفض برسالة «لا يتجاوز 4 منازل» ولا يُكتب شيء. | AC-INV-060-2: بافتراض منتج بتحويل كرتونة=20 علبة، عندما يُطلب تحويل 3 كراتين، فإن النتيجة 60 علبة. | AC-INV-060-3: بافتراض استلام مخزون، عندما تُدخل الكمية بوحدة غير الأساس، فإن الرصيد يُحفظ بوحدة الأساس بعد التحويل (أو يُرفض الإدخال إن لم يُعتمد ذلك).,PARTIAL,PARTIAL,Unknown,app/dashboard/settings/uom/page.tsx (393 سطرًا متطابق [B][C]),GET /uom/units، /uom/products/:productId، /uom/convert، /uom/breakdown/:productId، POST /uom/products/:productId [B][C]؛ POST /uom/conversions/import/file وتصدير CSV [C] فقط,apps/products/src/modules/uom/uom.service.ts parseConversionFactor :280-288 [C],"ProductUomConversion @@unique([productId, fromUom, toUom]) apps/products/prisma/schema.prisma:152 [B][C]",,"spec exists, not run: uom.service.spec.ts",التحويلات موجودة كبيانات رئيسية واستيرادها في C فقط، لكنها غير مستخدمة في كميات المخزون (أعداد صحيحة بلا وحدة) ولا في المبيعات/المحاسبة (INV-16).,أي إدخال بالكراتين بدل العلب يغير الرصيد بعامل التحويل دون اكتشاف.,P3,لا دليل على تداول بوحدات متعددة حاليًا (المنتجات علب 30 كيسًا)؛ خطر كامن.,,DEC-INV-33,بأي وحدة تُسجَّل كميات المخزون والبيع اليوم (علبة؟)، وهل يُستلم أو يُباع بالكرتونة؟,INV-16,"UnitOfMeasure مزروعة؛ ProductUomConversion(productId, fromUom, toUom) فريد، factor NUMERIC(14,4) > 0؛ وحدة أساس لكل منتج؛ كميات المخزون تُخزن بوحدة الأساس مع توثيق ذلك في العقود.",DAR-03 | DAR-06 | DAR-12 | DAR-15 | DAR-20,REQ-INV-061,,"docs/phase1-master-data-data-io.md:138,161-169 (unknown; B3-0248) | docs/GAP-ANALYSIS-AR.md:122-123 (unknown; B4a-0148)"
REQ-INV-061,C4,حوكمة الاستيراد الجماعي للمنتجات (حقول إلزامية، معاينة، كشف تكرار، بلا أثر مخزني),DOCUMENTED_REQ,AI agent,Products / Data import,مسؤول البيانات الرئيسية,تحميل الكتالوج بأمان دون تكرار SKU أو كتابات جزئية غير مقصودة.,يجب أن يتطلب استيراد المنتجات sku وnameAr وnameEn (والأسعار حسب قرار DEC-INV-24)، ويقبل اختياريًا salesTaxPct/commissionPct/publicPrice/ndc/gtin/registrationNo، ويستبعد معرفات الفئة/العلامة/المصنّع وreorderPoint، ويوفر معاينة dry-run، ويكشف SKU المكرر داخل الملف نفسه، ويعيد 409 نظيفًا عند التعارض المتزامن، ولا يكتب مخزونًا أو قيودًا، ويُعالج الملفات الكبيرة بدفعات دون انتهاء المهلة.,BR-INV-67,"ملف/JSON حتى 2,000 صف، updateExisting, dryRun",ملخص created/updated/failed لكل صف + BulkOperationCompleted,رفع الملف ← معاينة ← تأكيد ← كتابة ← تقرير لكل صف.,SKU مكرر في الملف → رفض الصفين المكررين بالمعاينة؛ تعارض متزامن → 409 لا 500.,products.products.import,"AC-INV-061-1: بافتراض ملف به SKU مكرر في سطرين، عندما يُرسل بوضع المعاينة، فإن التقرير يعلّم السطرين ولا يُكتب أي منتج. | AC-INV-061-2: بافتراض طلبين متزامنين لإنشاء نفس SKU، عندما يُعالجان، فإن أحدهما ينجح والآخر يعود 409 لا 500. | AC-INV-061-3: بافتراض استيراد 2,000 منتج، عندما يكتمل، فإن لا صف في stock_balances أو ledger_entries يتغير.",PARTIAL,PARTIAL,Unknown,,POST /products/bulk-import (products.products.import) apps/products/src/modules/products/products.controller.ts:80 [C]؛ POST /products/import-prices (بها dryRun),products.service.ts bulkImport :455 [B] / :464 [C] (صف بصف بلا dryRun ولا كشف تكرار داخل الملف ولا معاملة)؛ create :228 [B] / :237 [C] (findUnique ثم create بلا التقاط P2002),,BulkOperationCompleted,"spec exists, not run: products.service.spec.ts",لا dry-run في استيراد المنتجات ولا كشف SKU مكرر داخل الملف؛ السباق على SKU يعطي 500؛ معالجة متسلسلة قد تنتهي مهلتها.,تحميل جزئي صعب التتبع للكتالوج وأخطاء غير مفهومة للمستخدم.,P3,كفاءة وجودة بيانات؛ الاستيراد لا يمس المخزون والمال.,REQ-INV-056 | REQ-INV-057,DEC-INV-24,,,"products.sku UNIQUE (قائم) مع ترجمة P2002 إلى 409؛ سجل عملية استيراد (importId, actor, counts, نتائج الصفوف) قابل للمراجعة.",DAR-04 | DAR-06 | DAR-15 | DAR-20,REQ-INV-056 | REQ-INV-060 | REQ-OPS-007,,docs/IMPORT-TEMPLATES-AR.md:31-47 (unknown; B3-0229)
REQ-INV-062,C4,ملف المنتج: المكونات المرتبة والمستندات المصنفة والأسماء البديلة من مصادر موثقة,DOCUMENTED_REQ,AI agent,Products / Product master,مسؤول الكتالوج / الجودة,ربط بيانات المنتج الفنية والمستندية بالصنف دون اختراع كميات أو ادعاء اعتماد تنظيمي.,يجب أن يعرض المنتج مكوناته المرتبة من مصادر موثقة (الكمية المجهولة null لا رقم مخترع، الأجهزة بلا مكونات، ورقة تركيبة المصنع أعلى مرجعية)، وأن تُحفظ مستنداته مصنفة (مرجع تاريخي/تصميم يحتاج اعتماد/توقيع غير متحقق/مسودة ترجمة) وأسماء بحث بديلة مقترحة للمراجعة، مرتبطة بأكواد الأصناف القائمة دون إنشاء أصناف جديدة، وألا تنشئ العبوة الوصفية تحويل وحدات.,,"ingredients[], documents[], aliases[]",ProductIngredient / مستندات المنتج / الأسماء البديلة,رفع مستند ← تصنيفه ← ربطه بالمنتج ← مراجعة الجودة.,مستند يتعارض مع مرجع أعلى (مثل اسم المصنع) → يبقى غير معتمد حتى مراجعة الجودة.,products.products.update,AC-INV-062-1: بافتراض منتج له مكونات، عندما يُستدعى GET /products/:id، فإن المكونات تُعاد مرتبة بـsequence. | AC-INV-062-2: بافتراض مكوّن كميته غير معروفة، عندما يُحفظ، فإن الكمية null ولا تُعرض كصفر. | AC-INV-062-3: بافتراض رفع مستند منتج، عندما يُحفظ، فإن له تصنيفًا من القائمة المعتمدة ولا يُعلَّم «معتمد تنظيميًا» إلا بقرار جودة.,PARTIAL,PARTIAL,Unknown,,لا API لحفظ الأسماء البديلة أو المستندات,products.service.ts findOne يتضمن ingredients مرتبة :213-226 [B] / :222-235 [C],"ProductIngredient @@unique([productId, sequence]) apps/products/prisma/schema.prisma:163-174 [B][C]؛ لا جدول مستندات منتج ولا أسماء بديلة",,,المكونات منفذة؛ لا API/جداول للمستندات المصنفة ولا الأسماء البديلة.,المستندات المرجعية تبقى خارج النظام ويتعذر ربطها بالصنف أو مراجعتها.,P3,جودة بيانات ومرجعية؛ لا أثر مالي مباشر.,REQ-INV-063,DEC-INV-37,,,"ProductDocument(productId, category enum, fileRef, verificationStatus, source) وProductAlias(productId, alias, status PROPOSED/APPROVED) مع تدقيق.",DAR-03 | DAR-12,REQ-INV-063,,docs/audit/2026-09-18-master-data-enrichment-ar.md:16 (2026-09-18; B3-0070) | docs/audit/2026-09-18-master-data-enrichment-ar.md:22-24 (2026-09-18; B3-0072) | docs/ERP-PRODUCT-IMPORT-RESULT.md:47-52 (2026-09-01; B3-0207)
REQ-INV-063,C4,تخزين آمن للشهادات والمستندات (CoA، شهادات الموردين) بروابط مؤقتة وتدقيق التنزيل,DOCUMENTED_REQ,unknown,Quality / Documents,الجودة / المشتريات,حفظ شهادات الجودة والتسجيل والموردين كدليل امتثال دون تعريضها لوصول غير مصرح.,يجب أن تُحفظ الشهادات (النوع، الجهة، الرقم، الصنف/التشغيلة، السريان، حالة التحقق) وجهات اتصال الموردين في تخزين خاص بروابط مؤقتة مصرح بها، مع فحص MIME والحجم والبرمجيات الضارة، وصلاحية تنزيل مستقلة، وسجل وصول، ودورة إضافة/تعديل/أرشفة/استعادة، واستيراد معاينة ثم تأكيد، وحماية من الحذف الفعلي.,,ملف + بيانات وصفية,Certificate + سجل وصول,رفع CoA للتشغيلة ← فحص الملف ← ربطه بسجل QC ← تنزيل بصلاحية ورابط مؤقت.,ملف غير مسموح/كبير/مصاب → رفض؛ رابط منتهٍ → 403.,صلاحية رفع منفصلة عن صلاحية التنزيل,AC-INV-063-1: بافتراض مستخدم بلا صلاحية تنزيل الشهادات، عندما يطلب ملف CoA، فإن الطلب يُرفض 403 ويُسجل المحاولة. | AC-INV-063-2: بافتراض رابط تنزيل صادر، عندما تنقضي مدته، فإن استخدامه يُرفض. | AC-INV-063-3: بافتراض ملف بامتداد غير مسموح، عندما يُرفع، فإن الرفع يُرفض ولا يُخزن الملف.,NOT_IMPLEMENTED,NOT_IMPLEMENTED,Unknown,,,,BatchQcRecord يحمل رقم/مرجع CoA نصيًا apps/products/prisma/schema.prisma [B][C]؛ لا كيان Certificate ولا تخزين ملفات للشهادات,,,لا تخزين ملفات للشهادات ولا جهات اتصال/شهادات موردين في Products.,أدلة الجودة خارج النظام؛ صعوبة إثبات الإفراج أمام الجهة الرقابية.,P3,امتثال/أدلة؛ بديل يدوي قائم غالبًا (غير معروف).,,,أين تُحفظ شهادات CoA وشهادات الموردين اليوم؟ ومن يحق له تنزيلها؟,,"Certificate(id, type, issuer, number, productId?/batchId?/supplierId?, validFrom, validTo, verificationStatus, storageKey) وFileAccessLog(certificateId, userId, at, action)؛ لا DELETE فعلي.",DAR-03 | DAR-04 | DAR-12 | DAR-15 | DAR-20,REQ-INV-012 | REQ-INV-059 | REQ-INV-062 | REQ-NFR-034 | REQ-O2C-056,,docs/P1-AUDIT.md:183 (2026-09-24; B2-0132)
REQ-INV-064,C4,قوائم وبحث خفيفة الأداء: بحث منتجات من الخادم وترقيم صفحات للتشغيلات والحركات والأرصدة,INFERRED_NEEDS_APPROVAL,auditor,Inventory / Usability & scale,كل المستخدمين التشغيليين,منع تحميل الكتالوج والسجلات كاملة في كل نموذج، وضمان الوصول للسجلات الأقدم.,يجب توفير بحث منتجات خفيف من الخادم (typeahead) لنماذج الأمر والاستلام والتشغيلة، وترقيم صفحات/cursor لقوائم الحركات والتحويلات وتتبع التشغيلة والتشغيلات، وحد افتراضي للأرصدة (200 مقصوصًا بين 1 و500) بترتيب الانتهاء ثم المعرف.,,"q, take, cursor",صفحات نتائج,المستخدم يكتب جزءًا من الاسم ← الخادم يعيد أول 20 نتيجة.,take خارج الحد → يُقص.,صلاحيات القراءة القائمة,AC-INV-064-1: بافتراض 300 حركة مخزون، عندما يُطلب السجل بالصفحات، فإن الوصول لأقدم حركة ممكن عبر cursor. | AC-INV-064-2: بافتراض GET /batches بلا productId، عندما يُستدعى، فإن النتائج محدودة بحد أقصى وترقيم. | AC-INV-064-3: بافتراض نموذج الاستلام، عندما يُفتح، فإن قائمة المنتجات لا تُحمّل كاملة بل عبر بحث من الخادم.,PARTIAL,PARTIAL,Unknown,components/receive-stock-modal.tsx:67 يحمّل productsApi.list() كاملة [C],GET /transactions (take 200 + before cursor) apps/inventory/src/modules/transactions/transactions.controller.ts:14-20 [B][C],"apps/products/src/modules/batches/batches.service.ts:17-22 findAll بلا take [B][C]؛ apps/inventory/src/modules/stock/stock.service.ts:29-37 take افتراضي 200 مقصوص [1,500] [C]",,,,الحركات بها cursor والأرصدة محدودة (C)، لكن قائمة التشغيلات بلا حد والنماذج تحمّل الكتالوج كاملًا؛ لا endpoint بحث خفيف.,بطء النماذج مع نمو البيانات؛ بلا أثر مالي.,P3,أداء/كفاءة.,,,,,"فهارس على products(nameAr, nameEn, sku) للبحث، وbatches(productId, expiryDate)، وinventory_transactions(createdAt, id) للـcursor.",DAR-03 | DAR-10 | DAR-11 | DAR-17,REQ-INV-003 | REQ-INV-004 | REQ-NFR-028 | REQ-SEC-072,,docs/audit/04-database.md:26 (2026-09-01; B6a-0096) | docs/audit/06-api.md:25 (2026-09-01; B6a-0136) | docs/audit/load-test-remediation-2026-09-09.md:31 (2026-09-09; B6a-0412)
REQ-INV-065,C4,بند «عينة منتج» في طلب الهدية مرجعي فقط ولا يخصم من المخزون,OWNER_DECISION,owner,Inventory / Samples & gifts,المبيعات / التسويق,منع خصم مخزون غير مقصود من طلبات الهدايا إلى أن يُتخذ قرار منفصل بشأن العينات.,بند «عينة منتج» في طلب هدية العميل يحمل productId مرجعيًا فقط ولا يُنشئ أي حركة مخزون؛ أي خصم للعينات من المخزن (أي مخزن، أي تشغيلة، ومعالجتها كمصروف تسويق بالتكلفة) يتطلب قرارًا منفصلًا.,BR-INV-59,"customer gift request lines (type PRODUCT_SAMPLE, productId)",CustomerGift بلا أثر مخزني,تسجيل طلب هدية بعينة ← لا تغيير في الأرصدة.,—,حسب دورة اعتماد الهدايا (خارج هذا البند),AC-INV-065-1: بافتراض طلب هدية بسطر PRODUCT_SAMPLE بكمية 5، عندما يُعتمد، فإن أرصدة stock_balances وinventory_transactions لا تتغير. | AC-INV-065-2: بافتراض قرار لاحق بخصم العينات، عندما يُنفَّذ، فإن الخصم يحدد المخزن والتشغيلة ويُسجل حركة بسبب مستقل.,IMPLEMENTED,IMPLEMENTED,Unknown,app/dashboard/customer-gifts/page.tsx [B][C],,apps/organization/src/modules/customer-gifts/customer-gifts.service.ts:45 productId مرجعي، لا استدعاء للمخزون [B][C],enum PRODUCT_SAMPLE apps/organization/prisma/schema.prisma:579 [B] / :597 [C],,"spec exists, not run: customer-gifts.service.spec.ts",مطابق للقرار؛ يتعارض مع طلب (8) بجعل الهدية من المخزون أو التالف ومع اعتبار هدايا التالف مصروف تسويق (DEC-INV-32).,العينات الفعلية المسلّمة لا تظهر في المخزون؛ فرق جرد محتمل إن كانت تُصرف فعلًا من المخزن.,P2,يمس دقة المخزون إن كانت العينات تُصرف فعليًا؛ القرار الحالي واعٍ ومؤقت.,REQ-INV-040,DEC-INV-32,هل تُصرف العينات فعليًا من مخزون الشركة؟ وإن كان نعم: من أي مخزن/تشغيلة، وبأي معالجة محاسبية؟,,عند اعتماد الخصم لاحقًا: حركة مخزون بنوع/سبب SAMPLE_ISSUE مرتبطة بطلب الهدية (giftRequestId) والتشغيلة والمخزن والتكلفة.,DAR-03 | DAR-05 | DAR-19,REQ-CRM-023 | REQ-INV-040,,docs/DECISIONS-2026-09-25-ar.md:110 (2026-09-25; B1-0099)
REQ-INV-066,C4,تصفية حركات المخزون بالمستخدم والمخزن من الخادم,OWNER_DECISION,owner,Inventory / Stock ledger,مدير المخزن / المراجع,مراجعة ما فعله مستخدم أو ما حدث في مخزن بعينه دون الاعتماد على تصفية المتصفح لعينة جزئية.,يجب أن توفر شاشة حركات المخزون وسجل الحركات في شاشة المخزون فلتري «المستخدم» و«المخزن» تُطبق على الخادم (آخر 200 حركة للمستخدم المختار مع إمكان التقدم بالصفحات)، لا في المتصفح.,BR-INV-63,"actorId, warehouseId, type, before",قائمة الحركات المصفاة,اختيار مستخدم ← طلب GET /transactions?actorId= ← عرض حركاته.,—,inventory.transactions.read,AC-INV-066-1: بافتراض 500 حركة منها 30 للمستخدم «س»، عندما يُختار «س» في الفلتر، فإن الطلب يُرسل actorId للخادم وتُعرض الـ30 كلها. | AC-INV-066-2: بافتراض مخزنين، عندما يُختار أحدهما، فإن الحركات المعروضة كلها لذلك المخزن.,IMPLEMENTED,IMPLEMENTED,Unknown,app/dashboard/stock-movements/page.tsx:81 (actorId/warehouseId في الاستعلام)، :173 عمود المستخدم [B][C],GET /transactions?actorId&warehouseId apps/inventory/src/modules/transactions/transactions.controller.ts:16-20 [B][C],,,,,منفذ في النسختين (ادعاء المستند «لم يُعمل commit» متجاوز بالكود). فلتر المستخدم داخل سجل شاشة المخزون لم يُتحقق منه منفصلًا.,—,P3,مراجعة وتقارير.,REQ-INV-003,,,,"inventory_transactions.actorId وwarehouseId غير فارغين للحركات المخزنية، مع فهرس (actorId, createdAt) و(warehouseId, createdAt).",DAR-17,REQ-INV-003 | REQ-INV-064,,docs/REQUESTS-2026-09-25-ar.md:14-17 (2026-09-25; B1-0115)
REQ-INV-067,C4,عرض مخزن الأمر مشتقًا من تخصيصات FEFO («متعدد المخازن (N)»),INFERRED_NEEDS_APPROVAL,AI agent,Inventory / Allocation visibility,المبيعات / المخزن,إظهار من أين سيُصرف الأمر دون إضافة حقل مخزن يقيد FEFO.,"يجب أن تعيد قائمة الأوامر وتفاصيلها ملخص مخازن مشتقًا من تخصيصات الأسطر {count, totalQuantity, rows} وتعرض الشاشة اسم المخزن أو «متعدد المخازن (N)» مع تفصيل، دون حقل warehouseId على الأمر ما لم يُتخذ قرار بذلك.",BR-INV-62,OrderLineAllocation,warehouses summary,تخصيص FEFO ← حساب الملخص ← عرضه في القائمة.,أمر غير مخصص → لا ملخص.,sales.orders.read,AC-INV-067-1: بافتراض أمر خُصص من مخزنين، عندما يُعرض في القائمة، فإن العمود يظهر «متعدد المخازن (2)» مع الكميات لكل مخزن. | AC-INV-067-2: بافتراض أمر خُصص من مخزن واحد، عندما يُعرض، فإن اسم المخزن يظهر.,IMPLEMENTED,IMPLEMENTED,Unknown,,GET /sales/orders و/:id,"apps/sales/src/modules/orders/orders.service.ts:102,227 warehouseSummary :1341 [B]؛ :102,242، :1371 [C]",OrderLineAllocation.warehouseId اختياري (sales schema),,"spec exists, not run: orders.warehouses.spec.ts",منفذ؛ قاعدة «كل مندوب يخصم من فرع محدد» غير محسومة (DEC-INV-31/DEC-INV-01).,—,P4,عرض/شفافية.,REQ-INV-019,DEC-INV-31,,,"OrderLineAllocation(warehouseId, source WAREHOUSE|CONSIGNMENT, batchId, quantity) مصدر الحقيقة؛ لا تكرار للمخزن على رأس الأمر.",DAR-03 | DAR-06,REQ-INV-002 | REQ-INV-019,,docs/DECISIONS-AR.md:191 (2026-09-14; B1-0037)
REQ-INV-068,C4,ربط الاستلام بأمر الشراء اختياريًا مع تمرير المرجع للمحاسبة والمشتريات,INFERRED_NEEDS_APPROVAL,AI agent,Inventory / Receiving,أمين المخزن,ربط الاستلام الفعلي بسطر أمر الشراء لحساب المستلم ومطابقة الفاتورة دون تعطيل أرضية المخزن.,يقبل الاستلام purchaseOrderId/purchaseOrderLineId اختياريًا (كلاهما أو لا شيء، ومنتج السطر = منتج الاستلام)، ويمررهما في GoodsReceived عبر outbox دائم؛ الاستلام الفعلي هو المرجع؛ التحقق العميق في مستهلك المشتريات، والمرجع الخاطئ يذهب إلى DLQ/تدقيق ولا يوقف الاستلام؛ الاستلام الزائد مسموح ويُظهر.,BR-INV-68,"purchaseOrderId?, purchaseOrderLineId?","GoodsReceived(purchase_order_id, purchase_order_line_id)",استلام مرتبط بسطر PO ← حدث ← زيادة receivedQty في المشتريات.,مرجع خاطئ → DLQ/تدقيق؛ إعادة تسليم الحدث → زيادة receivedQty مرة واحدة.,inventory.transactions.create,AC-INV-068-1: بافتراض استلام بـpurchaseOrderLineId دون purchaseOrderId، عندما يُرسل، فإن الطلب يُرفض 400. | AC-INV-068-2: بافتراض استلام مرتبط بسطر PO، عندما يُسلَّم حدث GoodsReceived مرتين، فإن receivedQty يزيد مرة واحدة. | AC-INV-068-3: بافتراض مرجع PO غير موجود، عندما يُستهلك الحدث، فإن الاستلام يبقى قائمًا والمرجع يُسجل في DLQ/التدقيق.,NOT_IMPLEMENTED,PARTIAL,Unknown,components/receive-stock-modal.tsx ربط PO اختياري [C],POST /transactions/goods-receipt,"apps/inventory/src/modules/transactions/dto/goods-receipt.dto.ts:19-20 اختياريان بلا شرط «كلاهما أو لا شيء» [C]؛ transactions.service.ts:85-86,113-114 [C]",,GoodsReceived عبر outbox [C]؛ نشر مباشر بلا مرجع PO [B],,B لا يدعم الربط؛ C يمرر المرجع لكن شرط «كلاهما أو لا شيء» وتطابق المنتج غير مفروضين في المخزون (التحقق في المستهلك لم يُراجع هنا).,مطابقة ثلاثية (PO/استلام/فاتورة) ضعيفة في B.,P2,ضبط المشتريات والذمم؛ يوجد بديل يدوي (رقم GRN في فاتورة المورد).,REQ-INV-007 | REQ-INV-009,DEC-INV-34 | DEC-INV-02,,INV-08 | INT-01,inventory_transactions.note/حقول مرجع PO؛ في المشتريات receivedQty محدّث idempotent بمفتاح event_id/receiptId.,DAR-03 | DAR-07 | DAR-12,REQ-INV-007 | REQ-INV-009 | REQ-P2P-006 | REQ-P2P-008,REQ-P2P-006,docs/P1-1C-IMPLEMENTATION-READINESS.md:57-60 (2026-09-24; B2-0183)
REQ-INV-069,C4,تدوير التشغيلات في الأمانة: لا تُرسل تشغيلة جديدة لصنف حتى تنفد القديمة عند العميل أو تقارب,OWNER_DECISION,owner,Inventory / Consignment,مندوب/مسؤول الأمانة,تقليل تراكم تشغيلات متعددة لدى العميل وخطر انتهاء القديمة.,عند تحميل أمانة لعميل، لا يُرسل النظام تشغيلة جديدة من صنف ما دامت لدى العميل تشغيلة أقدم من نفس الصنف برصيد متاح يتجاوز حدًا متفقًا عليه («تقرب تخلص»)، إلا بتجاوز مصرح ومسبب.,BR-INV-64,"customerId, productId, batchId",قبول/رفض التحميل,طلب تحميل ← فحص أرصدة الأمانة للصنف ← رفض أو قبول.,تجاوز بصلاحية وسبب مسجل.,inventory.consignment.create + صلاحية تجاوز,AC-INV-069-1: بافتراض عميل لديه 40 علبة متاحة من التشغيلة A والحد 10، عندما يُطلب تحميل التشغيلة B من نفس الصنف، فإن الطلب يُرفض برسالة توضح رصيد A. | AC-INV-069-2: بافتراض نفس الحالة ومستخدم بصلاحية التجاوز، عندما يحمّل مع سبب، فإن التحميل ينجح ويُسجل السبب في التدقيق.,NOT_IMPLEMENTED,NOT_IMPLEMENTED,Unknown,,POST /consignment/stock، /deliveries [B][C],apps/inventory/src/modules/consignment/consignment.service.ts addStock :52 / addStockBulk :83 لا فحص تشغيلات قائمة لدى العميل [C]؛ :52 [B],,,,لا قاعدة تدوير؛ الحد «تقرب تخلص» غير محدد.,تراكم تشغيلات وخطر انتهاء صلاحية أمانة العميل ومرتجعات.,P3,كفاءة الأمانة وتقليل الهالك؛ قابل للتطبيق يدويًا.,REQ-INV-030,,ما معنى «تقرب تخلص» رقميًا (كمية أم نسبة أم أيام)، ومن يملك التجاوز؟,,"ConsignmentStock(customerId, batchId) مع productId وexpiryDate؛ قيمة حد التدوير قابلة للضبط؛ سجل التجاوزات.",DAR-03 | DAR-06,REQ-INV-029 | REQ-INV-030,,docs/REQUESTS-2026-09-25-ar.md:193 (2026-09-25; B1-0153)
REQ-INV-070,C4,حالة «لدى العميل أمانة» تُعرض في ملف العميل مشتقة من اتفاقية الأمانة,OWNER_DECISION,unnamed owner,Inventory / Consignment,المبيعات / الأمانة,معرفة العملاء الذين لديهم مخزون أمانة دون ازدواج بيانات بين CRM والمخزون.,يجب أن يظهر في إعدادات/ملف العميل مؤشر «لدى العميل مخزون أمانة: نعم/لا»؛ مصدر الحقيقة الحالي ConsignmentAgreement.isActive في المخزون، وطريقة التنفيذ (علم في CRM أم اشتقاق أم تبديل ينشئ/يوقف اتفاقية) معلقة على قرار.,,customerId,مؤشر الأمانة,إنشاء اتفاقية ← المؤشر نعم ← إيقافها ← لا.,—,inventory.consignment.create,AC-INV-070-1: بافتراض عميل باتفاقية أمانة نشطة، عندما يُفتح ملفه، فإن المؤشر «نعم». | AC-INV-070-2: بافتراض إيقاف الاتفاقية، عندما يُعاد فتح الملف، فإن المؤشر «لا» دون تعديل يدوي منفصل في CRM.,PARTIAL,PARTIAL,Unknown,components/party-profile.tsx قسم «الأمانة (التصريف)» [B][C],,,ConsignmentAgreement.isActive (inventory schema) [B][C]؛ لا علم في CRM,,,لا علم Boolean في CRM؛ الحالة مستنتجة من وجود اتفاقية في قسم الأمانة دون مؤشر صريح.,ضعف وضوح لمستخدمي CRM.,P4,عرض/راحة.,REQ-INV-033,DEC-INV-36,هل يكفي اشتقاق المؤشر من الاتفاقية، أم تريدون مفتاحًا في CRM ينشئ/يوقف الاتفاقية؟,,"مصدر حقيقة واحد: ConsignmentAgreement(customerId, isActive, startDate, endDate)؛ أي عرض في CRM مشتق للقراءة.",DAR-03,REQ-CRM-013 | REQ-INV-032 | REQ-INV-033,,docs/audit/2026-09-20-backlog-traceability-ar.md:113 (2026-09-20; B4b-0053)
REQ-INV-071,C4,إشعار دائن مستقل CR-YYYY-NNNN يصدر تلقائيًا لكل مرتجع معتمد,OWNER_DECISION,owner,Returns -> Accounting hand-off,المحاسبة (آلي),أن يكون للمرتجع مستند مالي مرقم قابل للطباعة والإرسال للعميل.,عند وصول SalesReturnCreated (أي عند اعتماد المرتجع) يُصدر إشعار دائن واحد لكل مرتجع (returnId فريد) برقم CR-YYYY-NNNN من تسلسل سنوي مستقل ذري، بلا مسار إنشاء يدوي، مع فصل ضريبي مشتق من تركيبة الفاتورة، وإعادة تسليم الحدث تُصلح الإشعار ولا تُصدر رقمًا ثانيًا؛ قراءة عبر GET /credit-notes و/:id وطباعة A4.,BR-INV-60 | BR-INV-61,"SalesReturnCreated(return_id, order_id, total_value)",CreditNote + TaxEntry,اعتماد المرتجع ← الحدث ← تطبيق الائتمان ← إصدار الإشعار ← طباعة.,إعادة الحدث → نفس الإشعار؛ فاتورة ملغاة → DEC-INV-29؛ ائتمان يتجاوز الإجمالي → رفض (REQ-INV-049).,accounting.credit-notes.read,AC-INV-071-1: بافتراض مرتجع معتمد، عندما يُعالج الحدث، فإن إشعارًا واحدًا برقم CR-<السنة>-NNNN يُنشأ مرتبطًا بـreturnId. | AC-INV-071-2: بافتراض إعادة تسليم نفس الحدث، عندما يُعالج، فإن عدد الإشعارات للمرتجع يبقى 1 والرقم لا يتغير. | AC-INV-071-3: بافتراض فاتورة subtotal 100 وضريبة 14، عندما يُرتجع نصفها، فإن الإشعار يفصل 50 صافيًا و7 ضريبة.,IMPLEMENTED,IMPLEMENTED,Unknown,عمود «الأثر المالي» وطباعة الإشعار في app/dashboard/returns/page.tsx [B][C],GET /credit-notes، /credit-notes/:id (accounting.credit-notes.read) apps/accounting/src/modules/credit-notes/credit-notes.controller.ts:11-16 [B][C],apps/accounting/src/modules/saga-listener/saga-listener.service.ts issueForReturn :260 [B] / :267 [C],CreditNote apps/accounting/prisma/schema.prisma:754 [B] / :912 [C]؛ DocumentSequence :780 [B] / :938 [C],SalesReturnCreated (مستهلك),"spec exists, not run: credit-notes.service.spec.ts",منفذ؛ يعتمد على نجاح applyReturnCredit أولًا: إن رُفض الائتمان (فاتورة مسددة) فلا إشعار (REQ-INV-049).,مرتجع على فاتورة مسددة يبقى بلا إشعار دائن.,P1,مستند مالي/ضريبي للمرتجع.,REQ-INV-049 | REQ-INV-043,DEC-INV-27 | DEC-INV-28 | DEC-INV-29 | DEC-INV-25,,ACC-18,"CreditNote(returnId UNIQUE, number UNIQUE CR-YYYY-NNNN, invoiceId, net, tax, total, issuedAt)؛ DocumentSequence(type, year) يزاد ذريًا؛ لا حذف، الإلغاء بحالة.",DAR-06 | DAR-07 | DAR-09 | DAR-10,REQ-INV-042 | REQ-INV-043 | REQ-INV-049 | REQ-R2R-022 | REQ-R2R-029 | REQ-R2R-032,,docs/DECISIONS-AR.md:56 (2026-09-14; B1-0014) | apps/accounting/README.md:17-21 (unknown; B6c-0211)
REQ-R2R-001,C5,دليل حسابات موحّد هرمي وإدارته,DOCUMENTED_REQ,AI agent,Record-to-Report,المحاسب الرئيسي / المدير المالي,توفير شجرة حسابات واحدة معتمدة تُرحّل عليها كل العمليات وتُبنى منها التقارير.,يجب أن يدير النظام دليل حسابات موحدًا بشجرة هرمية (أصول/خصوم/حقوق/إيرادات/مصروفات) مع إضافة وتعديل الحسابات، ومنع اختيار حساب ورقي كأب، وقفل كود الحساب بعد الإنشاء، وتفعيل/إيقاف الحساب، وتصدير CSV بلا معرفات داخلية أو أرصدة، دون أن تكتب عمليات القراءة في قاعدة البيانات.,BR-R2R-04 | BR-R2R-03,كود، اسم عربي/إنجليزي، النوع، الطبيعة، التصنيف، الأب، العملة,شجرة الحسابات، سجل مسطح، ملف CSV,إنشاء حساب → التحقق من تفرد الكود وأن الأب تجميعي → حفظ → عرض الشجرة/التصدير,إيقاف حساب له حركات مرحلة يجب أن يمنع الترحيل الجديد فقط؛ لا حذف للحسابات,accounting.coa.manage للإنشاء والتعديل؛ accounting.coa.read للقراءة,AC-R2R-001-1: بفرض وجود حساب ورقي (isHeader=false)، عندما يُطلب إنشاء حساب جديد أبوه هذا الحساب، فإن الخادم يرفض الطلب برسالة واضحة ولا يُنشأ أي صف. | AC-R2R-001-2: بفرض حساب موجود بكود 1121، عندما يُرسل طلب تعديل يتضمن كودًا مختلفًا، فإن الكود يبقى 1121 دون تغيير. | AC-R2R-001-3: بفرض جدول دليل حسابات فارغ، عندما يُستدعى GET /coa/tree، فإن عدد صفوف chart_of_accounts قبل الطلب وبعده متساوٍ (القراءة لا تكتب). | AC-R2R-001-4: عندما يُطلب تصدير CSV للدليل، فإن الملف لا يحتوي عمودي id ولا balance ويحتوي parentCode لكل حساب.,PARTIAL,PARTIAL,Unknown,[B][C] apps/web/app/dashboard/accounting/page.tsx (شجرة + ميزان + فترات),"[B][C] GET/POST/PATCH /api/accounting/coa, GET /coa/tree, POST /coa/seed-defaults؛ [C] GET /coa/export.csv ؛ [C] GET /coa/export.csv apps/accounting/src/modules/coa/coa.controller.ts:49-50","[B] apps/accounting/src/modules/coa/coa.service.ts:95-143 (create/update بلا فحص أن الأب header)، :146-169 (tree يزرع الدليل عند الفراغ)، :259-352 (seed)؛ [C] apps/accounting/src/modules/coa/coa.service.ts:127-176, 178-201, 84-104 (exportRows)","[B] apps/accounting/prisma/schema.prisma:544 model Account (code unique, isHeader, balance cache)؛ [C] :702",—,[B][C] coa.service.spec.ts؛ [C] coa.controller.spec.ts — spec exists (لم تُشغّل),لا يُفرض في الخادم أن الأب حساب تجميعي؛ GET /coa/tree يكتب (يزرع الدليل) — ACC-22؛ الدليل المزروع ناقص حسابات يحتاجها الإهلاك (5211/1219)؛ التصدير في CURRENT فقط.,شجرة غير متسقة قد تسمح بترحيل على حسابات تجميعية وتقارير مشوهة؛ قراءة تغيّر البيانات تخالف ضبط التغيير.,P2,ضعف رقابي على البيانات الرئيسية المحاسبية مع وجود بديل يدوي (المراجعة البشرية للشجرة).,,DEC-R2R-19,هل الدليل المزروع (المصري الافتراضي) هو الدليل الرسمي للشركة أم يوجد دليل معتمد من المحاسب الخارجي يجب استيراده؟,ACC-22 | ACC-20,كيان Account: code فريد وغير قابل للتعديل، parentId يشير لحساب isHeader=true (CHECK/trigger)، type/nature من قيم مغلقة، isActive، currency؛ لا عمود رصيد مخزن قابل للكتابة إلا كإسقاط من القيود؛ تدقيق لكل تعديل.,DAR-03 | DAR-04 | DAR-05 | DAR-06 | DAR-10 | DAR-12,REQ-R2R-002 | REQ-R2R-014,,Data/AB DATA/Nile ERP Business Operations.pdf:p.5 (2026-09-13; B3-0329) | docs/REQUIREMENTS-TRACEABILITY-MATRIX.md:30 (unknown; B5a-0004) | docs/HEAVY-VERIFICATION-AR.md:148-152 (2026-09-15; B5b-0127) | docs/phase1-master-data-data-io.md:139 (unknown; B3-0249)
REQ-R2R-002,C5,أستاذ عام بالقيد المزدوج كدفتر الحسابات الرسمي,INFERRED_NEEDS_APPROVAL,AI agent,Record-to-Report,المحاسب الرئيسي / المدير المالي,أن يكون في النظام دفتر رسمي واحد بالقيد المزدوج تُبنى منه كل التقارير المالية بدل الدفاتر الفرعية أحادية الجانب.,يجب ألا يُعامل الدفتر الفرعي للعملاء/الموردين كمحاسبة عامة؛ يلزم أستاذ عام بالقيد المزدوج (journal_entries/journal_lines) بتنفيذ واحد وشكل جداول واحد، يرحّل إليه كل أثر مالي بقيود متوازنة.,BR-R2R-01 | BR-R2R-02 | BR-R2R-03,أحداث وعمليات مالية من الدفاتر الفرعية والقيود اليدوية,قيود يومية مرحّلة مرقمة,عملية مالية → قاعدة ترحيل → قيد متوازن → فحص الفترة والحسابات → ترحيل → ميزان/قوائم,فشل الترحيل يجب أن يكون مرئيًا (طابور/تنبيه) لا صامتًا ولا يوقف العملية التشغيلية دون قرار,الترحيل الآلي بهوية النظام؛ اليدوي حسب REQ القيود اليدوية,AC-R2R-002-1: بفرض فاتورة مبيعات مولدة، عندما تُلتزم المعاملة، فإن قيدًا واحدًا بحالة POSTED يوجد لمصدرها وΣمدين = Σدائن بالعملة الأساسية. | AC-R2R-002-2: بفرض قاعدة بيانات مطبق عليها كل migrations المحاسبة، عندما يُنفذ اختبار تكامل يزرع الدليل ويُدرج قيدًا عبر كل مسار ترحيل، فإن كل الإدراجات تنجح بشكل جداول واحد. | AC-R2R-002-3: عندما يُطلب ميزان المراجعة، فإن مصدره الوحيد هو القيود المرحّلة وليس أي عمود رصيد مخزن.,NOT_IMPLEMENTED,PARTIAL,Unknown,[C] apps/web/app/dashboard/general-ledger/page.tsx، accounting/journals، gl-workbench (fetch بلا Authorization — WEB-02),[C] /api/accounting/general-ledger/* (مسجل)؛ /api/accounting/gl-workbench/* (غير مسجل),[B] لا يوجد (ميزان من Account.balance apps/accounting/src/modules/coa/coa.service.ts:208-255)؛ [C] ثلاثة تنفيذات: apps/accounting/src/modules/general-ledger/general-ledger.service.ts:33-42 (أعمدة legacy)، apps/accounting/src/modules/gl-workbench/gl-posting.service.ts:27-55 (أعمدة workbench + UPDATE accounts غير الموجود)، apps/accounting/src/modules/gl-workbench/gl-workbench.service.ts (غير مسجل),[B] لا JournalEntry؛ [C] apps/accounting/prisma/schema.prisma:625 JournalEntry، :656 JournalLine؛ migrations 20260927120000_general_ledger و20260928110000_gl_workbench بأشكال متعارضة,[C] inventory.stock.issued → COGS؛ goods.received/supplier-return → GL,[C] general-ledger.integration.spec.ts، gl-posting.integration.spec.ts (يُتخطى بلا ACCOUNTING_TEST_DATABASE_URL)، accounting-posting.spec.ts — spec exists,تحقق: [C] apps/accounting/src/modules/invoices/invoices.service.ts:512 يرحّل مدين AR على input.accountId (معرّف عميل CRM) لا حساب رقابة من الدليل. BASELINE بلا أستاذ عام إطلاقًا (ACC-01)؛ CURRENT فيه ثلاث تنفيذات متعارضة وكل مسارات الكتابة تفشل على أي schema محتمل (ACC-02)، ووحدات غير مسجلة (ARC-05)، وتاريخ migrations معدّل يدويًا (DB-01/DB-03).,لا دفتر رسمي في النظام؛ القوائم والإقرارات تُعد خارجه؛ نشر CURRENT كما هو يوقف الفوترة والتحصيل.,P1,سلامة الأموال والتقارير القانونية تعتمد على وجود دفتر رسمي، ونشر CURRENT يوقف العمليات اليومية.,REQ-R2R-003 | REQ-R2R-014 | DEC-R2R-01 | DEC-R2R-02,DEC-R2R-01 | DEC-R2R-02 | DEC-R2R-19,أين يُمسك الأستاذ العام الرسمي اليوم (برنامج محاسبي خارجي؟ Excel؟ محاسب خارجي؟) وهل المطلوب أن يصبح ERP هو الدفتر الرسمي، ومن أي تاريخ؟,ACC-01 | ACC-02 | DB-01 | DB-02 | DB-03 | DB-07 | ARC-05 | WEB-02,"JournalEntry(id, رقم تسلسلي فريد، تاريخ القيد، fiscal_period_id NOT NULL FK، source_type+source_id، الحالة enum، created/approved/posted by/at، reversal_of_id) وJournalLine(line_no، account_id FK على حساب غير تجميعي، debit/credit ≥0 وأحدهما فقط، currency، fx_rate، base_debit/base_credit)؛ قيد DEFERRED CONSTRAINT أو trigger يضمن توازن base لكل قيد عند الالتزام؛ unique جزئي (source_type, source_id) للمرحّل؛ لا UPDATE/DELETE على المرحّل.",DAR-04 | DAR-06 | DAR-09 | DAR-10,REQ-R2R-003 | REQ-R2R-004 | REQ-R2R-010 | REQ-R2R-014 | REQ-R2R-015,,docs/audit/2026-09-20-ab-data-pdf-review-ar.md:80 (2026-09-20; B3-0126) | docs/audit/15-testing.md:41 (2026-09-01; B6a-0226) | docs/audit/03-domain-model.md:64 (2026-09-01; B6a-0086) | docs/audit/2026-09-18-company-workflows-vs-erp-ar.md:38 (2026-09-18; B3-0009)
REQ-R2R-003,C5,جدول قواعد ترحيل من الدفاتر الفرعية إلى الأستاذ العام,INFERRED_NEEDS_APPROVAL,AI agent,Record-to-Report,المدير المالي (اعتماد القواعد) / النظام (التنفيذ),أن ينتج كل حدث مالي (فاتورة، إشعار، تحصيل، عكس، استلام، مرتجع مورد، سداد مورد، تكلفة مبيعات، إهلاك، مصروف، هدية، ضريبة) قيدًا متوازنًا وفق قاعدة معتمدة.,يجب أن يوجد جدول قواعد ترحيل معتمد (حدث → حسابات مدين/دائن) تُنتج منه كل حركة AR/AP/خزينة/ضريبة قيدًا واحدًا متوازنًا مرحّلًا، يُكتب في نفس معاملة صف الدفتر الفرعي أو عبر آلية مضمونة التسليم؛ ولا يُوثَّق ترحيل غير موجود (مثل تعليق markPaid «triggers journal entry»).,BR-R2R-01 | BR-R2R-05 | BR-R2R-24 | BR-R2R-42,حدث مالي + مبالغه + الطرف + الأبعاد,قيد مرحّل مرتبط بالمصدر,حدث → البحث عن القاعدة → تحويل الطرف إلى حساب مراقبة (مثل 1121) مع partyId → قيد متوازن → ترحيل,غياب قاعدة أو حساب: الحدث يذهب لطابور استثناءات/حساب معلّق حسب قرار المالك لا إلى فشل صامت,تعديل القواعد بصلاحية مالية عليا ومراجعة ثانية,AC-R2R-003-1: بفرض قاعدة INVOICE = مدين 1121 (partyId=العميل) / دائن 4110 + 2121، عندما تُولد فاتورة بصافي 100 وضريبة 14، فإن القيد يحتوي مدين 1121 = 114 ودائن 4110 = 100 ودائن 2121 = 14 وpartyId = معرف العميل. | AC-R2R-003-2: بفرض حدث مالي بلا قاعدة ترحيل معرّفة، عندما يُعالج، فإن سجل استثناء يُنشأ ويظهر في شاشة المحاسب ولا يُفقد الحدث. | AC-R2R-003-3: عندما يُعلَّم مطالبة مصروف كمدفوعة، فإن التوثيق والكود متطابقان: إما قيد مرحّل موجود، أو لا يدّعي التعليق ترحيلًا.,NOT_IMPLEMENTED,PARTIAL,Unknown,—,—,[C] قواعد مكتوبة في الكود: apps/accounting/src/modules/invoices/invoices.service.ts:508-521 (مدين invoice.accountId = معرف عميل CRM ليس حساب COA — ACC-02)، apps/accounting/src/modules/credit-notes/credit-notes.service.ts:68، apps/accounting/src/modules/saga-listener/saga-listener.service.ts:297-375 (COGS 5100/1131، استلام 1131/2111، مرتجع مورد)، apps/accounting/src/modules/gl-workbench/gl-posting.service.ts:12-18 (تحصيل)، apps/accounting/src/modules/fixed-assets/fixed-assets.service.ts:147؛ AccountingPostingService غير مستخدم apps/accounting/src/modules/general-ledger/accounting-posting.service.ts؛ لا ترحيل للفاتورة المباشرة ولا للتخصيصات ولا للمصروفات/الرواتب/الهدايا (ORG-04)؛ apps/organization/src/modules/expenses/expenses.service.ts:171 تعليق يدّعي قيدًا [B][C],[C] journal_entries.source_type/source_id,[C] inventory.stock.issued، inventory.goods.received، inventory.supplier-return.created,[C] accounting-posting.spec.ts — spec exists,لا جدول قواعد؛ القواعد مبعثرة في الكود وبعضها خاطئ (حساب العميل)، ومسارات مالية كاملة بلا ترحيل (فاتورة مباشرة، تخصيص التحصيل، سداد الموردين غير المسجل، المصروفات، الرواتب، الهدايا، الهالك).,الأستاذ العام لن يكون كاملًا حتى لو أُصلح المحرك؛ أرصدة GL لن تطابق الدفاتر الفرعية.,P1,اكتمال وصحة الأستاذ العام شرط للقوائم والإقرارات (سلامة مالية).,REQ-R2R-002 | DEC-R2R-02,DEC-R2R-01 | DEC-R2R-02 | DEC-R2R-12,من يعتمد جدول قواعد الترحيل (المحاسب الداخلي أم المستشار الخارجي)؟ وما السياسة عند فشل الترحيل: إيقاف العملية أم ترحيل إلى حساب معلّق؟,ACC-01 | ACC-02 | ACC-03 | ACC-10 | ORG-04 | INV-07,"جدول posting_rules(event_type, version, effective_from, line_no, side, account_code أو قاعدة اشتقاق، party_role، approved_by/at)؛ كل قيد آلي يخزن rule_version المستخدم؛ حسابات المراقبة (1121، 2111) مع partyId على السطر بدل حساب لكل عميل.",DAR-04 | DAR-05 | DAR-07,REQ-R2R-002 | REQ-R2R-004 | REQ-R2R-005 | REQ-R2R-021 | REQ-R2R-042,,docs/audit/2026-09-20-ab-data-pdf-review-ar.md:171 (2026-09-20; B3-0148) | docs/audit/2026-09-20-phase1-direct-invoice-report-ar.md:59 (2026-09-20; B4b-0227) | docs/P0-ACCOUNTING-MEGA-WAVE.md:15 (unknown; B5a-0238) | docs/P0-ACCOUNTING-MEGA-WAVE.md:3-11 (unknown; B5a-0237) | Data/AB DATA/Nile ERP Gap Analysis.pdf:p.3 (2026-09-13; B3-0344)
REQ-R2R-004,C5,منع ازدواج الترحيل لنفس المصدر المالي,INFERRED_NEEDS_APPROVAL,AI agent,Record-to-Report,النظام / المحاسب (مراقبة),ضمان أن إعادة تسليم الأحداث أو إعادة المحاولة لا تضاعف القيود.,"يجب أن يكون الترحيل idempotent على مصدر القيد (source_type, source_id): إعادة معالجة نفس المصدر لا تنشئ قيدًا ثانيًا ولا تفشل فشلًا يحوّل الرسالة إلى DLQ، مع سجل أحداث معالجة دائم.",BR-R2R-05,حدث بمعرف event_id ومصدر مالي,قيد واحد أو إعادة القيد الموجود,استلام الحدث → فحص processed_events/المصدر → إن وُجد يُعاد الموجود → وإلا ترحيل,تعارض متزامن: الفائز واحد والخاسر يقرأ الموجود,—,AC-R2R-004-1: بفرض حدث GoodsReceived سبق ترحيله، عندما يُعاد تسليمه، فإن عدد قيود GOODS_RECEIPT لهذا المصدر يبقى 1 ولا تذهب الرسالة إلى DLQ. | AC-R2R-004-2: بفرض معالجتين متزامنتين لنفس المصدر، عندما تكتملان، فإن قيدًا مرحّلًا واحدًا فقط يوجد (قيد UNIQUE في قاعدة البيانات).,NOT_IMPLEMENTED,PARTIAL,Unknown,—,—,[C] apps/accounting/src/modules/general-ledger/general-ledger.service.ts:35 (ConflictException عند التكرار)؛ apps/accounting/src/modules/gl-workbench/gl-posting.service.ts:29-30 (يُرجع الموجود)؛ apps/accounting/src/modules/saga-listener/saga-listener.service.ts:330-357 (خطوات غير ذرية — ACC-16),"[C] unique جزئي (source_type, source_id) WHERE POSTED في migration general_ledger وunique غير جزئي في gl_workbench؛ [B][C] processed_events",[B][C] PrismaProcessedEventStore,[C] gl-posting.integration.spec.ts — spec exists,في BASELINE لا قيود أصلًا (الدفاتر الفرعية محمية بـunique). في CURRENT سلوكان متعاكسان عند التكرار؛ أحدهما يرمي خطأ فيحوّل إعادة التسليم إلى poison message (ACC-16).,ترحيل مزدوج يضخم الأرصدة، أو توقف معالجة الحدث وبقاء الإسقاطات اللاحقة (PO) غير محدثة.,P1,تكرار القيود يفسد الأرقام المالية مباشرة.,REQ-R2R-002,DEC-R2R-02,,ACC-16 | INT-02,"قيد UNIQUE (source_type, source_id, posting_kind) على القيود المرحّلة؛ processed_events بمفتاح (consumer, event_id) يُكتب في نفس معاملة الترحيل.",DAR-04 | DAR-06 | DAR-07,REQ-INH-004 | REQ-NFR-015 | REQ-O2C-049 | REQ-P2P-013 | REQ-R2R-002 | REQ-R2R-003 | REQ-R2R-005 | REQ-TRC-022,,docs/P0-ACCOUNTING-MEGA-WAVE.md:16 (unknown; B5a-0239) | docs/PRODUCTION-READINESS-P0.md:84 (2026-09-23; B6c-0065)
REQ-R2R-005,C5,سلامة الدفاتر الفرعية AR/AP كمغذيات للأستاذ العام,INFERRED_NEEDS_APPROVAL,auditor,Record-to-Report,المحاسب,أن تكون دفاتر العملاء والموردين صحيحة وفريدة وذرية حتى تصلح مصدرًا للترحيل والمطابقة.,"يجب أن يكون كل صف في ledger_entries وsupplier_ledger_entries فريدًا على (refType, refId)، وأن يكون refType من قائمة مفردات مقيدة، وأن يُكتب صف الدفتر مع المستند في نفس المعاملة، وألا تُكتب صفوف غير مالية للعملاء (مثل JOURNAL_LINE بمعرفات حسابات COA).",BR-R2R-06 | BR-R2R-21,فاتورة، دفعة، عكس، مرتجع، إلغاء، رصيد افتتاحي، استلام، مرتجع مورد,صف دفتر فرعي,مستند مالي → صف دفتر فرعي في نفس المعاملة → (لاحقًا) قيد GL,refType غير معروف يُرفض,—,"AC-R2R-005-1: بفرض صف دفتر بـ(INVOICE, X)، عندما يُحاول إدراج صف ثانٍ بنفس الزوج، فإن قاعدة البيانات ترفضه. | AC-R2R-005-2: عندما يُحاول إدراج صف بـrefType غير موجود في القائمة المعتمدة، فإن الإدراج يُرفض. | AC-R2R-005-3: بفرض فشل إدراج سطر الفاتورة، عندما تُلغى المعاملة، فإن لا فاتورة ولا صف دفتر يبقى.",PARTIAL,PARTIAL,Unknown,[B][C] كشف حساب العميل/المورد,[B][C] GET /api/accounting/ledger/*، /supplier-ledger/*,[B][C] apps/accounting/src/modules/invoices/invoices.service.ts (فاتورة+سطور+قيد في معاملة واحدة)؛ [C] apps/accounting/src/modules/gl-workbench/gl-posting.service.ts:53 يكتب JOURNAL_LINE داخل ledger_entries,[B] apps/accounting/prisma/schema.prisma:381-399 LedgerEntry، :452-470 SupplierLedgerEntry (refType String)؛ [C] :452-470، :523-541,[B][C] crm.account.created، sales.return.created، inventory.goods.received,[B][C] ledger-dedup.integration.spec.ts، ledger.concurrency.spec.ts، supplier-ledger.service.spec.ts — spec exists,refType نص حر؛ CURRENT يلوث دفتر العملاء بصفوف JOURNAL_LINE؛ العملة مختلطة في الدفتر (ACC-09).,أنواع مراجع خاطئة تُفسد كشوف الحساب والمطابقة؛ صفوف GL في دفتر العملاء تضخم الأرصدة.,P2,التفرد مطبق؛ المتبقي ضعف رقابي على المفردات والعملة.,REQ-R2R-002 | REQ-R2R-046,DEC-R2R-02,,ACC-09 | ACC-02 | DB-06,"refType كـenum أو جدول مرجعي FK؛ UNIQUE(refType, refId)؛ currency وamount_base على كل صف؛ occurredAt إلزامي من المستند؛ لا UPDATE/DELETE.",DAR-03 | DAR-04 | DAR-05 | DAR-06 | DAR-10,REQ-R2R-003 | REQ-R2R-006 | REQ-R2R-040 | REQ-R2R-041,,docs/audit/03-domain-model.md:64 (2026-09-01; B6a-0087) | docs/audit/15-testing.md:41 (2026-09-01; B6a-0227)
REQ-R2R-006,C5,التاريخ المالي append-only: التصحيح بالعكس لا بالتعديل أو الحذف,INFERRED_NEEDS_APPROVAL,AI agent,Record-to-Report,المحاسب / المدقق,الحفاظ على أثر تدقيقي كامل؛ كل خطأ يُصحح بقيد مقابل مفسَّر.,يجب ألا يُحذف أو يُعدَّل أي قيد أو صف مالي مرحّل؛ عكس العملية ينشئ قيدًا تعويضيًا منفصلًا بالاتجاه المعاكس مرتبطًا بالأصل، ويبقى الأصل محتسبًا في الميزان مع العكس (الأثر الصافي صفر).,BR-R2R-07,طلب عكس + سبب,قيد عكسي مرتبط,طلب عكس → التحقق → قيد عكسي بنفس الحسابات والاتجاه المعاكس → ربط reversal_of_id,عكس مكرر مرفوض؛ عكس في فترة مغلقة يُرحّل بتاريخ الفترة المفتوحة الحالية,منفذ العكس ≠ مرحّل الأصل حسب سياسة المالك,AC-R2R-006-1: بفرض قيد تحصيل مدين 1111 / دائن 1121 بقيمة 500، عندما يُعكس، فإن قيد العكس مدين 1121 / دائن 1111 بقيمة 500 وصافي الحسابين في الميزان صفر. | AC-R2R-006-2: بفرض قيد أصلي معكوس، عندما يُطلب ميزان المراجعة، فإن الأصل والعكس كلاهما محتسبان (لا يُستبعد الأصل). | AC-R2R-006-3: عندما يُحاول أي مستخدم UPDATE أو DELETE على قيد مرحّل، فإن قاعدة البيانات ترفض.,PARTIAL,PARTIAL,Unknown,[B][C] عكس الدفعة وإلغاء الفاتورة من مساحة التحصيل,[B][C] POST /payments/:id/reverse، POST /invoices/:id/cancel,[B] apps/accounting/src/modules/payments/payments.service.ts:351+ (عكس الدفعة؛ لا عكس للخزينة — ACC-06)، apps/accounting/src/modules/invoices/invoices.service.ts:1185 (INVOICE_CANCELLATION)؛ [C] apps/accounting/src/modules/general-ledger/general-ledger.service.ts:43-49 (يعدّل الأصل إلى REVERSED ثم يرحّل عكسًا — ACC-05)، apps/accounting/src/modules/gl-workbench/gl-posting.service.ts:20-25 (نفس الاتجاه — ACC-04),[B][C] Payment.reversed/reversedAt/reversalReason؛ Invoice.cancelledAt/By/Reason؛ [C] journal_entries.reversal_of_id,[B][C] finance.payment.reversed (outbox),[C] gl-posting.integration.spec.ts (يفحص المجاميع فقط لا الاتجاه) — spec exists,الدفاتر الفرعية تتبع النمط؛ عكس الخزينة غائب (ACC-06)؛ في GL الحالي العكس يضاعف الأثر أو يعطي أثرًا سالبًا أحاديًا؛ لا حماية DB من UPDATE/DELETE.,أرصدة نقدية وAR خاطئة بضعف المبلغ المعكوس؛ إيرادات سالبة عند إلغاء الفواتير.,P1,أخطاء العكس تفسد الأرصدة النقدية والذمم مباشرة.,REQ-R2R-002,DEC-R2R-02 | DEC-R2R-03,,ACC-04 | ACC-05 | ACC-06 | ACC-07 | SEC-13,reversal_of_id FK وUNIQUE (لا عكس مزدوج)؛ الأصل يبقى POSTED؛ trigger يمنع UPDATE لأعمدة المبالغ/الحسابات وDELETE على القيود والدفاتر الفرعية؛ سبب العكس إلزامي.,DAR-04 | DAR-06 | DAR-09,REQ-R2R-002 | REQ-R2R-005,,docs/P0-ACCOUNTING-MEGA-WAVE.md:17 (unknown; B5a-0240) | docs/ACCOUNTING-AUDIT-2026-09-28-IMPLEMENTATION.md:8 (2026-09-28; B5a-0247) | docs/audit/04-database.md:41 (2026-09-01; B6a-0101) | docs/audit/18-business-workflows.md:17 (unknown; B4a-0119) | docs/PRODUCTION-READINESS-P0.md:85 (2026-09-23; B6c-0066)
REQ-R2R-007,C5,دورة اعتماد القيود اليدوية,INFERRED_NEEDS_APPROVAL,AI agent,Record-to-Report,المحاسب (منشئ) / المدير المالي (معتمد),ضبط القيود اليدوية (تسويات، تصحيحات، إقفال) بدورة اعتماد قبل الترحيل.,يجب أن تمر القيود اليدوية بدورة DRAFT → SUBMITTED → APPROVED/REJECTED → POSTED، ولا يوجد مسار ترحيل مباشر يتجاوزها، وتكون صلاحياتها موجودة في كتالوج IAM.,BR-R2R-16 | BR-R2R-07,تاريخ، وصف، سطور (حساب، مدين/دائن، أبعاد),قيد مرحّل,إنشاء مسودة → تقديم → اعتماد أو رفض بسبب → ترحيل,الرفض يعيد المسودة للتعديل؛ لا ترحيل لغير المعتمد,يعتمد على DEC-R2R-03 (منشئ ≠ معتمد ≠ مرحّل؟),AC-R2R-007-1: بفرض قيد يدوي بحالة SUBMITTED، عندما يُطلب ترحيله مباشرة، فإن الطلب يُرفض. | AC-R2R-007-2: عندما يُستدعى POST /general-ledger/journals بقيد يدوي بلا مسودة معتمدة، فإن الطلب يُرفض (لا مسار تجاوز). | AC-R2R-007-3: بفرض كتالوج صلاحيات IAM في البيئة، عندما يُبحث عن accounting.ledger.create/approve/post، فإنها موجودة ومسندة لأدوار.,NOT_IMPLEMENTED,PARTIAL,Unknown,[C] apps/web/app/dashboard/accounting/journals/page.tsx، gl-workbench (غير مسجل),[C] /api/accounting/general-ledger/journals/drafts/* و POST /general-ledger/journals (accounting.coa.manage),[C] apps/accounting/src/modules/general-ledger/general-ledger.service.ts:62-111 (بلا فحص منشئ ≠ معتمد)؛ apps/accounting/src/modules/general-ledger/general-ledger.controller.ts:10-19,[C] journal_entry_workflows (JSON lines) schema.prisma:1489-1512,—,[C] gl-workbench.service.spec.ts (للتنفيذ غير المسجل) — spec exists,بلا فصل مهام، ومسار ترحيل مباشر يتجاوز الاعتماد، وصلاحيات الدورة غير موجودة في IAM (ACC-11، SEC-02).,قيود يدوية غير معتمدة قد تغيّر النتائج المالية دون رقابة.,P2,ضعف رقابي؛ يوجد بديل يدوي (مراجعة لاحقة).,REQ-R2R-002 | DEC-R2R-03,DEC-R2R-03 | DEC-R2R-02,ما سياسة فصل المهام للقيود اليدوية: هل يكفي منشئ ≠ معتمد، أم يجب أيضًا معتمد ≠ مرحّل؟ ومن يملك الترحيل؟,ACC-11 | SEC-02 | SEC-10,workflow في نفس جدول القيود (status enum) أو جدول مسودات بسطور منظّمة لا JSON؛ created_by/submitted_by/approved_by/posted_by مع CHECK للفصل حسب السياسة؛ سبب الرفض إلزامي.,DAR-04 | DAR-05 | DAR-06 | DAR-15,REQ-R2R-002 | REQ-R2R-011,,docs/ACCOUNTING-AUDIT-2026-09-28-IMPLEMENTATION.md:7 (2026-09-28; B5a-0246)
REQ-R2R-008,C5,الأبعاد التحليلية على سطور القيود,INFERRED_NEEDS_APPROVAL,AI agent,Record-to-Report,المدير المالي,تحليل الربحية والتكلفة حسب الفرع ومركز التكلفة والطرف والضريبة.,يجب أن تحمل سطور القيود أبعادًا تحليلية (الفرع، مركز التكلفة، مركز الربحية، الطرف، كود الضريبة) من قوائم رئيسية معرّفة، وتُفلتر بها التقارير.,BR-R2R-17,أبعاد مع كل سطر,ميزان/تقارير مفلترة بالأبعاد,الترحيل يملأ الأبعاد من المستند المصدر → التقارير تجمع حسبها,بُعد غير معرّف يُرفض,—,AC-R2R-008-1: بفرض قيد بسطر branchId=B1، عندما يُطلب ميزان المراجعة بفلتر B1، فإن السطر يظهر ويُستبعد عند فلتر B2. | AC-R2R-008-2: عندما يُرسل سطر بمركز تكلفة غير موجود في القائمة الرئيسية، فإن الترحيل يُرفض.,NOT_IMPLEMENTED,PARTIAL,Unknown,—,[C] GET /general-ledger/trial-balance?branchId&costCenterId&profitCenterId,"[C] apps/accounting/src/modules/general-ledger/general-ledger.service.ts:40,114-119",[C] migration 20260928130000_gl_analytical_dimensions؛ غير ممثلة في Prisma؛ لا قوائم رئيسية للأبعاد,—,—,الأعمدة موجودة SQL فقط وبلا قوائم رئيسية أو تحقق؛ لا يملؤها أي ترحيل آلي.,تحليل غير ممكن عمليًا.,P3,تقارير تحليلية لا تؤثر على سلامة الأرصدة.,REQ-R2R-002,DEC-R2R-02,ما الأبعاد المطلوبة فعلًا (فروع؟ مراكز تكلفة؟) ومن يدير قوائمها؟,DB-02,جداول رئيسية branches/cost_centers/profit_centers؛ FKs من journal_lines؛ partyId مع party_type؛ tax_code من جدول أكواد الضرائب.,DAR-04 | DAR-13 | DAR-19,REQ-R2R-002 | REQ-R2R-015,,docs/ACCOUNTING-AUDIT-2026-09-28-IMPLEMENTATION.md:9 (2026-09-28; B5a-0248) | docs/ACCOUNTING-AUDIT-2026-09-28-IMPLEMENTATION.md:10-11 (2026-09-28; B5a-0249)
REQ-R2R-009,C5,دورة حياة الفترات المالية وشاشة إدارتها,DOCUMENTED_REQ,AI agent,Record-to-Report,المحاسب الرئيسي,تنظيم السنة المالية في فترات شهرية + فترة تسويات ختامية مع حالات واضحة.,يجب أن تتوفر شاشة وخدمة لإنشاء الفترات (توليد سنة أو يدويًا بما فيها الفترة 13 للتسويات الختامية) وانتقالها OPEN → SOFT_LOCKED → CLOSED → YEAR_END_CLOSED، وإعادة الفتح بصلاحية خاصة وسبب.,BR-R2R-08 | BR-R2R-12,السنة، رقم الفترة، التواريخ، الحالة,فترات بحالاتها,توليد السنة → OPEN → (SOFT_LOCKED للتسويات) → CLOSED → إقفال السنة,لا إعادة فتح لفترة YEAR_END_CLOSED دون إجراء تنفيذي,accounting.periods.manage/close/reopen منفصلة,AC-R2R-009-1: عندما يُطلب توليد سنة 2027، فإن 12 فترة شهرية متتالية بلا تداخل تُنشأ بحالة OPEN. | AC-R2R-009-2: بفرض فترة OPEN، عندما تُنقل إلى SOFT_LOCKED، فإن الحالة تتغير وتُسجل في التدقيق. | AC-R2R-009-3: بفرض فترة CLOSED، عندما يطلب مستخدم بلا accounting.periods.reopen إعادة فتحها، فإن الطلب يُرفض 403.,PARTIAL,PARTIAL,Unknown,[B][C] apps/web/app/dashboard/accounting/page.tsx (فترات، إقفال، إقفال سنة)؛ [C] apps/web/app/dashboard/period-close/page.tsx,[B][C] /api/accounting/fiscal-periods (GET/POST، generate-year، :id/close، :id/reopen، year-end-closing)؛ [C] :id/close-checks,[B] apps/accounting/src/modules/fiscal-periods/fiscal-periods.service.ts:51-135؛ [C] :52-167,[B] apps/accounting/prisma/schema.prisma:579 FiscalPeriod، enum PeriodStatus بها SOFT_LOCKED :574؛ [C] :737,—,[B][C] fiscal-periods.service.spec.ts — spec exists,لا انتقال إلى SOFT_LOCKED في أي خدمة رغم وجوده في enum؛ لا فحص تداخل التواريخ عند الإنشاء اليدوي؛ الفترة 13 تغطي السنة كلها.,حالات الفترة شكلية حتى تُربط بالترحيل (انظر REQ قفل الفترات).,P3,كفاءة وتنظيم؛ القيمة الرقابية في REQ القفل.,,DEC-R2R-18,متى تبدأ السنة المالية للشركة (يناير أم يوليو)؟ وهل تُستخدم الفترة 13 للتسويات؟,ACC-14,"FiscalPeriod(fiscal_year, period_number 1..13 UNIQUE، start/end بلا تداخل (EXCLUDE constraint)، status enum، closed/reopened by/at، reason)؛ جدول تاريخ انتقالات الحالة.",DAR-06 | DAR-09,REQ-R2R-010 | REQ-R2R-011 | REQ-R2R-012 | REQ-R2R-013,,docs/ACCOUNTING-AUDIT-2026-09-28-IMPLEMENTATION.md:39-47 (2026-09-28; B5a-0266) | Data/AB DATA/Nile ERP Business Operations.pdf:p.5 (2026-09-13; B3-0329) | docs/GAP-ANALYSIS-AR.md:112 (unknown; B4a-0143)
REQ-R2R-010,C5,قفل صارم للفترات المغلقة على كل الترحيلات,DOCUMENTED_REQ,AI agent,Record-to-Report,المحاسب الرئيسي,منع أي حركة مالية بتاريخ يقع في فترة مغلقة حتى تبقى الأرقام المقفلة والمقدّمة ثابتة.,يجب أن يرفض النظام أي ترحيل آلي أو يدوي أو صف دفتر فرعي (عملاء، موردين، خزينة، ضريبة) بتاريخ يقع داخل فترة CLOSED/YEAR_END_CLOSED، وأن يرفض الترحيل عند عدم وجود فترة تغطي التاريخ، إلا بإعادة فتح مُصرَّح بها.,BR-R2R-08 | BR-R2R-09,تاريخ المستند/القيد,قبول أو رفض الترحيل,كل كتابة مالية → تحديد الفترة من التاريخ → OPEN؟ ترحيل : رفض,مستند متأخر لفترة مغلقة: يُرحَّل بتاريخ أول فترة مفتوحة أو يُطلب إعادة فتح (قرار),accounting.periods.reopen لإعادة الفتح,AC-R2R-010-1: بفرض فترة 2026-09 بحالة CLOSED، عندما تُسجَّل دفعة أو فاتورة أو قيد ضريبي بتاريخ 2026-09-15، فإن العملية تُرفض ولا يُكتب أي صف. | AC-R2R-010-2: بفرض عدم وجود فترة تغطي 2027-01-05، عندما يُطلب ترحيل قيد بهذا التاريخ، فإن الترحيل يُرفض. | AC-R2R-010-3: بفرض إعادة فتح الفترة بصلاحية reopen، عندما يُعاد الطلب، فإنه ينجح ويُسجَّل في التدقيق.,NOT_IMPLEMENTED,PARTIAL,Unknown,—,[B][C] كل مسارات الكتابة في accounting,[B] apps/accounting/src/modules/fiscal-periods/fiscal-periods.service.ts:21-35 validatePostingDate بلا مستدعٍ (بحث grep)؛ [C] apps/accounting/src/modules/general-ledger/general-ledger.service.ts:10-14 (يسمح بلا فترة)، apps/accounting/src/modules/gl-workbench/gl-posting.service.ts:43-44 (OPEN فقط)؛ الدفاتر الفرعية بلا فحص,[B][C] FiscalPeriod,—,[B][C] fiscal-periods.service.spec.ts — spec exists,BASELINE لا يفحص أي تاريخ؛ CURRENT يفحص في GL فقط وبشكل غير متسق؛ الدفاتر الفرعية والضريبة بلا فحص.,مستندات بتاريخ رجعي تدخل فترات مقفلة ومقدّمة ضريبيًا فتتغير أرقام مُعلنة.,P1,سلامة أرقام الفترات المقدّمة للضرائب والإدارة.,REQ-R2R-009 | REQ-R2R-002,DEC-R2R-19,عند وصول مستند بتاريخ يقع في فترة مغلقة (مثل مرتجع متأخر)، هل يُرحّل بتاريخ اليوم أم يُرفض حتى إعادة الفتح؟,ACC-14 | ACC-12,fiscal_period_id NOT NULL على كل قيد وصف دفتر فرعي (أو اشتقاق مضمون)؛ trigger على مستوى DB يرفض الإدراج في فترة غير OPEN.,DAR-04 | DAR-05 | DAR-09,REQ-R2R-009 | REQ-R2R-011 | REQ-R2R-024,,docs/audit/2026-09-20-ab-data-pdf-review-ar.md:77 (2026-09-20; B3-0123) | docs/REQUIREMENTS-TRACEABILITY-MATRIX.md:32 (unknown; B5a-0006) | docs/P0-ACCOUNTING-MEGA-WAVE.md:18 (unknown; B5a-0241) | Data/AB DATA/Nile ERP Gap Analysis.pdf:p.3 (2026-09-13; B3-0344)
REQ-R2R-011,C5,شروط إقفال الفترة الشهرية,INFERRED_NEEDS_APPROVAL,AI agent,Record-to-Report,المحاسب الرئيسي,ألا تُقفل فترة إلا وهي مكتملة ومتوازنة.,يجب أن يفشل إقفال الفترة (fail-closed) ما دامت فيها قيود DRAFT/SUBMITTED/APPROVED غير مرحّلة (في أي جدول مسودات)، وأن يتطلب ميزان مراجعة متوازنًا للفترة، مع قائمة فحوص إقفال تُعرض قبل التنفيذ.,BR-R2R-10 | BR-R2R-11,الفترة,فترة CLOSED أو قائمة موانع,فحوص الإقفال → (مسودات؟ ميزان غير متوازن؟ مطابقات معلقة؟) → إقفال ذري + تدقيق,وجود مانع: رفض مع بيان الموانع,accounting.periods.close,AC-R2R-011-1: بفرض مسودة قيد يدوي بحالة SUBMITTED تاريخها داخل الفترة، عندما يُطلب الإقفال، فإنه يُرفض ويذكر عدد المسودات. | AC-R2R-011-2: بفرض ميزان الفترة غير متوازن، عندما يُطلب الإقفال، فإنه يُرفض. | AC-R2R-011-3: بفرض لا موانع، عندما يُقفل، فإن الحالة CLOSED وصف تدقيق FISCAL_PERIOD_CLOSED يُكتب في نفس المعاملة.,NOT_IMPLEMENTED,PARTIAL,Unknown,[C] apps/web/app/dashboard/period-close/page.tsx,[C] GET /fiscal-periods/:id/close-checks، POST /:id/close,[B] apps/accounting/src/modules/fiscal-periods/fiscal-periods.service.ts:100-115 (يغير الحالة فقط)؛ [C] :101-112 (close-checks استشاري على journal_entry_workflows وbank_statement_lines)، :114-139 (يمنع على journal_entries فقط),[C] journal_entries.status، journal_entry_workflows,—,[C] fiscal-periods.service.spec.ts — spec exists,المسودات الفعلية للتنفيذ المسجل في journal_entry_workflows لا تمنع الإقفال؛ لا فحص توازن الميزان.,إقفال فترات بقيود معلقة فتُرحّل لاحقًا خارج الفترة أو تُفقد.,P2,ضبط إقفال؛ يمكن مراجعته يدويًا.,REQ-R2R-007 | REQ-R2R-014,DEC-R2R-02,ما قائمة فحوص الإقفال الشهري التي يطبقها المحاسب اليوم (مطابقة بنك، خزينة، مخزون، عملاء)؟,ACC-14,checklist لكل فترة (بند، نتيجة، من فحص، متى)؛ الإقفال يقرأ كل جداول المسودات.,DAR-04 | DAR-05 | DAR-06 | DAR-09 | DAR-15,REQ-R2R-009 | REQ-R2R-010 | REQ-R2R-014,,docs/P0-ACCOUNTING-MEGA-WAVE.md:19 (unknown; B5a-0242) | docs/audit/2026-09-18-company-workflows-vs-erp-ar.md:239 (2026-09-18; B3-0063)
REQ-R2R-012,C5,تدقيق أحداث فتح/إقفال/إعادة فتح الفترات,INFERRED_NEEDS_APPROVAL,AI agent,Record-to-Report,المدقق / المدير المالي,أثر تدقيقي كامل لتغييرات حالة الفترات، خاصة إعادة الفتح عالية المخاطر.,يجب تسجيل كل فتح وإقفال وإعادة فتح وإقفال سنة في سجل التدقيق مع الفاعل والوقت والسبب، وتصنيف إعادة الفتح CRITICAL.,BR-R2R-12,تغيير حالة الفترة,صف تدقيق,تغيير الحالة + صف تدقيق في نفس المعاملة,فشل كتابة التدقيق يُفشل التغيير,—,AC-R2R-012-1: بفرض فترة CLOSED، عندما يعاد فتحها بسبب «تصحيح مرتجع»، فإن صف تدقيق بإجراء FISCAL_PERIOD_REOPENED وتصنيف CRITICAL والسبب والفاعل يوجد. | AC-R2R-012-2: عندما يُنفذ إقفال السنة، فإن صف تدقيق يُسجل صافي الدخل المرحّل والفاعل.,NOT_IMPLEMENTED,PARTIAL,Unknown,[B][C] apps/web/app/dashboard/audit,—,[B] apps/accounting/src/modules/fiscal-periods/fiscal-periods.service.ts:117-135 (السبب في closingNotes فقط)؛ [C] :134-136 (الإقفال فقط),[B][C] AuditLog (بلا تصنيف خطورة),—,[C] fiscal-periods.service.spec.ts:79 — spec exists,إعادة الفتح وإقفال السنة بلا تدقيق؛ لا تصنيف خطورة.,تعذّر إثبات من أعاد فتح فترة مقدّمة ولماذا.,P2,ضعف رقابي.,REQ-R2R-009,,,SEC-13,audit_logs مع severity وreason_code إلزامي لإعادة الفتح؛ append-only.,DAR-07 | DAR-09 | DAR-12,REQ-INH-012 | REQ-INV-055 | REQ-NFR-018 | REQ-NFR-020 | REQ-O2C-016 | REQ-O2C-061 | REQ-O2C-062 | REQ-R2R-009 | REQ-TRC-028,,docs/BUSINESS-AUDIT-MATRIX.md:149-156 (unknown; B4a-0092)
REQ-R2R-013,C5,إقفال السنة المالية وترحيل الأرباح المحتجزة,DOCUMENTED_REQ,unknown,Record-to-Report,المدير المالي,إقفال نتيجة السنة في حقوق الملكية وبدء سنة جديدة بحسابات اسمية صفرية.,يجب أن ينفذ إقفال السنة بقيد إقفال مرحّل من الأستاذ العام ينقل صافي الربح/الخسارة إلى الأرباح المحتجزة ويصفّر الإيرادات والمصروفات، ذريًا وغير قابل للتكرار لنفس السنة.,BR-R2R-13,السنة، حساب الأرباح المحتجزة,قيد إقفال، فترة YEAR_END_CLOSED,تحقق إقفال 12 فترة → حساب الصافي من القيود → قيد إقفال → قفل السنة,تكرار التنفيذ مرفوض؛ عكس الإقفال إجراء تنفيذي موثق,accounting.periods.close + اعتماد مدير مالي,AC-R2R-013-1: بفرض إيرادات 1000 ومصروفات 700 مرحّلة في 2026، عندما يُنفذ إقفال السنة، فإن قيد الإقفال يصفّر الحسابات الاسمية ويضيف 300 دائن إلى 3200. | AC-R2R-013-2: بفرض إقفال سنة منفذ، عندما يُعاد تنفيذه، فإنه يُرفض ورصيد 3200 لا يتغير. | AC-R2R-013-3: بفرض فشل في منتصف الإقفال، عندما تُلغى المعاملة، فإن لا قيد ولا تغيير حالة يبقى.,PARTIAL,PARTIAL,Unknown,[B][C] apps/web/app/dashboard/accounting/page.tsx:399,[B][C] POST /fiscal-periods/year-end-closing,[B] apps/accounting/src/modules/fiscal-periods/fiscal-periods.service.ts:145-231 (من Account.balance، increment في كل تشغيل، لا تصفير رغم التعليق :142، غير ذري)؛ [C] :169-255 بلا تغيير,[B][C] Account.balance، FiscalPeriod periodNumber 13,—,[B][C] fiscal-periods.service.spec.ts — spec exists,الكود يزيد 3200 في كل تشغيل ولا يصفّر الحسابات الاسمية ويعتمد على أرصدة لا يُرحّل إليها (صفر في BASELINE)؛ لا يعتمد على القيود في CURRENT.,تشغيله يفسد الأرباح المحتجزة؛ لا يمكن الاعتماد عليه للإقفال القانوني.,P2,خطر على حقوق الملكية لكن يمكن تجنبه بعدم التشغيل حتى الإصلاح.,REQ-R2R-002 | REQ-R2R-014,DEC-R2R-01 | DEC-R2R-19,,ACC-01,قيد إقفال source_type=YEAR_END_CLOSE فريد لكل سنة؛ لا رصيد مخزن يُعدل مباشرة.,DAR-04 | DAR-05 | DAR-06 | DAR-09,REQ-R2R-009 | REQ-R2R-014 | REQ-R2R-015,,docs/REQUIREMENTS-TRACEABILITY-MATRIX.md:33 (unknown; B5a-0007)
REQ-R2R-014,C5,ميزان مراجعة متوازن من القيود المرحّلة,DOCUMENTED_REQ,unknown,Record-to-Report,المحاسب,إثبات توازن الدفاتر كأساس للقوائم والإقفال.,يجب أن يُبنى ميزان المراجعة (افتتاحي، حركة الفترة، ختامي) من القيود المرحّلة فقط، ويتحقق Σمدين = Σدائن بالعملة الأساسية، ويعرض الفرق عند عدم التوازن.,BR-R2R-14 | BR-R2R-01 | BR-R2R-22,من/إلى، أبعاد,ميزان بالأرصدة,تجميع سطور القيود المرحّلة حسب الحساب والفترة,—,accounting.ledger.read.any,AC-R2R-014-1: بفرض قيود مرحّلة فقط متوازنة، عندما يُطلب الميزان لأي فترة، فإن totalDebit = totalCredit بدقة قرشين وisBalanced = true. | AC-R2R-014-2: بفرض قيد بحالة DRAFT، عندما يُطلب الميزان، فإنه لا يُحتسب. | AC-R2R-014-3: عندما يُطلب الميزان، فإن كل المبالغ تُجمع بـDecimal ولا يظهر فرق كسري ناتج عن التقريب العائم.,PARTIAL,PARTIAL,Unknown,"[B][C] apps/web/app/dashboard/accounting/page.tsx:338,879؛ [C] general-ledger page",[B][C] GET /coa/trial-balance؛ [C] GET /general-ledger/trial-balance,[B] apps/accounting/src/modules/coa/coa.service.ts:208-255 (من Account.balance)؛ [C] apps/accounting/src/modules/coa/coa.service.ts:240-248، apps/accounting/src/modules/general-ledger/general-ledger.service.ts:114-123,[C] journal_lines.base_debit/base_credit,—,[C] general-ledger.integration.spec.ts (يُتخطى بلا DB) — spec exists,BASELINE: الميزان من أرصدة لا يُرحّل إليها أحد (أصفار)؛ CURRENT: صحيح البناء لكن لا قيود تُكتب (ACC-02) ويستخدم Number.,ميزان «متوازن» شكليًا بلا معنى قد يُضلل الإدارة.,P2,تقارير تعتمد على REQ الأستاذ العام (P1).,REQ-R2R-002,DEC-R2R-01 | DEC-R2R-19,,ACC-01 | ACC-02,لا عمود رصيد مخزن كمصدر؛ أي رصيد مخزن إسقاط يُعاد بناؤه من القيود ويُطابق ليليًا.,DAR-03 | DAR-04 | DAR-09 | DAR-10 | DAR-20,REQ-R2R-002 | REQ-R2R-011 | REQ-R2R-015,,docs/REQUIREMENTS-TRACEABILITY-MATRIX.md:31 (unknown; B5a-0005) | docs/ACCOUNTING-AUDIT-2026-09-28-IMPLEMENTATION.md:12 (2026-09-28; B5a-0250)
REQ-R2R-015,C5,القوائم المالية من الأستاذ العام فقط,INFERRED_NEEDS_APPROVAL,AI agent,Record-to-Report,المدير المالي / الإدارة,قوائم دخل ومركز مالي وتدفقات وحقوق ملكية موثوقة من مصدر واحد.,يجب أن يكون الأستاذ العام المرحّل بالقيد المزدوج المرجع الوحيد للقوائم المالية (الدخل، المركز المالي، التدفقات النقدية، التغير في حقوق الملكية) لأي تاريخ/فترة.,BR-R2R-15,تاريخ/فترة,قوائم مالية,ميزان مراجعة → تصنيف الحسابات → القوائم,—,accounting.ledger.read.any,AC-R2R-015-1: بفرض ميزان متوازن، عندما تُطلب قائمة المركز المالي، فإن الأصول = الخصوم + حقوق الملكية + صافي دخل الفترة. | AC-R2R-015-2: عندما تُطلب قائمة الدخل لفترة، فإن صافي الدخل يساوي الفرق بين الإيرادات والمصروفات في الميزان لنفس الفترة.,NOT_IMPLEMENTED,PARTIAL,Unknown,[B][C] apps/web/app/dashboard/financial-reports/page.tsx (8 أسطر — توجيه)؛ [C] general-ledger page,"[C] GET /general-ledger/statements/{pnl,balance-sheet,cash-flow,equity}",[C] apps/accounting/src/modules/general-ledger/general-ledger.service.ts:124-160 (P&L/BS مجرد فلترة للميزان؛ التدفقات طريقة مباشرة من حسابات 1110),[C] journal_*,—,—,BASELINE بلا قوائم؛ CURRENT قوائم مبسطة فوق أستاذ لا يُكتب إليه.,القوائم الرسمية تُعد خارج النظام.,P2,تقارير تعتمد على REQ الأستاذ العام.,REQ-R2R-002 | REQ-R2R-014,DEC-R2R-01,من يعد القوائم المالية الرسمية اليوم وبأي برنامج؟,ACC-01,classification على Account تكفي لتصنيف القوائم؛ لقطات قوائم معتمدة للفترات المقفلة.,DAR-03 | DAR-04 | DAR-09,REQ-R2R-002 | REQ-R2R-014,,docs/ACCOUNTING-AUDIT-2026-09-28-IMPLEMENTATION.md:6 (2026-09-28; B5a-0245)
REQ-R2R-016,C5,الأرصدة الافتتاحية بتاريخ قطع معتمد ومطابق,DOCUMENTED_REQ,AI agent,Record-to-Report,المحاسب (إعداد وتوقيع) / المالك (تاريخ القطع),بدء التشغيل على النظام بأرصدة عملاء وموردين (وحسابات GL) صحيحة وموقعة دون ازدواج مع التاريخ المستورد.,يجب توفير مسار رصيد افتتاحي معتمد: استيراد → تحقق → ترحيل قيود OPENING بتاريخ القطع لكل عميل ومورد (ولأرصدة GL)، بالعملة المقررة، ومطابقة الإجماليات مع ورقة موقعة من المحاسب بتقرير مطابقة؛ دون حذف صفوف AP تاريخية ودون مضاعفة التاريخ المستورد.,BR-R2R-18 | BR-R2R-19 | BR-R2R-20,ورقة أرصدة افتتاحية موقعة، تاريخ القطع، العملة,قيود OPENING مرحّلة + تقرير مطابقة,تحديد تاريخ القطع → تصنيف الأسماء ومطابقتها مع العملاء → ورقة تصحيح موقعة → استيراد وتحقق → ترحيل OPENING بتاريخ القطع → مطابقة الإجماليات,كشف الموزع الأكبر بتنسيق مختلف يُعالج يدويًا قبل الاستيراد؛ رصيد مختلف بعد الترحيل يُصحح بقيد تصحيح لا بالحذف,المُعدّ ≠ المعتمد (توقيع المحاسب ثم اعتماد المالك),AC-R2R-016-1: بفرض ورقة موقعة بإجمالي X لعدد N عميل وتاريخ قطع D، عندما تُرحّل، فإن عدد قيود OPENING = N ومجموعها = X وكلها occurredAt = D. | AC-R2R-016-2: بفرض عميل له قيد OPENING، عندما يُعاد الاستيراد، فإن لا قيد ثانيًا يُنشأ. | AC-R2R-016-3: عندما يُعرض كشف حساب عميل بعد الترحيل، فإن الرصيد الافتتاحي فيه يساوي الرقم الموقع ولا يُجمع مع CRM.openingBalance.,PARTIAL,PARTIAL,Unknown,— (لا شاشة رصيد افتتاحي؛ customer-field-execution يمنع الرصيد في شاشة الإنشاء),— (لا مسار),[B] apps/accounting/src/modules/saga-listener/saga-listener.service.ts:211-235 (listener موجود، occurredAt = الآن)؛ apps/crm/src/modules/accounts/accounts.service.ts:238 opening_balance: undefined؛ [C] :218-242 و crm :261؛ لا مسار للموردين ولا لـGL,[B][C] apps/crm/prisma/schema.prisma:170 Account.openingBalance؛ ledger_entries refType OPENING؛ packages/import-kit (تقرير المطابقة),[B][C] crm.account.created,[B][C] saga-listener.service.spec.ts — spec exists,المسار غير قابل للوصول (CRM لا يرسل الرصيد)، والتاريخ ليس تاريخ القطع، ولا أرصدة موردين أو GL، ولا تاريخ قطع مقرر، والأرصدة المستخرجة غير موقعة (ورقة أكبر موزع قُرئت خطأ).,لا يمكن إحلال النظام محل دفاتر Excel بأرصدة صحيحة؛ أعمار الديون والائتمان تُحسب على أرصدة ناقصة.,P1,يمنع الانتقال إلى التشغيل الفعلي ويؤثر على سلامة الذمم (~46% من المديونيات لدى موزع واحد).,REQ-R2R-002 | DEC-R2R-21,DEC-R2R-21,ما تاريخ القطع المعتمد للانتقال من Excel، ومن يوقّع ورقة الأرصدة الافتتاحية المصححة للعملاء والموردين؟,DB-04,"OpeningBalanceBatch(cutover_date، currency، source_file_hash، prepared_by، approved_by، totals) وسطوره (party_type, party_id, amount, side)؛ قيد OPENING فريد لكل (party_type, party_id)؛ occurredAt = cutover_date.",DAR-04 | DAR-06 | DAR-08 | DAR-10 | DAR-13 | DAR-20,REQ-OPS-001 | REQ-R2R-005 | REQ-R2R-017 | REQ-R2R-018,,Data/AB DATA/Nile ERP Gap Analysis.pdf:p.3 (2026-09-13; B3-0344)
REQ-R2R-017,C5,مصدر حقيقة واحد للأرصدة المالية وملكية المجال,INFERRED_NEEDS_APPROVAL,AI agent,Record-to-Report,المدير المالي / المعماري,منع تضارب الأرصدة بين CRM والمبيعات والمحاسبة.,يجب أن تملك المحاسبة الفاتورة المرحّلة والتسوية والذمم المدينة/الدائنة؛ أي رصيد في خدمة أخرى (AccountCredit في المبيعات، openingBalance في CRM) إسقاط قابل للمطابقة لا مصدر مستقل.,BR-R2R-44,—,—,الكتابة في المحاسبة فقط → أحداث → إسقاطات في الخدمات الأخرى → مطابقة دورية,انحراف الإسقاط يُبلّغ ولا يُصحح الأصل,—,AC-R2R-017-1: بفرض رصيد عميل في المحاسبة R، عندما تُقرأ قيمة التعرض في المبيعات بعد معالجة كل الأحداث، فإن الفرق المفسَّر = 0 في تقرير المطابقة. | AC-R2R-017-2: عندما يُعدّل CRM.openingBalance بعد القطع، فإن رصيد العميل المحاسبي لا يتغير.,PARTIAL,PARTIAL,Unknown,—,—,[B][C] apps/crm/prisma/schema.prisma:170 openingBalance مستقل؛ Sales AccountCredit يُحدَّث من أحداث finance.*,—,[B][C] finance.invoice.generated/payment.received (بعضها خارج outbox — INT-01),—,ازدواجية مصدر الرصيد الافتتاحي؛ لا مطابقة بين إسقاط المبيعات والمحاسبة.,قرار ائتماني على رقم خاطئ؛ كشوف متضاربة.,P2,ضعف رقابي له بديل يدوي.,REQ-R2R-041,,,SAL-03 | INT-01 | DB-04,توثيق ملكية كل كيان مالي؛ الإسقاطات تحمل last_event_id للمطابقة.,DAR-03 | DAR-07 | DAR-08 | DAR-20,REQ-CRM-001 | REQ-NFR-009 | REQ-R2R-016 | REQ-R2R-041,,docs/audit/production-program/PHASE-0-ARCHITECTURE.md:66-69 (2026-09-16; B6a-0318)
REQ-R2R-018,C5,منع الاستيراد العام للسجلات المالية المرحّلة,DOCUMENTED_REQ,AI agent,Record-to-Report,المسؤول / المحاسب,ألا تُنشأ أو تُعدل سجلات مالية إلا عبر مسارات عمل مضبوطة.,يجب ألا يوجد endpoint عام من جدول إلى قاعدة البيانات للفواتير أو المدفوعات أو دفاتر العملاء/الموردين/الأستاذ العام أو الفترات أو المطابقة أو الإشعارات أو إقفال الفترات؛ الاستيراد المضبوط محصور في دليل الحسابات (تحقق قوي)، إعدادات الضرائب، أسعار العملات، الأصول الثابتة (الإهلاك مشتق).,BR-R2R-43,ملفات استيراد,رفض أو استيراد مضبوط,—,—,—,AC-R2R-018-1: عند حصر مسارات API لخدمة المحاسبة، فإن لا مسار POST يقبل ملفًا/جدولًا لإنشاء فواتير أو مدفوعات أو قيود أو فترات. | AC-R2R-018-2: عندما يُستورد أصل ثابت، فإن لا قيد إهلاك يُستورد معه وكل الإهلاك يُحسب من النظام.,IMPLEMENTED,IMPLEMENTED,Unknown,—,[B][C] pkg/api-inventory.csv: لا مسارات استيراد مالية في accounting (مسار استيراد كشف البنك في وحدة غير مسجلة [C]),[C] apps/accounting/src/modules/bank-reconciliation/bank-reconciliation.controller.ts:12 (غير مسجل),—,—,—,الحظر محقق بالغياب؛ الاستيراد المضبوط للأرصدة الافتتاحية غير موجود (انظر REQ الأرصدة الافتتاحية).,—,P2,ضبط وقائي قائم؛ يلزم الحفاظ عليه.,REQ-R2R-016,,,,أي استيراد مالي مستقبلي يكتب دفعة staging بحالة ومعتمد قبل الترحيل.,DAR-04 | DAR-05 | DAR-08 | DAR-09 | DAR-10 | DAR-13 | DAR-20,REQ-INH-067 | REQ-OPS-010 | REQ-R2R-001 | REQ-R2R-016,,docs/BACKEND-DATA-IO-STANDARD.md:141-152 (unknown; B3-0266) | docs/phase1-master-data-data-io.md:139 (unknown; B3-0249)
REQ-R2R-019,C5,الدقة العشرية وسياسة التقريب للمبالغ,DOCUMENTED_REQ,auditor,Record-to-Report,المحاسب,منع الانحراف الكسري بين المستند والدفتر والضريبة.,"يجب أن تُخزن وتُحسب كل المبالغ بـDecimal من الطرف للطرف (14,2 للمال، 14,4 لسعر الوحدة، 14,6 لأسعار الصرف) بتقريب HALF_UP لكل سطر ثم الإجماليات = مجموع السطور المقرّبة، ومقارنات الدفع دقيقة بلا هامش، وقراءات الأستاذ بـDecimal.",BR-R2R-21 | BR-R2R-22,كميات وأسعار ونسب,مبالغ مقرّبة,حساب السطر → تقريب → جمع,—,—,"AC-R2R-019-1: بفرض سطر 3 × 19.99 بضريبة 14%، عندما تُحسب الفاتورة، فإن الصافي 59.97 والضريبة 8.40 والإجمالي 68.37. | AC-R2R-019-2: بفرض فاتورة 100.00، عندما تُسجل دفعة 100.01، فإنها تُرفض كتجاوز. | AC-R2R-019-3: عندما يُحسب ميزان أو ملخص VAT على 10,000 سطر، فإن الناتج يطابق الجمع العشري الدقيق حتى القرش.",PARTIAL,PARTIAL,Unknown,—,—,"[B][C] apps/accounting/src/common/money.ts:23-25 (round2 أسي) + دوال Decimal؛ مسارات Number: [B] apps/accounting/src/modules/coa/coa.service.ts:218-251، apps/accounting/src/modules/tax/tax.service.ts:68,111-131، apps/accounting/src/modules/fiscal-periods/fiscal-periods.service.ts:172-181؛ [C] apps/accounting/src/modules/general-ledger/general-ledger.service.ts:18,120-122",[B][C] أعمدة Decimal (DB-12),—,[B][C] payments.service.spec.ts — spec exists,الأعمدة Decimal لكن تقارير الضريبة والميزان وإقفال السنة والأستاذ تحسب بـNumber؛ round2 يقرّب السالب نحو +∞؛ ادعاءات متعارضة عن الهامش ±0.01.,فروق قروش متراكمة في الإقرارات والميزان.,P2,انحرافات صغيرة قابلة للتصحيح اليدوي.,DEC-R2R-08,DEC-R2R-14 | DEC-R2R-08,,DB-12,"كل أعمدة المال NUMERIC(14,2)؛ لا FLOAT؛ دوال تجميع SQL SUM على NUMERIC.",DAR-04 | DAR-10,REQ-O2C-002 | REQ-R2R-014 | REQ-R2R-020,,"docs/audit/18-business-workflows.md:15 (unknown; B4a-0118) | docs/audit/2026-09-20-phase1-direct-invoice-report-ar.md:61-68 (2026-09-20; B4b-0228) | docs/audit/2026-09-18-company-workflows-vs-erp-ar.md:238 (2026-09-18; B3-0062) | docs/AUDIT-REMEDIATION-STATUS-2026-09-25-ar.md:18 (2026-09-25; B1-0330) | docs/audit/2026-09-20-phase4-collections-currency-copilot-report-ar.md:56-68 (2026-09-20; B4b-0271) | docs/audit/00-executive-summary.md:115 (2026-09-01; B6a-0034) | docs/AUDIT-REMEDIATION-STATUS-2026-09-25-ar.md:34-39 (2026-09-25; B1-0343) | docs/P1-AUDIT.md:200 (2026-09-24; B2-0141) | docs/P1-WAVE1-IMPLEMENTATION-NOTES.md:103-109,251-259 (2026-09-24; B2-0227) | docs/audit/00-executive-summary.md:56 (2026-09-01; B6a-0019) | docs/audit/04-database.md:3 (2026-09-01; B6a-0090) | docs/audit/16-ai-technical-debt.md:24 (2026-09-01; B6a-0238) | docs/audit/21-p0-p1-remediation.md:822-827 (2026-09-07; B6b-0046) | docs/PRODUCTION-READINESS-P0.md:86-87 (2026-09-23; B6c-0067)"
REQ-R2R-020,C5,احتساب ض.ق.م 14% على المبيعات والمشتريات الخاضعة,OWNER_DECISION,unnamed owner,Record-to-Report,المحاسب / النظام,فوترة ضريبية صحيحة وفق القانون المصري.,يجب احتساب ض.ق.م 14% لكل سطر خاضع في المبيعات والمشتريات؛ وتعرض الفاتورة الضريبية: قبل الضريبة، الضريبة 14%، بعد الضريبة (= سعر العميل النهائي)، سعر الجمهور، والإجمالي.,BR-R2R-23 | BR-R2R-28,سطور بأسعار ونسب,ضريبة لكل سطر وللرأس,سعر السطر → ضريبة 14% → إجمالي,الأصناف المعفاة 0% حسب DEC-R2R-13,—,AC-R2R-020-1: بفرض سطر صافيه 100 خاضع، عندما تُصدر الفاتورة، فإن ضريبته 14.00 وإجماليه 114.00 ومجموع ضرائب السطور = taxAmount للرأس. | AC-R2R-020-2: بفرض فاتورة مورد بسطور خاضعة، عندما تُسجل، فإن ضريبة المدخلات تُحسب لكل سطر لا كرقم رأس حر.,PARTIAL,PARTIAL,Unknown,[B][C] apps/web/app/dashboard/invoices/new/page.tsx,[B][C] POST /api/accounting/invoices؛ POST /matching/vendor-invoices,[B] apps/accounting/src/modules/invoices/invoices.service.ts:631؛ [C] :658؛ مسار الأمر: ضريبة السطر من Sales,[B][C] InvoiceLine.taxRate/taxAmount (schema.prisma:194 [B] / :218 [C])؛ Product.salesTaxPct افتراضي 14؛ VendorInvoice.taxAmount رأس فقط (:903 [B]),[B][C] inventory.stock.reserved يحمل invoice_lines,[B][C] invoices.service.spec.ts — spec exists,المبيعات منفذة؛ المشتريات ضريبتها رقم رأس يُدخل يدويًا؛ النسبة ثابت في الكود.,ضريبة مدخلات غير موثوقة في الإقرار.,P2,المبيعات تعمل؛ المشتريات لها بديل يدوي.,REQ-R2R-026,DEC-R2R-13,,GOV-06,tax_code على كل سطر (مبيعات ومشتريات) من جدول أكواد ضريبية بنسخ؛ taxAmount السطر محفوظ ومجموعها = الرأس (CHECK).,DAR-05 | DAR-06 | DAR-15,REQ-O2C-002 | REQ-R2R-019 | REQ-R2R-021 | REQ-R2R-030,,"docs/audit/2026-09-20-backlog-traceability-ar.md:119 (2026-09-20; B4b-0054) | Data/فواتير 2026.xlsx:7 sheets: N, R, receipt forms, tax invoices, chain tax invoice, English INV (unknown; B3-0296) | Data/فواتير ضريبية.xlsx:8 sheets (per-customer tax invoices + distributor dealings), header rows 5-8 (unknown; B3-0298) | docs/REQUIREMENTS-TRACEABILITY-MATRIX.md:50 (unknown; B5a-0017) | docs/GO-LIVE-ACCEPTANCE-REPORT.md:21 (2026-09-24; B5a-0277) | Data/AB DATA/Nile ERP Architecture Description.pdf:p.1 (2026-09-13; B3-0357) | Data/AB DATA/Nile ERP Business Operations.pdf:p.5 (2026-09-13; B3-0329)"
REQ-R2R-021,C5,توليد قيود الضريبة آليًا من المستندات (مصدر ضريبة واحد),INFERRED_NEEDS_APPROVAL,AI agent,Record-to-Report,المحاسب,أن يكون إقرار الضريبة مطابقًا للمستندات دون إدخال يدوي.,يجب أن تولّد الفاتورة والإشعار الدائن وفاتورة المورد قيود ضريبة (tax_entries وسطر 2121/ضريبة مدخلات في GL) آليًا من نفس أرقامها؛ وأن يتطابق مبلغ المستند والدفتر والضريبة في سيناريو: سعر شامل ضريبة ثم خصم/مرتجع، حسب سياسة التقريب.,BR-R2R-24,مستند ضريبي معتمد,قيد ضريبي,إصدار المستند → قيد ضريبة بنفس المعاملة → ملخص VAT,إلغاء المستند يعكس قيد الضريبة,—,AC-R2R-021-1: بفرض فاتورة ضريبتها 14.00، عندما تُصدر، فإن tax_entries يحتوي صفًا SALES/VAT_14 بقيمة 14.00 مرتبطًا بـinvoiceId خلال نفس المعاملة. | AC-R2R-021-2: بفرض سعر شامل ضريبة ثم خصم ثم مرتجع جزئي (بيانات اصطناعية)، عندما تُقارن الأرقام، فإن ضريبة المستند = ضريبة الدفتر = ضريبة ملخص VAT حتى القرش. | AC-R2R-021-3: عندما يُطلب ملخص VAT لفترة، فإن مصدره قيود آلية فقط ولا يحتاج إدخالًا يدويًا للمبيعات.,NOT_IMPLEMENTED,NOT_IMPLEMENTED,Unknown,[B][C] apps/web/app/dashboard/settings/taxes/page.tsx (إدخال يدوي),[B][C] POST /api/accounting/tax/entries,[B][C] apps/accounting/src/modules/tax/tax.service.ts:55-88 (الكاتب الوحيد مع credit-notes خلف علم),[B] TaxEntry schema.prisma:789؛ [C] :947,—,[B][C] tax.service.spec.ts — spec exists,الضريبة لها مصدران: Invoice.taxAmount وtax_entries اليدوية؛ لا ربط آلي.,إقرار VAT من النظام ناقص أو مكرر الإدخال؛ خطر غرامات.,P1,امتثال ضريبي مباشر.,REQ-R2R-020 | REQ-R2R-022,DEC-R2R-20,كيف يُعد إقرار ض.ق.م اليوم: من بيانات ERP أم من دفاتر أخرى؟ وهل المطلوب توليد قيود الضريبة آليًا؟,ACC-15,tax_entries.source_type/source_id UNIQUE لكل (مستند، نوع ضريبة)؛ fiscal_period_id؛ لا إدخال يدوي إلا بنوع ADJUSTMENT مع سبب واعتماد.,DAR-04 | DAR-06 | DAR-09 | DAR-10,REQ-R2R-020 | REQ-R2R-022 | REQ-R2R-024,,docs/DECISIONS-AR.md:57 (2026-09-14; B1-0015) | docs/audit/2026-09-20-phase0-discovery-audit-ar.md:141 (2026-09-20; B4b-0136)
REQ-R2R-022,C5,أثر الإشعار الدائن/المرتجع على ض.ق.م المستحقة,INFERRED_NEEDS_APPROVAL,AI agent,Record-to-Report,المحاسب / المستشار الضريبي,ألا تظهر ض.ق.م المبيعات أعلى من الحقيقة بعد المرتجعات.,يجب أن يخفض المرتجع/الإشعار الدائن ض.ق.م المستحقة بقيد ضريبة سالب (VAT_14) مشتق من تركيبة الفاتورة، يُكتب ذريًا مع الإشعار وعلامة vatPosted ودون تكرار؛ ويبقى خلف العلم CREDIT_NOTE_VAT_POSTING حتى موافقة المستشار الضريبي.,BR-R2R-25 | BR-R2R-32,إشعار دائن,قيد ضريبة سالب,اعتماد المرتجع → إشعار → (العلم مفعل) قيد ضريبة سالب في نفس المعاملة,إعادة التسليم لا تكرر القيد,تفعيل العلم بقرار موثق,AC-R2R-022-1: بفرض العلم مفعّل وإشعار ضريبته 14.00، عندما يُصدر، فإن صف tax_entries بقيمة −14.00 (أو SALES_RETURN) يوجد وvatPosted = true في نفس المعاملة. | AC-R2R-022-2: بفرض إعادة تسليم حدث المرتجع، عندما يُعالج، فإن عدد قيود الضريبة للإشعار يبقى 1. | AC-R2R-022-3: بفرض العلم غير مفعّل، عندما يُصدر الإشعار، فإن لا قيد ضريبة يُكتب ويُظهر تقرير «إشعارات بلا أثر ضريبي».,PARTIAL,PARTIAL,Unknown,[B][C] عمود «الأثر المالي» في المرتجعات,—,[B] apps/accounting/src/modules/credit-notes/credit-notes.service.ts:74-96؛ [C] :73-90,[B][C] CreditNote.vatPosted,[B][C] sales.return.created,[B][C] credit-notes.service.spec.ts — spec exists,منفذ خلف علم معطل افتراضيًا؛ الكتابة ليست في معاملة الإشعار؛ لا تقرير للإشعارات غير المؤثرة ضريبيًا.,ض.ق.م مبالغ فيها في الإقرار طالما العلم معطل.,P2,بانتظار قرار المستشار؛ يوجد بديل يدوي بالإدخال.,DEC-R2R-04 | REQ-R2R-029,DEC-R2R-04,هل وافق المستشار الضريبي على توليد قيد ض.ق.م سالب تلقائيًا للإشعار الدائن؟,ACC-15,قيد ضريبة مرتبط بـcredit_note_id UNIQUE؛ vat_posted يُحدَّث في نفس المعاملة.,DAR-04 | DAR-06,REQ-INV-071 | REQ-R2R-021 | REQ-R2R-029 | REQ-R2R-032,,docs/audit/production-program/PHASE-0-ARCHITECTURE.md:58 (2026-09-16; B6a-0314) | docs/DECISIONS-AR.md:226-227 (2026-09-14; B1-0024) | docs/audit/production-program/PHASE-0-ARCHITECTURE.md:59 (2026-09-16; B6a-0315) | docs/audit/2026-09-18-company-workflows-vs-erp-ar.md:238 (2026-09-18; B3-0062)
REQ-R2R-023,C5,خصم المنبع 1/3/5% ونموذج 41 ربع السنوي,OWNER_DECISION,unnamed owner,Record-to-Report,المحاسب,الوفاء بالتزامات الخصم والتحصيل تحت حساب الضريبة.,يجب دعم أنواع الضريبة VAT_14 وWHT_1/3/5 وEXEMPT، وتسجيل قيود الخصم حسب نوع المعاملة، وتوليد نموذج 41 الربع سنوي وتعليمه مُقدَّمًا، مع شاشة مكتملة للمحاسب، ورقم تسجيل الشركة من الإعدادات لا من الكود.,BR-R2R-26 | BR-R2R-27,قيود خصم (طرف، رقم ضريبي، أساس، نوع),نموذج 41,تسجيل الخصم → تجميع الربع → توليد النموذج → تعليم كمقدّم,تصحيح بعد التقديم بقيد تعديل,accounting.tax.form41,AC-R2R-023-1: بفرض 3 قيود WHT_1 في 2026-Q3 بأساس 1000 لكل منها، عندما يُولد نموذج 41، فإن إجمالي الخصم 30.00 وعدد السطور 3. | AC-R2R-023-2: عندما يُولد النموذج، فإن رقم التسجيل الضريبي للشركة يُقرأ من إعدادات الشركة وليس ثابتًا في الكود. | AC-R2R-023-3: بفرض ربع مُعلَّم كمقدّم، عندما يُطلب النموذج مجددًا، فإن الناتج مطابق للقطة المقدمة.,PARTIAL,PARTIAL,Unknown,[B][C] apps/web/app/dashboard/settings/taxes/page.tsx:75-166 (توليد وتعليم نموذج 41),[B][C] GET /tax/form-41، POST /tax/form-41/mark-reported، POST /tax/entries,[B][C] apps/accounting/src/modules/tax/tax.service.ts:139-196 (رقم الشركة مكتوب :181-182؛ الربع من getMonth المحلي :45-53),"[B][C] enum TaxType (VAT_14, WHT_1, WHT_3, WHT_5, EXEMPT) schema.prisma:877 [C]",—,[B][C] tax.service.spec.ts — spec exists,القيود يدوية؛ لا ربط بسداد الموردين؛ رقم التسجيل وهوية الشركة ثابتة في الكود؛ mark-reported يعلّم كل قيود الربع (حتى VAT) بلا لقطة.,نموذج 41 صحيح فقط بقدر الإدخال اليدوي؛ رقم ضريبي قد يكون خاطئًا.,P2,يوجد مسار يدوي يعمل.,REQ-R2R-035,DEC-R2R-18 | DEC-R2R-20,هل الرقم 621-890-432 هو رقم التسجيل الضريبي الحقيقي للشركة؟ ومن أين يُستخرج الخصم تحت حساب الضريبة اليوم (من سداد الموردين؟),ACC-15 | GOV-06,TaxEntry مع source مرتبط بفاتورة/سداد مورد، fiscal_period_id؛ لقطة تقديم TaxFiling.,DAR-04 | DAR-05 | DAR-09,REQ-R2R-021 | REQ-R2R-024,,docs/audit/2026-09-20-backlog-traceability-ar.md:120 (2026-09-20; B4b-0055) | docs/GAP-ANALYSIS-AR.md:81-87 (unknown; B4a-0138) | docs/REQUIREMENTS-TRACEABILITY-MATRIX.md:52 (unknown; B5a-0019) | docs/REQUIREMENTS-TRACEABILITY-MATRIX.md:53 (unknown; B5a-0020) | Data/AB DATA/Nile ERP Business Operations.pdf:p.5 (2026-09-13; B3-0329)
REQ-R2R-024,C5,إقرار ض.ق.م وتقديمات الضرائب من لقطات مقفلة بالفترة,DOCUMENTED_REQ,AI agent,Record-to-Report,المحاسب / المدير المالي,إثبات ما قُدّم لمصلحة الضرائب ومنع تغييره لاحقًا.,يجب إعداد إقرار صافي ض.ق.م المستحقة (مخرجات − مدخلات) مرتبطًا بالفترة المالية، و«تعليمه كمقدَّم» بلقطة غير قابلة للتعديل (كما في نموذج 41)، بحيث تُقدَّم VAT ونموذج 41 من لقطات مقفلة بالفترة.,BR-R2R-27,الفترة الضريبية,لقطة إقرار مقدّمة,إقفال الفترة → توليد الملخص → مراجعة → تقديم → لقطة مقفلة,تعديل بعد التقديم = إقرار معدّل بلقطة جديدة مرتبطة,المُعدّ ≠ المعتمد للتقديم,AC-R2R-024-1: بفرض إقرار VAT لشهر 2026-09 مُعلّم كمقدّم، عندما يُحاول إدخال قيد ضريبي بتاريخ داخل الشهر، فإنه يُرفض أو يُسجل كتعديل لإقرار لاحق. | AC-R2R-024-2: بفرض لقطة مقدمة، عندما تُعرض بعد أي تغيير لاحق، فإن أرقامها لا تتغير. | AC-R2R-024-3: عندما يُولد الإقرار، فإن صافي المستحق = مخرجات VAT − مدخلات VAT من القيود الآلية للفترة.,PARTIAL,PARTIAL,Unknown,[B][C] settings/taxes (ملخص VAT),[B][C] GET /tax/vat-summary,[B][C] apps/accounting/src/modules/tax/tax.service.ts:94-133 (ملخص بمدى تواريخ حر)، :190-196 (تعليم بلا لقطة),[B][C] TaxEntry.isReported/reportedAt,—,[B][C] tax.service.spec.ts — spec exists,ملخص VAT موجود بلا ربط بالفترة ولا سجل تقديم ولا لقطة؛ لا منع للإدخال في فترة مقدمة.,أرقام مقدمة قد تتغير بعد التقديم دون أثر.,P2,ضبط امتثال له بديل يدوي (حفظ نسخة خارجية).,REQ-R2R-021,DEC-R2R-20,,ACC-15,TaxFiling(type VAT|FORM41، period، status، snapshot JSON + hash، submitted_by/at، amended_from_id)؛ tax_entries.filing_id بعد التقديم.,DAR-09,REQ-R2R-010 | REQ-R2R-021 | REQ-R2R-023,,Data/AB DATA/Nile ERP Gap Analysis.pdf:p.6 (2026-09-13; B3-0351) | docs/REQUIREMENTS-TRACEABILITY-MATRIX.md:51 (unknown; B5a-0018)
REQ-R2R-025,C5,واجهة إعدادات الضرائب,OWNER_DECISION,unnamed owner,Record-to-Report,المحاسب,تمكين المحاسب من إدارة إعدادات الضرائب وتقاريرها من الواجهة.,يجب توفير واجهة إعدادات الضرائب (الأنواع والنسب وأكواد الضرائب وبيانات تسجيل الشركة) إلى جانب تقارير VAT ونموذج 41.,BR-R2R-28,—,—,—,—,accounting.tax.manage,AC-R2R-025-1: عندما يفتح المحاسب صفحة الضرائب، فإنه يرى ملخص VAT ونموذج 41 وإدخال القيود، ويرى (أو يعدّل بصلاحية) أكواد الضرائب ورقم التسجيل.,PARTIAL,PARTIAL,Unknown,[B][C] apps/web/app/dashboard/settings/taxes/page.tsx (321 سطرًا: ملخص VAT، نموذج 41، إدخال قيود),[B][C] /api/accounting/tax/*,—,—,—,—,الصفحة apps/web/app/dashboard/settings/taxes/page.tsx (321 سطرًا، متطابقة في B وC) تعرض ملخص ض.ق.م ونموذج 41 والإدخال اليدوي عبر accountingApi.vatSummary (سطر 81) — ادعاء «PlaceholderPage» (B5a-0091، B5b-0140) قديم؛ لكن لا جدول مركزي للنسب/الأكواد (النسبة ثابت STANDARD_VAT_RATE=14 في invoices.service.ts [B]:631 [C]:658) ولا إعداد لهوية الشركة الضريبية (tax.service.ts:181-182 ثابتة).,التعديل الضريبي يتطلب تغيير كود.,P3,كفاءة.,REQ-R2R-026,DEC-R2R-13 | DEC-R2R-18 | DEC-R2R-19,,GOV-06,"جدول tax_codes (code, rate, effective_from/to, ETA type/subtype).",DAR-13,REQ-NFR-042 | REQ-R2R-023 | REQ-R2R-026 | REQ-R2R-035,,docs/audit/2026-09-20-backlog-traceability-ar.md:123 (2026-09-20; B4b-0058) | docs/audit/22-production-remediation-master-plan.md:154 (2026-09-13; B6b-0098) | docs/REPORTS-IMPLEMENTATION-STATUS.md:140 (unknown; B5a-0091) | docs/audit/23-day1-operations-ux-consistency.md:264-272 (2026-09-08; B5b-0140)
REQ-R2R-026,C5,حوكمة قواعد الضريبة: مصدر رسمي ونسخ وتاريخ سريان,OWNER_DECISION,unnamed owner,Record-to-Report,المستشار الضريبي / المحاسب / المالك,ألا يقرر الكود أي معاملة ضريبية دون اعتماد رسمي، وأن تبقى المستندات التاريخية ثابتة.,يجب ألا تُعدل نسب الضريبة أو أوعيتها أو تصنيف الرسوم أو المعاملة الضريبية للبونص قبل اعتماد مصدر رسمي (ETA/المستشار)، وأن يحمل كل تغيير مصدر القاعدة ونسخة القرار وتاريخ سريانه مع إبقاء اللقطات والمستندات التاريخية كما هي، وأن تكون أمثلة الضريبة المرجعية (golden examples) معتمدة قانونيًا، وأن يبقى السلوك الضريبي غير المحسوم خلف علم مقفول.,BR-R2R-28 | BR-R2R-29 | BR-R2R-30,قرار ضريبي معتمد,نسخة قاعدة سارية,قرار → تسجيل نسخة بتاريخ سريان → تطبيق على المستندات الجديدة فقط,—,اعتماد مزدوج (محاسب + مالك/مستشار),AC-R2R-026-1: بفرض فاتورة صادرة بنسبة 14% في 2026-09، عندما تُسجل نسخة قاعدة جديدة سارية من 2027-01، فإن الفاتورة القديمة تبقى بنفس الضريبة عند إعادة عرضها. | AC-R2R-026-2: عندما يُسأل النظام عن مصدر نسبة ضريبة سطر، فإنه يعرض رقم نسخة القاعدة ومرجعها الرسمي. | AC-R2R-026-3: بفرض العلم الضريبي للبونص مقفولًا، عندما يُصرف بونص، فإن لا معاملة ضريبية تُطبق عليه تلقائيًا.,PARTIAL,PARTIAL,Unknown,—,—,[B] النسب ثوابت apps/accounting/src/modules/invoices/invoices.service.ts:631، apps/accounting/src/modules/tax/tax.service.ts:59-66؛ علم CREDIT_NOTE_VAT_POSTING apps/accounting/src/modules/credit-notes/credit-notes.service.ts:77؛ [C] invoices.service.ts:658,— (لا جدول قواعد ضريبية بنسخ),—,—,المحظورات محترمة (لم يُغيّر وعاء الشحن)، لكن لا آلية نسخ/سريان؛ القيم ثابتة في الكود؛ لا أمثلة مرجعية معتمدة.,أي تغيير ضريبي يتطلب نشر كود وقد يغيّر إعادة حساب مستندات قديمة.,P2,ضبط امتثال.,,DEC-R2R-13 | DEC-R2R-08,من الجهة المعتمدة رسميًا لقرارات الضريبة (مستشار ضريبي باسمه؟) وكيف يُوثق اعتمادها؟,GOV-06 | GOV-01,"tax_rules(code, version, rate/base_rule, source_ref, effective_from/to, approved_by/at)؛ كل سطر مستند يخزن tax_rule_version؛ لقطات المستندات غير قابلة للتعديل.",DAR-03 | DAR-15,REQ-NFR-041 | REQ-R2R-020 | REQ-R2R-025 | REQ-R2R-027,,docs/SHIPPING-TARIFF-AND-TAX-DECISION-AR.md:47-51 (unknown; B1-0207) | docs/SHIPPING-TARIFF-AND-TAX-DECISION-AR.md:53 (unknown; B1-0208) | docs/DECISIONS-2026-09-25-ar.md:117-118 (2026-09-25; B1-0104) | docs/audit/production-program/PHASE-0-ARCHITECTURE.md:108-118 (2026-09-16; B6a-0328)
REQ-R2R-027,C5,رسوم الشحن خارج وعاء ض.ق.م (إجراء تحفظي),OWNER_DECISION,unnamed owner,Record-to-Report,المحاسب,معاملة ضريبية تحفظية لرسوم التوصيل حتى قاعدة رسمية.,يجب أن تُضاف shippingFee إلى إجمالي الفاتورة/المديونية كرسوم تشغيلية دون إدخالها في taxAmount، إلى أن يصدر قرار رسمي.,BR-R2R-29,رسوم الشحن,إجمالي = صافي + ضريبة + شحن,تسعير الشحن → إضافة بعد الضريبة,—,—,AC-R2R-027-1: بفرض صافي 100 وضريبة 14 وشحن 20، عندما تُصدر الفاتورة، فإن taxAmount = 14 وtotal = 134.,IMPLEMENTED,IMPLEMENTED,Unknown,[B][C] orders/new، invoices/new,[B][C] POST /api/sales/shipping/quote,[B] apps/sales/src/modules/orders/orders.service.ts:611؛ [C] apps/accounting/src/modules/invoices/invoices.service.ts:1014,[B][C] Invoice.shippingFee,[B][C] StockReserved يحمل shipping,[B][C] shipping.service.spec.ts — spec exists,منفذ؛ في CURRENT يُرحّل الشحن داخل حساب مبيعات الأدوية 4110 (invoices.service.ts:512) لا حساب إيراد شحن منفصل.,—,P2,امتثال معلّق على قرار رسمي.,REQ-R2R-026,DEC-R2R-08,,,shipping_fee منفصل على الفاتورة مع tax_code خاص (NON_TAXABLE حاليًا) لتسهيل تغيير القاعدة.,DAR-04,REQ-O2C-052 | REQ-O2C-053 | REQ-R2R-026,,docs/SHIPPING-TARIFF-AND-TAX-DECISION-AR.md:45 (unknown; B1-0206)
REQ-R2R-028,C5,ترقيم تسلسلي ذري للمستندات الضريبية,OWNER_DECISION,unnamed owner,Record-to-Report,المحاسب,ترقيم قانوني قابل للتتبع للفواتير والإشعارات والقيود ومعرف داخلي لـETA.,يجب أن تُرقم الفواتير والإشعارات الدائنة/المدينة (والقيود) تسلسليًا وذريًا عبر جدول document_sequences لكل نوع وسنة، بدل الرقم الزمني INV-<base36>، وأن يصلح الرقم كـinternalId فريد لـETA.,BR-R2R-31,نوع المستند والسنة,رقم تسلسلي,حجز الرقم داخل معاملة إنشاء المستند,فشل المعاملة لا يترك رقمًا مستهلكًا (أو تُوثق الفجوات),—,AC-R2R-028-1: بفرض 100 فاتورة متزامنة، عندما تُنشأ، فإن أرقامها INV-2026-000001..000100 بلا تكرار ولا تصادم. | AC-R2R-028-2: بفرض أول فاتورة في 2027، عندما تُنشأ، فإن العداد يبدأ من 1 للسنة الجديدة.,PARTIAL,PARTIAL,Unknown,—,—,"[B] الإشعار apps/accounting/src/modules/credit-notes/credit-notes.service.ts:145-150 ✓؛ الفاتورة apps/accounting/src/modules/invoices/invoices.service.ts:431,688,991 زمني؛ [C] :444,715,1018؛ القيود JE-<seq> أو AUTO-<uuid>",[B] DocumentSequence schema.prisma:780؛ [C] :938,—,[B][C] credit-notes.service.spec.ts — spec exists,الإشعارات فقط تستخدم التسلسل؛ الفواتير زمنية مع خطر تصادم (DB-10).,ترقيم غير مقبول محتملًا لدى الضرائب/ETA.,P2,امتثال بانتظار تأكيد القاعدة.,,,هل يُقبل رقم فاتورة غير تسلسلي للضرائب المصرية؟ وما صيغة الترقيم المطلوبة؟,DB-10 | ACC-19,"document_sequences(name, year) PK؛ invoice_number UNIQUE NOT NULL من التسلسل.",DAR-04 | DAR-06 | DAR-10,REQ-O2C-034 | REQ-R2R-029 | REQ-R2R-031,,"docs/audit/2026-09-20-backlog-traceability-ar.md:126 (2026-09-20; B4b-0061) | docs/FRONTEND-COVERAGE-AUDIT-AR.md:184,249 (2026-09-15; B5b-0109)"
REQ-R2R-029,C5,الإشعار الدائن/المدين كمستند ضريبي مستقل,OWNER_DECISION,unnamed owner,Record-to-Report,المحاسب,مستند قانوني مستقل يثبت تخفيض (أو زيادة) مديونية العميل وضريبته.,يجب أن يكون الإشعار الدائن (وكذلك الإشعار المدين) كيانًا مستقلًا برقم تسلسلي وتاريخ إصدار ونسخة قابلة للطباعة والإرسال وإمكانية إلغاء موثق بعكس أثره، ويُشتق تقسيمه الضريبي من الفاتورة الأصل.,BR-R2R-32 | BR-R2R-31,مرتجع معتمد / تعديل سعر,إشعار CR-YYYY-NNNN / DN,SalesReturnCreated → إشعار تلقائي → عرض/طباعة A4,إلغاء الإشعار بعكس أثره (غير منفذ),accounting.credit-notes.read,AC-R2R-029-1: بفرض مرتجع معتمد، عندما يصل الحدث مرتين، فإن إشعارًا واحدًا برقم واحد يوجد. | AC-R2R-029-2: عندما يُصدر إشعار، فإن subtotal + taxAmount = total بالضبط. | AC-R2R-029-3: بفرض إشعار صادر بالخطأ، عندما يُلغى بسبب، فإن أثره في دفتر العميل والضريبة يُعكس بصفوف مقابلة ويبقى الإشعار مرئيًا بحالة ملغى. | AC-R2R-029-4: بفرض زيادة سعر بعد الفاتورة، عندما يُطلب إشعار مدين، فإن مستندًا DN برقم تسلسلي يُنشأ ويرفع مديونية العميل.,PARTIAL,PARTIAL,Unknown,[B][C] returns (عمود الأثر المالي، طباعة A4),[B][C] GET /api/accounting/credit-notes، /:id,[B] apps/accounting/src/modules/credit-notes/credit-notes.service.ts (issueForReturn، تسلسل :145-150)؛ [C] نفس الملف + GL :68,[B] CreditNote schema.prisma:754؛ [C] :912-933 (status ISSUED فقط فعليًا),[B][C] sales.return.created,[B][C] credit-notes.service.spec.ts — spec exists,لا مسار إلغاء للإشعار؛ لا إشعار مدين؛ لا تجميع شهري (قرار مفتوح).,تصحيح إشعار خاطئ غير ممكن من النظام؛ تعديلات السعر بالزيادة بلا مستند.,P2,يعمل للحالة الرئيسية (مرتجع).,REQ-R2R-022,DEC-R2R-04,هل تحتاجون إشعارًا مدينًا (Debit Note) وإلغاء الإشعار الدائن؟,ACC-18,CreditNote/DebitNote: number UNIQUE من التسلسل، return_id UNIQUE (للمرتجع)، status ISSUED/CANCELLED مع cancelled_by/at/reason، original_invoice_id، تقسيم ضريبي محفوظ.,DAR-06 | DAR-09 | DAR-10 | DAR-15,REQ-INV-071 | REQ-R2R-022 | REQ-R2R-028 | REQ-R2R-032,,docs/audit/2026-09-20-backlog-traceability-ar.md:122 (2026-09-20; B4b-0057)
REQ-R2R-030,C5,التكامل مع منظومة الفاتورة الإلكترونية المصرية (ETA),OWNER_DECISION,unnamed owner,Record-to-Report,المحاسب / النظام,"الالتزام القانوني بتقديم فواتير B2B إلكترونيًا لمصلحة الضرائب وتجنب الغرامات (20,000–100,000 ج.م وفق القانون 206/2020).",يجب عند إصدار الفاتورة بناء مستند ETA (JSON/XML وفق schema المنشور، تواريخ ISO 8601، بنود بالكود والوحدة والسعر والخصم والضريبة T1/V009) وحفظه PENDING بعد التحقق من اكتمال البيانات، وتوقيعه بعد التطبيع القانوني عبر وكيل توقيع (قابل للتبديل بمزود سحابي)، وإرساله عبر API الحكومي بمصادقة OAuth2 client_credentials، مع إعادة محاولة وidempotency، والاستعلام عن حالة التقديم بعد HTTP 202 حتى VALID/INVALID، وعرض أخطاء INVALID للتصحيح وإعادة الإرسال.,BR-R2R-33 | BR-R2R-34 | BR-R2R-36 | BR-R2R-37,فاتورة صادرة + بيانات ضريبية للعميل والأصناف والشركة,مستند مقدم بحالة VALID/INVALID وUUID,إصدار الفاتورة → بناء المستند → تحقق → توقيع → إرسال (202) → استعلام دوري → VALID/INVALID,فشل الإرسال: إعادة تراجعية حتى 5 ثم FAILED؛ INVALID: تصحيح وإعادة إرسال بـinternalId جديد,accounting.e-invoices.submit,AC-R2R-030-1: بفرض فاتورة لعميل شركة ببيانات ضريبية مكتملة، عندما تُصدر، فإن سجل تقديم PENDING يُنشأ بحمولة مطابقة للـschema. | AC-R2R-030-2: بفرض بوابة preprod، عندما يُرسل المستند، فإن submissionUUID وuuid يُحفظان وتتحول الحالة إلى VALID أو INVALID خلال دورات استعلام كل 5 دقائق. | AC-R2R-030-3: بفرض فشل شبكة متكرر، عندما تُستنفد 5 محاولات، فإن الحالة FAILED وتظهر في لوحة الصحة.,NOT_IMPLEMENTED,NOT_IMPLEMENTED,Unknown,—,—,[B][C] لا يوجد أي كود ETA (بحث عن einvoice/submissionUUID/signer في apps/),[B][C] لا كيانات ETA,[B][C] OutboxEvent متاح كأساس,—,صفر تكامل؛ المتوفر فقط: سطور فاتورة بضريبة لكل سطر، تسلسل للإشعارات، outbox.,مخالفة قانونية محتملة وغرامات؛ عدم قبول فواتير B2B لدى العملاء الشركات.,P1,التزام قانوني بغرامات.,REQ-R2R-035 | REQ-R2R-037 | DEC-R2R-05 | DEC-R2R-06,DEC-R2R-05 | DEC-R2R-06 | DEC-R2R-19,هل الشركة مسجلة فعلًا في منظومة الفاتورة الإلكترونية وتُصدر فواتيرها الإلكترونية اليوم عبر بوابة ETA يدويًا أو عبر برنامج آخر؟,ACC-15,انظر REQ سجل التقديم؛ OutboxEvent لإرسال idempotent؛ إعدادات شركة مشفرة.,DAR-07 | DAR-12 | DAR-14 | DAR-17,REQ-R2R-031 | REQ-R2R-032 | REQ-R2R-033 | REQ-R2R-034 | REQ-R2R-035 | REQ-R2R-036 | REQ-R2R-037,,"docs/audit/2026-09-20-backlog-traceability-ar.md:124 (2026-09-20; B4b-0059) | docs/TODO-IMPORTANT.md:3-5 (unknown; B1-0210) | docs/audit/2026-09-20-phase0-discovery-audit-ar.md:372 (2026-09-20; B4b-0166) | docs/audit/2026-09-20-ab-data-pdf-review-ar.md:172 (2026-09-20; B3-0149) | docs/BUSINESS-FLOWS-COVERAGE-P0A-ASSESSMENT.md:365-376 (2026-09-07; B4a-0031) | docs/BUSINESS-FLOWS-COVERAGE-P0A-ASSESSMENT.md:1037-1068 (2026-09-07; B4a-0053) | docs/P1-AUDIT.md:168-169 (2026-09-24; B2-0129) | docs/audit/2026-09-20-phase0-discovery-audit-ar.md:362 (2026-09-20; B4b-0158) | docs/P1-BUSINESS-DECISION-PACK.md:341 (2026-09-24; B2-0058) | docs/P1-AUDIT.md:382 (2026-09-28; B2-0169) | docs/P1-WAVE1-IMPLEMENTATION-NOTES.md:496 (2026-09-28; B2-0248) | docs/audit/2026-09-20-backlog-traceability-ar.md:226,232 (2026-09-20; B4b-0122) | docs/audit/2026-09-20-phase0-discovery-audit-ar.md:388-399 (2026-09-20; B4b-0170) | docs/PROMPT-P1-P3-IMPLEMENTATION.md:42 (unknown; B5a-0160) | docs/ACCOUNTING-AUDIT-2026-09-28-IMPLEMENTATION.md:36 (2026-09-28; B5a-0265) | docs/UI-DAY1-OPERATIONS-AUDIT.md:264-279 (2026-09-08; B5b-0097)"
REQ-R2R-031,C5,سجل تقديم المستند الإلكتروني وidempotency الإرسال,OWNER_DECISION,unknown,Record-to-Report,النظام / المحاسب,تتبع كل تقديم وحالته ومنع التقديم المزدوج.,يجب حفظ سجل تقديم لكل فاتورة بنوع مستند (I/C/D) وinternalId وuuid (26) وlongId (42) وsubmissionUUID وحالة (PENDING/SIGNED/SUBMITTED/VALID/INVALID/CANCELLED/REJECTED/FAILED) والحمولات والأخطاء وأوقات التوقيع/الإرسال/التحقق وعدد المحاولات وhash الحمولة؛ فريد لكل (فاتورة، نوع، internalId)؛ ولا يُرسل مستند غير مكتمل، ولا تُقدم نفس الفاتورة مرتين بنفس internalId، والفاتورة الملغاة بعد المهلة تولد إشعارًا دائنًا بدل الإلغاء.,BR-R2R-33 | BR-R2R-34,فاتورة,EInvoiceSubmission,إنشاء السجل → تحديث الحالة مع كل خطوة,بيانات ناقصة → FAILED برسائل عربية,accounting.e-invoices.submit,AC-R2R-031-1: بفرض فاتورة بلا رقم ضريبي لعميل شركة، عندما يُطلب إرسالها، فإن الحالة FAILED برسالة عربية ولا طلب يُرسل للبوابة. | AC-R2R-031-2: بفرض سجل تقديم VALID لفاتورة، عندما يُعاد طلب الإرسال، فإن لا تقديم ثانٍ بنفس internalId. | AC-R2R-031-3: عندما يُستعلم عن الفاتورة، فإن uuid وlongId وsubmissionUUID وعدد المحاولات وآخر خطأ متاحة.,NOT_IMPLEMENTED,NOT_IMPLEMENTED,Unknown,—,—,—,[B][C] لا EInvoiceSubmission,—,—,غير موجود.,لا إثبات للتقديم ولا حماية من التقديم المزدوج.,P1,جزء من الالتزام القانوني.,REQ-R2R-030,DEC-R2R-05 | DEC-R2R-07,,,"EInvoiceSubmission(invoice_id FK، doc_type enum، internal_id، submission_uuid، document_uuid، long_id نصية بلا حد صارم حتى الحسم، status enum، attempts، last_error، request/response payload، payload_hash، signed/submitted/validated_at) UNIQUE(invoice_id, doc_type, internal_id).",DAR-06 | DAR-07 | DAR-09 | DAR-12,REQ-R2R-030 | REQ-R2R-032,,docs/TODO-IMPORTANT.md:10-12 (unknown; B1-0212) | docs/audit/2026-09-20-backlog-traceability-ar.md:127 (2026-09-20; B4b-0062) | docs/TODO-IMPORTANT.md:14 (unknown; B1-0214) | docs/audit/2026-09-20-phase0-discovery-audit-ar.md:363 (2026-09-20; B4b-0159) | docs/audit/2026-09-20-phase0-discovery-audit-ar.md:364 (2026-09-20; B4b-0160) | docs/audit/2026-09-20-phase0-discovery-audit-ar.md:448 (2026-09-20; B4b-0181) | docs/PROMPT-P1-P3-IMPLEMENTATION.md:207-208 (unknown; B5a-0201)
REQ-R2R-032,C5,الإشعارات الدائنة/المدينة الإلكترونية ونافذة الإلغاء,DOCUMENTED_REQ,unknown,Record-to-Report,المحاسب,تصحيح الفواتير المقدمة وفق قواعد ETA.,يجب تكامل الإشعارات الدائنة والمدينة مع ETA: إشعار دائن إلكتروني تلقائي عند إلغاء الفاتورة أو فحص المرتجع بمرجع UUID الأصل؛ والإلغاء المباشر للمستند (PUT documents/state) مسموح فقط داخل النافذة (72 ساعة)، وبعدها إشعار دائن؛ ودعم رفض المستلم.,BR-R2R-35,إلغاء/مرتجع,إلغاء مقدم أو إشعار دائن إلكتروني,طلب إلغاء → داخل 72 ساعة؟ PUT state : إشعار دائن C,رفض المستلم يُسجل ويُبلّغ,accounting.einvoice.cancel,AC-R2R-032-1: بفرض فاتورة VALID عمرها 10 ساعات، عندما تُلغى، فإن طلب إلغاء يُرسل وتتحول الحالة CANCELLED. | AC-R2R-032-2: بفرض فاتورة VALID عمرها 80 ساعة، عندما يُطلب إلغاؤها، فإن الإلغاء المباشر يُرفض ويُنشأ إشعار دائن إلكتروني بمرجع uuid الأصل.,NOT_IMPLEMENTED,NOT_IMPLEMENTED,Unknown,—,—,—,—,—,—,غير موجود.,لا يمكن تصحيح المستندات المقدمة قانونيًا.,P1,التزام قانوني.,REQ-R2R-030 | REQ-R2R-029,DEC-R2R-05 | DEC-R2R-08 | DEC-R2R-04,,,ربط CreditNote/DebitNote بسجل تقديم وبـoriginal_document_uuid.,DAR-03 | DAR-09,REQ-INV-071 | REQ-O2C-037 | REQ-R2R-022 | REQ-R2R-029 | REQ-R2R-030,,docs/TODO-IMPORTANT.md:13 (unknown; B1-0213) | docs/audit/2026-09-20-phase0-discovery-audit-ar.md:366 (2026-09-20; B4b-0161) | docs/PROMPT-P1-P3-IMPLEMENTATION.md:209 (unknown; B5a-0202)
REQ-R2R-033,C5,منع طباعة الفاتورة الضريبية قبل قبولها إلكترونيًا,INFERRED_NEEDS_APPROVAL,AI agent,Record-to-Report,المحاسب / المندوب,ألا تُسلّم فاتورة ضريبية غير صالحة للعميل.,يجب ألا تُطبع «فاتورة ضريبية» إلا بعد حالة VALID؛ وقبلها تظهر «مسودة — غير مقدَّمة»؛ وأن يتضمن الـPDF الـUUID ورمز QR.,BR-R2R-36,فاتورة,PDF,طلب طباعة → فحص حالة التقديم,—,—,AC-R2R-033-1: بفرض فاتورة بحالة SUBMITTED، عندما تُطبع، فإن عنوانها «مسودة — غير مقدَّمة» ولا يظهر QR. | AC-R2R-033-2: بفرض فاتورة VALID، عندما تُطبع، فإن الـPDF يحتوي UUID وQR صالحًا.,NOT_IMPLEMENTED,NOT_IMPLEMENTED,Unknown,[B][C] طباعة A4 للفواتير بلا حالة ETA,—,—,—,—,—,الطباعة غير مشروطة.,تسليم فواتير ضريبية غير مقدمة.,P1,التزام قانوني.,REQ-R2R-030,DEC-R2R-05,,,حالة التقديم مقروءة من سجل التقديم عند الطباعة.,DAR-04,REQ-R2R-030,,docs/PROMPT-P1-P3-IMPLEMENTATION.md:210-211 (unknown; B5a-0203)
REQ-R2R-034,C5,شاشات وتشغيل وصلاحيات الفاتورة الإلكترونية,INFERRED_NEEDS_APPROVAL,AI agent,Record-to-Report,المحاسب / مسؤول التكاملات,تمكين المحاسب من متابعة وإدارة التقديمات وصحة التكامل.,"يجب توفير قائمة المستندات حسب الحالة/التاريخ، والإرسال/الإلغاء بسبب/إعادة الإرسال/PDF، ولوحة صحة التكامل (صلاحية التوكن، آخر مزامنة، المعلق/الفاشل)، وإعداد ETA واختبار الاتصال، وأكواد الضرائب، وعمود الحالة والأخطاء في الفواتير، وحقول ضريبية إلزامية للشركات في نموذج العميل، بصلاحيات accounting.einvoice.{read,submit,cancel} وsettings.integrations.manage.",,—,—,—,—,accounting.einvoice.read/submit/cancel؛ settings.integrations.manage,AC-R2R-034-1: بفرض 3 مستندات FAILED، عندما تُفتح لوحة الصحة، فإنها تعرض العدد 3 وآخر خطأ لكل منها. | AC-R2R-034-2: بفرض مستخدم بلا accounting.einvoice.cancel، عندما يطلب إلغاء مستند، فإن الطلب يُرفض 403.,NOT_IMPLEMENTED,NOT_IMPLEMENTED,Unknown,—,—,—,—,—,—,غير موجود.,لا رؤية لحالة الامتثال.,P2,تشغيل ومتابعة بعد وجود التكامل.,REQ-R2R-030,DEC-R2R-05,,,صلاحيات جديدة في كتالوج IAM.,DAR-09 | DAR-13,REQ-R2R-030,,docs/PROMPT-P1-P3-IMPLEMENTATION.md:213-217 (unknown; B5a-0204)
REQ-R2R-035,C5,البيانات الرئيسية الضريبية لـETA وحماية مفتاح التوقيع,OWNER_DECISION,unknown,Record-to-Report,المحاسب / مسؤول البيانات الرئيسية,توفر الحقول الإلزامية لكل مستند إلكتروني.,يجب توفر: الرقم الضريبي (9 أرقام) للبائع والمشتري، الرقم القومي ونوع المشتري (B/P/F)، العنوان المهيكل (محافظة/مدينة/شارع/رقم مبنى)؛ كود الصنف GS1/EGS وكود الوحدة لكل سطر فاتورة؛ إعدادات الشركة (رقم التسجيل، كود النشاط، الفرع، بيئة preprod/prod، بيانات اعتماد مشفرة)؛ وتوقيع X.509 eSeal عبر HSM/USB token من جهة معتمدة دون تخزين المفتاح في ENV عادي.,BR-R2R-37 | BR-R2R-38,بيانات العملاء والأصناف والشركة,بيانات صالحة لـETA,إدخال/استكمال البيانات → تحقق الصيغة,عميل فرد بلا رقم ضريبي مسموح حسب نوع المشتري,settings.integrations.manage,AC-R2R-035-1: بفرض عميل نوعه شركة، عندما يُحفظ برقم ضريبي من 8 أرقام، فإن الحفظ يُرفض. | AC-R2R-035-2: بفرض صنف بلا كود EGS/GS1، عندما يُضاف لفاتورة ضريبية، فإن تقديمها لـETA يُمنع برسالة. | AC-R2R-035-3: عند فحص إعدادات النشر، فإن مفتاح التوقيع الخاص غير موجود في متغيرات البيئة أو ملفات env.,NOT_IMPLEMENTED,NOT_IMPLEMENTED,Unknown,—,—,—,[B][C] TaxEntry.partyTaxNumber/partyFileNumber فقط؛ InvoiceLine بنسبة ضريبة وbatch؛ لا رقم ضريبي في CRM أو Products (بحث),—,—,الحقول غائبة عن العميل والمنتج والشركة؛ هوية الشركة مكتوبة في tax.service.ts:181-182.,لا يمكن بناء أي مستند ETA صالح.,P1,شرط مسبق للالتزام القانوني.,REQ-R2R-030,DEC-R2R-05 | DEC-R2R-06 | DEC-R2R-18,من أين تأتي أكواد EGS/GS1 للأصناف؟ وهل لدى الشركة شهادة eSeal/USB token صادرة؟,ACC-15 | SEC-08,Customer: tax_number CHECK ^[0-9]{9}$ عند buyer_type=B، national_id، buyer_type enum، عنوان مهيكل؛ Product: item_code_type (GS1/EGS)، item_code، unit_code؛ CompanyProfile واحد (المصدر الوحيد للرقم الضريبي)؛ أسرار في مخزن مشفر.,DAR-05 | DAR-06 | DAR-12,REQ-NFR-004 | REQ-NFR-042 | REQ-OPS-028 | REQ-R2R-025 | REQ-R2R-030 | REQ-SEC-058,,docs/TODO-IMPORTANT.md:8-9 (unknown; B1-0211) | docs/audit/2026-09-20-backlog-traceability-ar.md:121 (2026-09-20; B4b-0056) | docs/audit/2026-09-20-backlog-traceability-ar.md:125 (2026-09-20; B4b-0060) | docs/P1-BUSINESS-DECISION-PACK.md:343 (2026-09-24; B2-0063) | docs/audit/2026-09-20-phase0-discovery-audit-ar.md:487 (2026-09-20; B4b-0188) | docs/P1-AUDIT.md:345-353 (2026-09-24; B2-0163) | docs/audit/2026-09-20-phase0-discovery-audit-ar.md:367 (2026-09-20; B4b-0162) | docs/audit/2026-09-20-phase0-discovery-audit-ar.md:368 (2026-09-20; B4b-0163) | docs/audit/2026-09-20-phase0-discovery-audit-ar.md:369 (2026-09-20; B4b-0164) | docs/PROMPT-P1-P3-IMPLEMENTATION.md:200 (unknown; B5a-0198) | docs/PROMPT-P1-P3-IMPLEMENTATION.md:202-205 (unknown; B5a-0199) | docs/PROMPT-P1-P3-IMPLEMENTATION.md:206 (unknown; B5a-0200)
REQ-R2R-036,C5,أرشفة المستندات الإلكترونية 5 سنوات,INFERRED_NEEDS_APPROVAL,AI agent,Record-to-Report,المسؤول,الوفاء بمتطلبات الاحتفاظ القانونية.,يجب أرشفة المستندات الإلكترونية وحمولاتها الموقعة وردود البوابة 5 سنوات على الأقل بعد نهاية السنة المالية، دون حذف أو تعديل.,BR-R2R-39,—,—,—,—,—,AC-R2R-036-1: بفرض مستند مقدم في 2026، عندما تنتهي السنة المالية 2031، فإن المستند وحمولته الموقعة ما زالا قابلين للاسترجاع.,NOT_IMPLEMENTED,NOT_IMPLEMENTED,Unknown,—,—,—,—,—,—,لا مستندات ولا سياسة احتفاظ (DB-11).,مخالفة احتفاظ.,P2,امتثال طويل الأجل.,REQ-R2R-030,DEC-R2R-05,,DB-11 | OPS-04,سياسة retention على جداول التقديم؛ نسخ احتياطي مثبت.,DAR-15 | DAR-18,REQ-NFR-033 | REQ-R2R-030 | REQ-SEC-061,,docs/audit/2026-09-20-phase0-discovery-audit-ar.md:371 (2026-09-20; B4b-0165)
REQ-R2R-037,C5,جاهزية التأهيل لدى ETA وبيئة preprod,INFERRED_NEEDS_APPROVAL,auditor,Record-to-Report,المالك / المحاسب,تقليل المسار الأطول (التسجيل والتأهيل الخارجي) قبل كتابة الكود.,يجب بدء أوراق التسجيل والتأهيل لدى ETA فورًا بغض النظر عن خيار التوقيع، والحصول على حساب preprod فعلي (Client ID/Secret) قبل كتابة الـmapper لأن schema المستند وقواعد التوقيع تُتاح عبر preprod.,,أوراق الشركة,حساب preprod,تسجيل → preprod → اختبار → prod,—,المالك,AC-R2R-037-1: عند بدء تنفيذ ETA، فإن بيانات اعتماد preprod صالحة متوفرة ومُختبرة بطلب توكن ناجح.,NOT_IMPLEMENTED,NOT_IMPLEMENTED,Unknown,—,—,—,—,—,—,لا دليل على بدء التأهيل.,تأخير طويل لخط الامتثال.,P1,المسار الحرج للامتثال.,DEC-R2R-06,DEC-R2R-05 | DEC-R2R-06,هل بدأت إجراءات التسجيل/preprod لدى ETA، ومن المسؤول عنها؟,,—,DAR-12 | DAR-14,REQ-R2R-030,,"docs/P1-BUSINESS-DECISION-PACK.md:347,400 (2026-09-24; B2-0064) | docs/audit/2026-09-20-phase0-discovery-audit-ar.md:382-386 (2026-09-20; B4b-0169)"
REQ-R2R-038,C5,الإيصال الإلكتروني B2C (قرار 281/2025),INFERRED_NEEDS_APPROVAL,AI agent,Record-to-Report,المحاسب,الامتثال لمتطلبات الإيصال الإلكتروني للمبيعات للأفراد إن انطبقت.,يجب تحديد انطباق الإيصال الإلكتروني B2C (إلزامي من 15 سبتمبر 2025 للمدرجين في قوائم ETA) على الشركة، وتنفيذه إن انطبق.,,—,—,—,—,—,AC-R2R-038-1: بعد قرار الانطباق، إن انطبق: كل بيع لفرد يولد إيصالًا إلكترونيًا مقدمًا؛ وإن لم ينطبق: يُوثق القرار ومرجعه.,NOT_IMPLEMENTED,NOT_IMPLEMENTED,Unknown,—,—,—,—,—,—,لا تقييم ولا تنفيذ.,مخالفة محتملة إن كانت الشركة مدرجة.,P2,الانطباق غير مؤكد (العملاء غالبًا صيدليات/شركات).,DEC-R2R-17,DEC-R2R-17,هل الشركة مدرجة في قوائم ETA الملزمة بالإيصال الإلكتروني B2C؟,,—,DAR-04,REQ-R2R-030,,docs/audit/2026-09-20-phase0-discovery-audit-ar.md:374 (2026-09-20; B4b-0167)
REQ-R2R-039,C5,الأصول الثابتة والإهلاك الشهري والاستبعاد,DOCUMENTED_REQ,AI agent,Record-to-Report,المحاسب,سجل أصول (مركبات، تبريد سلسلة باردة، معدات مخزن، IT، أثاث) وإهلاك صحيح مرحّل.,يجب دعم سجل الأصول الثابتة والإهلاك الشهري بالقسط الثابت والمتناقص، مرة واحدة لكل أصل وشهر، مع قيد إهلاك متوازن على حسابات موجودة، واستبعاد بقيد ربح/خسارة، وشاشة لذلك.,BR-R2R-40,أصل (تكلفة، عمر، طريقة، خردة),قيود إهلاك، صافي القيمة الدفترية,تسجيل أصل → تشغيل الإهلاك الشهري → قيد → (لاحقًا) استبعاد,إعادة التشغيل لنفس الشهر لا تضاعف,accounting.periods.close للتشغيل؛ accounting.coa.manage للإنشاء/الاستبعاد,AC-R2R-039-1: بفرض أصل 12000 عمره 12 شهرًا قسط ثابت، عندما يُشغّل إهلاك 2026-09 مرتين، فإن قيد إهلاك واحدًا بقيمة 1000 فقط يوجد. | AC-R2R-039-2: عندما يُشغّل الإهلاك، فإن القيد مدين مصروف إهلاك / دائن مجمع إهلاك على حسابات موجودة في الدليل المعتمد. | AC-R2R-039-3: بفرض استبعاد أصل بقيمة بيع، عندما يُعتمد، فإن قيدًا يرحّل الربح/الخسارة ويُقفل الأصل.,PARTIAL,PARTIAL,Unknown,[B][C] apps/web/app/dashboard/fixed-assets/page.tsx (509 أسطر),[B][C] /api/accounting/fixed-assets (POST، GET، run-monthly، :id/dispose),[B] apps/accounting/src/modules/fixed-assets/fixed-assets.service.ts:111-195 (بلا حارس ولا معاملة — ACC-13)، :214-247 (استبعاد معاينة بلا ترحيل)؛ [C] :113-167 (حارس findFirst + GL على 5211/1219 — ACC-20)، :169-202,"[B] FixedAsset schema.prisma:675؛ [C] :833، DepreciationEntry :860-872 بلا UNIQUE(asset, year, month)",—,[B][C] fixed-assets.service.spec.ts — spec exists,BASELINE يضاعف الإهلاك عند إعادة التشغيل؛ CURRENT يفشل لغياب الحسابات؛ الاستبعاد لا يرحّل؛ لا قيد UNIQUE.,إهلاك مضاعف أو متوقف؛ صافي قيمة دفترية خاطئ.,P2,أثر مالي محدود بسجل الأصول وله بديل يدوي.,REQ-R2R-002,DEC-R2R-19,هل يُدار سجل الأصول الثابتة اليوم في النظام أم خارجه؟,ACC-13 | ACC-20,"DepreciationEntry UNIQUE(asset_id, fiscal_year, period_month)؛ journal_entry_id FK؛ حسابات الأصل/المجمع/المصروف لكل فئة أصل في إعدادات.",DAR-04 | DAR-05 | DAR-06 | DAR-09,REQ-R2R-001 | REQ-R2R-002,,docs/BACKEND-DATA-IO-STANDARD.md:88 (unknown; B3-0258) | docs/GAP-ANALYSIS-AR.md:112 (unknown; B4a-0143) | docs/REQUIREMENTS-TRACEABILITY-MATRIX.md:42 (unknown; B5a-0016) | Data/AB DATA/Nile ERP Business Operations.pdf:p.5 (2026-09-13; B3-0329)
REQ-R2R-040,C5,المطابقة المالية الليلية وحفظ نتائجها,INFERRED_NEEDS_APPROVAL,AI agent,Record-to-Report,المحاسب / المشغّل,اكتشاف الانحراف المالي مبكرًا ومتابعته.,يجب تشغيل مطابقة ليلية (02:00) لكل فاتورة غير ملغاة تتحقق من total = paid + credited + outstanding وتكشف التسوية الزائدة، مع تشغيل يدوي، وحفظ النتائج في جدول reconciliation_findings يظهر في صفحة النظام، وتصحيح مصفوفة الحالات المتوقعة.,BR-R2R-41,—,نتائج مطابقة محفوظة,Job 02:00 → فحوص → حفظ النتائج → تنبيه عند الانحراف,الانحراف لا يُصحح آليًا,—,AC-R2R-040-1: بفرض فاتورة paid + credited > total، عندما تعمل المطابقة، فإن صف finding بحالة DRIFT يُحفظ ويظهر في صفحة النظام. | AC-R2R-040-2: عندما يُطلب التشغيل اليدوي، فإن النتائج تُحفظ بنفس الشكل مع معرف التشغيل.,PARTIAL,PARTIAL,Unknown,[B][C] apps/web/app/dashboard/system (jobs),—,[B] apps/accounting/src/modules/reconciliation/reconciliation.service.ts:24-103 (logger.warn فقط)؛ [C] :24-151؛ apps/accounting/src/modules/jobs/reconciliation-jobs.ts,[B][C] job_runs؛ لا reconciliation_findings,—,[B][C] reconciliation-jobs.spec.ts — spec exists,النتائج تُكتب في السجل فقط؛ ReconciliationService القديمة (فاتورة↔دفعة) بلا controller.,انحرافات تمر دون متابعة.,P2,ضبط كشفي.,,,,ACC-23,"reconciliation_findings(run_id, check, entity, entity_id, expected, actual, status, resolved_by/at).",DAR-05 | DAR-06 | DAR-08,REQ-R2R-041,,docs/PRODUCTION-READINESS-P0.md:88 (2026-09-23; B6c-0068) | docs/runbooks/alerts-and-metrics.md:51 (unknown; B6c-0157) | docs/runbooks/disaster-recovery.md:185-198 (2026-09-23; B6c-0176)
REQ-R2R-041,C5,مطابقة الدفاتر الفرعية مع الأستاذ العام والإسقاطات عبر الخدمات,INFERRED_NEEDS_APPROVAL,auditor,Record-to-Report,المحاسب (يعمل أيضًا مديرًا للمخزن),دفاتر AR/AP قابلة للمطابقة مع حسابات المراقبة ومع إسقاط الائتمان في المبيعات.,يجب توفير مطابقة دورية: مجموع دفتر العملاء = رصيد حساب المراقبة 1121 (وAP = 2111/2112، الخزينة = 1111-1113) بإشارات صحيحة ومن القيود المرحّلة فقط، ومطابقة إسقاط الذمم في المبيعات مع المحاسبة عبر الخدمات.,BR-R2R-44,—,تقرير فروق,تجميع الدفتر الفرعي ↔ رصيد المراقبة ↔ الإسقاط,—,—,"AC-R2R-041-1: بفرض دفتر عملاء مجموعه 50,000 مدين، عندما تعمل المطابقة، فإن رصيد 1121 = 50,000 مدين أو يُسجل فرق. | AC-R2R-041-2: بفرض AP من الاستلامات 10,000، عندما تعمل المطابقة، فإنها لا تُبلغ انحرافًا بسبب اختلاف اصطلاح الإشارة.",NOT_IMPLEMENTED,PARTIAL,Unknown,—,—,[C] apps/accounting/src/modules/reconciliation/reconciliation.service.ts:49-97 (GL وAP/الخزينة؛ إشارات متعاكسة وبلا فلتر POSTED — ACC-23)؛ لا مطابقة AR↔1121 ولا عبر الخدمات,—,—,—,لا مطابقة AR مع GL ولا مع المبيعات؛ مطابقة AP الحالية تبلغ انحرافًا دائمًا.,لا ضمان أن GL يعكس الدفاتر الفرعية.,P2,ضبط كشفي.,REQ-R2R-002 | REQ-R2R-017,DEC-R2R-02,,ACC-23 | SAL-03,partyId على سطور 1121/2111 لتمكين المطابقة بالطرف.,DAR-03 | DAR-04 | DAR-05 | DAR-08,REQ-R2R-005 | REQ-R2R-017 | REQ-R2R-040 | REQ-TRC-004 | REQ-TRC-024,,docs/P1-AUDIT.md:201 (2026-09-24; B2-0142) | docs/PRODUCTION-READINESS-P0.md:89 (2026-09-23; B6c-0069)
REQ-R2R-042,C5,الأثر المحاسبي للهالك والإعدام والشطب,OWNER_DECISION,owner,Record-to-Report,المحاسب / أمين المخزن,أن يظهر الهالك كمصروف في الدفاتر بدل تقرير فقط، دون قيود وهمية.,يجب أن تستهلك المحاسبة أحداث الإعدام وتسويات المخزون (تلف/شطب انتهاء/سرقة بالقيمة) وتنشئ قيد مصروف (إعدام/شطب/عجز) فريدًا لكل مرجع مع تقرير الهالك حسب السبب/المنتج/المورد؛ ولحين بناء واعتماد نظام قيود حقيقي تبقى عمليات التالف بحالة صريحة ACCOUNTING_PENDING، بلا قيود وهمية ولا تعديل لدفتر العميل أو المورد.,BR-R2R-42,حدث إعدام/تسوية بالقيمة,قيد مصروف أو حالة ACCOUNTING_PENDING,حدث مخزني → (GL معتمد؟ قيد مصروف : ACCOUNTING_PENDING),—,—,AC-R2R-042-1: بفرض GL غير معتمد، عندما تُسجل عملية إعدام، فإن حالتها ACCOUNTING_PENDING ولا صف يُكتب في دفاتر العملاء/الموردين. | AC-R2R-042-2: بفرض GL معتمد وحدث شطب بقيمة 500، عندما يُعالج مرتين، فإن قيد مصروف واحدًا بقيمة 500 يوجد.,NOT_IMPLEMENTED,NOT_IMPLEMENTED,Unknown,[B][C] تقارير المخزون (القيمة في تقرير فقط),—,[B][C] apps/accounting/src/modules/saga-listener لا يستهلك StockAdjusted؛ لا ACCOUNTING_PENDING في أي كود (بحث),—,[B][C] inventory.stock.adjusted غير مستهلك محاسبيًا,—,لا حالة ولا ترحيل؛ مسار الإتلاف نفسه غير موجود (INV-11).,الربح مبالغ فيه بقيمة الهالك.,P2,أثر مالي يُعالج يدويًا خارج النظام حاليًا.,REQ-R2R-002 | REQ-R2R-003 | DEC-R2R-12,DEC-R2R-12,,INV-11 | GOV-05,"حالة accounting_status (PENDING/POSTED) على مستند الإعدام/التسوية؛ قيد بمصدر (WASTAGE, ref_id) فريد.",DAR-03 | DAR-04 | DAR-05 | DAR-06 | DAR-07 | DAR-08 | DAR-13,REQ-INV-030 | REQ-INV-041 | REQ-R2R-003 | REQ-SEC-015 | REQ-SEC-036,,docs/DECISIONS-2026-09-25-ar.md:124 (2026-09-25; B1-0108) | docs/PROMPT-P1-P3-IMPLEMENTATION.md:236 (unknown; B5a-0210)
REQ-R2R-043,C5,سجل العملات وأسعار الصرف التاريخية,OWNER_DECISION,unnamed owner,Record-to-Report,المحاسب (إدخال السعر اليومي),مصدر واحد موثوق لأسعار الصرف بتاريخ ونوع ومصدر.,"سجل عملات (EGP, USD, EUR, GBP, CNY, AED, SAR) وأسعار صرف إلى الجنيه بدقة 6 منازل بأنواع CBE_OFFICIAL/BANK/CUSTOMS/MANUAL، فريد لكل (عملة، نوع، تاريخ سريان) مع المصدر والمسجِّل، لا يُكتب فوق سعر تاريخي، EGP = 1، والاستعلام يعيد أحدث سعر بتاريخ ≤ المطلوب بترتيب BANK ثم CBE_OFFICIAL ولا يخمن.",BR-R2R-45 | BR-R2R-46,العملة، النوع، السعر، تاريخ السريان، المصدر,سعر مسجل + حدث + تدقيق,إدخال السعر ← التحقق (موجب، ≤6 منازل، EGP=1) ← إنشاء مع outbox وaudit في معاملة ← الاستعلام التاريخي.,تكرار (عملة/نوع/تاريخ) ← 409 دون تعديل؛ لا سعر ← 404.,accounting.fx.manage للتسجيل، accounting.fx.read للقراءة.,AC-R2R-043-1: بافتراض سعر USD/BANK بتاريخ 2026-09-01 مسجل، عند تسجيل سعر آخر لنفس العملة والنوع والتاريخ، فإن الطلب يُرفض بـ409 ويبقى السعر الأول. | AC-R2R-043-2: بافتراض سعر 1.1234567، فإنه يُرفض لتجاوز 6 منازل؛ وبافتراض سعر EGP = 1.5 فإنه يُرفض. | AC-R2R-043-3: بافتراض أسعار BANK بتواريخ 1 و5 سبتمبر، عند طلب سعر 3 سبتمبر، فإن النظام يعيد سعر 1 سبتمبر؛ وبلا أي سعر ≤ التاريخ يعيد 404 لا قيمة مخمنة.,IMPLEMENTED,IMPLEMENTED,Unknown,[B][C] apps/web/app/dashboard/fx/page.tsx,[B][C] apps/accounting/src/modules/fx/fx.controller.ts (accounting.fx.read/manage/revalue),[B][C] apps/accounting/src/modules/fx/fx.service.ts:158-195 (getRate/getRateOrThrow)، :225-292 (تسجيل السعر + outbox + audit),"[B][C] apps/accounting/prisma/schema.prisma model Currency، model ExchangeRate @@unique([currency,rateType,effectiveDate]) rateToEgp Decimal(14,6)، enum CurrencyCode",finance.exchange-rate.recorded,spec exists: fx.service.spec.ts,منفذ؛ لا مهمة لجلب سعر البنك المركزي آليًا (اختياري في التصميم).,—,P2,منفذ.,,DEC-R2R-19,,,"ExchangeRate append-only (لا UPDATE/DELETE)، unique(currency, rateType, effectiveDate)، CHECK rate>0، CHECK (currency<>EGP OR rate=1).",DAR-05 | DAR-06 | DAR-07 | DAR-10 | DAR-17,REQ-R2R-044 | REQ-R2R-045 | REQ-R2R-046 | REQ-R2R-047,,docs/audit/2026-09-20-backlog-traceability-ar.md:133 (2026-09-20; B4b-0063) | docs/audit/2026-09-20-backlog-traceability-ar.md:134 (2026-09-20; B4b-0064) | docs/audit/2026-09-20-backlog-traceability-ar.md:135 (2026-09-20; B4b-0065) | docs/audit/2026-09-20-backlog-traceability-ar.md:139 (2026-09-20; B4b-0069) | docs/P1-BUSINESS-DECISION-PACK.md:215 (2026-09-24; B2-0033) | docs/P1-AUDIT.md:87 (2026-09-24; B2-0096) | docs/P1-AUDIT.md:88-89 (2026-09-24; B2-0097) | docs/REQUIREMENTS-TRACEABILITY-MATRIX.md:38 (unknown; B5a-0012) | docs/PROMPT-P1-P3-IMPLEMENTATION.md:40 (unknown; B5a-0158) | docs/audit/load-test-2026-09-08.md:19 (2026-09-08; B6a-0399) | docs/audit/load-test-remediation-2026-09-09.md:103-105 (2026-09-09; B6a-0422) | docs/BUSINESS-FLOWS-COVERAGE-P0A-ASSESSMENT.md:315-325 (2026-09-07; B4a-0024) | docs/BUSINESS-FLOWS-COVERAGE-P0A-ASSESSMENT.md:961-983 (2026-09-07; B4a-0048) | docs/PROMPT-P1-P3-IMPLEMENTATION.md:80-84 (unknown; B5a-0166) | docs/PROMPT-P1-P3-IMPLEMENTATION.md:88-89 (unknown; B5a-0167) | docs/audit/production-program/PHASES-5-10-REPORT.md:103 (2026-09-16; B6a-0378) | docs/audit/production-program/PHASES-5-10-REPORT.md:101-102 (2026-09-16; B6a-0377)
REQ-R2R-044,C5,عملات قابلة للإضافة دون تعديل الكود,OWNER_DECISION,unnamed owner,Record-to-Report,المدير المالي,إضافة عملة جديدة كبيانات.,يمكن إضافة عملة جديدة (كود، اسم، رمز، منازل عشرية، نشط) من الشاشة دون migration، وتصبح متاحة للأسعار والحسابات والمعاملات.,BR-R2R-45,بيانات العملة,عملة نشطة,إضافة العملة ← تسجيل سعرها ← استخدامها.,لا حذف لعملة مستخدمة؛ إيقاف فقط.,accounting.fx.manage,AC-R2R-044-1: بافتراض عملة KWD غير موجودة، عند إضافتها من الشاشة، فإنها تظهر في قائمة العملات ويمكن تسجيل سعر لها وفتح حساب بها دون نشر إصدار جديد.,PARTIAL,PARTIAL,Unknown,,,,[B][C] apps/accounting/prisma/schema.prisma enum CurrencyCode مغلق (7 قيم) وCurrency.code من نوع enum — إضافة عملة = migration,,—,جدول Currency موجود لكن مفتاحه enum مغلق.,كل عملة جديدة تحتاج إصدارًا.,P3,نادر الحدوث.,REQ-R2R-043,,,,Currency.code نص ISO-4217 (char(3)) مفتاح أساسي، والجداول الأخرى FK إليه بدل enum.,DAR-10 | DAR-14,REQ-R2R-043,,docs/audit/2026-09-20-backlog-traceability-ar.md:136 (2026-09-20; B4b-0066) | docs/audit/2026-09-20-phase0-discovery-audit-ar.md:350 (2026-09-20; B4b-0157) | docs/audit/2026-09-20-phase0-discovery-audit-ar.md:449 (2026-09-20; B4b-0182)
REQ-R2R-045,C5,تنبيه تقادم سعر صرف البنك,DOCUMENTED_REQ,auditor,Record-to-Report,المحاسب,ألا تُستخدم أسعار قديمة دون علم.,مهمة يومية 09:00 (القاهرة) تنشر تنبيه FxRateStale إذا لم يُسجل سعر BANK لأي عملة نشطة خلال آخر 3 أيام عمل، ويصل التنبيه لحاملي accounting.payments.update (تنبيه فقط).,BR-R2R-48,آخر سعر BANK,تنبيه,المهمة ← لكل عملة نشطة غير الجنيه ← حساب الأيام ← تنبيه.,—,—,AC-R2R-045-1: بافتراض آخر سعر BANK للدولار يوم الخميس واليوم الثلاثاء (يومي عمل)، عند تشغيل المهمة، فإن لا تنبيه يُرسل؛ وبعد 4 أيام عمل يُرسل تنبيه واحد.,PARTIAL,PARTIAL,Unknown,,,[B][C] apps/accounting/src/modules/jobs/fx-jobs.ts:28 (cron 0 9 * * *)، :35 (عملات نشطة)، :52 (daysSince > 3 بالأيام التقويمية)؛ apps/iam/src/modules/notifications/notifications-events.listener.ts:130-135,,finance.fx-rate.stale,لا spec لـfx-jobs,المهمة موجودة (apps/accounting/src/modules/jobs/fx-jobs.ts:28 cron 09:00، :52 daysSince > 3) لكنها تحسب أيامًا تقويمية لا «3 أيام عمل» كما في B2-0098؛ لا spec لـfx-jobs؛ تنبيه فقط بلا منع للمعاملات.,تنبيهات زائفة بعد عطلة نهاية الأسبوع.,P2,تحسين دقة تنبيه.,REQ-R2R-043,,,,تقويم أيام عمل (Holiday calendar) قابل للإعداد.,DAR-05 | DAR-10 | DAR-14,REQ-R2R-043 | REQ-SEC-053,,docs/P1-AUDIT.md:90-91 (2026-09-24; B2-0098) | docs/AUDIT-COMPLETENESS-MATRIX.md:95 (unknown; B5a-0324) | docs/AUDIT-COMPLETENESS-MATRIX.md:96 (unknown; B5a-0325) | docs/AUDIT-COMPLETENESS-MATRIX.md:169-170 (2026-09-16; B5a-0353) | Data/AB DATA/Nile ERP Business Operations.pdf:p.5 (2026-09-13; B3-0329)
REQ-R2R-046,C5,عملة المعاملة وسعرها ولقطة السعر على الفواتير والدفعات,OWNER_DECISION,unnamed owner,Record-to-Report,المحاسب,حفظ المبلغ الأصلي بالعملة والسعر المستخدم والمبلغ بعملة الأساس لكل مستند.,كل فاتورة ودفعة تحمل عملة المعاملة وسعر الصرف والمبلغ بعملة الأساس؛ غير الجنيه يتطلب سعرًا إلزاميًا (لا افتراض 1)؛ ويُلتقط Snapshot للسعر من السجل الرسمي داخل معاملة المستند ولا يُعدل لاحقًا؛ ويُرحّل AR بعملة الأساس.,BR-R2R-47 | BR-R2R-46,العملة، السعر,مستند + لقطة سعر,إدخال العملة ← جلب السعر من السجل (أو إدخال مع تبرير) ← حساب الأساس HALF_UP ← حفظ المستند واللقطة معًا.,لا سعر ← رفض؛ اللقطة لا تُعدل.,تجاوز السعر الرسمي يحتاج صلاحية (مقترح).,"AC-R2R-046-1: بافتراض دفعة USD بلا سعر صرف، فإنها تُرفض. | AC-R2R-046-2: بافتراض دفعة USD 100 وسعر BANK اليوم 48.50، فإن baseAmount = 4,850.00 وتوجد لقطة سعر مرتبطة بالدفعة تحمل معرّف السعر ونوعه. | AC-R2R-046-3: بافتراض فاتورة EGP، عند تحصيل بعملة USD عليها، فإن المقارنة بالمتبقي تتم بعملة الأساس لا بالمبلغ الأجنبي.",PARTIAL,PARTIAL,Unknown,,,[B][C] apps/accounting/src/modules/payments/payments.service.ts [B]:485-497 [C]:503-515 (toBaseAmount: السعر إلزامي لغير الجنيه لكنه من العميل لا من السجل)؛ apps/accounting/src/modules/fx/fx.service.ts:303-360 (captureSnapshot بلا أي مستدعٍ)؛ مقارنة المبلغ بالفاتورة دون مقارنة العملة (ACC-09),[B][C] apps/accounting/prisma/schema.prisma Payment.currency/exchangeRate/baseAmount؛ Invoice.currency/exchangeRate/baseTotal؛ model FxSnapshot (غير مستخدم),,spec exists: fx.service.spec.ts، payments.service.spec.ts,الأعمدة موجودة والسعر إلزامي، لكن السعر يُدخله المستخدم بلا تحقق من السجل، واللقطة لا تُلتقط، وعملة الدفعة لا تُقارن بعملة الفاتورة/الخزينة.,تحويل بأسعار عشوائية وذمم بعملات مختلطة.,P1,يظهر فقط مع معاملات أجنبية.,REQ-R2R-043,,,ACC-09,"Invoice/Payment(currency FK, fxRate, baseAmount, fxSnapshotId FK unique)؛ FxSnapshot immutable (trigger) مرتبط بالمستند؛ CHECK baseAmount = round(amount*fxRate,2).",DAR-05 | DAR-06 | DAR-10,REQ-P2P-004 | REQ-R2R-043 | REQ-R2R-047 | REQ-R2R-048,,docs/audit/2026-09-20-backlog-traceability-ar.md:137 (2026-09-20; B4b-0067) | docs/audit/2026-09-20-backlog-traceability-ar.md:138 (2026-09-20; B4b-0068) | docs/audit/2026-09-20-phase3-financial-accounts-report-ar.md:54 (2026-09-20; B4b-0250) | docs/P1-AUDIT.md:92 (2026-09-24; B2-0099) | docs/audit/2026-09-20-phase0-discovery-audit-ar.md:142 (2026-09-20; B4b-0137) | docs/audit/2026-09-20-phase0-discovery-audit-ar.md:251 (2026-09-20; B4b-0150) | docs/audit/production-program/PHASES-5-10-REPORT.md:107-108 (2026-09-16; B6a-0380) | docs/audit/2026-09-20-phase0-discovery-audit-ar.md:450 (2026-09-20; B4b-0183) | docs/audit/2026-09-20-phase4-collections-currency-copilot-report-ar.md:42-46 (2026-09-20; B4b-0268) | docs/audit/production-program/PHASES-5-10-REPORT.md:104-106 (2026-09-16; B6a-0379)
REQ-R2R-047,C5,إعادة تقييم أرصدة الموردين بالعملة الأجنبية (BD-5: M2 بسعر BANK),OWNER_DECISION,owner,Record-to-Report,المحاسب (accounting.fx.revalue),إظهار التزامات الموردين الأجنبية بقيمتها الحالية دون ازدواج.,إعادة التقييم بتاريخ asOf لكل مورد برصيد مفتوح بعملة أجنبية تكون بآلية M2: عكس قيد إعادة التقييم السابق ثم قيد الفرق التراكمي بسعر BANK، idempotent لكل asOf، بحساب Decimal، وقابلة للعكس، والسعر اللاحق لا يؤثر على قيد سابق؛ وسعر CUSTOMS فقط بسياسة استيراد منفصلة.,BR-R2R-49 | BR-R2R-51,asOf,قيود FX_REVALUATION وFX_REVALUATION_REVERSAL,تشغيل التقييم ← لكل مورد/عملة: عكس غير المعكوس ← حساب المركز × (سعر asOf − سعر الاعتراف) ← قيد واحد بمرجع FX_REVAL:supplier:currency:asOf.,نفس asOf لا يكتب جديدًا؛ مورد بلا سعر يُتخطى؛ مركز صافيه صفر لا يكتب قيد 0.00.,accounting.fx.revalue؛ لا اعتماد ثانٍ.,"AC-R2R-047-1: بافتراض التزام 1,000 USD بسعر 30 ثم تقييم بـ32 ثم بـ33، فإن مجموع قيود إعادة التقييم القائمة (غير المعكوسة) = 3,000 EGP لا 5,000. | AC-R2R-047-2: بافتراض تشغيل إعادة التقييم مرتين لنفس asOf، فإن التشغيل الثاني لا يكتب أي قيد. | AC-R2R-047-3: بافتراض سداد كامل لاحق بسعر 31، فإن قيود التقييم السابقة تُعكس ويُسجل فرق محقق 1,000 EGP ويصبح رصيد المورد بالعملة صفرًا.",PARTIAL,PARTIAL,Unknown,[B][C] apps/web/app/dashboard/fx/page.tsx (إعادة التقييم),[B][C] POST /fx/revalue (accounting.fx.revalue),[B][C] apps/accounting/src/modules/fx/fx.service.ts:379-560 (M2: عكس FX_REVALUATION_REVERSAL ثم إعادة القيد)؛ قيود الاستلام من GoodsReceived تُنشأ بالجنيه (createEntry الافتراضي) فلا يوجد ما يُقيَّم عمليًا (استنتاج من notes/accounting.md §4.11),"[B][C] apps/accounting/prisma/schema.prisma SupplierLedgerEntry(currency, amountFx, fxRate, refType)",,spec exists: fx.service.spec.ts (اختبارات الحساب المزدوج),تحقق: آلية M2 موجودة في BASELINE وCURRENT معًا (apps/accounting/src/modules/fx/fx.service.ts:486-530: عكس FX_REVALUATION_REVERSAL بنفس refId، تكرار نفس asOf لا يكتب شيئًا :505، رفض التاريخ الأقدم من آخر تقييم :512)، لكن «السعر الأصلي» تقريب بأحدث سعر قيد في الفترة (:448) لا سعر كل مستند. الآلية M2 منفذة في النسختين، لكنها شبه معطلة لأن قيود الموردين تُسجل بالجنيه؛ تقرير التعرض float؛ يوجد تعارض حول هل BD-5 محسوم (DEC-R2R-09) وهل تستمر القيود غير المحققة مع قرار «Realized FX» (DEC-R2R-10).,أرصدة الموردين الأجنبية لا تُقيّم فعليًا؛ احتمال ازدواج إذا تغيّرت السياسة.,P2,دقة الالتزامات بالعملة؛ الاستيراد ليس يوميًا.,REQ-R2R-043 | REQ-R2R-046 | DEC-R2R-10,DEC-R2R-09 | DEC-R2R-10 | DEC-R2R-11,,GOV-04 | GOV-03,"SupplierLedgerEntry بعملة أصلية وamountFx وfxRate؛ unique(refType, refId)؛ ربط العكس بالأصل (reversalOfId)؛ RevaluationRun(asOf, rateType, runBy) فريد لكل asOf.",DAR-04 | DAR-06 | DAR-07 | DAR-09 | DAR-10 | DAR-19 | DAR-20,REQ-R2R-043 | REQ-R2R-046 | REQ-R2R-048,,"docs/DECISIONS-2026-09-25-ar.md:13 (2026-09-25; B1-0069) | docs/P1-BUSINESS-DECISION-PACK.md:198 (2026-09-25; B2-0030) | docs/P1-BUSINESS-DECISION-PACK.md:218-223 (2026-09-24; B2-0036) | docs/P1-BUSINESS-DECISION-PACK.md:202,206-213 (2026-09-24; B2-0032) | docs/P1-BUSINESS-DECISION-PACK.md:214 (2026-09-24; B2-0034) | docs/P1-AUDIT.md:93 (2026-09-24; B2-0100) | docs/P1-WAVE1-IMPLEMENTATION-NOTES.md:182-195 (2026-09-24; B2-0235) | docs/REQUIREMENTS-TRACEABILITY-MATRIX.md:39 (unknown; B5a-0013) | docs/P1-BUSINESS-DECISION-PACK.md:216 (2026-09-24; B2-0035) | docs/P1-BUSINESS-DECISION-PACK.md:393 (2026-09-24; B2-0078) | docs/PROMPT-P1-P3-IMPLEMENTATION.md:90-91 (unknown; B5a-0168) | docs/SERVER-STEPS-2026-09-25-ar.md:64 (2026-09-25; B6c-0120) | docs/P1-WAVE1-CONTINUATION-REPORT.md:167-168,209,222-224 (2026-09-24; B2-0224) | Data/AB DATA/Nile ERP Business Operations.pdf:p.5 (2026-09-13; B3-0329)"
REQ-R2R-048,C5,فروق العملة المحققة عند سداد التزام بعملة أجنبية,OWNER_DECISION,unnamed owner,Record-to-Report,المحاسب,إثبات ربح/خسارة الصرف الفعلية عند السداد.,عند سداد فاتورة مورد بعملة أجنبية (كليًا أو جزئيًا) يُحسب في نفس معاملة السداد: الفرق بالجنيه = المبلغ الأجنبي المسدد × (سعر السداد − السعر الدفتري)، الموجب خسارة FX_LOSS والسالب ربح FX_GAIN، مع عكس قيود التقييم غير المحققة، وبعد السداد الكامل يكون رصيد المورد بالعملة صفرًا.,BR-R2R-50 | BR-R2R-51,السداد، سعر السداد,قيد فرق محقق,تسجيل السداد ← حساب الفرق للجزء المسدد ← عكس التقييمات ← قيد الفرق ← رجل الخزينة.,عكس السداد يعكس الفرق.,accounting.payables.pay (غير موجودة في الكتالوج حسب SEC-02),"AC-R2R-048-1: بافتراض فاتورة 1,000 USD بسعر 30 وسداد 400 USD بسعر 31، فإن خسارة محققة 400 EGP تُسجل على الجزء المسدد فقط. | AC-R2R-048-2: بافتراض سداد كامل ثم عكسه، فإن قيد الفرق يُعكس ويعود الرصيد بالعملة كما كان.",NOT_IMPLEMENTED,NOT_IMPLEMENTED,Unknown,,,[B] apps/accounting/src/modules/fx/fx.service.ts:637-690 settleFxDifference بلا مستدعٍ؛ [C] apps/accounting/src/modules/fx/fx.service.ts:639-717 (نسخة داخل المعاملة) مستدعاة فقط من supplier-payments غير المسجلة (apps/accounting/src/app.module.ts:48-50),,,spec exists: fx.service.spec.ts,تحقق: [B] settleFxDifference (fx.service.ts:637) بلا مستدعٍ؛ [C] settleFxDifferenceInTransaction (fx.service.ts:640) مستدعاة فقط من apps/accounting/src/modules/supplier-payments/supplier-payments.service.ts:84 والوحدة غير مسجلة في app.module.ts:48-50. الدالة موجودة ولا مسار سداد مورد قابل للوصول في أي نسخة (ACC-10)؛ القرار نفسه موجود في CURRENT فقط (GOV-03).,لا أرباح/خسائر صرف محققة في الدفاتر.,P2,يعتمد على وجود سداد الموردين.,REQ-R2R-047 | DEC-R2R-10,DEC-R2R-10 | DEC-R2R-11,,ACC-10 | GOV-03 | GOV-04,"SupplierPayment(amountFx, fxRate, amountEgp, carryingRate) + FxSettlement(paymentId unique, diffEgp, type GAIN/LOSS) في نفس المعاملة.",DAR-04 | DAR-05 | DAR-06 | DAR-09 | DAR-10,REQ-P2P-016 | REQ-P2P-017 | REQ-R2R-047 | REQ-TRC-015,,"docs/P1-BUSINESS-DECISION-PACK.md:429 (2026-09-28; B2-0090) | docs/P1-AUDIT.md:94 (2026-09-24; B2-0101) | docs/PROMPT-P1-P3-IMPLEMENTATION.md:93,101 (unknown; B5a-0169) | docs/ACCOUNTING-AUDIT-2026-09-28-IMPLEMENTATION.md:18 (2026-09-28; B5a-0254)"
REQ-R2R-049,C5,شاشة العملات والأسعار وإعادة التقييم والتعرض,INFERRED_NEEDS_APPROVAL,AI agent,Record-to-Report,المحاسب,إدارة العملات من الواجهة.,شاشة لأسعار العملات (إدخال/سجل/سعر في تاريخ) وإعادة التقييم وتقرير التعرض بالعملة.,,—,—,—,—,accounting.fx.read/manage/revalue,AC-R2R-049-1: بافتراض مستخدم بصلاحية accounting.fx.manage، فإنه يسجل سعرًا يوميًا من /dashboard/fx ويراه في السجل فورًا.,IMPLEMENTED,IMPLEMENTED,Unknown,[B][C] apps/web/app/dashboard/fx/page.tsx (943 سطرًا),,,,,لا اختبار واجهة,تقرير التعرض يحسب بـfloat للقراءة (apps/accounting/src/modules/fx/fx.service.ts:569-620).,—,P3,منفذ.,REQ-R2R-043 | REQ-R2R-047,,,,,DAR-10 | DAR-13,REQ-R2R-043 | REQ-R2R-047,,docs/GAP-ANALYSIS-AR.md:110 (unknown; B4a-0141) | docs/PROMPT-P1-P3-IMPLEMENTATION.md:97-99 (unknown; B5a-0171) | docs/P1-AUDIT.md:95-96 (2026-09-24; B2-0102) | docs/P1-AUDIT.md:97 (2026-09-24; B2-0103)
REQ-R2R-050,C5,التقرير المالي وموقف التحصيل اليومي,OWNER_DECISION,unnamed owner,Record-to-Report,المحاسب / مدير الائتمان / المالك,رؤية المديونيات والأعمار والتحصيل والتعرض الائتماني وموقف اليوم.,تقرير مالي يعرض المديونيات، الأعمار 30/60/90+، التحصيل حسب المندوب (المحصل ÷ المفوتر)، الشيكات في اليد، التعرض الائتماني لكل حساب، وموقف التحصيل اليومي (مدفوع اليوم، نقدية اليوم، المتأخر حسب الاستحقاق، إجمالي المستحق)، مع ظهور حالات الآجل في تقارير الأعمار.,BR-R2R-52 | BR-R2R-53,التاريخ، صلاحيات accounting.*.read,مؤشرات وجداول,الصفحة تستدعي accounting aging وcollectionByRep وsummary وsales creditExposures.,فشل مصدر يعطل قسمه.,قراءة فقط.,"AC-R2R-050-1: بافتراض فاتورة صادرة منذ 40 يومًا بشروط سداد 60 يومًا، عند عرض «المتأخر حسب الاستحقاق» لا تظهر الفاتورة كمتأخرة، وتظهر في عمود عمر 31-60 في أعمار الإصدار مع تسمية «حسب تاريخ الإصدار». | AC-R2R-050-2: بافتراض تحصيل نقدي اليوم 2,000 وشيك 3,000، عند فتح موقف اليوم تظهر «نقدية اليوم» 2,000 و«مدفوع اليوم» 5,000. | AC-R2R-050-3: بافتراض مندوب فوتر 10,000 وحصل 4,000، عند عرض التحصيل حسب المندوب تظهر النسبة 40%.",PARTIAL,PARTIAL,Unknown,[B][C] apps/web/app/dashboard/reports/financial/page.tsx,"[B][C] accounting /collection/aging, /collection/by-rep, summary؛ sales /credit/exposures",[B] apps/accounting/src/modules/collection/collection.service.ts:80-99 (أعمار من issuedAt وحساب بـNumber)؛ :38-39 (تجميع بـNumber),"accounting: Invoice, Payment",,غير معروف,تحقق: الأعمار من issuedAt (apps/accounting/src/modules/collection/collection.service.ts:89) بينما المتأخرات من dueDate (:190-191). الأعمار محسوبة من تاريخ الإصدار لا الاستحقاق؛ تقرير المتأخرات حسب الشريحة غير موجود (ادعاء A2-090)؛ الحساب بأرقام عائمة؛ الشيكات في اليد غير مُتحقق منها في هذه الصفحة.,قد يُعامل عميل غير متأخر كمتأخر أو العكس؛ تقديرات تحصيل غير دقيقة.,P2,ضعف رقابي على الائتمان مع بديل يدوي.,REQ-R2R-019,,هل الأعمار المطلوبة حسب تاريخ الإصدار أم تاريخ الاستحقاق لكل عميل؟ وما الشرائح المطلوبة؟,WEB-01 | DB-12,Invoice يحمل issuedAt وdueAt (من شروط السداد) وحالة؛ مبالغ Decimal؛ مفاتيح repId/accountId مفهرسة.,DAR-03 | DAR-05 | DAR-10 | DAR-13 | DAR-17,REQ-O2C-048 | REQ-R2R-054 | REQ-TRC-016,,docs/audit/2026-09-20-backlog-traceability-ar.md:152 (2026-09-20; B4b-0077) | apps/accounting/README.md:9 (unknown; B6c-0210) | docs/REPORTS-IMPLEMENTATION-STATUS.md:7-19 (unknown; B5a-0066) | docs/roadmap/2026-09-19-operations-expansion-ar.md:15 (2026-09-19; B1-0281)
REQ-R2R-051,C5,تقرير المبيعات,DOCUMENTED_REQ,AI agent,Record-to-Report,مدير المبيعات / المالك,إعطاء الإدارة رؤية فترة موحدة للمبيعات والأوامر والاعتمادات المعلقة والمندوبين والمنتجات.,صفحة تقرير مبيعات بفترات 7/30/90 يومًا تعرض: إجمالي المبيعات وعدد الأوامر ومتوسط قيمة الأمر لنفس نافذة الفترة، الاعتمادات المعلقة، إيقافات الائتمان، المندوبين النشطين، اتجاه يومي بتعبئة الأيام الفارغة بأصفار، المبيعات حسب المندوب، أعلى المنتجات، وتوزيع الحالات (عدد + قيمة).,BR-R2R-53,الفترة (أيام)، صلاحية sales.orders.read,مؤشرات + رسوم + جداول قابلة للتصدير,المستخدم يختار الفترة ← BFF /api/sales-reports يجمع 5 مصادر من sales ← الصفحة تشتق مؤشرات الفترة من الاتجاه.,فشل مصدر يعطل قسمه فقط؛ لا إعادة محاولة تلقائية.,قراءة فقط؛ لا اعتماد.,AC-R2R-051-1: بافتراض وجود أوامر في آخر 30 يومًا، عند اختيار فترة 30 يومًا فإن «إجمالي المبيعات» يساوي مجموع قيم الاتجاه اليومي للفترة نفسها حتى قرشين. | AC-R2R-051-2: بافتراض يوم بلا أوامر داخل الفترة، عند عرض الاتجاه يظهر ذلك اليوم بقيمة 0 لا كفجوة. | AC-R2R-051-3: بافتراض تعطل مصدر «أعلى المندوبين»، عند فتح التقرير تظهر بقية الأقسام برسالة خطأ في القسم المتعطل فقط.,IMPLEMENTED,IMPLEMENTED,Unknown,[B][C] apps/web/app/dashboard/reports/sales/page.tsx:24-50 (فترات 7/30/90 واشتقاق المؤشرات من الاتجاه),[B][C] BFF apps/web/app/api/sales-reports/route.ts → sales /orders/summary|trend|top-reps|top-products|status-breakdown؛ lib/api.ts reportOverview (B:1778 / C:2118),[B][C] apps/web/lib/bff.ts:16-29 (مهلة 8 ثوانٍ، أخطاء لكل قسم),sales: SalesOrder,,لا spec خاص بالتقرير (غير مُتحقق),ملخص summary خاص بـ«اليوم» والاشتقاق يتم في المتصفح؛ تسميات تواريخ الاتجاه بتنسيق en-GB؛ القيم المالية من أوامر البيع لا من الفواتير بعد المرتجعات.,قرارات المبيعات قد تعتمد على قيمة أوامر لا تعكس صافي الإيراد.,P3,تقرير إداري؛ لا يمس سلامة المال أو المخزون مباشرة.,,DEC-R2R-15 | DEC-R2R-19,هل يُعتمد تقرير المبيعات على قيمة الأوامر أم صافي الفواتير بعد المرتجعات والإلغاءات؟,WEB-01,تجميع خادمي لأوامر البيع حسب التاريخ (Africa/Cairo) والحالة والمندوب والمنتج؛ مفاتيح ثابتة للمندوب والمنتج؛ مبالغ Decimal.,DAR-09 | DAR-10 | DAR-13 | DAR-19,REQ-O2C-051 | REQ-R2R-054,,Data/AB DATA/Nile ERP Business Operations.pdf:p.7 (2026-09-13; B3-0335) | Data/العملاء.xlsx:2 sheets; header row 1 (unknown; B3-0304) | Data/تحليل بيانات 2025.xlsx:2 sheets; header rows 1-3 (unknown; B3-0305) | docs/REPORTS-IMPLEMENTATION-STATUS.md:30-42 (unknown; B5a-0067) | docs/BUSINESS-FLOWS-COVERAGE.md:113-123 (2026-09-08; B4a-0076)
REQ-R2R-052,C5,تقرير المخزون ومؤشرات الأحواض,DOCUMENTED_REQ,AI agent,Record-to-Report,مدير المخزن / المالك,رؤية دقيقة لعدد الأصناف والرصيد والمتاح والقيمة وقرب الانتهاء والحركة والانكماش.,تقرير مخزون يعرض: عدد SKU، الرصيد الفعلي والمتاح (من حوض WAREHOUSE فقط)، وحدات الحجر والتالف منفصلة، قيمة المخزون بالتكلفة، قرب الانتهاء بنافذة 60 يومًا، القيمة حسب المخزن، الحركة اليومية داخل/خارج، والانكماش حسب السبب؛ وكل مؤشرات المخازن مجمعة من قاعدة البيانات لا من شريحة محدودة.,BR-R2R-53 | BR-R2R-55,الفترة، صلاحية inventory.stock.read,مؤشرات ورسوم وجداول,BFF /api/inventory-reports يجمع stock/summary وmovement-trend وnear-expiry وقيمة المخزون وتوزيع المخازن.,فشل قسم يعطل قسمه فقط.,قراءة فقط.,AC-R2R-052-1: بافتراض 500 صف رصيد في 3 مخازن، عند فتح التقرير فإن «قيمة المخزون» تساوي مجموع (الكمية × تكلفة الوحدة) لكل الصفوف الـ500 لا لأول 200. | AC-R2R-052-2: بافتراض 10 وحدات في الحجر و5 تالفة، عند عرض الملخص تظهر 10 و5 في مؤشرين منفصلين ولا تدخل في «المتاح». | AC-R2R-052-3: بافتراض تشغيلة تنتهي بعد 45 يومًا، عند عرض قسم قرب الانتهاء تظهر ضمن نافذة 60 يومًا.,PARTIAL,PARTIAL,Unknown,[B][C] apps/web/app/dashboard/reports/inventory/page.tsx,[B][C] BFF apps/web/app/api/inventory-reports/route.ts؛ inventory /stock/summary,[B] apps/inventory/src/modules/stock/stock.service.ts:77-105 (تجميعات DB وأحواض QUARANTINE/DAMAGED) / [C] :100-128؛ [B][C] apps/web/lib/inventory-value.ts:24-37 و lib/inventory-by-warehouse.ts:26 (GET /stock بلا take ← 200 صف، تكلفة من costPrice الرئيسي),"inventory: StockBalance, InventoryTransaction",,غير معروف,الملخص الكمي مجمع خادميًا، لكن قيمة المخزون والقيمة حسب المخزن تُحسب في الـBFF من أول 200 صف وبسعر التكلفة الرئيسي لا من طبقات التكلفة.,قيمة مخزون أقل من الحقيقة عند تجاوز 200 صف رصيد؛ قرارات شراء وتقييم خاطئة.,P2,رقم تقييم مخزون إداري خاطئ صامتًا، مع بديل يدوي.,,DEC-R2R-15,ما أساس تقييم المخزون المطلوب في التقارير: تكلفة المنتج الرئيسية أم طبقات FIFO الفعلية؟,WEB-01 | INV-05,تجميع خادمي (SUM/COUNT) لأرصدة المخزون حسب الحوض والمخزن؛ مصدر تكلفة موحد؛ لا حدود صفوف في مسارات التجميع.,DAR-13 | DAR-19,REQ-R2R-054 | REQ-R2R-059,,docs/REPORTS-IMPLEMENTATION-STATUS.md:44-53 (unknown; B5a-0068) | docs/audit/load-test-remediation-2026-09-09.md:36 (2026-09-09; B6a-0413) | Data/AB DATA/Nile ERP Business Operations.pdf:p.7 (2026-09-13; B3-0335)
REQ-R2R-053,C5,تقرير العملاء ولوحة ترتيب المندوبين,DOCUMENTED_REQ,AI agent,Record-to-Report,مدير المبيعات,متابعة قاعدة العملاء والنشاط والتحويل وأفضل العملاء وأداء المندوبين.,تقرير عملاء يعرض عدد الحسابات، الجدد خلال 30 يومًا، زيارات اليوم، غير النشطين (بلا زيارة 30 يومًا)، تحويل العملاء المحتملين، أعلى 10 عملاء بالمبيعات وبالمستحق (من مجموع الفواتير المفتوحة)، وآخر 20 زيارة بأسماء العملاء؛ ولوحة ترتيب لكل مندوب وشهر: المبيعات، المحصّل، الحافز المكتسب، نسبة التحصيل، درجة الكفاءة.,BR-R2R-53 | BR-R2R-55,الفترة، الشهر,جداول ورسوم ولوحة ترتيب,BFF /api/customer-reports يجمع crm وsales وaccounting؛ لوحة الترتيب من incentives /leaderboard.,فشل قسم يعطل قسمه.,قراءة فقط.,"AC-R2R-053-1: بافتراض 250 عميلًا نشطًا، عند فتح التقرير فإن «عدد الحسابات» يساوي 250 لا 200. | AC-R2R-053-2: بافتراض عميل عليه فاتورتان مفتوحتان بمستحق 1,000 و500، عند عرض «أعلى العملاء بالمستحق» يظهر مستحقه 1,500. | AC-R2R-053-3: بافتراض شهر مغلق للحوافز، عند فتح لوحة الترتيب تظهر لكل مندوب المبيعات والمحصل ونسبة التحصيل ودرجة الكفاءة مرتبة تنازليًا.",PARTIAL,PARTIAL,Unknown,[B][C] apps/web/app/dashboard/reports/customers/page.tsx؛ /dashboard/leaderboard,"[B][C] BFF apps/web/app/api/customer-reports/route.ts:48,87 (crm /accounts بحد 200)؛ incentives leaderboard.controller.ts",[B][C] apps/crm/src/modules/accounts/accounts.service.ts:119-120 (take 200 مرتب بالاسم)؛ [B] apps/incentives/src/modules/leaderboard/leaderboard.service.ts:7-27,"crm: Account, Visit; incentives: RepScore",,غير معروف,أجزاء من التقرير تعتمد على قائمة حسابات مقطوعة عند 200؛ التحويل يعتمد على leads بلا مسار تحويل كامل.,أعداد وأسماء ناقصة عند نمو قاعدة العملاء.,P3,تقرير إداري.,REQ-R2R-059,DEC-R2R-15,,WEB-01,عدادات خادمية للحسابات؛ ربط الحساب بالمستحق بمفتاح accountId؛ RepScore لكل (مندوب، فترة) فريد.,DAR-05 | DAR-06 | DAR-09 | DAR-13,REQ-INH-011 | REQ-R2R-059,,docs/REPORTS-IMPLEMENTATION-STATUS.md:55-66 (unknown; B5a-0069) | docs/SERVER-STEPS-2026-09-25-ar.md:58-60 (2026-09-25; B6c-0116) | Data/AB DATA/Nile ERP Business Operations.pdf:p.7 (2026-09-13; B3-0335)
REQ-R2R-054,C5,لوحة الرئيسية والتحليلات,OWNER_DECISION,owner,Record-to-Report,الإدارة,لوحة تشغيلية واحدة بأرقام حقيقية بحسب صلاحيات المستخدم.,الرئيسية تعرض منحنى قيمة أوامر البيع وحالاتها وأعلى المنتجات وأعمار المستحقات ونسبة المستحقات الأقدم من 30 يومًا من الإصدار لفترات 7/30/90 يومًا من APIs حقيقية بصلاحيات المستخدم بلا بيانات مولدة، مع حالات تحميل/خطأ/فراغ وجدول للأرقام المصدرية؛ والتحليلات تعرض مبيعات اليوم والمستحقات وقيمة المخزون وعدد النقص والأعمار وأعلى المنتجات (30 يومًا) والتشغيلات قرب الانتهاء وجدول النقص وخطًا زمنيًا لأحداث التدقيق مع إبراز الحرجة؛ ولا تُسمى الأعمار من الإصدار تأخرًا ولا DSO.,BR-R2R-53,الفترة,لوحات وجداول,BFF /api/dashboard يجمع sales وproducts وaccounting وinventory وaudit بمهلة 8 ثوانٍ لكل مصدر.,خطأ مصدر يظهر في عنصره فقط.,قراءة فقط.,"AC-R2R-054-1: بافتراض اختيار فترة 7 أيام، عند فتح الرئيسية فإن منحنى قيمة الأوامر يغطي 7 أيام بالضبط ويُشتق من API لا بيانات مولدة. | AC-R2R-054-2: بافتراض مستخدم بلا صلاحية accounting، عند فتح الرئيسية يظهر عنصر الأعمار برسالة عدم صلاحية لا بقيمة صفر. | AC-R2R-054-3: بافتراض مستحقات 10,000 منها 3,000 أقدم من 30 يومًا من الإصدار، عند العرض تظهر النسبة 30% بتسمية «حسب تاريخ الإصدار».",PARTIAL,PARTIAL,Unknown,[B][C] apps/web/app/dashboard/page.tsx (359 سطرًا؛ لا محدد فترة 7/30/90 ولا منحنى قيمة)؛ apps/web/app/dashboard/reports/analytics/page.tsx,[B][C] apps/web/app/api/dashboard/route.ts,[B][C] apps/web/lib/bff.ts:16-29؛ lib/inventory-value.ts:24-37,,audit-events /alerts,غير معروف,صفحة التحليلات والرئيسية موجودة، لكن محدد الفترات ومنحنى قيمة الأوامر ونسبة >30 يومًا الموصوفة في وثيقة 09-19 غير موجودة في أي من النسختين (ربما في فرع غير مدمج)؛ قيمة المخزون مقطوعة.,لوحة الإدارة أقل مما وُثق كمنفذ.,P3,تحسين رؤية إدارية.,,DEC-R2R-15,,WEB-01,نفس مصادر 001/002/004؛ لا تخزين جديد.,DAR-07 | DAR-12 | DAR-13,REQ-R2R-050 | REQ-R2R-051 | REQ-R2R-052,,docs/roadmap/2026-09-19-operations-expansion-ar.md:7 (2026-09-19; B1-0276) | docs/REPORTS-IMPLEMENTATION-STATUS.md:68-80 (unknown; B5a-0070) | docs/GAP-ANALYSIS-AR.md:31-44 (unknown; B4a-0132)
REQ-R2R-055,C5,رسم بياني مناسب لكل صفحة تقرير,OWNER_DECISION,owner,Record-to-Report,كل مستخدمي التقارير,تسهيل قراءة الاتجاهات والتوزيعات.,لكل صفحة تقرير رسم واحد على الأقل مناسب (اتجاه زمني، توزيع دائري، مقارنة أعمدة) يتبع فلاتر الصفحة.,BR-R2R-56,فلاتر الصفحة,رسوم,الرسم يُبنى من نفس بيانات الجدول بعد الفلترة.,—,—,AC-R2R-055-1: بافتراض تغيير الفترة من 30 إلى 7 أيام في تقرير المبيعات، عند إعادة التحميل يعرض الرسم 7 نقاط فقط. | AC-R2R-055-2: بافتراض فتح أي من صفحات التقارير الخمس، عند التحميل الناجح يظهر رسم واحد على الأقل.,IMPLEMENTED,IMPLEMENTED,Unknown,"[B][C] apps/web/app/dashboard/reports/{sales:117,inventory:108,customers:109-116,analytics:99,financial:70-95}/page.tsx (BarChart/DonutChart)",,apps/web/components/ui/bar-chart.tsx,,,غير معروف,لا فجوة جوهرية؛ أولوية الصفحات سؤال مفتوح.,—,P4,تحسين عرض.,,DEC-R2R-15,,,لا متطلب بيانات إضافي.,DAR-13,REQ-R2R-050 | REQ-R2R-051 | REQ-R2R-052 | REQ-R2R-053 | REQ-R2R-054,,docs/REQUESTS-2026-09-25-ar.md:232-239 (2026-09-25; B1-0168)
REQ-R2R-056,C5,تقرير الإنفاق على العميل مقابل مبيعاته,OWNER_DECISION,owner,Record-to-Report,المالك / مدير المبيعات,قياس عائد الهدايا والمصروفات المرتبطة بالعميل.,تقرير بإجمالي ما صُرف على كل عميل (هدايا/عينات/مصروفات) مقابل مبيعاته في نفس الفترة.,BR-R2R-53,الفترة، العميل,جدول عميل × (إنفاق، مبيعات، نسبة),تجميع الهدايا المعتمدة/المصروفة ومبيعات العميل الصافية.,—,—,"AC-R2R-056-1: بافتراض عميل له هدايا مصروفة 1,000 ومبيعات صافية 20,000 في الربع، عند عرض التقرير يظهر الإنفاق 1,000 والمبيعات 20,000 والنسبة 5%. | AC-R2R-056-2: بافتراض هدية مرفوضة، عند العرض لا تدخل في الإنفاق.",PARTIAL,PARTIAL,Unknown,[B][C] apps/web/components/party-profile.tsx:34-38 (قوائم منفصلة للأوامر والهدايا في ملف العميل),[B][C] organization customer-gifts,,organization: CustomerGift,,غير معروف,لا تقرير مجمع؛ البيانات متاحة كقوائم منفصلة لكل عميل؛ التصنيف المحاسبي للهدايا (ت-7) غير محسوم.,لا قياس لعائد الإنفاق التسويقي.,P3,تقرير إداري.,REQ-R2R-042,DEC-R2R-12,ما الذي يدخل في «الإنفاق على العميل» (هدايا، عينات، مصروفات مندوب)، وأي حالة تُحتسب (معتمد أم مصروف)؟,,CustomerGift مرتبط بـaccountId وحالة وقيمة Decimal وتاريخ صرف.,DAR-05 | DAR-09 | DAR-10 | DAR-13,REQ-CRM-023 | REQ-INH-070 | REQ-INH-071 | REQ-R2R-051,,docs/REQUESTS-2026-09-25-ar.md:220 (2026-09-25; B1-0164)
REQ-R2R-057,C5,تقويم وتقارير الزيارات الميدانية ومؤشرات التغطية,DOCUMENTED_REQ,AI agent,Record-to-Report,مشرف المبيعات,متابعة تنفيذ خطة الزيارات وأداء المندوبين.,تقويم شهر/أسبوع/يوم/أجندة وتقارير بفترة يوم القاهرة شاملة اليوم الأخير وفلاتر (المندوب، الحالة، النتيجة، العميل، المحافظة، المنطقة) ومتوسط مدة فعلي وملخص مندوبين؛ تصدير كامل إلى Excel أو PDF بحد 10000 زيارة مع خطأ صريح بدل الاقتطاع؛ ومؤشرات: نسبة التغطية (منفذة/مخططة)، معدل النجاح (زيارات بطلب)، متوسط قيمة الطلب.,BR-R2R-54,الفترة والفلاتر,تقويم، جداول، ملف تصدير,—,نتيجة > 10000 → رسالة تضييق الفترة.,—,"AC-R2R-057-1: بافتراض فترة تنتهي في 2026-10-01، عند العرض تشمل زيارات 2026-10-01 حتى 23:59 بتوقيت القاهرة. | AC-R2R-057-2: بافتراض 12,000 زيارة مطابقة، عند محاولة العرض/التصدير تظهر رسالة «النتيجة تتجاوز 10000» ولا يُصدَّر ملف مقتطع. | AC-R2R-057-3: بافتراض مندوب خطط 20 زيارة ونفذ 15 منها 6 بطلب، عند عرض المؤشرات تظهر التغطية 75% والنجاح 40%.",PARTIAL,PARTIAL,Unknown,"[B][C] apps/web/components/field-sales/report-workspace.tsx:24-102,149-183 (تقويم، فلاتر، حد 10000، تصدير)",[B][C] crm field-sales,[B][C] apps/crm/src/modules/field-sales/field-sales.service.ts:314-317 (planned/completed/missed/orders لكل مندوب),crm: FieldSalesVisit,,غير معروف,التقويم والتقارير والتصدير منفذة؛ متوسط قيمة الطلب ونسب التغطية/النجاح كمؤشرات معرّفة غير مُتحقق من وجودها.,قياس أداء ميداني ناقص.,P3,تقارير.,,,,,زيارات بتواريخ مخزنة UTC مع تحويل Africa/Cairo؛ ربط الزيارة بالأمر (visitId فريد في SalesOrder).,DAR-05 | DAR-06 | DAR-09 | DAR-13 | DAR-19,REQ-CRM-027 | REQ-R2R-058,,docs/roadmap/2026-09-19-customer-field-execution-ar.md:58 (2026-09-19; B1-0258) | docs/roadmap/2026-09-19-customer-field-execution-ar.md:59 (2026-09-19; B1-0259) | docs/PROMPT-P1-P3-IMPLEMENTATION.md:313 (unknown; B5a-0230) | docs/roadmap/2026-09-19-customer-field-execution-ar.md:88 (2026-09-19; B1-0270)
REQ-R2R-058,C5,معيار التصدير الموحد (CSV/XLSX/PDF) وتدقيقه,DOCUMENTED_REQ,AI agent,Record-to-Report,كل المستخدمين المخولين,تصدير موحد آمن ومطابق للصلاحيات لكل تقرير ودفتر.,كل تقرير ودفتر مؤهل يُصدَّر CSV وXLSX وطباعة/PDF مع احترام الفلاتر والبحث والترتيب، المحدد أو الكل، أعمدة ثابتة، RTL، خلايا رقمية، BOM وتحييد الصيغ، تفويض مطابق لعملية القراءة، بلا معرفات داخلية، مع بيانات وصفية (عنوان، وقت التوليد، الفلاتر)؛ PDF صيغة عرض من dataset مفوض في الخادم؛ التصدير قراءة حية لا snapshot ويُبلغ عن الحد بدل الاقتطاع؛ وتصدير البيانات الحساسة يُسجَّل في التدقيق بمستوى HIGH.,BR-R2R-54,الفلاتر والصيغة,ملف CSV/XLSX أو نافذة طباعة,المستخدم يختار الصيغة ← تصدير من الخادم (C) أو المتصفح (B/C).,تجاوز الحد → خطأ صريح؛ حجب نافذة الطباعة → خطأ.,صلاحية القراءة نفسها.,AC-R2R-058-1: بافتراض قيمة نصية تبدأ بـ«=»، عند تصديرها إلى CSV تُكتب مسبوقة بفاصلة عليا ولا تُنفذ كصيغة. | AC-R2R-058-2: بافتراض مستخدم بلا صلاحية crm.accounts.read، عند طلب GET /api/crm/accounts/export يُرفض بـ403. | AC-R2R-058-3: بافتراض تصدير قائمة العملاء، عند الانتهاء يُسجَّل حدث تدقيق يحمل المستخدم والفلاتر وعدد الصفوف.,PARTIAL,PARTIAL,Unknown,[B][C] apps/web/components/ui/data-table.tsx:58-197 (اختيار الصيغة CSV/XLSX/PDF),[C] GET export في 12 controller: crm accounts.controller.ts:20، sales orders.controller.ts:18، accounting invoices.controller.ts:15، payments.controller.ts:22، inventory stock.controller.ts:11، products products.controller.ts:18 …؛ [B] لا مسارات تصدير خادمية,"[B][C] apps/web/lib/tabular-export.ts:9,12,43 (تحييد الصيغ، BOM، طباعة RTL)؛ [C] packages/export-kit/src/index.ts:10,20",,[B][C] لا حدث تدقيق للتصدير (AuditInterceptor للتعديلات فقط),[C] packages/export-kit/src/index.test.ts (spec موجود، لم يُشغّل),B: تصدير من المتصفح فقط للبيانات المحملة؛ C: تصدير XLSX خادمي لعدة مجالات؛ في النسختين لا تسجيل تدقيق للتصدير ولا بيانات وصفية موحدة لكل التقارير.,تسريب بيانات عملاء/مالية دون أثر تدقيقي؛ تصدير ناقص في B.,P3,كفاءة وتقارير، مع خطر امتثال منخفض.,,,,SEC-13,سجل تدقيق للتصدير (المستخدم، المجال، الفلاتر، عدد الصفوف، الوقت)؛ عقود أعمدة ثابتة لكل مجال.,DAR-12 | DAR-13 | DAR-18,REQ-CRM-014 | REQ-NFR-045 | REQ-OPS-009 | REQ-R2R-059,,docs/BACKEND-DATA-IO-STANDARD.md:123-137 (unknown; B3-0265) | docs/BACKEND-DATA-IO-STANDARD.md:171-173 (unknown; B3-0268) | docs/CUSTOMER-EXPORTS.md:5 (unknown; B3-0269) | docs/phase1-master-data-data-io.md:173-177 (unknown; B3-0251) | docs/roadmap/2026-09-19-customer-field-execution-ar.md:89 (2026-09-19; B1-0271) | docs/BACKEND-DATA-IO-STANDARD.md:31-40 (unknown; B3-0255) | docs/CUSTOMER-EXPORTS.md:20-25 (unknown; B3-0275) | docs/CUSTOMER-EXPORTS.md:7-8 (unknown; B3-0271)
REQ-R2R-059,C5,اكتمال أرقام التقارير وعزل الأعطال ووضوح الاقتطاع,INFERRED_NEEDS_APPROVAL,auditor,Record-to-Report,كل مستخدمي التقارير,منع الأرقام الناقصة الصامتة في التقارير والقوائم.,فشل مصدر واحد يعطل قسمه فقط؛ كل نتيجة تحمل الخدمة المصدر ووقت الجلب والنطاق والاكتمال والاقتطاع والتحذيرات؛ لا يُعرض «كل العملاء» من أول 200 ولا صفر عند فشل الخدمة؛ حد 200 في قوائم الحسابات لا يُستخدم كعدد إجمالي؛ الواجهات المحدودة (مثل 360) تعرض القيد ولا تشتق رصيدًا كاملًا من قائمة محدودة.,BR-R2R-55 | BR-R2R-53,أي تقرير/قائمة,بيانات + بيانات وصفية للاكتمال,الخادم يعيد total/truncated أو يجمع خادميًا.,فشل المصدر → حالة خطأ لا صفر.,—,AC-R2R-059-1: بافتراض 230 عميلًا، عند فتح أي تقرير يجمع العملاء يظهر إما العدد 230 أو تنبيه «النتيجة مقتطعة عند 200». | AC-R2R-059-2: بافتراض تعطل خدمة المحاسبة، عند فتح الرئيسية يظهر قسم المستحقات بحالة خطأ لا بالقيمة 0. | AC-R2R-059-3: بافتراض قائمة 360 محدودة بـ50 حركة، عند عرضها تظهر عبارة توضح الحد ولا يُعرض رصيد محسوب منها.,PARTIAL,PARTIAL,Unknown,,[B][C] apps/web/app/api/*/route.ts (أخطاء لكل قسم),[B][C] apps/web/lib/bff.ts:16-29؛ lib/credit-exposure.ts:74-77؛ lib/inventory-value.ts:24-37؛ apps/crm/src/modules/accounts/accounts.service.ts:119-120؛ apps/sales/src/modules/orders/orders.service.ts:100 (take 200),,,غير معروف,عزل الأعطال منفذ؛ لا بيانات وصفية للاكتمال ولا تنبيه اقتطاع في تجميعات الـBFF (WEB-01).,أرقام إدارية وائتمانية ناقصة دون علم المستخدم.,P2,ضعف رقابي على الائتمان والتقييم، مع بديل يدوي.,,,ما الحجم المتوقع للعملاء وصفوف المخزون خلال 12 شهرًا؟,WEB-01,كل استجابة قائمة تتضمن total وtruncated؛ تجميعات SQL للمؤشرات.,DAR-04 | DAR-13,REQ-NFR-026 | REQ-R2R-052 | REQ-R2R-053 | REQ-R2R-054,,docs/audit/04-database.md:37 (2026-09-01; B6a-0100) | docs/audit/04-database.md:45 (2026-09-01; B6a-0104) | docs/audit/production-program/PHASES-0-4-REPORT.md:69-70 (2026-09-16; B6a-0346) | docs/audit/07-frontend.md:17 (2026-09-01; B6a-0146)
REQ-R2R-060,C5,تتبع الطلب عبر مراحله وبحث التدقيق على الخادم,INFERRED_NEEDS_APPROVAL,auditor,Record-to-Report (Reporting),المراجع الداخلي / مدير النظام,تمكين المراجع من تتبع أي طلب من الإنشاء حتى الفاتورة والتحصيل، والوصول لأي حدث تدقيق قديم دون الاقتصار على آخر 200 حدث.,يجب أن تتبع أحداث الفاتورة والدفع معرّف الطلب/الارتباط (correlationId) بحيث يظهر مسار الطلب كاملًا، وأن يدعم سجل الأحداث البحث والترشيح والترقيم على الخادم (بما فيه correlationId)، مع صفحة سجل أحداث النظام بترقيم صفحات.,BR-R2R-55,معرّف الطلب أو correlationId، فلاتر (المجال، الخطورة، الفاعل، الفترة),خط زمني كامل للطلب؛ صفحات نتائج مرقمة,المستخدم يدخل رقم الطلب → الخادم يجمع الأحداث المرتبطة (طلب، حجز، فاتورة، دفع) → عرض مرقم,نتائج كثيرة: ترقيم صفحات لا اقتطاع؛ معرّف غير موجود: رسالة صريحة,قراءة فقط بصلاحية audit.events.read,AC-R2R-060-1: بفرض طلب أُنشئ وفُوتر وحُصّل، عندما يبحث المراجع بمعرّف الطلب، فإن النتيجة تعرض أحداث الطلب والفاتورة والدفع معًا مرتبة زمنيًا. | AC-R2R-060-2: بفرض وجود أكثر من 200 حدث تدقيق، عندما يُطلب حدث أقدم بفلتر التاريخ أو correlationId، فإنه يُعاد من الخادم مع إجمالي عدد النتائج. | AC-R2R-060-3: بفرض صفحة سجل الأحداث، عندما ينتقل المستخدم للصفحة التالية، فإن الطلب يُرسل offset/cursor للخادم ولا يُرشَّح محليًا.,PARTIAL,PARTIAL,Unknown,[B][C] apps/web/app/dashboard/audit (صفحة التدقيق),[B][C] GET /api/audit/audit-events (limit offset aggregateId domain severity eventType actorId impact from to) apps/audit-aggregator/src/modules/audit-events/audit-events.controller.ts:11 — لا معامل correlationId,[B][C] apps/audit-aggregator/src/modules/audit-events/audit-events.service.ts,,أحداث finance.invoice.* مفتاحها معرّف الفاتورة (B6a-0188),غير مُتحقق,الخادم يدعم limit/offset وفلتر aggregateId والفترة، لكن لا بحث بـcorrelationId ولا ربط آلي بين أحداث الطلب والفاتورة/الدفع؛ ادعاء «آخر 200 حدث محليًا» (B6a-0189) يحتاج تحقق واجهة.,صعوبة التحقيق في نزاعات العملاء وفروق المطابقة لطلبات قديمة.,P3,كفاءة تدقيق وتحقيق؛ توجد بدائل يدوية بفلتر aggregateId/التاريخ.,,,هل تتبع الطلب كاملًا (طلب→فاتورة→تحصيل) مطلوب في شاشة واحدة للمراجع؟,,"كل حدث تدقيق يحمل correlationId وaggregateId ومعرّف الطلب الأصلي؛ فهرس على (correlation_id, occurred_at) و(aggregate_id)؛ استعلامات بترقيم cursor.",DAR-07 | DAR-10 | DAR-11 | DAR-12 | DAR-17,REQ-NFR-022 | REQ-R2R-059,,docs/audit/11-observability.md:26 (2026-09-01; B6a-0188) | docs/audit/11-observability.md:27 (2026-09-01; B6a-0189) | docs/audit/22-production-remediation-master-plan.md:158 (2026-09-13; B6b-0100)
REQ-R2R-061,C5,قياس استخدام الشاشات والمسارات الحرجة (Usage analytics),OPTIONAL_IMPROVEMENT,QA,Record-to-Report (Reporting),مالك المنتج,معرفة الميزات غير المستخدمة وزمن إنجاز المهام الحرجة (إقفال الفترة، اعتماد الطلب، إنهاء الزيارة) دون نقل بيانات لجهة خارجية.,(تحسين اختياري) قياس الاستخدام بأحداث مخصصة للمسارات الحرجة عبر أداة مستضافة ذاتيًا بلا cookies أو endpoint داخلي، دون Google Analytics؛ القرار مؤجل من المالك.,,أحداث واجهة مجهولة الهوية,لوحة استخدام,حدث واجهة → مُجمِّع داخلي → تقرير,فشل الإرسال لا يؤثر على العملية,—,AC-R2R-061-1: بفرض تفعيل القياس، عندما يقفل المحاسب فترة، فإن حدث period_close يُسجل مع المدة دون بيانات شخصية ودون إرسال لطرف خارجي.,NOT_IMPLEMENTED,NOT_IMPLEMENTED,Unknown,لا يوجد,لا يوجد /api/usage,,,audit_logs تجيب «من اعتمد ماذا» فقط,—,غير منفذ ومؤجل بقرار المالك 2026-09-21 (B6c-0309).,لا قياس لتبني الميزات.,P4,تحسين اختياري مؤجل بقرار المالك.,DEC-R2R-16,DEC-R2R-16,هل ما زال قرار التأجيل قائمًا؟ وإن فُعّل: Plausible/Umami مستضاف أم endpoint داخلي؟,,"جدول أحداث استخدام بلا معرّفات شخصية (event, route, duration_ms, occurred_at) مع سياسة احتفاظ.",DAR-04 | DAR-07 | DAR-18,,,QA-REPORTS/19-analytics-metadata-testing.md:4-14 (2026-09-21; B6c-0308)
REQ-TRC-001,C6,حساب مالي موحد للخزائن والبنوك والمحافظ وإنستاباي بعدد غير محدود,OWNER_DECISION,unnamed owner,Treasury,المحاسب / أمين الخزينة (إعداد)؛ المدير المالي (اعتماد إنشاء الحسابات — غير محدد),مصدر حقيقة واحد لكل مكان يُحفظ فيه مال الشركة بدل استنتاج نوع الحساب من الاسم.,يجب أن يدعم النظام كيان «حساب مالي» واحدًا بأنواع نقدي/بنك/محفظة إلكترونية/إنستاباي، بعدد غير محدود من الخزائن، مع حقول إلزامية حسب النوع (البنك: اسم البنك ورقم الحساب و IBAN/الفرع؛ المحفظة: المزوّد والرقم؛ إنستاباي: الـalias)، وخزينة افتراضية «خزينة 1» تُنشأ عند أول استخدام إن لم يوجد حساب نقدي.,BR-TRC-01 | BR-TRC-02 | BR-TRC-03,نوع الحساب، الاسم، العملة، بيانات البنك/المحفظة، الرصيد الافتتاحي,سجل حساب مالي نشط برصيد ودفتر,المحاسب ينشئ الحساب من شاشة النقدية والبنوك → تحقق الحقول حسب النوع → حفظ مع صف رصيد افتتاحي → يظهر في منتقي الحساب عند التحصيل.,لا حذف لحساب له حركات (انظر REQ-TRC-017)؛ الإيقاف بـ isActive؛ تكرار الاسم داخل النوع والعملة مرفوض.,صلاحية accounting.financial-accounts.manage؛ لا اعتماد ثانٍ لإنشاء/تعديل حساب.,AC-TRC-001-1: بافتراض مستخدم لديه صلاحية الإدارة، عندما ينشئ حساب BANK بلا اسم بنك أو رقم حساب، فإن النظام يرفض الطلب برسالة واضحة ولا يُنشأ أي سجل. | AC-TRC-001-2: بافتراض عدم وجود أي حساب نقدي، عندما يُسجَّل أول تحصيل نقدي، فإن النظام ينشئ «خزينة 1» مرة واحدة فقط حتى مع طلبين متزامنين. | AC-TRC-001-3: بافتراض وجود حساب نقدي باسم «خزينة 1» بالجنيه، عندما يُنشأ حساب نقدي آخر بنفس الاسم والعملة، فإن النظام يرفضه.,IMPLEMENTED,IMPLEMENTED,Unknown,[B][C] apps/web/app/dashboard/cash-banks/page.tsx؛ apps/web/components/finance/treasury-accounts.tsx,[B][C] apps/accounting/src/modules/financial-accounts/financial-accounts.controller.ts:28-62 (GET/POST/PATCH /api/accounting/financial-accounts؛ لا DELETE),[B][C] apps/accounting/src/modules/financial-accounts/financial-accounts.service.ts:95-125 (ensureDefaultCashBox)، :127-192 (create مع تحقق حقول النوع)؛ apps/accounting/src/modules/payments/payments.service.ts [B]:741-795 [C]:759-813 (resolveTreasuryAccount),"[B] apps/accounting/prisma/schema.prisma:1100 [C] :1287 model FinancialAccount @@unique([type,currency,nameAr])؛ لا حقل صاحب عهدة/فرع/حساب أستاذ",لا حدث ولا audit_log عند إنشاء/تعديل الحساب,spec exists: financial-accounts.service.spec.ts (لم يُشغّل),منفذ كما قُرر؛ ينقصه: صاحب عهدة/مسؤول للحساب، فرع، ربط صريح بحساب الأستاذ (في CURRENT يُشتق من النوع في gl-posting)، وتدقيق إنشاء/تعديل الحساب.,لا يمكن مساءلة شخص عن رصيد خزينة؛ تعديل بيانات بنك بلا أثر تدقيقي.,P2,الأساس قائم؛ الفجوات رقابية ولها بديل يدوي.,REQ-TRC-013 | REQ-TRC-014,,,SEC-13 | ACC-01,"FinancialAccount(id, type enum, nameAr, currency, bank/wallet fields, openingBalance, balance cache, isActive, isDefault, createdBy) مع UNIQUE(type,currency,nameAr)؛ مطلوب إضافة custodianUserId nullable، branchId، glAccountCode، وفهرس جزئي فريد لـ isDefault لكل (type,currency)؛ لا حذف فعلي.",DAR-04 | DAR-05 | DAR-06 | DAR-10 | DAR-17 | DAR-20,REQ-TRC-004 | REQ-TRC-016,,docs/audit/2026-09-20-backlog-traceability-ar.md:185 (2026-09-20; B4b-0100) | docs/audit/2026-09-20-phase3-financial-accounts-report-ar.md:18 (2026-09-20; B4b-0242) | docs/audit/2026-09-20-backlog-traceability-ar.md:174 (2026-09-20; B4b-0089) | docs/audit/2026-09-20-backlog-traceability-ar.md:175 (2026-09-20; B4b-0090) | docs/audit/2026-09-20-backlog-traceability-ar.md:176 (2026-09-20; B4b-0091) | docs/audit/2026-09-20-backlog-traceability-ar.md:178 (2026-09-20; B4b-0093) | docs/audit/2026-09-20-backlog-traceability-ar.md:179 (2026-09-20; B4b-0094) | docs/audit/2026-09-20-phase0-discovery-audit-ar.md:305-331 (2026-09-20; B4b-0155) | docs/audit/2026-09-20-phase0-discovery-audit-ar.md:443 (2026-09-20; B4b-0176)
REQ-TRC-002,C6,عملة واحدة لكل حساب مالي والتحويل بين عملتين بسعر صريح,OWNER_DECISION,unnamed owner,Treasury,أمين الخزينة / المحاسب,منع خلط العملات داخل دفتر خزينة واحد.,كل حساب مالي بعملة واحدة؛ العملة يجب أن تكون مسجلة ونشطة؛ كل حركة على الحساب بعملته؛ التحويل بين حسابين بعملتين مختلفتين يتطلب سعرًا صريحًا ويُسجّل على الرجلين.,BR-TRC-04,العملة عند الإنشاء؛ السعر عند التحويل,حركات بعملة الحساب مع fxRate/baseAmount,إنشاء الحساب بعملة → كل حركة يدوية أو تحصيل تُكتب بعملته → التحويل عبر عملتين يطلب السعر.,رفض عملة غير مسجلة أو موقوفة؛ رفض تحويل عبر عملتين بلا سعر.,—,AC-TRC-002-1: بافتراض خزينة بالجنيه، عندما يُسجَّل تحصيل لدفعة بالدولار عليها، فإن النظام يرفض التحصيل أو يحوّل المبلغ بسعر مسجل ولا يكتب مبلغ الدولار كجنيه. | AC-TRC-002-2: بافتراض حسابين EGP و USD، عندما يُطلب تحويل بلا سعر، فإن النظام يرفض الطلب.,PARTIAL,PARTIAL,Unknown,,,[B][C] apps/accounting/src/modules/financial-accounts/financial-accounts.service.ts:133-142 (تحقق العملة)، :281 (الحركة بعملة الحساب)، :302-402 (fxRate على الرجلين)؛ apps/accounting/src/modules/payments/payments.service.ts [B]:168-169 [C]:180-181 (PAYMENT_IN بمبلغ الدفعة وعملة الخزينة دون مقارنة),[B][C] apps/accounting/prisma/schema.prisma FinancialAccount.currency، FinancialAccountEntry.currency/fxRate/baseAmount,,spec exists: financial-accounts.service.spec.ts,الحركات اليدوية والتحويل ملتزمة؛ مسار التحصيل لا يقارن عملة الدفعة بعملة الخزينة فيكتب مبلغًا أجنبيًا كأنه بعملة الخزينة.,رصيد خزينة خاطئ عند أي تحصيل بغير الجنيه.,P2,خطر مالي مشروط باستخدام عملات غير الجنيه في التحصيل.,,,,ACC-09,CHECK على مستوى الخدمة: entry.currency = account.currency؛ عند اختلاف عملة المستند يُخزَّن amountDoc/currencyDoc/fxRate/amountAccount.,DAR-05 | DAR-06 | DAR-10,REQ-TRC-008,,docs/audit/2026-09-20-backlog-traceability-ar.md:180 (2026-09-20; B4b-0095)
REQ-TRC-003,C6,رصيد افتتاحي لكل حساب مالي كصف في الدفتر,OWNER_DECISION,unnamed owner,Treasury,المحاسب,أن يبدأ الدفتر من رصيد مثبت قابل للتتبع لا من رقم في عمود.,الرصيد الافتتاحي للحساب المالي يُسجّل كحركة OPENING_BALANCE في دفتر الحساب (لا قيمة في عمود فقط) ولا يكون سالبًا.,BR-TRC-05,الرصيد الافتتاحي وتاريخه,صف OPENING_BALANCE,إنشاء الحساب برصيد افتتاحي → صف دفتر أول برصيد بعده = الافتتاحي.,التصحيح لاحقًا عبر ADJUSTMENT فقط.,لا اعتماد للرصيد الافتتاحي (قرار مفتوح DEC-TRC-04).,"AC-TRC-003-1: بافتراض إنشاء خزينة برصيد افتتاحي 5,000، عندما يُعرض دفترها، فإن أول صف من نوع OPENING_BALANCE بمبلغ 5,000 ورصيد بعده 5,000. | AC-TRC-003-2: عندما يُدخل رصيد افتتاحي سالب، فإن النظام يرفضه.",IMPLEMENTED,IMPLEMENTED,Unknown,,[B][C] apps/accounting/src/modules/financial-accounts/dto/financial-account.dto.ts:49-50 (Min 0),[B][C] apps/accounting/src/modules/financial-accounts/financial-accounts.service.ts:153-185,[B][C] apps/accounting/prisma/schema.prisma enum FinancialAccountEntryType.OPENING_BALANCE,,spec exists: financial-accounts.service.spec.ts,منفذ؛ لا اعتماد ولا مرجع مستند (جرد/كشف بنك) ولا مطابقة مع أرصدة النظام القديم عند الإطلاق.,رصيد افتتاحي خاطئ يُفسد كل المطابقات اللاحقة.,P2,يؤثر على صحة الأرصدة عند الإطلاق؛ يمكن تصحيحه بتسوية.,,DEC-TRC-04,,,صف OPENING_BALANCE واحد على الأكثر لكل حساب (قيد فريد جزئي)، مع مرجع مستند وتاريخ قطع ومعتمد.,DAR-03 | DAR-04 | DAR-06 | DAR-20,REQ-TRC-004 | REQ-TRC-007,,docs/audit/2026-09-20-backlog-traceability-ar.md:177 (2026-09-20; B4b-0092) | docs/audit/2026-09-20-phase3-financial-accounts-report-ar.md:53 (2026-09-20; B4b-0249)
REQ-TRC-004,C6,دفتر داخلي لكل حساب مالي ورصيد مطابق للدفتر دائمًا,OWNER_DECISION,unnamed owner,Treasury,أمين الخزينة؛ المحاسب (المراجعة),أن يكون رصيد كل خزينة قابلًا للإثبات من حركاتها وألا تضيع تحديثات متزامنة.,لكل حساب مالي دفتر حركات منفصل عن دفتر العملاء، كل صف يحمل الرصيد بعده؛ الرصيد المخزن نسخة للقراءة يُعاد حسابها في نفس المعاملة؛ يجب أن يتطابق الرصيد مع مجموع الحركات بعد أي عملية (تحصيل، عكس، تحويل، صرف)، مع فحص دوري يكشف الانحراف؛ والتعديلات المتزامنة لا تضيع (SERIALIZABLE وإعادة محاولة ثم 409).,BR-TRC-06 | BR-TRC-07,كل حركة مالية,دفتر بحركات ورصيد بعد كل حركة؛ تقرير تطابق,كل عملية تكتب صف الحركة وتحدث الرصيد في نفس المعاملة → reconcileLedger يثبت التطابق عند الطلب → (CURRENT) فحص ليلي للخزينة مقابل الأستاذ.,تعارض التزامن → إعادة محاولة ثم 409 قابل لإعادة المحاولة؛ أي عكس لعملية يجب أن يكتب حركة معاكسة.,—,"AC-TRC-004-1: بافتراض خزينة رصيدها 1,000، عندما يُنفّذ سحبان متزامنان بقيمة 700 لكل منهما، فإن واحدًا فقط ينجح والآخر يُرفض أو يُعاد بـ409، ويبقى الرصيد 300. | AC-TRC-004-2: بافتراض تحصيل نقدي 400 دخل الخزينة ثم عُكس، عندما يُشغَّل فحص التطابق، فإن رصيد الخزينة يساوي مجموع الحركات ويساوي الرصيد قبل التحصيل. | AC-TRC-004-3: بافتراض أي عدد من الحركات، عندما يُستدعى reconcile-ledger، فإن الفرق بين الرصيد المخزن ومجموع الحركات = 0.00.",PARTIAL,PARTIAL,Unknown,,[B][C] apps/accounting/src/modules/financial-accounts/financial-accounts.controller.ts:38-47 (entries، reconcile-ledger),[B][C] apps/accounting/src/modules/financial-accounts/financial-accounts.service.ts:236-290 (Decimal + SERIALIZABLE)، :411-439 (reconcileLedger عند الطلب)؛ apps/accounting/src/modules/payments/payments.service.ts [B]:168 [C]:180 (balanceAfter بـ round2(Number))؛ [B]:365-401 [C]:381-419 (reverseInTx لا يكتب حركة خزينة)؛ [C] apps/accounting/src/modules/reconciliation/reconciliation.service.ts:73-91 (خزينة مقابل GL),"[B] apps/accounting/prisma/schema.prisma:1146 [C]:1333 FinancialAccountEntry(balanceAfter Decimal(14,2))",—,spec exists: financial-accounts.service.spec.ts، payments.service.spec.ts (لم تُشغّل),التطابق مضمون للحركات اليدوية؛ عكس التحصيل وارتداد الشيك لا يكتبان حركة خزينة فيبقى الرصيد مضخمًا مع تطابق ظاهري؛ مسار التحصيل يحسب الرصيد بأعداد عشرية؛ لا فحص دوري للخزينة في BASELINE.,أرصدة خزائن مضخمة لا يكشفها أي فحص داخلي في النسخة المرجحة للإنتاج.,P1,سلامة أرصدة النقدية (مال).,,,,ACC-06 | DB-12,"FinancialAccountEntry غير قابل للتعديل/الحذف (append-only)، balanceAfter Decimal، sourceType/sourceId لكل حركة آلية مع UNIQUE(sourceType,sourceId,type) لمنع الازدواج؛ الحركة المعاكسة تشير للأصل (reversesEntryId).",DAR-05 | DAR-06 | DAR-08 | DAR-09 | DAR-10 | DAR-12 | DAR-15,REQ-R2R-041 | REQ-TRC-008 | REQ-TRC-012 | REQ-TRC-024,,docs/audit/2026-09-20-backlog-traceability-ar.md:181 (2026-09-20; B4b-0096) | docs/audit/2026-09-20-phase3-financial-accounts-report-ar.md:46 (2026-09-20; B4b-0246) | docs/audit/production-program/PHASE-0-ARCHITECTURE.md:72-73 (2026-09-16; B6a-0321) | docs/audit/2026-09-20-phase0-discovery-audit-ar.md:444 (2026-09-20; B4b-0177)
REQ-TRC-005,C6,حركات الإيداع والسحب والمصروف والتسوية على الحساب المالي,OWNER_DECISION,unnamed owner,Treasury,أمين الخزينة,تسجيل كل دخول وخروج يدوي للمال على خزينة محددة.,يدعم الحساب المالي حركات إضافة/سحب/مصروف/مصروف إداري/تسوية؛ اتجاه الحركة يُحدَّد من نوعها لا من إشارة المبلغ؛ التسوية وحدها تقبل الاتجاهين؛ لا يصبح رصيد الخزينة سالبًا إلا بتسوية.,BR-TRC-08 | BR-TRC-09,الحساب، النوع، المبلغ الموجب، المرجع، الوصف، مفتاح idempotency,حركة دفتر ورصيد جديد,إدخال الحركة → تحقق المبلغ والنوع والحساب النشط → كتابة الحركة وتحديث الرصيد ذريًا.,إعادة الطلب بنفس المفتاح تُرجع نفس الحركة؛ لا إلغاء؛ التصحيح بتسوية.,صلاحية manage واحدة لكل الأنواع؛ لا اعتماد (انظر REQ-TRC-014).,AC-TRC-005-1: عندما يُرسل إيداع بمبلغ سالب، فإن النظام يرفضه. | AC-TRC-005-2: بافتراض خزينة رصيدها 100، عندما يُسجَّل سحب 150، فإن النظام يرفضه برسالة «الرصيد لا يكفي». | AC-TRC-005-3: عندما يُعاد إرسال نفس الحركة بنفس مفتاح idempotency، فإن الرصيد لا يتغير مرة ثانية.,IMPLEMENTED,IMPLEMENTED,Unknown,[B][C] apps/web/components/finance/treasury-accounts.tsx,[B][C] apps/accounting/src/modules/financial-accounts/financial-accounts.controller.ts:64-67 POST entries,[B][C] apps/accounting/src/modules/financial-accounts/financial-accounts.service.ts:22-33 (SIGN)، :236-290,[B][C] apps/accounting/prisma/schema.prisma enum FinancialAccountEntryType,لا حدث ولا audit للحركة اليدوية,spec exists: financial-accounts.service.spec.ts,منفذ وظيفيًا؛ الفجوات الرقابية (رقم سند، اعتماد، تصنيف المصروف، رابط المستند، تدقيق) في REQ-TRC-014.,—,P3,منفذ؛ التحسين رقابي.,,,,,type enum مغلق؛ amount > 0 إلا ADJUSTMENT؛ idempotencyKey UNIQUE.,DAR-05 | DAR-06 | DAR-07 | DAR-08,REQ-TRC-014,,docs/audit/2026-09-20-backlog-traceability-ar.md:182 (2026-09-20; B4b-0097) | docs/audit/2026-09-20-phase3-financial-accounts-report-ar.md:52 (2026-09-20; B4b-0248)
REQ-TRC-006,C6,التحويل بين الحسابات المالية كزوج ذري لا يغير إجمالي المال,OWNER_DECISION,unnamed owner,Treasury,أمين الخزينة,نقل المال بين خزنة وبنك أو بين خزنتين دون إيراد أو مصروف.,التحويل يكتب رجلين (خروج من المصدر ودخول للوجهة) بمرجع تحويل واحد في معاملة واحدة؛ لا تطبيق لنصف تحويل؛ لا يُحتسب إيرادًا؛ يحمل سعر الصرف عند اختلاف العملة.,BR-TRC-10,المصدر، الوجهة، المبلغ، السعر عند الحاجة، مفتاح idempotency,حركتان بنفس transferRef,طلب تحويل → تحقق الحسابين والرصيد → كتابة الرجلين وتحديث الرصيدين ذريًا.,إعادة الطلب بنفس المفتاح تُرجع نفس الزوج؛ لا مسار إلغاء تحويل؛ لا حالة «نقدية في الطريق».,لا اعتماد للتحويل.,"AC-TRC-006-1: بافتراض خزينة 1,000 وبنك 0، عندما يُحوَّل 400، فإن الخزينة 600 والبنك 400 وإجمالي الحسابين ثابت 1,000. | AC-TRC-006-2: عندما يفشل كتابة رجل الوجهة، فإن رجل المصدر لا يُحفظ أيضًا.",IMPLEMENTED,IMPLEMENTED,Unknown,[B][C] apps/web/components/finance/treasury-accounts.tsx,[B][C] apps/accounting/src/modules/financial-accounts/financial-accounts.controller.ts:69-72 POST transfers,[B][C] apps/accounting/src/modules/financial-accounts/financial-accounts.service.ts:302-402 (transferRef = TRF-<Date.now base36> :336),[B][C] apps/accounting/prisma/schema.prisma FinancialAccountEntry.transferRef (@@index غير فريد),,spec exists: financial-accounts.service.spec.ts,منفذ؛ transferRef مبني على الوقت وغير فريد بقيد؛ لا رقم سند تحويل ولا اعتماد؛ لا حالة «في الطريق» لإيداع النقدية في البنك.,صعوبة تتبع التحويلات؛ احتمال تصادم مرجع نادر.,P3,منفذ؛ تحسينات تتبع.,,,,,Transfer كيان/مرجع فريد (UNIQUE transferRef لكل اتجاه)، رجلان بمجموع صافٍ صفري بعملة الأساس.,DAR-03 | DAR-06 | DAR-10,REQ-TRC-013,,docs/audit/2026-09-20-backlog-traceability-ar.md:184 (2026-09-20; B4b-0099) | docs/audit/2026-09-20-phase3-financial-accounts-report-ar.md:55 (2026-09-20; B4b-0251)
REQ-TRC-007,C6,جرد الخزينة ومطابقة البنك مع تخزين الفرق وفصل العدّ عن التصحيح,OWNER_DECISION,unnamed owner,Treasury,أمين الخزينة (العدّ)؛ المدير المالي (اعتماد الفرق — غير محدد),مساءلة أي فرق بين رصيد النظام والنقدية/الكشف الفعلي.,يسجل النظام عدًّا فعليًا لكل حساب مالي (رصيد النظام، الفعلي، الفرق، السبب، من عدّ ومتى) ويخزن الفرق؛ تسجيل العدّ لا يغير الرصيد؛ التصحيح قرار منفصل عبر تسوية؛ وللبنوك مطابقة مع كشف الحساب.,BR-TRC-11 | BR-TRC-12,الرصيد الفعلي، السبب؛ كشف البنك,سجل مطابقة بالفرق؛ تسوية اختيارية,عدّ الخزينة → تسجيل الرصيد الفعلي والسبب → النظام يحسب الفرق ويخزنه → (قرار منفصل) تسوية ADJUSTMENT.,لا ربط بين سجل العدّ والتسوية التي صححته؛ لا اعتماد للفرق.,صلاحية reconcile مستقلة عن manage.,"AC-TRC-007-1: بافتراض خزينة رصيدها 1,000، عندما يُسجَّل عدّ فعلي 950 بسبب، فإن النظام يخزن الفرق −50 ويبقى الرصيد 1,000. | AC-TRC-007-2: بافتراض فرق مسجل، عندما تُنشأ تسوية لتصحيحه، فإن التسوية ترتبط بسجل العدّ ويظهر الفرق «مُسوّى». | AC-TRC-007-3: بافتراض كشف بنك مستورد، عندما تُطابق حركة كشف مع حركة نظام بمبلغ مختلف، فإن النظام يرفض المطابقة.",PARTIAL,PARTIAL,Unknown,[B][C] apps/web/components/finance/treasury-accounts.tsx (جرد),"[B][C] apps/accounting/src/modules/financial-accounts/financial-accounts.controller.ts:49-52, 74-78 (reconciliations بصلاحية accounting.financial-accounts.reconcile)؛ [C] /api/accounting/bank-reconciliation/* (mounted=False)",[B][C] apps/accounting/src/modules/financial-accounts/financial-accounts.service.ts:449-464 (recordCount)؛ [C] apps/accounting/src/modules/bank-reconciliation/bank-reconciliation.service.ts غير مسجل في apps/accounting/src/app.module.ts:39-51,[B] apps/accounting/prisma/schema.prisma:1177 [C]:1364 FinancialAccountReconciliation؛ [C] :1515 BankStatement/BankStatementLine,,spec exists: financial-accounts.service.spec.ts؛ لا spec لمطابقة البنك,الجرد مخزن ومنفصل عن الرصيد؛ لا رابط بالتسوية ولا اعتماد للفرق؛ لا مطابقة كشف بنك في BASELINE؛ في CURRENT وحدة المطابقة موجودة لكنها غير مسجلة وتطابق بلا فحص مبلغ.,فروق نقدية تُسجل ولا تُغلق؛ أرصدة البنوك غير مطابقة على كشوف.,P2,ضابط رقابي له بديل يدوي (مطابقة خارج النظام).,,DEC-TRC-04,,ARC-05,"Reconciliation(accountId, countedAt, system, actual, difference, reason, countedBy, status OPEN|SETTLED, settledByEntryId, approvedBy)؛ BankStatementLine.matchedEntryId UNIQUE مع تحقق تساوي المبلغ.",DAR-05 | DAR-06 | DAR-08,REQ-SEC-040 | REQ-TRC-004,,docs/audit/2026-09-20-backlog-traceability-ar.md:183 (2026-09-20; B4b-0098) | docs/audit/2026-09-20-phase3-financial-accounts-report-ar.md:56 (2026-09-20; B4b-0252) | docs/audit/2026-09-20-phase3-financial-accounts-report-ar.md:57 (2026-09-20; B4b-0253)
REQ-TRC-008,C6,توجيه كل تحصيل إلى حساب مالي فعلي متوافق مع طريقة الدفع,OWNER_DECISION,unnamed owner,Treasury,المحصّل/المحاسب عند تسجيل التحصيل,أن يظهر كل تحصيل في الخزينة/البنك/المحفظة التي دخلها فعلًا.,كل دفعة تحصيل تُربط بحساب مالي فعلي ويُكتب لها حركة دخول في نفس المعاملة؛ الحساب المختار يجب أن يطابق نوع طريقة الدفع (لا نقدي في حساب بنك) وأن يكون نشطًا؛ بلا اختيار يُستخدم الافتراضي للنوع (وتُنشأ «خزينة 1» للنقدي)، ولغير النقدي بلا افتراضي لا يُخترع حساب؛ الشيك مستثنى حتى التحصيل؛ وعكس الدفعة يعكس حركة الخزينة.,BR-TRC-13 | BR-TRC-14 | BR-TRC-15 | BR-TRC-16,الفاتورة/العميل، المبلغ، الطريقة، الحساب المالي (اختياري),Payment.financialAccountId + حركة PAYMENT_IN,تسجيل التحصيل → اختيار الحساب المفلتر بالطريقة → تحقق التوافق → كتابة الدفعة وقيد العميل وحركة الخزينة ذريًا → نشر PaymentReceived عبر outbox.,الحساب الموقوف/المجهول مرفوض؛ إعادة الطلب بنفس المفتاح تُرجع الفائز؛ العكس يجب أن يكتب حركة خزينة معاكسة (غير منفذ).,accounting.payments.create,AC-TRC-008-1: بافتراض حساب بنك نشط، عندما يُسجَّل تحصيل نقدي ويُختار هذا الحساب، فإن النظام يرفض التحصيل. | AC-TRC-008-2: بافتراض تحصيل تحويل بنكي بلا حساب وبلا بنك افتراضي، عندما يُحفظ، فإن النظام يرفضه أو يطلب اختيار حساب (لا يُحفظ بلا حساب). | AC-TRC-008-3: بافتراض تحصيل نقدي 400 دخل «خزينة 1»، عندما يُعكس، فإن الخزينة تُخصم 400 بحركة معاكسة مرتبطة بالأصل.,PARTIAL,PARTIAL,Unknown,[B][C] apps/web/components/finance/record-payment-modal.tsx (منتقي الحساب حسب الطريقة)؛ apps/web/components/finance/account-collection-modal.tsx,[B][C] POST /api/accounting/payments (accounting.payments.create),apps/accounting/src/modules/payments/payments.service.ts [B]:56-63 (METHOD_ACCOUNT_TYPE)، :140-171، :741-795؛ [C]:57-70، :152-187 (+postArPayment داخل المعاملة)، :759-813؛ [B]:365-401 [C]:381-419 (العكس بلا حركة خزينة),[B][C] apps/accounting/prisma/schema.prisma Payment.financialAccountId nullable ([C]:414),finance.payment.received/reversed عبر outbox,spec exists: payments.service.spec.ts، field-collection.spec.ts؛ [C] payments.audit-chain.integration.spec.ts (لم تُشغّل),التوجيه والتوافق منفذان؛ غير النقدي بلا افتراضي يُحفظ بلا حساب؛ العكس والارتداد لا يعكسان الخزينة؛ التحصيلات المركزية لا تُعكس؛ في CURRENT ترحيل الأستاذ داخل معاملة التحصيل قد يمنع أي تحصيل (ACC-02/03).,أرصدة خزائن مضخمة؛ وفي CURRENT خطر توقف التحصيل كليًا.,P1,مال وسلامة أرصدة ويوقف التشغيل اليومي في CURRENT.,REQ-TRC-004,,,ACC-06 | ACC-07 | ACC-02 | ACC-03 | ACC-09,"Payment.financialAccountId NOT NULL لكل طريقة غير الشيك (بعد backfill)؛ CHECK (method<>CHECK OR financialAccountId IS NULL حتى التحصيل)؛ حركة الخزينة sourceType=PAYMENT, sourceId=payment.id UNIQUE؛ حركة عكس sourceType=PAYMENT_REVERSAL.",DAR-05 | DAR-06 | DAR-09,REQ-O2C-046 | REQ-TRC-009 | REQ-TRC-010 | REQ-TRC-013 | REQ-TRC-015,,docs/audit/2026-09-20-backlog-traceability-ar.md:167 (2026-09-20; B4b-0087) | docs/audit/2026-09-20-phase3-financial-accounts-report-ar.md:125 (2026-09-20; B4b-0259) | docs/audit/2026-09-20-phase3-financial-accounts-report-ar.md:126 (2026-09-20; B4b-0260) | docs/audit/production-program/PHASE-0-ARCHITECTURE.md:54 (2026-09-16; B6a-0310) | docs/audit/2026-09-20-phase0-discovery-audit-ar.md:445 (2026-09-20; B4b-0178)
REQ-TRC-009,C6,طرق الدفع المعتمدة: نقدي، شيك، تحويل بنكي، محفظة إلكترونية، إنستاباي,OWNER_DECISION,unnamed owner,Treasury,المحصّل/المحاسب,تسجيل التحصيل بالقنوات التي تستخدمها الشركة فعلًا.,يدعم التحصيل طرق: نقدي، شيك، تحويل بنكي لحساب بنك محدد، محفظة إلكترونية (مزوّد ورقم)، إنستاباي (alias).,BR-TRC-13,الطريقة وبياناتها,Payment.method,اختيار الطريقة في نافذة التحصيل → الحقول الخاصة بها → الحساب المفلتر.,—,—,AC-TRC-009-1: عندما يُسجَّل تحصيل بطريقة INSTAPAY، فإن الدفعة تُحفظ بالطريقة وتُوجَّه لحساب من نوع INSTAPAY. | AC-TRC-009-2: عندما يُسجَّل تحصيل بتحويل بنكي، فإن الحساب البنكي المستلم يكون محددًا في الدفعة.,IMPLEMENTED,IMPLEMENTED,Unknown,[B][C] apps/web/components/finance/record-payment-modal.tsx,,apps/accounting/src/modules/payments/payments.service.ts [B]:56-63 [C]:57-64,"[B][C] apps/accounting/prisma/schema.prisma:26-33 enum PaymentMethod {CASH,CHECK,DEPOSIT,TRANSFER,E_WALLET,INSTAPAY}",,spec exists: payments.service.spec.ts,منفذ؛ DEPOSIT و TRANSFER كلاهما يوجهان للبنك (ازدواج دلالي)؛ رقم المحفظة على الحساب لا على الدفعة.,—,P2,أساسي للتشغيل اليومي ومنفذ.,,,,,enum PaymentMethod مغلق؛ ربط الطريقة بنوع الحساب في جدول إعداد بدل ثابت في الكود.,DAR-05,REQ-TRC-008 | REQ-TRC-016,,docs/audit/2026-09-20-backlog-traceability-ar.md:162 (2026-09-20; B4b-0082) | docs/audit/2026-09-20-backlog-traceability-ar.md:164 (2026-09-20; B4b-0084) | docs/audit/2026-09-20-backlog-traceability-ar.md:165 (2026-09-20; B4b-0085) | docs/audit/2026-09-20-backlog-traceability-ar.md:166 (2026-09-20; B4b-0086)
REQ-TRC-010,C6,دورة الشيك: البيانات والحالات والشيك ليس نقدية حتى يُحصّل,OWNER_DECISION,unnamed owner,Treasury,أمين الخزينة / المحاسب,أن تعكس الخزينة والبنك المال الذي وصل فعلًا، وأن تُتابَع الشيكات حتى تحصيلها.,الشيك يُسجَّل برقم وتاريخ استحقاق وبنك وحالة (مستلم → مودع/تحت التحصيل → محصّل أو مرتد)؛ لا يدخل الخزينة/البنك عند الاستلام بل عند التحصيل في البنك المودع فيه؛ قبل التحصيل يُحمل على «شيكات تحت التحصيل»؛ الانتقالات محكومة ولا رجوع للخلف ولا ارتداد بعد التحصيل إلا بإجراء عكس صريح.,BR-TRC-16 | BR-TRC-17 | BR-TRC-18,بيانات الشيك؛ البنك المودع فيه؛ تاريخ التحصيل,حالة الشيك؛ حركة بنك عند التحصيل,استلام الشيك (بلا أثر خزينة) → إيداع في بنك محدد → تحصيل: حركة دخول للبنك وتصفية «تحت التحصيل» → أو ارتداد (REQ-TRC-012).,الارتداد يعكس التحصيل؛ الاستبدال بشيك جديد (REQ-TRC-011).,accounting.payments.update لتغيير الحالة؛ لا تدقيق لتغيير غير الارتداد.,"AC-TRC-010-1: بافتراض شيك 1,000 مستلم، عندما يُعرض رصيد البنوك، فإنه لا يتضمن الـ1,000. | AC-TRC-010-2: بافتراض شيك مودع في بنك X، عندما يُحدَّث إلى CLEARED، فإن بنك X يزيد 1,000 بحركة واحدة مرتبطة بالشيك. | AC-TRC-010-3: بافتراض شيك CLEARED، عندما يُطلب تغييره إلى RECEIVED، فإن النظام يرفض الانتقال. | AC-TRC-010-4: عندما تتغير حالة شيك، فإن سجل التدقيق يحتوي الحالة قبل وبعد والفاعل.",PARTIAL,PARTIAL,Unknown,[B][C] apps/web/app/dashboard/collection/today-tab.tsx (تقديم الحالة)؛ cash-banks/page.tsx:81 (عدد الشيكات),[B][C] GET /api/accounting/payments/checks، POST /api/accounting/payments/checks/:id/status (accounting.payments.update),apps/accounting/src/modules/payments/payments.service.ts [B]:427-436 [C]:445-454 (غير BOUNCED: updateMany للتسمية فقط بلا تحقق انتقال ولا بنك ولا تدقيق)؛ [C]:70 DEFERS_TO_CLEARANCE، :185-186 (مدين 1122 عند الاستلام),apps/accounting/prisma/schema.prisma [B]:35 [C]:49 enum CheckStatus؛ Payment.checkNumber/checkBank/checkStatus/checkDueDate ([C]:419),BOUNCED فقط: finance.payment.reversed/failed + audit_log CHECK_BOUNCED,spec exists: payments.service.spec.ts,البيانات والحالات موجودة والشيك لا يدخل الخزينة عند الاستلام؛ لكن التحصيل CLEARED لا يضيف شيئًا لأي بنك ولا يحدد البنك المودع فيه، وفي CURRENT يبقى في 1122 للأبد؛ الانتقالات غير محكومة؛ تغيير الحالة بلا تدقيق؛ ورصيد العميل يُخفَّض عند الاستلام (قرار الاعتراف مفتوح).,أرصدة البنوك أقل من الواقع بكل الشيكات المحصلة؛ لا متابعة موثوقة للشيكات.,P1,مال: أرصدة بنوك خاطئة وتعرض ائتماني مضلل.,,DEC-TRC-03,,ACC-08 | ACC-06,"Cheque/Instrument كيان مستقل: number, drawerBank, dueDate, amount, status enum بآلة حالات، depositedToAccountId، clearedEntryId UNIQUE، تاريخ كل انتقال وفاعله؛ UNIQUE(drawerBank, number, accountId).",DAR-05 | DAR-06 | DAR-09 | DAR-15,REQ-O2C-045 | REQ-TRC-011 | REQ-TRC-012 | REQ-TRC-025,,docs/audit/2026-09-20-backlog-traceability-ar.md:163 (2026-09-20; B4b-0083) | docs/audit/2026-09-20-phase3-financial-accounts-report-ar.md:124 (2026-09-20; B4b-0258) | docs/P0-ACCOUNTING-MEGA-WAVE.md:20 (unknown; B5a-0243)
REQ-TRC-011,C6,محفظة الأوراق المالية (شيكات وكمبيالات) وتنبيهات الاستحقاق,INFERRED_NEEDS_APPROVAL,AI agent,Treasury,أمين الخزينة / مسؤول التحصيل,متابعة الأوراق المؤجلة كأصول حتى تحصيلها أو ارتدادها.,الشيكات والكمبيالات أوراق مالية بحالات (استلام، تظهير، إيداع، تحت التحصيل، تحصيل، ارتداد، رد للعميل، استبدال)؛ الورقة قد تسدد عدة فواتير؛ عند التحصيل تُنشأ دفعة تلقائيًا مرة واحدة؛ تنبيه قبل الاستحقاق وتنبيه للأوراق العالقة؛ سلسلة استبدال للأوراق المرتدة.,BR-TRC-17 | BR-TRC-19,الورقة، الفواتير المغطاة,محفظة أوراق؛ دفعات عند التحصيل؛ تنبيهات,استلام الورقة → محفظة → تنبيه قبل الاستحقاق → إيداع → تحصيل (دفعة تلقائية) أو ارتداد → استبدال.,الاستبدال يربط الجديدة بالمرتدة؛ التحصيل idempotent بمفتاح instrument:<id>.,صلاحيات accounting.instruments.* (CURRENT، غير مسجلة).,AC-TRC-011-1: بافتراض كمبيالة تستحق بعد 3 أيام، عندما يعمل فحص الاستحقاق اليومي، فإن المسؤول يستلم تنبيهًا بها. | AC-TRC-011-2: بافتراض ورقة تغطي فاتورتين، عندما تُحصَّل، فإن دفعة واحدة تُوزَّع على الفاتورتين مرة واحدة فقط حتى لو أُعيد الطلب. | AC-TRC-011-3: بافتراض ورقة مرتدة، عندما تُستبدل، فإن الجديدة تشير للقديمة ولا تتكرر المديونية.,NOT_IMPLEMENTED,NOT_IMPLEMENTED,Unknown,,[C] /api/accounting/instruments/* (mounted=False في api-inventory),[C] apps/accounting/src/modules/instruments/instruments.service.ts:5-12 (آلة حالات)، :30 (createFromPayment بلا مستدعٍ)، :79 (replace)، :97-109 (dueSoon/stuck) — InstrumentsModule غير مسجل في apps/accounting/src/app.module.ts:39-51؛ [B] لا وحدة,"[C] apps/accounting/prisma/schema.prisma:330 FinancialInstrument، enum InstrumentType{CHECK,PROMISSORY_NOTE}؛ [B] غير موجود",,لا spec,لا محفظة في BASELINE؛ في CURRENT كود جزئي غير قابل للوصول، بلا تظهير ولا تطبيق على عدة فواتير ولا أثر خزينة ولا مهمة مجدولة للتنبيه.,الكمبيالات تُتابع خارج النظام؛ لا إنذار مبكر بالاستحقاق.,P2,ضابط تحصيل له بديل يدوي (دفتر شيكات خارجي).,,DEC-TRC-03 | DEC-TRC-13,,ARC-05,"FinancialInstrument(type, number, bank, amount, currency, dueDate, status, accountId, replacesId/replacedById UNIQUE) + InstrumentAllocation(instrumentId, invoiceId, amount) بمجموع ≤ مبلغ الورقة؛ سجل انتقالات.",DAR-05 | DAR-06 | DAR-09 | DAR-10,REQ-INV-059 | REQ-O2C-045 | REQ-P2P-026 | REQ-SEC-053 | REQ-TRC-010 | REQ-TRC-012,,docs/BUSINESS-FLOWS-COVERAGE-P0A-ASSESSMENT.md:1012-1028 (2026-09-07; B4a-0051) | docs/BUSINESS-FLOWS-COVERAGE-P0A-ASSESSMENT.md:346-347 (2026-09-07; B4a-0029) | docs/P1-AUDIT.md:115 (2026-09-24; B2-0110) | docs/P1-AUDIT.md:310-319 (2026-09-24; B2-0160)
REQ-TRC-012,C6,ارتداد الشيك: عكس التحصيل والخزينة ورسوم الارتداد وإيقاف ائتماني حتى الرفع اليدوي,INFERRED_NEEDS_APPROVAL,AI agent,Credit Control,المحاسب (تسجيل الارتداد)؛ مدير الائتمان (رفع الإيقاف),إعادة المديونية والتعرض ومنع البيع الآجل لعميل ارتد شيكه.,ارتداد ورقة مستلمة/محصلة يعكس السداد تلقائيًا (العميل والتعرض وحركة البنك إن كانت دخلت)، ويسجل رسوم الارتداد، وينشر حدثًا يجعل المبيعات تضع العميل على إيقاف ائتماني للطلبات الجديدة حتى يرفعه مستخدم بصلاحية مستقلة.,BR-TRC-20 | BR-TRC-21,الشيك، سبب الارتداد، الرسوم,عكس الدفعة؛ رسوم؛ إيقاف ائتماني على العميل؛ إشعار,تسجيل BOUNCED → عكس الدفعة والقيد → عكس حركة البنك إن وُجدت → رسوم → حدث → إيقاف العميل → إشعار المسؤولين.,الارتداد مرة واحدة (حماية بالحالة)؛ رفع الإيقاف يدوي بسبب.,رفع الإيقاف بصلاحية مستقلة (مقترحة sales.credit.release-hold — غير موجودة).,"AC-TRC-012-1: بافتراض شيك 1,000 سدد فاتورة، عندما يُسجَّل ارتداده، فإن رصيد العميل يعود +1,000 والتعرض الائتماني +1,000 مرة واحدة. | AC-TRC-012-2: بافتراض ارتداد شيك لعميل، عندما يُنشأ له أمر جديد، فإن الأمر يدخل CREDIT_HOLD حتى يرفع مستخدم مختلف الإيقاف بسبب. | AC-TRC-012-3: بافتراض شيك دخل بنكًا ثم ارتد، عندما يُسجَّل الارتداد، فإن البنك يُخصم بنفس المبلغ.",PARTIAL,PARTIAL,Unknown,,[B][C] POST /api/accounting/payments/checks/:id/status,apps/accounting/src/modules/payments/payments.service.ts [B]:437-460 [C]:455-478 (عكس تلقائي + PaymentFailed عبر outbox + audit CHECK_BOUNCED)؛ [B][C] apps/sales/src/modules/saga/saga.orchestrator.ts:508-510 (إعادة التعرض)؛ لا CREDIT_HOLD على مستوى العميل (grep في sales/accounting),,finance.payment.reversed (مستهلك في Sales)، finance.payment.failed (IAM للإشعار فقط),spec exists: payments.service.spec.ts,العكس التلقائي للعميل والتعرض منفذ؛ لا عكس لحركة الخزينة، لا رسوم، لا إيقاف ائتماني للعميل ولا صلاحية رفع؛ التحصيلات المركزية لا يمكن ارتدادها.,عميل ارتد شيكه يستمر في الشراء الآجل؛ رصيد البنك/الخزينة مضخم.,P1,مال وخطر ائتمان مباشر.,,DEC-TRC-13 | DEC-TRC-03,,ACC-06 | ACC-07 | ACC-08,"CustomerCreditHold(accountId, reason enum {CHECK_BOUNCED, OVERDUE, MANUAL}, sourceRef, placedAt, releasedBy, releasedAt, releaseReason) مع قيد: واحد نشط لكل (accountId, reason, sourceRef)؛ رسوم الارتداد كمستند مدين مرتبط بالشيك.",DAR-04 | DAR-05 | DAR-06 | DAR-07 | DAR-09 | DAR-14,REQ-O2C-045 | REQ-TRC-010 | REQ-TRC-011 | REQ-TRC-020,,"docs/PROMPT-P1-P3-IMPLEMENTATION.md:118,132 (unknown; B5a-0178)"
REQ-TRC-013,C6,خزنة/عهدة المندوب والتوريد للخزينة الرئيسية بإيصال وتقرير العهدة,OWNER_DECISION,owner,Treasury,المندوب (حامل العهدة)؛ أمين الخزينة الرئيسية (المستلم),معرفة النقدية التي بيد كل مندوب في أي لحظة ومساءلته عنها.,لكل مندوب خزنة نقدية مرتبطة به تدخلها تحصيلاته؛ «توريد» من خزنة المندوب للخزينة الرئيسية بإيصال يؤكده المستلم؛ رصيد العهدة = افتتاحي + تحصيلات استلمها − توريدات − مصروفات معتمدة ± تحويلات؛ تقرير «عهدة المندوب» (بضاعة + نقدية).,BR-TRC-22 | BR-TRC-23 | BR-TRC-10,تحصيل المندوب؛ إيصال التوريد,رصيد عهدة المندوب؛ إيصال توريد؛ تقرير العهدة,المندوب يحصّل → حركة دخول لخزنته (لا للرئيسية) → توريد بإيصال → تأكيد المستلم → خصم العهدة وإضافة للرئيسية مرة واحدة → تقرير العهدة.,إعادة إرسال التوريد بنفس الإيصال لا تكرره؛ توريد غير مؤكد يبقى «في الطريق»؛ الحد الأقصى والدورية قرار مفتوح.,المستلم ≠ المندوب المورِّد.,"AC-TRC-013-1: بافتراض فاتورة 1,000 وقبض 400 بعهدة مندوب، عندما يُحفظ التحصيل، فإن العميل مدين 600 وعهدة المندوب +400 والخزينة الرئيسية بلا زيادة. | AC-TRC-013-2: بافتراض عهدة 400، عندما يُورَّد 400 للخزينة مع إعادة الطلب، فإن العهدة −400 والخزينة +400 مرة واحدة دون أثر على العميل أو الإيراد. | AC-TRC-013-3: عندما يُطلب تقرير عهدة مندوب، فإنه يعرض النقدية والبضاعة بيده برصيد يساوي معادلة العهدة.",NOT_IMPLEMENTED,NOT_IMPLEMENTED,Unknown,,,[B][C] لا كيان عهدة (grep custod/عهدة في apps لا يجد إلا PETTY_CASH في organization ونص تصريف)؛ بديل يدوي: خزينة باسم المندوب + تحويل (apps/accounting/src/modules/financial-accounts/financial-accounts.service.ts:302-402)؛ apps/accounting/src/modules/payments/payments.service.ts [B]:741-795 [C]:759-813 (التحصيل النقدي يذهب للافتراضية),[B][C] apps/accounting/prisma/schema.prisma FinancialAccount بلا custodian/holder؛ Payment.actorId = المُدخِل لا حامل النقد,,لا يوجد,لا خزنة مرتبطة بالمندوب، لا إيصال توريد ولا تأكيد استلام، لا تقرير عهدة؛ تحصيل المندوب يُحسب فورًا على الخزينة الافتراضية.,النقدية بيد المندوبين غير مرئية؛ خطر اختلاس أو فقد بلا اكتشاف.,P1,مال نقدي ميداني بلا رقابة.,REQ-TRC-001 | REQ-TRC-015,DEC-TRC-02,,GOV-05,"FinancialAccount.custodianUserId (UNIQUE لنوع CUSTODY_CASH لكل مندوب نشط)؛ Remittance(id, number UNIQUE, fromAccountId, toAccountId, amount, status SUBMITTED|CONFIRMED|REJECTED, submittedBy, confirmedBy≠submittedBy, idempotencyKey UNIQUE)؛ Payment.custodyAccountId.",DAR-05 | DAR-06 | DAR-07 | DAR-13 | DAR-20,REQ-INV-002 | REQ-O2C-046 | REQ-TRC-006 | REQ-TRC-008 | REQ-TRC-015 | REQ-TRC-016,,docs/REQUESTS-2026-09-25-ar.md:145-148 (2026-09-25; B1-0139) | docs/audit/2026-09-18-company-workflows-vs-erp-ar.md:36 (2026-09-18; B3-0008) | docs/audit/2026-09-18-company-workflows-vs-erp-ar.md:225 (2026-09-18; B3-0050) | docs/audit/2026-09-18-company-workflows-vs-erp-ar.md:226 (2026-09-18; B3-0051)
REQ-TRC-014,C6,سند مالي مرقم (قبض/صرف/توريد) باعتماد وتدقيق لكل حركة نقدية يدوية,INFERRED_NEEDS_APPROVAL,AI agent,Treasury,أمين الخزينة (منشئ)؛ المدير المالي (معتمد),أن يكون لكل حركة مال يدوية مستند مرقم ومسؤول ومعتمد.,كل حركة مالية يدوية تصدر كسند برقم تسلسلي وتاريخ فعلي، حساب مصدر/وجهة، عملة، صاحب عهدة، طريقة دفع، قيد متوازن؛ توريد العهدة يُعتمد؛ التحويل الداخلي لا يُحسب إيرادًا؛ السلفة ذمة حتى التسوية لا مصروف تلقائي؛ شاشة سندات القبض/الصرف.,BR-TRC-24 | BR-TRC-25 | BR-TRC-10,بيانات السند,سند مرقم، قيد، حركة خزينة,إنشاء سند → اعتماد → ترحيل (حركة خزينة + قيد) → طباعة.,الإلغاء بسند عكسي لا بالحذف.,المنشئ ≠ المعتمد.,"AC-TRC-014-1: عندما يُنشأ سندا صرف متتاليان، فإن رقميهما متتاليان بلا فجوة أو تكرار. | AC-TRC-014-2: بافتراض سند صرف 500 لم يُعتمد، عندما يُعرض رصيد الخزينة، فإنه لا يتأثر. | AC-TRC-014-3: بافتراض سلفة 1,000 لموظف، عندما تُصرف، فإنها تظهر ذمة على الموظف لا مصروفًا.",PARTIAL,PARTIAL,Unknown,,[B][C] apps/accounting/src/modules/financial-accounts/financial-accounts.controller.ts:64-72 (صلاحية manage واحدة),[B][C] apps/accounting/src/modules/financial-accounts/financial-accounts.service.ts:236-290 (لا اعتماد، لا auditLog، reference نص حر),[B][C] apps/accounting/prisma/schema.prisma FinancialAccountEntry (لا رقم سند، لا حالة، لا معتمد، لا sourceType/sourceId),لا حدث ولا audit_log,—,الحركة موجودة بمفتاح idempotency والفاعل فقط؛ لا رقم سند ولا اعتماد ولا تدقيق ولا قيد أستاذ في BASELINE ولا تمييز للسلفة.,صرف نقدي بلا مستند معتمد؛ ضعف رقابي جوهري.,P1,خروج مال بلا اعتماد أو تدقيق.,,,,SEC-13 | SEC-10 | ACC-01,"Voucher(id, type RECEIPT|PAYMENT|REMITTANCE|TRANSFER, number UNIQUE per type/year بلا فجوات، date, status DRAFT|APPROVED|POSTED|VOIDED, createdBy, approvedBy≠createdBy, financialAccountId, counterparty, journalId)؛ حركة الخزينة تُكتب عند POSTED فقط.",DAR-04 | DAR-05 | DAR-06 | DAR-08 | DAR-10 | DAR-12 | DAR-15,REQ-INH-049 | REQ-INH-062 | REQ-INH-064 | REQ-TRC-005 | REQ-TRC-015,,docs/audit/2026-09-18-company-workflows-vs-erp-ar.md:73 (2026-09-18; B3-0017) | docs/GAP-ANALYSIS-AR.md:113-114 (unknown; B4a-0144)
REQ-TRC-015,C6,كل تحصيل أو صرف يحدد الحساب المالي وصاحب العهدة (بما فيه سداد الموردين والمصروفات),INFERRED_NEEDS_APPROVAL,AI agent,Treasury,المحاسب / أمين الخزينة,إغلاق دائرة المال: كل خروج للنقدية يظهر في خزينة محددة.,كل تحصيل أو صرف (سداد مورد، مصروف، هدية، راتب) يحدد الخزينة/البنك/المحفظة وصاحب العهدة ويكتب حركة خزينة مرتبطة بالمستند؛ التحويل له طرفان ولا يغير إجمالي مال الشركة.,BR-TRC-10 | BR-TRC-26,مستند الصرف، الحساب المالي,حركة PAYMENT_OUT مرتبطة,اعتماد مستند الصرف → اختيار الحساب → حركة خروج ذرية مع المستند.,عكس الصرف بحركة معاكسة؛ idempotency لكل مستند.,حسب نوع المستند.,AC-TRC-015-1: بافتراض مصروف معتمد 300، عندما يُعلَّم مدفوعًا من «خزينة 1»، فإن الخزينة تُخصم 300 بحركة تشير للمصروف. | AC-TRC-015-2: بافتراض سداد مورد، عندما يُعاد إرسال نفس الطلب، فإن الخزينة لا تُخصم مرتين.,NOT_IMPLEMENTED,NOT_IMPLEMENTED,Unknown,,[C] supplier-payments routes mounted=False,[B][C] apps/organization/src/modules/expenses/expenses.service.ts:173-192 (markPaid نص طريقة فقط)؛ apps/organization/src/modules/payroll/payroll.service.ts:406-418؛ [B] لا سداد موردين؛ [C] apps/accounting/src/modules/supplier-ledger/supplier-payments.service.ts:138-149 (PAYMENT_OUT) غير مسجل,[C] apps/accounting/prisma/schema.prisma:589 SupplierPayment.financialAccountId nullable,لا أحداث صرف من organization,—,التحصيل موجّه (REQ-TRC-008) لكن لا صرف موجّه: المصروفات والرواتب والهدايا لا تمس الخزينة؛ سداد الموردين غائب في BASELINE وغير مسجل في CURRENT؛ الصرف الفعلي يُسجل يدويًا كسحب بلا رابط.,أرصدة الخزينة لا تعكس المدفوعات إلا بإدخال مزدوج يدوي.,P1,مال وسلامة أرصدة الخزينة.,REQ-TRC-014,DEC-TRC-01,,ACC-10 | ORG-04 | ARC-05,FinancialAccountEntry.sourceType/sourceId إلزاميان لـ PAYMENT_OUT مع UNIQUE؛ Expense/Payroll/SupplierPayment.financialAccountId FK.,DAR-05 | DAR-06 | DAR-18,REQ-INH-049 | REQ-INH-062 | REQ-O2C-046 | REQ-P2P-016 | REQ-P2P-017 | REQ-R2R-048 | REQ-TRC-008 | REQ-TRC-013 | REQ-TRC-014,,docs/audit/2026-09-18-company-workflows-vs-erp-ar.md:67 (2026-09-18; B3-0015)
REQ-TRC-016,C6,موقف الخزينة: النقدي والمحافظ وإنستاباي والشيكات غير المحصلة منفصلة,INFERRED_NEEDS_APPROVAL,company file,Treasury,المدير المالي / صاحب الشركة,استبدال ملخص الخزنة في شيت الشركة بموقف من النظام.,عرض موقف خزينة يجمع: إجمالي الشيكات غير المحصلة وإجمالي الشيكات، إجمالي فودافون كاش، إجمالي إنستاباي، الإيراد والمصروف النقدي، إجمالي النقدي، وإجمالي الخزينة — مع فصل الشيكات غير المحصلة عن النقدية.,BR-TRC-16,أرصدة الحسابات المالية، الشيكات,تقرير موقف الخزينة,فتح شاشة النقدية والبنوك → أرصدة لكل نوع + الشيكات حسب الحالة → إجمالي.,—,accounting.financial-accounts.read,"AC-TRC-016-1: بافتراض نقدي 10,000 ومحفظة 2,000 وشيكات مستلمة غير محصلة 5,000، عندما يُعرض الموقف، فإن إجمالي الخزينة 12,000 والشيكات غير المحصلة 5,000 في سطر منفصل. | AC-TRC-016-2: عندما تُقارن أرقام الموقف بمجموع دفاتر الحسابات، فإنها متطابقة.",PARTIAL,PARTIAL,Unknown,[B][C] apps/web/app/dashboard/cash-banks/page.tsx (أرصدة لكل نوع، عدد الشيكات :81، :144)؛ apps/web/components/finance/treasury-accounts.tsx؛ apps/web/app/dashboard/collection/today-tab.tsx (حالة الشيكات وموقف اليوم),[B][C] /api/accounting/financial-accounts، /api/accounting/cash-banks/overview، /api/accounting/payments/checks,,,,لا اختبار واجهة,أرصدة الأنواع والشيكات معروضة لكن في أماكن متفرقة؛ الشيكات تُعد عددًا لا قيمة غير محصلة في الموقف؛ الأرصدة مضخمة بفجوة العكس (ACC-06) ولا تتضمن الشيكات المحصلة (ACC-08)؛ لا إيراد/مصروف نقدي للفترة.,الشيت اليدوي يبقى مرجع الإدارة.,P3,تقرير؛ يعتمد على صحة REQ-TRC-004/010.,REQ-TRC-004 | REQ-TRC-010,,,ACC-06 | ACC-08,استعلام مجمع من FinancialAccountEntry وحالات الشيكات بتاريخ قطع؛ لا رصيد مخزن منفصل للتقرير.,DAR-05 | DAR-13 | DAR-17 | DAR-20,REQ-R2R-050 | REQ-TRC-001 | REQ-TRC-009,,Data/حسابات المخزون والخزنه 2026.xlsx:sheet الشركة (ماليات) row 2 (unknown; B3-0300)
REQ-TRC-017,C6,منع حذف حساب مالي له حركات,INFERRED_NEEDS_APPROVAL,AI agent,Treasury,المحاسب,حماية التاريخ المالي.,الحساب المالي الذي له حركات أو جرد لا يُحذف؛ الإيقاف فقط.,BR-TRC-27,—,—,الإيقاف عبر isActive.,—,—,AC-TRC-017-1: بافتراض حساب له حركة واحدة، عندما يُطلب حذفه عبر أي مسار، فإن الطلب يُرفض ويبقى الحساب ودفتره.,IMPLEMENTED,IMPLEMENTED,Unknown,,[B][C] apps/accounting/src/modules/financial-accounts/financial-accounts.controller.ts:28-78 (لا DELETE),,ON DELETE RESTRICT على financial_account_entries/reconciliations حسب تقرير المرحلة 3 — NOT_VERIFIED في ملف الترحيل في هذه الجولة,,—,لا مسار حذف؛ قيد RESTRICT لم يُتحقق منه مباشرة في SQL الترحيل.,—,P3,ضابط سلامة بيانات منفذ.,,,,,FK RESTRICT من الحركات والجرد والدفعات إلى financial_accounts.,DAR-05,REQ-TRC-001,,docs/audit/2026-09-20-phase3-financial-accounts-report-ar.md:40 (2026-09-20; B4b-0245)
REQ-TRC-020,C6,فرض حد الائتمان المالي والحجز التلقائي: المستحق + الملتزم + الأمر الجديد > الحد,DOCUMENTED_REQ,AI agent,Credit Control,النظام عند إنشاء/إرسال الأمر؛ مدير الائتمان للتجاوز,منع البيع الآجل فوق الحد المعتمد للعميل.,"عند إنشاء أو إرسال أمر بيع لعميل له حد ائتمان (L>0) يوضع الأمر على CREDIT_HOLD إذا كان المستحق (مفوتر غير مسدد) + الملتزم (أوامر معتمدة/قيد التنفيذ غير مفوترة) + الأمر الجديد > الحد؛ الأمر الذي يساوي الحد تمامًا لا يُحجز؛ الأوامر ≥ 100,000 تذهب لـ PENDING_APPROVAL؛ المعتمد أو متجاوز الائتمان شخص مختلف عن مندوب الأمر؛ الرفض بسبب.",BR-TRC-30 | BR-TRC-31 | BR-TRC-32 | BR-TRC-33,العميل، إجمالي الأمر,حالة الأمر CREDIT_HOLD/PENDING_APPROVAL/APPROVED؛ حدث CreditHoldTriggered,إنشاء الأمر → قفل صف الائتمان → حساب المعرّض → حجز أو اعتماد أو موافقة تلقائية → نشر الحدث.,الإلغاء من CREDIT_HOLD مسموح؛ التجاوز (REQ-TRC-027).,المعتمد ≠ مندوب الأمر (قاعدة صارمة في المستند).,"AC-TRC-020-1: بافتراض حد 100,000 ومستحق 60,000 وملتزم 20,000، عندما يُنشأ أمر 25,000، فإن الأمر يدخل CREDIT_HOLD بسبب يوضح الأرقام. | AC-TRC-020-2: بافتراض نفس الأرقام، عندما يُنشأ أمر 20,000 (المجموع = الحد)، فإن الأمر لا يُحجز. | AC-TRC-020-3: بافتراض أمر SHIPPED غير مفوتر بقيمة 30,000، عندما يُحسب التعرض، فإنه يُحتسب ضمن الملتزم.",PARTIAL,PARTIAL,Unknown,[B][C] apps/web/app/dashboard/orders/page.tsx (عرض CREDIT_HOLD وزر التجاوز),[B][C] POST /api/sales/orders، POST /api/sales/orders/:id/submit,"[B][C] apps/sales/src/modules/credit/credit.service.ts:11 (COMMITTED_STATUSES بلا SHIPPED/ON_HOLD_RECALL)، :343-371 (evaluateHold؛ ≤0 لا فحص :349؛ Decimal greaterThan :363)؛ apps/sales/src/modules/orders/orders.service.ts [C]:20, 642-654, 1095-1109 [B]:20, 612-624, 1065-1077","[B][C] apps/sales/prisma/schema.prisma:527 AccountCredit(credit_limit, outstanding NUMERIC(14,2))",sales.credit.hold-triggered — نشر مباشر بعد الالتزام بلا outbox,spec exists: credit.service.spec.ts، orders.service.spec.ts (لم تُشغّل),"آلية الحجز منفذة وصحيحة عند الحد؛ دقتها تعتمد على المستحق في نموذج القراءة (دفعات الفواتير المباشرة لا تُنقصه — REQ-TRC-025)، والأوامر المشحونة قبل الفوترة لا تُحسب في الملتزم، والحد 0 يعطل الفحص (DEC-TRC-10)؛ عتبة 100,000 ثابتة في الكود.",حجز زائف لعملاء الفواتير المباشرة، أو تسرب تعرض عبر الشحن قبل الفوترة.,P1,ضابط مال أساسي في البيع الآجل.,REQ-TRC-022 | REQ-TRC-025,DEC-TRC-10 | DEC-TRC-11 | DEC-TRC-07,,SAL-03 | SAL-11 | SAL-17,"AccountCredit(accountId PK, creditLimit, outstanding NUMERIC(14,2) ≥ 0, version, lastSyncedAt)؛ تعريف الملتزم كقائمة حالات في إعداد؛ عتبة الاعتماد في جدول إعداد بتاريخ سريان.",DAR-04,REQ-TRC-021 | REQ-TRC-027 | REQ-TRC-030,,Data/AB DATA/Nile ERP Business Operations.pdf:p.3 (2026-09-13; B3-0320) | docs/audit/21-p0-p1-remediation.md:790-792 (2026-09-07; B6b-0044)
REQ-TRC-021,C6,ذرية فحص الائتمان مع إنشاء الأمر لمنع التجاوز بأوامر متزامنة,INFERRED_NEEDS_APPROVAL,AI agent,Credit Control,النظام,ألا يتجاوز عميل حده بأمرين متزامنين.,فحص الحد وإنشاء الأمر ذريان لكل عميل: الطلبات المتزامنة لنفس العميل تُسلسل (قفل صف أو Serializable)، والطلب الذي يجعل المجموع يتجاوز الحد يوضع على CREDIT_HOLD.,BR-TRC-34,أوامر متزامنة,أمر واحد على الأقل محجوز عند التجاوز,معاملة إنشاء → SELECT FOR UPDATE على account_credit → فحص → إدراج → التزام.,عميل بلا صف ائتمان (حد 0) لا يُقفل ولا يُفحص.,—,"AC-TRC-021-1: بافتراض حد 100,000 وتعرض 0، عندما يُنشأ أمران متزامنان بقيمة 70,000 لكل منهما، فإن أحدهما على الأقل يدخل CREDIT_HOLD.",IMPLEMENTED,IMPLEMENTED,Unknown,,POST /api/sales/orders,[B][C] apps/sales/src/modules/credit/credit.service.ts:320-341 (checkHoldForUpdate: FOR UPDATE :339)؛ apps/sales/src/modules/orders/orders.service.ts [C]:649-654 [B]:619-624,account_credit PK account_id,,spec exists: apps/sales/src/modules/orders/orders.credit-race.integration.spec.ts (يتطلب TEST_DB_URL؛ لم يُشغّل),منفذ بقفل صف داخل معاملة الإنشاء؛ ادعاء B1-0329 بأنه Serializable+retry غير دقيق لكن الأثر متحقق؛ نتيجة اختبار الحمل (B6a-0408) ادعاء غير مُعاد التحقق.,—,P2,منفذ؛ يبقى إثبات تشغيلي.,,,,,صف account_credit لكل عميل له حد (يُنشأ عند ضبط الحد) كنقطة تسلسل.,DAR-06 | DAR-10,REQ-TRC-020,,docs/audit/21-p0-p1-remediation.md:422-518 (2026-09-07; B6b-0023) | docs/audit/18-business-workflows.md:13 (unknown; B4a-0117) | docs/audit/20-p0-p1-evidence-validation.md:151-154 (unknown; B6a-0277) | docs/audit/00-executive-summary.md:56 (2026-09-01; B6a-0018)
REQ-TRC-022,C6,تحديث التعرض الائتماني مرة واحدة فقط لكل حدث فاتورة/دفعة,INFERRED_NEEDS_APPROVAL,auditor,Credit Control,النظام,ألا يتضخم أو يتقلص التعرض بإعادة تسليم الأحداث.,إعادة تسليم InvoiceGenerated أو PaymentReceived (بعد إعادة تشغيل أو إعادة محاولة) لا تغير outstanding مرة ثانية؛ التكرار أو عدم الترتيب لا يغير التعرض؛ الوسم بالمعالجة في نفس معاملة التأثير.,BR-TRC-35,أحداث المحاسبة,outstanding صحيح,استهلاك الحدث → فحص processed_events → تطبيق ووسم في معاملة واحدة.,فشل المعالج بعد كتابة جزئية يجب ألا يترك أثرًا مكررًا عند الإعادة.,—,"AC-TRC-022-1: بافتراض فاتورة 10,000، عندما يُسلَّم InvoiceGenerated مرتين بنفس event_id، فإن outstanding يزيد 10,000 مرة واحدة. | AC-TRC-022-2: بافتراض دفعة 4,000، عندما يُسلَّم PaymentReceived مرتين بعد إعادة تشغيل الخدمة، فإن outstanding ينقص 4,000 مرة واحدة.",PARTIAL,PARTIAL,Unknown,,,[B][C] apps/sales/src/modules/saga/saga.orchestrator.ts:49-55 (PrismaProcessedEventStore دائم)؛ apps/sales/src/modules/credit/credit.service.ts:112-118 (applyInvoice زيادة عادية بلا مفتاح)، :127-150 (applyPayment مع تثبيت عند صفر — تخفيف لا منع)؛ packages/events/src/consumer.ts:290-316 (seen → handler → mark خارج معاملة المعالج),[B][C] apps/sales/prisma/schema.prisma:468 ProcessedEvent,,spec exists: apps/sales/src/modules/saga/saga.processed-events.integration.spec.ts (لم يُشغّل),تخزين dedup دائم موجود، لكن الوسم بعد المعالج وخارج معاملته، والمعالج متعدد الكتابات ⇒ احتمال تطبيق مزدوج عند فشل جزئي؛ applyInvoice نفسه غير idempotent.,حجز ائتماني زائف أو رصيد متاح مضخم.,P1,سلامة بيانات التعرض المستخدم في قرار البيع.,,,,INT-02 | SAL-03,"ProcessedEvent(consumer, eventId) PK مكتوب في نفس معاملة تحديث account_credit؛ أو CreditMovement(accountId, sourceEventId UNIQUE, delta) واشتقاق outstanding بالمجموع.",DAR-05 | DAR-06 | DAR-07,REQ-INH-004 | REQ-NFR-015 | REQ-O2C-049 | REQ-P2P-013 | REQ-R2R-004 | REQ-TRC-023 | REQ-TRC-024,,"docs/audit/20-p0-p1-evidence-validation.md:88-91 (unknown; B6a-0267) | docs/audit/18-business-workflows.md:12 (unknown; B4a-0116) | docs/audit/2026-09-20-phase1-direct-invoice-report-ar.md:89,159 (2026-09-20; B4b-0230) | docs/audit/20-p0-p1-evidence-validation.md:281 (unknown; B6a-0293) | docs/audit/22-production-remediation-master-plan.md:415 (2026-09-13; B6b-0128)"
REQ-TRC-023,C6,تطبيق تخفيض التعرض بالدفعة بغض النظر عن ترتيب الأحداث,INFERRED_NEEDS_APPROVAL,AI agent,Credit Control,النظام,ألا تضيع دفعة وصلت قبل الفاتورة أو قبل ضبط الحد.,تخفيض التعرض بالدفعة يُطبق دائمًا؛ إن لم تكن الملحمة/صف الائتمان موجودًا تُصف الدفعة (فريدة بمعرف الحدث) وتُطبق عند وصول الفاتورة/إنشاء الصف.,BR-TRC-35,PaymentReceived,pending_payments / pending_credit_applications,دفعة → applyPayment أولًا → إن لا ملحمة: صف معلق → إعادة التطبيق عند InvoiceGenerated.,الصف المعلق فريد بمعرف الحدث.,—,AC-TRC-023-1: بافتراض PaymentReceived وصل قبل InvoiceGenerated لنفس الأمر، عندما تصل الفاتورة، فإن الأمر ينتقل إلى PAID والتعرض صافٍ صحيح.,IMPLEMENTED,IMPLEMENTED,Unknown,,,"[B][C] apps/sales/src/modules/credit/credit.service.ts:79-110, 127-150؛ apps/sales/src/modules/saga/saga.orchestrator.ts:434-446 (التخفيض قبل البحث عن الملحمة)، 573+ (إعادة التطبيق)",[B][C] apps/sales/prisma/schema.prisma:497 PendingPayment(event_id unique)، :512 PendingCreditApplication,,spec exists: saga.orchestrator.spec.ts,منفذ للدفعات المرتبطة بأمر؛ الدفعات بلا order_id (فواتير مباشرة) تُرجع قبل applyPayment (:440) — انظر REQ-TRC-025.,—,P3,منفذ.,,,,,"PendingPayment.eventId UNIQUE؛ PendingCreditApplication(accountId, amount, status).",DAR-05 | DAR-06 | DAR-07,REQ-TRC-022 | REQ-TRC-025,,docs/audit/21-p0-p1-remediation.md:1675-1707 (2026-09-07; B6b-0073)
REQ-TRC-024,C6,مطابقة دورية للتعرض الائتماني مع دفتر المحاسبة وتنبيه عند الانحراف,INFERRED_NEEDS_APPROVAL,AI agent,Credit Control,المحاسب / مدير الائتمان (متابعة التنبيه),ألا يُتخذ قرار ائتمان على رقم قديم أو منحرف.,وظيفة دورية تقارن AccountCredit.outstanding لكل عميل بالرصيد المشتق من دفتر المحاسبة (لقطة أرصدة)، وتنبه عند الانحراف وتتيح التصحيح المضبوط؛ ونموذج القراءة المتسق تدريجيًا يُعامل كقيمة قابلة للتقادم.,BR-TRC-36,أرصدة دفتر العملاء,تقرير انحراف؛ تنبيه,جدولة ليلية → جلب لقطة الأرصدة → مقارنة → تنبيه/تصحيح.,التصحيح يُسجل مع سبب.,—,"AC-TRC-024-1: بافتراض عميل outstanding في المبيعات 50,000 ورصيده في الدفتر 45,000، عندما تعمل المطابقة، فإن تنبيهًا يصدر بالفرق 5,000. | AC-TRC-024-2: بافتراض تطابق كل العملاء، عندما تعمل المطابقة، فإن النتيجة OK بلا تنبيه.",NOT_IMPLEMENTED,NOT_IMPLEMENTED,Unknown,,,[B][C] apps/sales/src/modules/reconciliation/sales-reconciliation.service.ts:23-131 (يطابق saga وreturned_qty فقط، لا account_credit),,لا حدث لقطة أرصدة,—,لا مطابقة بين الخدمتين ولا لقطة أرصدة؛ الانحراف الناتج عن SAL-03/INT-02 لا يُكتشف.,قرارات ائتمان خاطئة صامتة.,P2,ضابط كشف؛ البديل يدوي بمقارنة التقارير.,,,,SAL-03 | SAL-11 | INT-02,"CreditReconciliationRun(runAt, accountId, salesOutstanding, ledgerBalance, delta, status) مع حدث BalanceSnapshot من المحاسبة.",DAR-07 | DAR-08,REQ-R2R-041 | REQ-TRC-004 | REQ-TRC-022 | REQ-TRC-025,,docs/audit/22-production-remediation-master-plan.md:110 (2026-09-13; B6b-0087) | docs/audit/2026-09-20-ab-data-pdf-review-ar.md:79 (2026-09-20; B3-0125) | docs/audit/21-p0-p1-remediation.md:515-518 (2026-09-07; B6b-0025)
REQ-TRC-025,C6,كل فاتورة (بما فيها المباشرة) تُحتسب في التعرض وكل تحصيل لها يُنقصه,DOCUMENTED_REQ,AI agent,Credit Control,النظام,اتساق التعرض بين مسار الأمر ومسار الفاتورة المباشرة.,الفاتورة المباشرة ترفع التعرض الائتماني للعميل مثل فاتورة الأمر، وتحصيلها وعكسه وإلغاؤها ومرتجعها تؤثر على التعرض بنفس القواعد.,BR-TRC-37,InvoiceGenerated/PaymentReceived/PaymentReversed بلا order_id,outstanding صحيح,فاتورة مباشرة → +total؛ تحصيل → −amount؛ عكس → +amount.,—,—,"AC-TRC-025-1: بافتراض فاتورة مباشرة 10,000 لعميل، عندما يُحصَّل منها 10,000، فإن outstanding يعود لقيمته قبل الفاتورة. | AC-TRC-025-2: بافتراض الحالة السابقة، عندما يُنشأ أمر ضمن الحد، فإنه لا يدخل CREDIT_HOLD بسبب الفاتورة المسددة.",PARTIAL,PARTIAL,Unknown,,,[B][C] apps/sales/src/modules/saga/saga.orchestrator.ts:406-416 (الفاتورة المباشرة تُضاف :415)، :434-440 (الدفعة بلا order_id تُرجع قبل applyPayment :440)، :508-510 (العكس يُضاف للتعرض قبل فحص order_id),,finance.invoice.generated، finance.payment.received/reversed,spec exists: saga.orchestrator.spec.ts,الفاتورة المباشرة تزيد التعرض لكن تحصيلها لا ينقصه، بينما عكسه يزيده مرة أخرى ⇒ تضخم دائم لعملاء الفواتير المباشرة.,حجز ائتماني زائف يعطل البيع للعملاء الملتزمين.,P1,يوقف البيع اليومي لعملاء سليمين وبيانات تعرض خاطئة.,,,,SAL-03,كل حدث مالي يحمل account_id ويُطبق على التعرض بغض النظر عن order_id، مع مفتاح حدث فريد.,DAR-05 | DAR-06 | DAR-07 | DAR-09,REQ-INV-021 | REQ-INV-049 | REQ-O2C-030 | REQ-O2C-040 | REQ-O2C-047 | REQ-TRC-020 | REQ-TRC-022 | REQ-TRC-026,,docs/audit/2026-09-20-phase1-direct-invoice-report-ar.md:70-87 (2026-09-20; B4b-0229)
REQ-TRC-026,C6,إلغاء الفاتورة يحرر قيمتها من التعرض دون إرجاع حالة الأمر,INFERRED_NEEDS_APPROVAL,AI agent,Credit Control,النظام,ألا يبقى تعرض لفاتورة ملغاة.,إلغاء فاتورة يحرر إجماليها من التعرض الائتماني القائم في المبيعات، ولا يعيد حالة أمر البيع للخلف.,BR-TRC-38,InvoiceCancelled,outstanding −total,إلغاء فاتورة UNPAID بلا دفعات → حدث → المبيعات تنقص التعرض.,الإلغاء ممنوع لفاتورة بها تحصيل أو مرتجع (يجب العكس أولًا).,—,"AC-TRC-026-1: بافتراض فاتورة غير مدفوعة 8,000، عندما تُلغى، فإن outstanding ينقص 8,000 مرة واحدة ولا تتغير حالة الأمر.",IMPLEMENTED,IMPLEMENTED,Unknown,,,[B][C] apps/sales/src/modules/saga/saga.orchestrator.ts:553-557 (onInvoiceCancelled → applyPayment(total))؛ apps/accounting/src/modules/invoices/invoices.service.ts [C]:1124-1140 [B]:~1083-1100 (الإلغاء فقط لحالة UNPAID بلا تحصيل),,finance.invoice.cancelled,spec exists: saga.orchestrator.spec.ts,منفذ؛ لكن شرط الإلغاء status = UNPAID يمنع إلغاء فاتورة DEFERRED غير مدفوعة ([C]:1134، [B]:1093) — انظر REQ-TRC-034 — ملاحظة تحقق مستقل: نفس الشرط في `voidForCancelledOrder` ([C]:1191) فيفشل إلغاء أمر فاتورته DEFERRED؛ والمسار البديل الوحيد `reissue()` ([C]:1003) يقبل UNPAID وDEFERRED.,—,P3,منفذ.,,,,,InvoiceCancelled يحمل account_id و total ومعرف حدث فريد.,DAR-06 | DAR-07 | DAR-09,REQ-O2C-037 | REQ-TRC-025 | REQ-TRC-034,,docs/audit/21-p0-p1-remediation.md:673-678 (2026-09-07; B6b-0035)
REQ-TRC-027,C6,تجاوز الإيقاف الائتماني بمراجع مستقل، ذريًا ومرة واحدة، بسبب إلزامي,INFERRED_NEEDS_APPROVAL,auditor,Credit Control,مدير المبيعات/الائتمان,استثناء مضبوط للحد دون ازدواج حجز المخزون.,تجاوز CREDIT_HOLD يتم بنمط مطالبة ذري مشروط بالحالة: مع تجاوزين متزامنين ينجح واحد فقط ويصدر طلب حجز مخزون واحد؛ المتجاوز ليس مندوب الأمر؛ السبب إلزامي ومسجل.,BR-TRC-33 | BR-TRC-39,الأمر، السبب,الأمر APPROVED؛ CreditHoldOverridden؛ StockReserveRequested واحد,طلب التجاوز → تحقق الصلاحية والاستقلال → updateMany(status=CREDIT_HOLD→APPROVED) → حدث → بدء التخصيص.,الطلب الثاني يُرفض «لم يعد على الحجز».,sales.orders.credit-hold.override؛ استثناء .any و SUPER_ADMIN يسمح للمندوب نفسه.,AC-TRC-027-1: بافتراض أمر على CREDIT_HOLD، عندما يُرسل تجاوزان متزامنان، فإن واحدًا ينجح ويصدر StockReserveRequested واحد فقط. | AC-TRC-027-2: بافتراض أن المتجاوز هو مندوب الأمر (حتى مع صلاحية .any)، عندما يطلب التجاوز، فإن النظام يرفض. | AC-TRC-027-3: عندما يُرسل التجاوز بلا سبب، فإن النظام يرفضه.,PARTIAL,PARTIAL,Unknown,[B][C] apps/web/app/dashboard/orders/page.tsx (زر التجاوز),[B][C] POST /api/sales/orders/:id/credit-override (sales.orders.credit-hold.override) orders.controller.ts:203,"apps/sales/src/modules/orders/orders.service.ts [C]:1160-1167, 1219-1230 [B]:1130-1137, 1189-1200؛ [B][C] apps/sales/src/modules/credit/credit.service.ts:376-403 (claim ذري :385-391، استثناء .any/SUPER_ADMIN :381)؛ apps/sales/src/modules/orders/dto/override-credit.dto.ts",,sales.credit.hold-overridden (بعد الـclaim بلا outbox),spec exists: credit.service.spec.ts، orders.service.spec.ts,"الذرية منفذة؛ حامل .any أو SUPER_ADMIN يستطيع تجاوز أمره بنفسه (يخالف «قاعدة صارمة» في B3-0320)؛ التجاوز ينقل الأمر لـ APPROVED متخطيًا اعتماد ≥100,000؛ لا جدول تجاوزات داخل Sales (الحدث فقط، قد يُفقد).",تجاوز ذاتي ممكن لأدوار عليا؛ أمر كبير بلا اعتماد.,P2,ضعف رقابي؛ الأثر محصور بأدوار محددة.,,DEC-TRC-11 | DEC-TRC-12,,SAL-17 | SEC-10,"CreditOverride(orderId UNIQUE, overriddenBy, reason NOT NULL, at, limitAtTime, exposureAtTime) مكتوب في نفس معاملة تغيير الحالة.",DAR-06,REQ-O2C-007 | REQ-SEC-016 | REQ-SEC-028 | REQ-TRC-020 | REQ-TRC-028 | REQ-TRC-029,,docs/audit/05-transactions-concurrency.md:38 (2026-09-01; B6a-0111) | docs/audit/20-p0-p1-evidence-validation.md:145-147 (unknown; B6a-0276)
REQ-TRC-028,C6,تدقيق CRITICAL لأحداث الائتمان (الحجز، التجاوز، تعديل الحد),DOCUMENTED_REQ,AI agent,Credit Control,المراجع الداخلي,أثر تدقيقي غير قابل للفقد لكل قرار ائتماني.,عمليات الحجز الائتماني وتجاوزه وتعديل الحد تُدقق بأحداث CreditHoldTriggered و CreditHoldOverridden و CreditLimitUpdated بمستوى CRITICAL، مع القيم قبل/بعد والسبب والفاعل.,BR-TRC-40,أحداث الائتمان,سجلات تدقيق مركزية,العملية → حدث → audit-aggregator يسجله CRITICAL.,الحدث يجب ألا يُفقد عند فشل الوسيط (outbox).,—,"AC-TRC-028-1: عندما يُعدَّل حد عميل من 100,000 إلى 500,000، فإن سجل تدقيق CRITICAL يظهر بالقيمتين والفرق والفاعل والسبب. | AC-TRC-028-2: بافتراض تعطل Kafka لحظة التجاوز، عندما يعود، فإن حدث التجاوز يُسلَّم ويُسجل.",PARTIAL,PARTIAL,Unknown,,,"[C] packages/audit/src/taxonomy.ts:135-138, 293 [B] :135-138, 288؛ [C] apps/audit-aggregator/src/modules/aggregator/aggregator.service.ts:38-39, 105 [B] :38-39, 104؛ apps/crm/src/modules/accounts/accounts.service.ts [C]:290-300 (نشر مباشر)",,sales.credit.hold-triggered/overridden، crm.credit-limit.updated,spec exists: aggregator.coverage.spec.ts، audit-completeness.spec.ts,التصنيف والاستهلاك منفذان؛ النشر في Sales و CRM بعد الالتزام بلا outbox فيمكن فقد السجل؛ السبب اختياري في تعديل الحد.,قرار ائتماني بلا أثر عند عطل الوسيط.,P2,ضابط تدقيق.,,,,SAL-11 | SEC-13,Outbox في Sales و CRM لهذه الأحداث؛ AuditRecord غير قابل للتعديل.,DAR-07 | DAR-12,REQ-INH-012 | REQ-INV-055 | REQ-NFR-018 | REQ-NFR-020 | REQ-O2C-016 | REQ-O2C-061 | REQ-O2C-062 | REQ-R2R-012 | REQ-SEC-028 | REQ-TRC-027 | REQ-TRC-029,,docs/AUDIT-COMPLETENESS-MATRIX.md:46 (unknown; B5a-0295) | docs/AUDIT-COMPLETENESS-MATRIX.md:47 (unknown; B5a-0296) | docs/AUDIT-COMPLETENESS-MATRIX.md:143 (unknown; B5a-0347)
REQ-TRC-029,C6,طلب زيادة حد الائتمان بمسار اعتماد وسجل تدقيق وفصل مهام,DOCUMENTED_REQ,unknown,Credit Control,المندوب (طالب)؛ مدير الائتمان/المالية (معتمد),ألا يُرفع حد عميل بقرار فردي من المستفيد.,زيادة حد ائتمان العميل تتم بطلب (القيمة المطلوبة، المبرر) يمر بمسار اعتماد مستقل عن الطالب، مع سجل تدقيق؛ لا يعدّل المندوب حد عملائه مباشرة؛ السبب إلزامي.,BR-TRC-41 | BR-TRC-42,العميل، الحد المطلوب، المبرر,حد جديد بعد الاعتماد؛ سجل الطلب,طلب → مراجعة التعرض والتاريخ → اعتماد/رفض بسبب → تحديث الحد → حدث.,الرفض بسبب؛ سحب الطلب قبل البت.,المعتمد ≠ الطالب ≠ مندوب العميل.,AC-TRC-029-1: بافتراض مندوب مالك لعميل، عندما يحاول تعديل حده مباشرة، فإن النظام يرفض ويطلب إنشاء طلب زيادة. | AC-TRC-029-2: بافتراض طلب زيادة معلق، عندما يعتمده مستخدم آخر بصلاحية، فإن الحد يتغير ويُسجل الطلب والمعتمد والسبب.,NOT_IMPLEMENTED,NOT_IMPLEMENTED,Unknown,[B][C] apps/web/app/dashboard/credit-limits/page.tsx (تعديل/تجميد مباشر),[B][C] PATCH /api/crm/accounts/:id/credit-limit (crm.accounts.credit-limit.update) — لا endpoint طلب,apps/crm/src/modules/accounts/accounts.service.ts [C]:275-301 [B]:252-283 (المالك المندوب مسموح :283 [C])؛ [B][C] apps/crm/src/modules/accounts/dto/update-credit-limit.dto.ts (reason اختياري),[B][C] apps/crm/prisma/schema.prisma:174 Account.creditLimit؛ لا نموذج طلب,,spec exists: apps/crm/src/modules/accounts/accounts.service.spec.ts,ادعاء RTM «VERIFIED» غير صحيح: لا كيان ولا مسار طلب؛ التعديل مباشر، والمندوب المالك يستطيع تعديل حد عملائه، والسبب اختياري، والنشر بلا outbox ولا مطابقة CRM↔Sales.,المندوب يستطيع رفع حد عميله لتمرير أوامره.,P2,ضعف SoD جوهري في ضابط مالي؛ البديل إداري.,,DEC-TRC-12 | DEC-TRC-10,,SAL-11 | SEC-10,"CreditLimitRequest(id, accountId, currentLimit, requestedLimit, justification, requestedBy, status, decidedBy≠requestedBy, decidedAt, reason)؛ Account.creditLimit يتغير فقط من طلب معتمد؛ تاريخ الحدود (CreditLimitHistory).",DAR-12,REQ-O2C-007 | REQ-SEC-016 | REQ-SEC-028 | REQ-TRC-020 | REQ-TRC-027 | REQ-TRC-028,,docs/REQUIREMENTS-TRACEABILITY-MATRIX.md:85 (unknown; B5a-0038)
REQ-TRC-030,C6,حد ائتماني بالعلب لكل عميل ولكل صنف,OWNER_DECISION,owner,Credit Control,مدير المبيعات (ضبط الحد)؛ النظام (الفحص),التحكم في كمية كل صنف لدى العميل بدل المبلغ فقط.,لكل عميل ولكل صنف حد بالعلب؛ يُقبل طلب الصنف X إذا (المتبقي من X عند العميل + الكمية الجديدة) ≤ حد X، وإلا يُحجز/يُرفض.,BR-TRC-43,العميل، الصنف، الكمية,قبول/حجز بالعلب,طلب/تحميل تصريف → حساب المتبقي لدى العميل من التصريف → مقارنة بالحد → قبول أو حجز.,الاستثناء بموافقة مسؤول (غير محسوم).,غير محسوم.,AC-TRC-030-1: بافتراض حد X = 20 علبة والمتبقي 15، عندما يُطلب 6 علب، فإن الطلب لا يُقبل تلقائيًا. | AC-TRC-030-2: بافتراض نفس الحد والمتبقي 15، عندما يُطلب 5، فإن الطلب يُقبل.,NOT_IMPLEMENTED,NOT_IMPLEMENTED,Unknown,[B][C] apps/web/app/dashboard/consignment/page.tsx (بلا حد),,[B][C] apps/inventory/src/modules/consignment/consignment.service.ts:52-119 (تحميل بلا فحص حد)؛ [C] apps/inventory/src/modules/allocation/allocation.engine.ts:421-430 (البيع يستهلك التصريف أولًا),[C] apps/inventory/prisma/schema.prisma:280-316 [B]:264-300 ConsignmentStock(owned/available/consumed/returned/lost) — لا حقل حد بالعلب,,spec exists: consignment.service.spec.ts (لا يغطي حدًا),الأساس البياني (رصيد تصريف لكل عميل×تشغيلة) موجود؛ لا حد بالعلب ولا فحص؛ الطلب (7) موقوف على قرارات المعادلة والنسبة وبقاء الحد المالي.,تكدس أصناف راكدة لدى العملاء خارج الرقابة.,P2,قرار مالك غير منفذ؛ البديل متابعة يدوية؛ موقوف على قرارات.,REQ-TRC-031 | DEC-TRC-05 | DEC-TRC-06 | DEC-TRC-07,DEC-TRC-05 | DEC-TRC-06 | DEC-TRC-07,,GOV-05,"CustomerItemQtyLimit(accountId, productId, limitQty INT ≥0, source MANUAL|FORMULA, effectiveFrom, approvedBy) UNIQUE(accountId, productId, effectiveFrom)؛ المتبقي = Σ ConsignmentStock.available للعميل×الصنف.",DAR-03 | DAR-06,REQ-SEC-033 | REQ-TRC-020 | REQ-TRC-031 | REQ-TRC-032,,docs/REQUESTS-2026-09-25-ar.md:188-190 (2026-09-25; B1-0151)
REQ-TRC-031,C6,مصدر «السحب» في الحد بالعلب هو البيع من بضاعة التصريف,OWNER_DECISION,owner,Credit Control,المندوب (تسجيل البيع من التصريف/عدّ الرف),تعريف قابل للقياس لاستهلاك العميل من الصنف.,المصدر الأساسي للسحب في الحد بالعلب هو البيع من بضاعة التصريف؛ عدّ الرف في الزيارة للتحقق أو كبديل؛ الدفع لا يعني أن البضاعة سُحبت.,BR-TRC-44 | BR-TRC-45,تقارير البيع من التصريف؛ عدّ الرف,كمية مسحوبة لكل عميل×صنف×فترة,الصيدلية تبيع → يُسجل البيع من التصريف (consumed) → يُستخدم كسحب → عدّ الرف يتحقق.,فرق عدّ الرف عن المسجل يحتاج معالجة (غير محسوم).,—,AC-TRC-031-1: بافتراض عميل دفع ثمن 10 علب ولم يُسجل بيعها من التصريف، عندما يُحسب السحب، فإن السحب = 0. | AC-TRC-031-2: بافتراض تسجيل بيع 8 علب من التصريف خلال الشهر، عندما يُحسب السحب الشهري، فإنه = 8.,NOT_IMPLEMENTED,PARTIAL,Unknown,,,[C] apps/inventory/src/modules/allocation/allocation.engine.ts:421-430 (البيع يستهلك من التصريف ويزيد consumedQty)؛ [B] لا استهلاك تلقائي من التصريف عند البيع — NOT_VERIFIED بعمق؛ لا حساب سحب لفترة في أي نسخة,ConsignmentStock.consumedQty بلا بعد زمني؛ الحركات في inventory_transactions,,—,CURRENT يسجل الاستهلاك من التصريف عند البيع لكن لا يحسب «السحب» لفترة ولا يستخدمه في أي حد؛ لا تسجيل لعدّ الرف.,لا يمكن حساب متوسط السحب المطلوب لرفع الحد.,P2,شرط مسبق للحد بالعلب.,,DEC-TRC-05,,GOV-05,"حركة استهلاك تصريف مؤرخة لكل عميل×صنف×تشغيلة (InventoryTransaction type=CONSIGNMENT_SALE مع accountId)؛ ShelfCount(accountId, productId, countedQty, countedAt, visitId).",DAR-03,REQ-TRC-030 | REQ-TRC-032,,docs/DECISIONS-2026-09-25-ar.md:50 (2026-09-25; B1-0079) | docs/DECISIONS-2026-09-25-ar.md:52 (2026-09-25; B1-0081) | docs/REQUESTS-2026-09-25-ar.md:197-200 (2026-09-25; B1-0155) | docs/REQUESTS-2026-09-25-ar.md:280 (2026-09-25; B1-0177)
REQ-TRC-032,C6,رفع الحد بالعلب للأصناف المتحركة فقط حسب متوسط سحب العميل,OWNER_DECISION,owner,Credit Control,مدير المبيعات,توجيه الائتمان للأصناف التي تُباع فعلًا.,الحد يرتفع للصنف المتحرك فقط بناء على متوسط سحب العميل؛ الصنف الراكد لا يأخذ كمية إضافية حتى لو سمح الحد الإجمالي.,BR-TRC-46,متوسط السحب لكل عميل×صنف,حد مقترح/محدث,حساب المتوسط دوريًا → تطبيق المعادلة (غير محسومة) → تحديث الحد للأصناف المتحركة.,—,غير محسوم.,AC-TRC-032-1: بافتراض صنف بلا سحب خلال فترة القياس، عندما يُعاد حساب الحدود، فإن حده لا يرتفع. | AC-TRC-032-2: بافتراض صنف متوسط سحبه الشهري 10 ومعادلة معتمدة، عندما يُعاد الحساب، فإن الحد = ناتج المعادلة المعتمدة.,NOT_IMPLEMENTED,NOT_IMPLEMENTED,Unknown,,,,لا حد بالعلب ولا تاريخ سحب لفترة,,,غير منفذ؛ المعادلة وعدد الشهور غير محسومة.,—,P3,تحسين ائتمان موقوف على قرار.,REQ-TRC-030 | REQ-TRC-031,DEC-TRC-05 | DEC-TRC-06,,GOV-05,"CustomerItemQtyLimit.source=FORMULA مع formulaVersion و inputs (avgDraw, months) لإعادة الإنتاج.",DAR-15 | DAR-19,REQ-TRC-030,,docs/REQUESTS-2026-09-25-ar.md:191-192 (2026-09-25; B1-0152)
REQ-TRC-033,C6,شروط وأيام سداد على مستوى العميل/الشريحة وتاريخ مراجعة الائتمان وسبب الإيقاف,INFERRED_NEEDS_APPROVAL,AI agent,Credit Control,مدير الائتمان/المالية,استحقاق فاتورة حسب اتفاق العميل لا رقم ثابت، ومتابعة التأخير بدقة.,للعميل paymentTermsDays (افتراضي 30) وتاريخ مراجعة ائتمان وسبب إيقاف؛ تاريخ استحقاق كل فاتورة (أمر أو مباشرة) = تاريخ الإصدار + أيام السداد للعميل؛ تقرير تجاوز فترة الائتمان حسب الشريحة والمندوب.,BR-TRC-47,شروط العميل,dueDate لكل فاتورة؛ تقرير المتأخرات,ضبط الشروط في ملف العميل → الفوترة تقرأها → الأعمار والمتأخرات حسب dueDate.,شرط غير معروف مرفوض لا مُخمَّن.,تعديل الشروط بصلاحية الائتمان.,AC-TRC-033-1: بافتراض عميل شروطه 60 يومًا، عندما تُصدر له فاتورة من أمر في 1/10، فإن الاستحقاق 30/11. | AC-TRC-033-2: بافتراض عميل بلا شروط محددة، عندما تُصدر فاتورة، فإن الاستحقاق بعد 30 يومًا. | AC-TRC-033-3: عندما يُطلب تقرير المتأخرات حسب الشريحة، فإن كل فاتورة تظهر في شريحة عميلها بأيام تأخير محسوبة من dueDate.,PARTIAL,PARTIAL,Unknown,,,apps/accounting/src/modules/invoices/invoices.service.ts [C]:500 (فواتير الأوامر net-30 ثابت)، :733-827 (المباشرة من شرط المستند)؛ [B]:487، :706-800؛ [B][C] apps/accounting/src/modules/collection/collection.service.ts:127-229 (متأخرات حسب المندوب),[B][C] apps/crm/prisma/schema.prisma:174 (لا paymentTermsDays/creditReviewDate/holdReason على Account)؛ [B]:153-155 accounting Invoice.paymentTerms/isDeferred/creditPeriodDays,,—,لا شروط على مستوى العميل؛ فواتير الأوامر 30 يومًا ثابتة؛ المباشرة من المستند؛ لا تاريخ مراجعة ولا سبب إيقاف؛ تقرير حسب الشريحة غائب.,أعمار ديون غير دقيقة لعملاء باتفاقات مختلفة.,P2,يؤثر على متابعة التحصيل؛ البديل يدوي.,,DEC-TRC-09,,,Account.paymentTermsDays INT NOT NULL DEFAULT 30 CHECK ≥0، creditReviewDate، creditHoldReason؛ Invoice.dueDate مشتق ومخزن مع termsDaysSnapshot.,DAR-05 | DAR-06 | DAR-09 | DAR-13 | DAR-15,REQ-O2C-035 | REQ-TRC-034,,docs/BUSINESS-FLOWS-COVERAGE-P0A-ASSESSMENT.md:1030-1033 (2026-09-07; B4a-0052) | docs/BUSINESS-FLOWS-COVERAGE-P0A-ASSESSMENT.md:344 (2026-09-07; B4a-0028) | docs/PROMPT-P1-P3-IMPLEMENTATION.md:125-126 (unknown; B5a-0181) | docs/P1-AUDIT.md:117 (2026-09-24; B2-0112) | docs/audit/2026-09-20-ab-data-pdf-review-ar.md:167-168 (2026-09-20; B3-0145)
REQ-TRC-034,C6,الآجل كحالة فاتورة DEFERRED ورفض شرط الدفع غير المعروف,OWNER_DECISION,unnamed owner,Credit Control,المحاسب,تمييز البيع الآجل الذي لم يحل موعده عن الفاتورة المتأخرة.,فاتورة بشروط آجل تُصدر بحالة DEFERRED لا UNPAID، مع paymentTerms/isDeferred/creditPeriodDays؛ شرط دفع غير معروف مرفوض.,BR-TRC-48,شرط الدفع,حالة الفاتورة,إصدار فاتورة بشرط آجل → DEFERRED → عند التحصيل الجزئي PARTIAL → PAID.,عكس الدفع يجب أن يعيد الحالة السابقة الصحيحة؛ إلغاء فاتورة DEFERRED غير مدفوعة يجب أن يكون ممكنًا.,—,AC-TRC-034-1: عندما تُصدر فاتورة من أمر بشرط آجل 45 يومًا، فإن حالتها DEFERRED واستحقاقها بعد 45 يومًا. | AC-TRC-034-2: عندما يُرسل شرط دفع غير معروف، فإن النظام يرفض الإصدار. | AC-TRC-034-3: بافتراض فاتورة DEFERRED بلا تحصيل، عندما تُلغى، فإن الإلغاء ينجح ويُحرر التعرض.,PARTIAL,PARTIAL,Unknown,,,apps/accounting/src/modules/invoices/invoices.service.ts [C]:733-827 (المباشرة DEFERRED :826)، :499-500 (فواتير الأوامر UNPAID net-30)، :1134 (cancel يشترط UNPAID)؛ [B]:706-800، :486-487، :1093,[B][C] apps/accounting/prisma/schema.prisma:16-24 enum InvoiceStatus.DEFERRED؛ Invoice.paymentTerms/isDeferred/creditPeriodDays,,—,منفذ للفواتير المباشرة فقط؛ فواتير الأوامر دائمًا UNPAID net-30؛ الإلغاء يرفض فاتورة DEFERRED غير مدفوعة لأن الشرط status = UNPAID (عيب جديد)؛ التعارض حالة/علامة حُسم بتنفيذ الاثنين — ملاحظة تحقق مستقل: نفس الشرط في `voidForCancelledOrder` ([C]:1191) فيفشل إلغاء أمر فاتورته DEFERRED؛ والمسار البديل الوحيد `reissue()` ([C]:1003) يقبل UNPAID وDEFERRED.,فاتورة آجلة خاطئة لا يمكن إلغاؤها إلا بتدخل يدوي.,P2,يعطل تصحيح الفواتير الآجلة؛ البديل إشعار دائن.,,DEC-TRC-08,,,InvoiceStatus يتضمن DEFERRED مع قاعدة: DEFERRED ⇔ isDeferred ∧ paidAmount=0؛ كل الاستعلامات «غير مدفوعة» تشمل UNPAID و DEFERRED.,DAR-05 | DAR-09 | DAR-17,REQ-O2C-035 | REQ-TRC-026 | REQ-TRC-033,REQ-O2C-035,docs/audit/2026-09-20-backlog-traceability-ar.md:149 (2026-09-20; B4b-0074) | docs/audit/2026-09-20-phase4-collections-currency-copilot-report-ar.md:48-52 (2026-09-20; B4b-0269) | docs/audit/2026-09-20-phase0-discovery-audit-ar.md:447 (2026-09-20; B4b-0180)
REQ-INH-001,C7,حافز تراكمي لفترة المندوب وفق اسكيمة الشركة (لا يتأثر بتقسيم الدفعات),INFERRED_NEEDS_APPROVAL,AI agent; company file,Incentives,مدير المبيعات / المالك (اعتماد السياسة)، مسؤول الحوافز,أن يطابق الحافز المصروف سياسة الشركة الفعلية (شيت اسكيمة الانسنتف 2026) ويكون قابلًا للتحقق والنزاع.,"يُحسب استحقاق المندوب على إجمالي أساس الفترة (المبيعات أو التحصيل حسب قرار المالك) تراكميًا: صفر تحت 750,000، و10,000 عند بلوغه، ثم مبالغ الشرائح (125,000 لكل شريحة) تناسبيًا؛ ويُقيَّد مع كل حركة فرق الاستحقاق التراكمي قبل/بعد الحركة بحيث لا تتغير النتيجة بتقسيم الأساس على دفعات.",BR-INH-01 | BR-INH-02 | BR-INH-03 | BR-INH-04,أساس الفترة لكل مندوب (مبيعات أو تحصيلات معتمدة)، نسخة القواعد الفعّالة، الفترة (شهر/ربع),سطر/سطور دفتر حوافز بفرق الاستحقاق التراكمي مع نسخة القاعدة وتفصيل الشرائح,حدث تحصيل/فاتورة ← تحديد فترة المحاسبة حسب تاريخ الحركة ← حساب الاستحقاق التراكمي قبل وبعد ← قيد الفرق PENDING,عكس الحركة يُنتج فرقًا سالبًا (تسوية) في نفس الفترة أو فترة التصحيح؛ تغيير النسخة لا يعيد حساب الفترات المقفلة,اعتماد السياسة من المالك؛ تفعيل النسخة بصلاحية incentives.rules.manage ومراجعة ثانية,"AC-INH-001-1: بافتراض نسخة قواعد الاسكيمة فعّالة، عندما يحقق المندوب 1,000,000 في الفترة دفعة واحدة، فإن مجموع استحقاقه = 17,500 ج.م (±0.01). | AC-INH-001-2: بافتراض نفس الأساس 1,000,000 مقسومًا على دفعتين 500,000، عندما تُعالج الدفعتان، فإن مجموع سطور الحافز للفترة = 17,500 بالضبط (نفس نتيجة الدفعة الواحدة). | AC-INH-001-3: بافتراض أساس فترة 500,000، عندما يُحسب الحافز، فإن الاستحقاق = 0 لأن الأساس أقل من 750,000. | AC-INH-001-4: بافتراض أساس 2,000,000، عندما يُحسب الحافز، فإن الاستحقاق = 59,000 ج.م مطابقًا لجدول الشيت.",CONTRADICTED,CONTRADICTED,Unknown,,,[B][C] apps/incentives/src/modules/engine/incentive.engine.ts:52-63 (شرائح هامشية على مبلغ الدفعة الواحدة)؛ apps/incentives/src/modules/intake/intake.service.ts:112 (baseAmount = مبلغ هذه الدفعة)، :99 (الفترة = شهر وقت المعالجة new Date()),"[B][C] apps/incentives/prisma/seed.ts:6 (44 شريحة هامشية، الأولى 0-750,000 بمعدل 0.01333 أي عمولة من أول جنيه، تنتهي 6,125,000)",,"spec exists, not run: incentive.engine.spec.ts (يختبر الحساب الهامشي لا التراكمي)","الكود يطبق الشرائح على كل دفعة منفردة ومن أول جنيه بلا عتبة 750 ألف، والفترة من وقت المعالجة؛ إعادة الحساب (B3-0025): 500 ألف تعطي 6,665 بدل صفر، ومليون دفعة واحدة 17,497.5 مقابل دفعتين 13,330.",صرف حوافز لا تطابق سياسة الشركة (زيادة تحت العتبة ونقص كلما تجزأ التحصيل) مع نزاعات مع المندوبين.,P1,مال مباشر للمندوبين ويخالف سياسة الشركة,REQ-INH-002 | REQ-INH-006 | REQ-INH-009,DEC-INH-01 | DEC-INH-02,هل أساس الحافز المبيعات أم التحصيل؟ وما الفترة (شهر/ربع) والإسناد الزمني (تاريخ الفاتورة/الدفعة)؟,SAL-07,"IncentiveLedger يحمل period محسوبًا من تاريخ الحركة لا المعالجة، وbaseCumulativeBefore/After، وruleSetVersion؛ قيد فريد (repId, period, sourceEventId)؛ أرقام Decimal(14,2).",DAR-03 | DAR-04 | DAR-05 | DAR-06 | DAR-07 | DAR-09 | DAR-10 | DAR-12,REQ-INH-003 | REQ-INH-010,,docs/audit/2026-09-18-company-workflows-vs-erp-ar.md:118 (2026-09-18; B3-0027) | Data/اسكيمة الانسنتف2026.xlsx:sheet شرائح العمولات A1:C45 (unknown; B3-0286) | Data/اسكيمة الانسنتف2026.xlsx:sheet حساب العمولة التفصيلية D1:F44 (unknown; B3-0287) | docs/audit/2026-09-18-company-workflows-vs-erp-ar.md:235-236 (2026-09-18; B3-0060) | docs/audit/2026-09-18-company-workflows-vs-erp-ar.md:251-256 (2026-09-18; B3-0065) | Data/مبيعات تفصيلي 2026.xlsx:sheet الشركة rows 1-6 (unknown; B3-0290) | docs/audit/2026-09-18-company-workflows-vs-erp-ar.md:99-102 (2026-09-18; B3-0023) | Data/اسكيمة الانسنتف2026.xlsx:whole file (unknown; B3-0289) | docs/audit/2026-09-18-company-workflows-vs-erp-ar.md:106-114 (2026-09-18; B3-0025)
REQ-INH-002,C7,استقبال الحافز من أحداث التحصيل وتسجيله في دفتر بتفصيل كامل ودورة حالة,DOCUMENTED_REQ,AI agent; auditor; unknown,Incentives,خدمة الحوافز (آلي)، مسؤول الحوافز,أتمتة احتساب العمولة من الأموال المحصلة مع أثر تدقيقي كامل لكل قيد.,عند كل finance.payment.received على فاتورة لها مندوب يُنشأ قيد حافز PENDING يحمل: المصدر (event/payment/order/account)، الأساس، العمولة، الشريحة، نسبة التحصيل، البونص، الإجمالي، نسخة القواعد؛ لا حذف للقيود ولا صرف مباشر من الأحداث.,BR-INH-08 | BR-INH-09 | BR-INH-10,"حدث PaymentReceived (rep_id, amount, payment_id, collection_rate)",IncentiveLedger PENDING + RepScore + أحداث incentives.*,Accounting ينشر الحدث ← intake يقرأ النسخة الفعالة ← المحرك يحسب ← معاملة واحدة: قيد + marker + RepScore ← نشر الأحداث بعد الالتزام,حدث بلا rep_id يُتجاهل؛ عدم وجود نسخة فعّالة يرمي استثناء (إعادة محاولة ثم DLQ),لا صرف آلي؛ الصرف خطوة اعتماد منفصلة (REQ-INH-008),"AC-INH-002-1: بافتراض نسخة قواعد فعّالة، عندما يصل PaymentReceived بمندوب ومبلغ 10,000، فإن قيدًا واحدًا PENDING يُنشأ بحقول baseAmount=10,000 وruleSetVersion=النسخة الفعّالة وtotalIncentive=commission+bonus. | AC-INH-002-2: بافتراض دفعة بلا rep_id، عندما يُستقبل الحدث، فإن لا قيد حافز يُنشأ. | AC-INH-002-3: بافتراض عدم وجود نسخة فعّالة، عندما يصل الحدث، فإن لا قيد يُنشأ ويظهر الحدث في DLQ/تنبيه تشغيلي بدل الفقد الصامت.",IMPLEMENTED,IMPLEMENTED,Unknown,[B][C] apps/web/app/dashboard/incentives/page.tsx، apps/web/app/dashboard/commissions/page.tsx,[B][C] GET /api/incentives/ledger (incentives.ledger.read)؛ [C] GET /ledger/export,[B][C] apps/incentives/src/modules/intake/intake.service.ts:60-66 (اشتراك received/reversed)، :68-150؛ apps/incentives/src/modules/engine/incentive.engine.ts:49-85؛ [B] apps/accounting/src/modules/payments/payments.service.ts:172-179 [C] :188-195 (collection_rate على الحدث),[B][C] apps/incentives/prisma/schema.prisma:57-90 IncentiveLedger (sourceEventId @unique :62، paymentId :66),يستهلك finance.payment.received؛ ينشر incentives.ledger.recorded/commission.calculated/bonus.triggered ({I}/ledger/ledger.service.ts [C]:69-97 [B]:65-93),"spec exists, not run: intake.service.spec.ts، incentive.engine.spec.ts",الآلية مطبقة؛ أساس الحساب نفسه محل تعارض (REQ-INH-001/DEC-INH-01) ولا نسخة قواعد تُزرع في مسار الإنتاج (SAL-08). ادعاء RTM «VERIFIED» يستند إلى spec الطلبات لا الحوافز.,إن كانت rule_sets فارغة في الإنتاج فلا تُسجل أي عمولة وتتراكم الأحداث في DLQ.,P1,مال المندوبين ويعتمد عليه كل الدورة,REQ-INH-006,DEC-INH-01,,SAL-08 | SAL-07,IncentiveLedger: sourceEventId فريد، paymentId/orderId/accountId مراجع منطقية، status enum (PENDING/APPROVED/PAID/REVERSED)، ruleSetVersion FK إلى RuleSet، طوابع الإنشاء والقرار.,DAR-04 | DAR-05 | DAR-06 | DAR-07 | DAR-09 | DAR-15,REQ-INH-004 | REQ-INH-012,,apps/incentives/README.md:3-8 (unknown; B6c-0223) | Data/AB DATA/Nile ERP Business Operations.pdf:p.5 (2026-09-13; B3-0327) | docs/REQUIREMENTS-TRACEABILITY-MATRIX.md:82 (unknown; B5a-0035) | docs/audit/03-domain-model.md:68 (2026-09-01; B6a-0088)
REQ-INH-003,C7,بونص نسبة التحصيل قابل للتهيئة مع تقريب وتكميم ثابتين,DOCUMENTED_REQ,AI agent,Incentives,مدير المبيعات (تهيئة)، خدمة الحوافز,مكافأة التحصيل الجيد بقواعد مُعدّة لا مكتوبة في الكود، وبحساب قابل لإعادة الإنتاج.,يُضاف بونص نسبة من العمولة حسب أعلى قاعدة تحصيل حدها الأدنى ≤ نسبة المندوب (افتراضيًا ≥90% +10، ≥95% +15، ≥98% +20) ضمن نسخة القواعد؛ تُكمّم النسبة إلى 4 خانات قبل المقارنة، والإجمالي = عمولة مقربة + بونص مقرب.,BR-INH-05 | BR-INH-06 | BR-INH-07,collection_rate من Accounting، bonusRules من النسخة,"bonusPct, bonusAmount, totalIncentive",المحرك يكمم النسبة ← يختار أعلى قاعدة مؤهلة ← bonus = commission × pct,حدث بلا نسبة: يُستخدم آخر RepScore للفترة أو 0 (بلا بونص),تعديل القواعد بنسخة جديدة فقط,"AC-INH-003-1: بافتراض عمولة 1,000 ونسبة تحصيل 0.95، عندما يُحسب الحافز، فإن bonusPct=15 وbonusAmount=150 وtotalIncentive=1,150. | AC-INH-003-2: بافتراض نسبة 0.89995، عندما تُكمم إلى 0.9000، فإن البونص 10% ويُخزن collectionRate=0.9000. | AC-INH-003-3: بافتراض حدث بلا collection_rate ولا RepScore للفترة، عندما يُحسب الحافز، فإن bonusAmount=0.",IMPLEMENTED,IMPLEMENTED,Unknown,,,[B][C] apps/incentives/src/modules/engine/incentive.engine.ts:65-79؛ apps/incentives/src/modules/intake/intake.service.ts:99-109 (fallback),[B][C] apps/incentives/prisma/seed.ts:9-13 (BONUS_RULES)؛ RuleSet.bonusRules JSON,,"spec exists, not run: incentive.engine.spec.ts",مطبق تقنيًا؛ لكن وجود البونص نفسه غير وارد في شيت الشركة (DEC-INH-01)، ونسبة التحصيل تحتسب المرتجعات/الإشعارات الدائنة كتحصيل (apps/accounting/src/modules/collection/collection.service.ts:70 — بند C1/C6).,بونص قد يُصرف بلا سند في سياسة الشركة أو على نسبة تحصيل مضخمة بالمرتجعات.,P2,مال لكن مطبق ويحتاج تأكيد سياسة فقط,REQ-INH-001,DEC-INH-01,هل يوجد بونص تحصيل في سياسة الشركة وما شرائحه؟,,"RuleSet.bonusRules مخطط JSON مُتحقق منه (minRate 0..1 تصاعدي، bonusPct ≥0)؛ IncentiveLedger.collectionRate Decimal(5,4).",DAR-05 | DAR-10 | DAR-15,REQ-INH-011,,apps/incentives/README.md:13-14 (unknown; B6c-0225) | docs/audit/21-p0-p1-remediation.md:776-778 (2026-09-07; B6b-0041)
REQ-INH-004,C7,عدم احتساب عمولة نفس حدث الدفع مرتين (idempotency ذري),INFERRED_NEEDS_APPROVAL,AI agent; QA; auditor,Incentives,خدمة الحوافز,منع الصرف المزدوج للعمولة عند إعادة تسليم الأحداث.,سطر عمولة واحد كحد أقصى لكل حدث مصدر: القيد وعلامة المعالجة وتحديث RepScore في معاملة واحدة، وsourceEventId فريد، وتحويل P2002 إلى تخطٍّ هادئ، والنشر بعد الالتزام فقط.,BR-INH-08,event_id,قيد واحد,فحص processed_events ← معاملة (قيد + marker + score) ← P2002 = تخطٍّ,إعادة التسليم المتزامن: الخاسر يتخطى دون خطأ,—,AC-INH-004-1: بافتراض حدث PaymentReceived مُعالج، عندما يُعاد تسليمه بنفس event_id، فإن عدد سطور الدفتر لذلك الحدث = 1 وRepScore لا يزيد. | AC-INH-004-2: بافتراض مستهلكين متزامنين لنفس الحدث، عندما يعالجانه معًا، فإن سطرًا واحدًا فقط يُنشأ ولا يذهب الحدث إلى DLQ.,IMPLEMENTED,IMPLEMENTED,Unknown,,,[B][C] apps/incentives/src/modules/intake/intake.service.ts:123-144 (معاملة واحدة)، :139-142 (P2002 تخطٍّ),[B][C] apps/incentives/prisma/schema.prisma:62 sourceEventId @unique؛ ProcessedEvent :46,,"spec exists, not run: intake.dedup.integration.spec.ts",مغلق في الكود؛ الحماية من إعادة نشر نفس الدفعة بمعرف حدث جديد غير موجودة (REQ-INH-005). حالة البيانات التاريخية المزدوجة في الإنتاج غير معروفة.,بدون الضمان: عمولة مزدوجة لكل إعادة تسليم.,P1,مال؛ ضابط مطبق يجب الحفاظ عليه,,,,,UNIQUE(incentive_ledger.source_event_id)، UNIQUE(processed_events.event_id)؛ كتابة ذرية.,DAR-04 | DAR-05 | DAR-06 | DAR-07 | DAR-14,REQ-INH-005 | REQ-NFR-015 | REQ-O2C-049 | REQ-P2P-013 | REQ-R2R-004 | REQ-TRC-022,,docs/audit/18-business-workflows.md:41 (unknown; B4a-0126) | docs/audit/21-p0-p1-remediation.md:586-641 (2026-09-07; B6b-0030) | docs/audit/04-database.md:43 (2026-09-01; B6a-0102) | docs/audit/05-transactions-concurrency.md:41 (2026-09-01; B6a-0112) | docs/audit/12-failure-recovery.md:24 (2026-09-01; B6a-0205) | docs/audit/20-p0-p1-evidence-validation.md:276-278 (unknown; B6a-0292) | apps/incentives/README.md:19-23 (unknown; B6c-0227) | docs/AUDIT-REMEDIATION-STATUS-2026-09-25-ar.md:13 (2026-09-25; B1-0325) | docs/audit/load-test-2026-09-08.md:140 (2026-09-08; B6a-0409)
REQ-INH-005,C7,قيد فريد على paymentId لسطر العمولة (حماية من إعادة النشر بمعرف جديد),OPTIONAL_IMPROVEMENT,AI agent,Incentives,الهندسة,حماية إضافية إن أعادت المحاسبة نشر نفس الدفعة بمعرف حدث مختلف.,سطر عمولة نشط واحد لكل paymentId (أو لكل paymentId+invoice إن سُمح بدفعة متعددة الفواتير)، دون إعادة حساب RepScore التاريخي.,,paymentId,رفض التكرار,فحص/قيد فريد جزئي على paymentId للسطور غير المعكوسة,الدفعة متعددة الفواتير تحتاج قرارًا,—,AC-INH-005-1: بافتراض قيد حافز نشط لـpaymentId=X، عندما يصل حدث جديد بمعرف مختلف لنفس X، فإن لا سطر ثانٍ يُنشأ ويُسجل تحذير.,NOT_IMPLEMENTED,NOT_IMPLEMENTED,Unknown,,,,[B][C] apps/incentives/prisma/schema.prisma:66 paymentId اختياري، :90 @@index([paymentId]) فقط (غير فريد),,,فهرس عادي فقط.,احتمال عمولة مزدوجة إن أعيد النشر بمعرف جديد.,P3,حماية دفاعية؛ الضابط الأساسي موجود,REQ-INH-004,,,,فهرس فريد جزئي على payment_id حيث status <> 'REVERSED'.,DAR-04 | DAR-05 | DAR-06 | DAR-09 | DAR-14 | DAR-17,REQ-INH-009,,docs/audit/21-p0-p1-remediation.md:636-641 (2026-09-07; B6b-0033)
REQ-INH-006,C7,نسخ قواعد حوافز غير قابلة للتعديل مع شاشة إدارة وتفعيل وزرع في الإنتاج,DOCUMENTED_REQ,AI agent; auditor; company file,Incentives,مدير المبيعات / المالية (عرض وإدارة),حفظ السياسة كبيانات بإصدارات لضمان قابلية التدقيق وإعادة الإنتاج.,الشرائح وقواعد البونص صفوف RuleSet بإصدارات؛ إنشاء نسخة جديدة لا يعدل القديمة؛ التفعيل ذري (نسخة فعّالة واحدة)؛ مدخلات مُتحقق منها؛ رقم الإصدار بلا سباق؛ شاشة لعرض/إنشاء/تفعيل النسخ؛ نسخة الاسكيمة الحقيقية تُزرع في مسار الإنتاج.,BR-INH-09 | BR-INH-03,"tiers, bonusRules, nameAr",RuleSet version n,إنشاء مسودة نسخة ← (معاينة REQ-INH-007) ← تفعيل يعطل السابقة,إنشاء متزامن: الخاسر يجب أن يتلقى 409 لا 500,incentives.rules.manage؛ يُقترح اعتماد ثانٍ للتفعيل,AC-INH-006-1: بافتراض النسخة 1 فعّالة، عندما تُنشأ النسخة 2 وتُفعّل، فإن النسخة 1 تبقى بنفس الشرائح وisActive=false والقيود الجديدة تحمل ruleSetVersion=2. | AC-INH-006-2: بافتراض طلب إنشاء بشرائح متداخلة أو rate سالب، عندما يُرسل، فإن الخادم يرفضه 400. | AC-INH-006-3: بافتراض بيئة إنتاج جديدة بعد الترحيل، عندما يُستعلم SELECT count(*) FROM rule_sets WHERE is_active، فإن النتيجة = 1.,PARTIAL,PARTIAL,Unknown,[B][C] apps/web/app/dashboard/incentive-rules/page.tsx (271 سطرًا: جدول/إنشاء/تفعيل — ليس Placeholder كما يقول REPORTS-IMPLEMENTATION-STATUS),[B][C] apps/incentives/src/modules/rules/rules.controller.ts:9-12 (CreateRuleSetInput interface ⇒ لا تحقق ValidationPipe),[B][C] apps/incentives/src/modules/rules/rules.service.ts:23-29 (قراءة آخر إصدار ثم +1 بلا معاملة)، :32-40 (تفعيل ذري)؛ [C] scripts/production-migrate.sh:118-124 يزرع IAM فقط,[B][C] apps/incentives/prisma/schema.prisma:27 RuleSet (version @unique)؛ apps/incentives/prisma/seed.ts:6 (44 شريحة),,لا spec لـrules.service,لا تحقق من المدخلات، سباق رقم الإصدار يعطي P2002 غير معالج، لا زرع للاسكيمة في مسار الإنتاج، ولا يوجد ربط Employee↔Incentives بمفتاح أجنبي (linkedUserId=repId منطقيًا فقط).,قواعد خاطئة قد تُفعّل وتنتج عمولات خاطئة؛ أو لا عمولات إطلاقًا إن لم تُزرع.,P1,يحدد كل مبالغ العمولات,REQ-INH-007,DEC-INH-01 | DEC-INH-02,,SAL-08,"RuleSet(version unique, isActive مع فهرس فريد جزئي WHERE is_active, tiers/bonusRules JSON بمخطط مُتحقق، createdBy، activatedBy/At)؛ لا UPDATE لنسخة بعد إنشائها.",DAR-06 | DAR-15 | DAR-17,REQ-INH-001 | REQ-INH-002,,apps/incentives/README.md:10-11 (unknown; B6c-0224) | docs/audit/22-production-remediation-master-plan.md:144 (2026-09-13; B6b-0093) | docs/audit/05-transactions-concurrency.md:49 (2026-09-01; B6a-0113) | docs/BUSINESS-FLOWS-COVERAGE.md:106-111 (2026-09-08; B4a-0075) | docs/audit/18-business-workflows.md:41 (unknown; B4a-0127) | docs/audit/00-executive-summary.md:116 (2026-09-01; B6a-0035) | docs/ERP-DATA-CLOSURE-BASELINE.md:31 (2026-09-01; B3-0105) | docs/REPORTS-IMPLEMENTATION-STATUS.md:125 (unknown; B5a-0076)
REQ-INH-007,C7,معاينة (dry-run) نسخة قواعد قبل التفعيل,INFERRED_NEEDS_APPROVAL,AI agent,Incentives,مدير المبيعات,رؤية أثر نسخة القواعد على بيانات فعلية قبل أن تؤثر على المال.,محرر قواعد يعرض محاكاة النسخة المقترحة على أساس فترة محددة (أو مبالغ اختبار) مقارنةً بالنسخة الفعّالة دون كتابة أي قيد.,,نسخة مسودة + فترة/مبالغ,جدول مقارنة لكل مندوب,اختيار نسخة ← محاكاة ← مراجعة ← تفعيل,—,—,AC-INH-007-1: بافتراض نسخة مسودة، عندما تُشغل المعاينة على فترة سابقة، فإن النظام يعرض الاستحقاق لكل مندوب بالنسختين ولا يُنشأ أي سطر في incentive_ledger.,NOT_IMPLEMENTED,NOT_IMPLEMENTED,Unknown,,[B][C] لا endpoint محاكاة في apps/incentives/src/modules/rules/rules.controller.ts:9-12,,,,,غير موجود.,التفعيل أعمى.,P3,كفاءة ورقابة مسبقة؛ بديل يدوي ممكن,REQ-INH-006,,,,لا كتابة؛ قراءة تجميعية فقط.,DAR-04 | DAR-09 | DAR-15,,,Data/AB DATA/Nile ERP Gap Analysis.pdf:p.3-4 (2026-09-13; B3-0347)
REQ-INH-008,C7,اعتماد الحافز ثم صرفه يدويًا مع فصل المهام وتسجيل الفاعل وأثر مالي,INFERRED_NEEDS_APPROVAL,AI agent,Incentives,مدير المبيعات (اعتماد)، المالية (صرف),ألا يُصرف حافز دون اعتماد مستقل، وأن يكون لكل صرف أثر مالي معروف.,PENDING→APPROVED بواسطة معتمد ≠ المندوب المستفيد، ثم APPROVED→PAID بواسطة المالية مع تسجيل paidBy وطريقة/قناة الصرف (راتب أو خزينة)؛ انتقالات مشروطة بالحالة؛ نطاق رؤية المندوب لسطوره فقط.,BR-INH-10 | BR-INH-12,ledger id، المعتمد، طريقة الصرف,حالة APPROVED/PAID، أثر مالي,مراجعة القيود الشهرية ← اعتماد ← صرف عبر المسير أو سند خزينة,رفض = عكس بسبب؛ اعتماد متزامن يجب أن يفشل للخاسر,approver ≠ repId؛ payer ≠ approver (مقترح),AC-INH-008-1: بافتراض قيد PENDING للمندوب U، عندما يحاول U اعتماده، فإن الطلب يُرفض 403. | AC-INH-008-2: بافتراض قيد APPROVED، عندما يُصرف، فإن paidBy وpaidAt يُسجلان ويظهر أثر مالي (سطر في المسير أو سند صرف) مرتبط بالقيد. | AC-INH-008-3: بافتراض مندوب بدون صلاحية إدارية، عندما يطلب GET /ledger، فإن النتيجة تقتصر على سطوره.,PARTIAL,PARTIAL,Unknown,[B][C] apps/web/app/dashboard/incentives/page.tsx:88-93 (اعتماد/صرف/عكس),[B] apps/incentives/src/modules/ledger/ledger.controller.ts:13-17 [C] :24-31 (approve/pay/reverse كلها incentives.ledger.approve),[B] apps/incentives/src/modules/ledger/ledger.service.ts:95-108 [C] :99-111 (قراءة ثم تحديث، لا فحص approver≠rep، markPaid لا يسجل الفاعل)؛ [B]:32-37 [C]:32-41 list/export بلا تقييد نطاق,"[B][C] IncentiveLedger.approvedBy, decidedAt (لا paidBy/paymentMethod)",لا أحداث عند الاعتماد/الصرف (B3-0155),لا spec لـledger.service,لا فصل مهام، نفس الصلاحية للاعتماد والصرف، الصرف تغيير حالة بلا أثر مالي ولا ربط بالمسير، لا تقييد نطاق.,اعتماد ذاتي ممكن وصرف بلا قيد ولا مطابقة مع الخزينة.,P2,ضعف رقابي على مال؛ الصرف الفعلي يدوي خارج النظام,REQ-INH-010 | REQ-INH-030,DEC-INH-04,من يعتمد الحوافز ومن يصرفها؟ وهل تُصرف عبر الراتب أم نقدًا؟,SAL-09,"IncentiveLedger: approvedBy, approvedAt, paidBy, paidAt, payoutChannel (PAYROLL|TREASURY), payoutRef (payrollEntryId أو voucherId)؛ CHECK approvedBy <> repId.",DAR-03 | DAR-05 | DAR-06 | DAR-09 | DAR-18,REQ-INH-009,,docs/audit/21-p0-p1-remediation.md:619-621 (2026-09-07; B6b-0031) | Data/AB DATA/Nile ERP Business Operations.pdf:p.5 (2026-09-13; B3-0327) | apps/incentives/README.md:3-8 (unknown; B6c-0223)
REQ-INH-009,C7,استرداد العمولة (claw-back) عند عكس الدفعة أو ارتدادها أو المرتجع بتسوية قابلة للتدقيق,DOCUMENTED_REQ,AI agent,Incentives,خدمة الحوافز، المالية,ألا يحتفظ المندوب بعمولة على مال لم يُحصّل فعليًا.,عند PaymentReversed/ارتداد شيك/مرتجع مؤثر يُعكس كل قيد مرتبط (لا أقدم واحد فقط) أو يُنشأ قيد تسوية سالب إن كان القيد مصروفًا؛ مع تحديث RepScore وأثر تدقيقي.,BR-INH-11,PaymentReversed، أحداث المرتجعات,REVERSED أو قيد تسوية سالب,حدث عكس ← إيجاد القيود المرتبطة ← REVERSED (PENDING/APPROVED) أو تسوية سالبة (PAID) ← خصم من المسير التالي,دفعة بلا قيد مرتبط تُسجل وتُعلَّم معالجة؛ العكس اليدوي احتياطي,العكس اليدوي بسبب إلزامي,AC-INH-009-1: بافتراض قيد APPROVED لدفعة P، عندما يصل PaymentReversed لـP، فإن القيد يصبح REVERSED وRepScore.incentiveEarned ينقص بنفس المبلغ. | AC-INH-009-2: بافتراض قيد PAID لدفعة P، عندما تُعكس P، فإن قيد تسوية سالب يُنشأ بنفس المبلغ مرتبطًا بالأصل ولا يُمحى أثر الصرف. | AC-INH-009-3: بافتراض دفعة P لها قيدان، عندما تُعكس، فإن القيدين معًا يُعكسان.,PARTIAL,PARTIAL,Unknown,[B][C] apps/web/app/dashboard/incentives/page.tsx:91 (زر العكس لـPENDING/APPROVED فقط),POST /ledger/:id/reverse يقبل أي حالة غير REVERSED بما فيها PAID,"[B][C] apps/incentives/src/modules/intake/intake.service.ts:165-196 (findFirst: أقدم قيد واحد لكل payment_id)؛ [B] apps/incentives/src/modules/ledger/ledger.service.ts:110-119,136-151 [C] :114-123,140-155 (تحويل الحالة إلى REVERSED وخصم RepScore؛ لا قيد سالب)",,يستهلك finance.payment.reversed فقط؛ لا مستهلك لأحداث المرتجعات/الإشعارات الدائنة,"spec exists, not run: intake.service.spec.ts",يعكس قيدًا واحدًا؛ لا معالجة للمرتجعات؛ عكس PAID مجرد تغيير حالة بلا استرداد فعلي.,عمولات مدفوعة على مبيعات مرتجعة أو دفعات مرتدة دون استرداد.,P1,مال,REQ-INH-008 | REQ-INH-010,DEC-INH-03,كيف يُسترد حافز مصروف: خصم من راتب لاحق أم مطالبة؟ وهل تخفض المرتجعات الحافز؟,SAL-10,IncentiveLedger.reversesId (FK ذاتي) لقيود التسوية السالبة؛ حالة REVERSED للقيود غير المصروفة فقط؛ لا تعديل لمبلغ قيد قائم.,DAR-04 | DAR-05 | DAR-08 | DAR-09 | DAR-12,REQ-INH-001 | REQ-INH-011 | REQ-O2C-044,,docs/audit/2026-09-18-company-workflows-vs-erp-ar.md:116 (2026-09-18; B3-0026) | docs/audit/2026-09-18-company-workflows-vs-erp-ar.md:235-236 (2026-09-18; B3-0060) | Data/AB DATA/Nile ERP Gap Analysis.pdf:p.3-4 (2026-09-13; B3-0347) | Data/AB DATA/Nile ERP Business Operations.pdf:p.5 (2026-09-13; B3-0327)
REQ-INH-010,C7,تدفق الحوافز المعتمدة إلى قيد الراتب من دفتر الحوافز,DOCUMENTED_REQ,AI agent,HR-to-Finance,مسؤول الرواتب,صرف الحافز ضمن المسير الشهري بمصدر واحد للحقيقة.,عند احتساب المسير يُملأ PayrollEntry.incentiveAmount بمجموع قيود IncentiveLedger المعتمدة للفترة حيث repId = employee.linkedUserId، دون نسخ البيانات، ويُعلَّم القيد بأنه مُدرج في مسير (منع الصرف المزدوج نقدًا وراتبًا).,BR-INH-14 | BR-INH-32,IncentiveLedger APPROVED للفترة، Employee.linkedUserId,incentiveAmount في القيد، ربط القيود بالمسير,calculate ← استعلام الحوافز المعتمدة ← إضافة للصافي ← عند الصرف تصبح القيود PAID,موظف بلا linkedUserId = صفر حوافز مع تحذير,اعتماد المسير يشمل الحوافز,"AC-INH-010-1: بافتراض قيدي حافز APPROVED لمندوب مرتبط بموظف بمجموع 5,000 في فترة 2026-10، عندما يُحتسب مسير 2026-10، فإن incentiveAmount=5,000 ويزيد netPay بنفس القيمة. | AC-INH-010-2: بافتراض قيد حافز أُدرج في مسير، عندما يُحاول صرفه نقدًا من شاشة الحوافز، فإن العملية تُرفض.",NOT_IMPLEMENTED,NOT_IMPLEMENTED,Unknown,,,[B][C] apps/organization/src/modules/payroll/payroll.service.ts:311 (incentiveAmount: 0 ثابت),[B] apps/organization/prisma/schema.prisma:447 [C] :465 PayrollEntry.incentiveAmount Decimal default 0,,,الحقل موجود والقيمة صفر دائمًا؛ لا تكامل بين الخدمتين.,الحوافز تُصرف خارج المسير بلا ربط، مع خطر صرف مزدوج أو نسيان.,P2,مال؛ بديل يدوي ممكن,REQ-INH-043 | REQ-INH-008,DEC-INH-04 | DEC-INH-05,,ORG-03,IncentiveLedger.payrollEntryId (مرجع منطقي) أو جدول ربط؛ PayrollEntry.incentiveAmount = مجموع مشتق قابل لإعادة الحساب؛ فريد: قيد حافز لا يُدرج في أكثر من مسير.,DAR-03 | DAR-04 | DAR-05 | DAR-06 | DAR-09 | DAR-15 | DAR-18,REQ-INH-021,,docs/ERP-EMPLOYEE-PAYROLL-DESIGN.md:45 (2026-09-01; B3-0179) | docs/audit/2026-09-20-ab-data-pdf-review-ar.md:173 (2026-09-20; B3-0150) | Data/AB DATA/Nile ERP Gap Analysis.pdf:p.3-4 (2026-09-13; B3-0347)
REQ-INH-011,C7,نقاط المندوب ولوحة الصدارة: نسبة تحصيل محدثة وفصل المبيعات عن التحصيل وانعكاس العكس,DOCUMENTED_REQ,AI agent; auditor,Incentives,مدير المبيعات,ترتيب عادل للمندوبين يعكس الواقع المالي.,RepScore لكل مندوب/فترة: المبيعات والتحصيل منفصلان، نسبة التحصيل تُحدّث مع كل حركة، العكس ينقص الأرقام، والكفاءة = 0.4 مبيعات + 0.4 تحصيل + 0.2 سرعة بعامل سرعة محسوب.,BR-INH-13,أحداث التحصيل والفواتير والعكس,RepScore، ترتيب,كل حركة تحدّث RepScore داخل نفس المعاملة,—,—,"AC-INH-011-1: بافتراض فاتورة 10,000 بلا تحصيل، عندما تُصدر، فإن totalSales يزيد 10,000 وcollected لا يتغير. | AC-INH-011-2: بافتراض دفعة معكوسة، عندما يُعالج العكس، فإن collected وincentiveEarned ينقصان بقيمتها.",PARTIAL,PARTIAL,Unknown,[B][C] apps/web/app/dashboard/leaderboard/page.tsx,[B][C] GET /leaderboard، /leaderboard/summary,[B][C] apps/incentives/src/modules/intake/intake.service.ts:206-218 (totalSales وcollected كلاهما += مبلغ الدفعة؛ collectionRate يُحدّث)؛ apps/incentives/src/modules/engine/incentive.engine.ts:88-94 (speedFactor=1 ثابت)؛ [B] ledger.service.ts:142-149 [C] :146-153 (العكس ينقص),"[B][C] apps/incentives/prisma/schema.prisma:95-106 RepScore @@unique(repId, period)",,,totalSales = التحصيل (خلط)، عامل السرعة غير محسوب.,ترتيب مضلل.,P3,تقارير/تحفيز,REQ-INH-001,DEC-INH-01,,,"RepScore(repId, period) فريد؛ totalSales من الفواتير، collected من التحصيل؛ قابل لإعادة البناء من المصادر.",DAR-03 | DAR-05 | DAR-06 | DAR-07 | DAR-09 | DAR-13,REQ-INH-003 | REQ-R2R-053,,apps/incentives/README.md:16-17 (unknown; B6c-0226) | docs/audit/03-domain-model.md:68 (2026-09-01; B6a-0089) | docs/audit/2026-09-20-ab-data-pdf-review-ar.md:81 (2026-09-20; B3-0127) | docs/audit/production-program/PHASES-5-10-REPORT.md:87 (2026-09-16; B6a-0373)
REQ-INH-012,C7,تدقيق أحداث الحوافز وقرارات الاعتماد والصرف والعكس,INFERRED_NEEDS_APPROVAL,AI agent,Incentives,المدقق / المالية,أثر تدقيقي كامل لكل قرار مالي على الحوافز.,تُسجل في سجل التدقيق المركزي أحداث CommissionCalculated وBonusTriggered وIncentiveLedgerRecorded (MEDIUM) وIncentiveEvaluationRequested (LOW)، وكذلك قرارات approve/pay/reverse كأحداث مالية بالفاعل والسبب.,,أحداث الحوافز,audit_logs مركزية,نشر بعد الالتزام ← audit-aggregator,IncentiveEvaluationRequested محجوز بلا ناشر,—,AC-INH-012-1: بافتراض قيد حافز جديد، عندما يُسجل، فإن سجل التدقيق المركزي يحوي IncentiveLedgerRecorded بنفس المعرف. | AC-INH-012-2: بافتراض اعتماد/صرف/عكس قيد، عندما يتم، فإن حدثًا يُنشر ويظهر في السجل المركزي بالفاعل والوقت.,PARTIAL,PARTIAL,Unknown,,,[B] apps/incentives/src/modules/ledger/ledger.service.ts:65-93 [C] :69-97 (نشر 3 أحداث)؛ AuditInterceptor محلي لطلبات HTTP,[B] packages/audit/src/taxonomy.ts:278-281 [C] :283-286,[B] apps/audit-aggregator/src/modules/aggregator/aggregator.service.ts:81-84 [C] :82-85؛ لا أحداث لقرارات approve/pay/reverse؛ IncentiveEvaluationRequested بلا ناشر,لا spec (Tested ❌ حسب AUDIT-COMPLETENESS),القرارات غير منشورة مركزيًا.,قرارات صرف بلا أثر مركزي.,P3,تدقيق؛ سجل محلي موجود,,,,,audit_logs append-only مع financialImpact.,DAR-05 | DAR-07 | DAR-09 | DAR-12 | DAR-19,REQ-INH-008 | REQ-INV-055 | REQ-NFR-018 | REQ-NFR-020 | REQ-O2C-016 | REQ-O2C-061 | REQ-O2C-062 | REQ-R2R-012 | REQ-TRC-028,,docs/AUDIT-COMPLETENESS-MATRIX.md:121 (unknown; B5a-0335) | docs/AUDIT-COMPLETENESS-MATRIX.md:122 (unknown; B5a-0336) | docs/AUDIT-COMPLETENESS-MATRIX.md:123 (unknown; B5a-0337) | docs/AUDIT-COMPLETENESS-MATRIX.md:124 (unknown; B5a-0338) | docs/audit/2026-09-20-ab-data-pdf-review-ar.md:204 (2026-09-20; B3-0155)
REQ-INH-020,C7,سجل الموظفين والهيكل التنظيمي (أقسام، فروع، مناطق بمندوب),DOCUMENTED_REQ,AI agent; unknown,HR-to-Finance,الموارد البشرية / الإدارة,مصدر موحد لبيانات الموظفين والهيكل لأغراض الصلاحيات والمصروفات والرواتب والمناطق.,موظف بـemployeeCode فريد، الاسم، الهاتف/البريد، القسم/المسمى/الفرع، المدير، الحالة (ACTIVE/ON_LEAVE/SUSPENDED/TERMINATED)، تاريخ التعيين/الإنهاء؛ أقسام شجرية HQ→Region→Branch بمراكز تكلفة؛ فروع بـGLN فريد؛ مناطق بمندوب مسؤول؛ قوائم ثنائية اللغة.,BR-INH-20 | BR-INH-21,بيانات الموظف والهيكل,"Employee, Department, Branch, Territory",إنشاء/تعديل/إنهاء خدمة من ملف الموظف,—,org.employees.* منفصلة عن payroll.*,AC-INH-020-1: بافتراض موظف بكود E-001، عندما يُنشأ آخر بنفس الكود، فإن الطلب يُرفض 409. | AC-INH-020-2: بافتراض إنشاء قسم، عندما يُحفظ، فإن حدث DepartmentCreated يظهر في سجل التدقيق المركزي.,IMPLEMENTED,IMPLEMENTED,Unknown,[B][C] apps/web/app/dashboard/organization/page.tsx (ملف الموظف),[B] apps/organization/src/modules/employees/employees.controller.ts:21-50 [C] :14-58 (+ تصدير xlsx في C),[B] apps/organization/src/modules/employees/employees.service.ts:62-148 [C] :66-152؛ apps/organization/src/modules/departments/departments.service.ts:63 (نشر DepartmentCreated),[B][C] apps/organization/prisma/schema.prisma:16 Department، :64 Branch، :80 EmploymentStatus، :94 Employee,DepartmentCreated (packages/audit/src/taxonomy.ts [B]:238 [C]:243),لا spec لـemployees.service,مطبق؛ وثائق الحالة متعارضة (BUSINESS-FLOWS-COVERAGE: قراءة فقط) والكود يحسمها لصالح CRUD كامل. بيانات الإنتاج غير معروفة.,—,P2,أساس لكل عمليات HR-to-Finance,REQ-INH-021,,,,Employee(employeeCode unique، status enum، hireDate، terminationDate، managerId FK ذاتي، departmentId/branchId FK)؛ Branch.gln unique؛ تدقيق التغييرات.,DAR-04 | DAR-06 | DAR-12 | DAR-19,REQ-INH-022 | REQ-INH-024,,docs/ERP-EMPLOYEE-PAYROLL-DESIGN.md:34 (2026-09-01; B3-0174) | apps/organization/README.md:3-14 (unknown; B6c-0231) | docs/AUDIT-COMPLETENESS-MATRIX.md:139 (unknown; B5a-0343) | docs/ERP-DATA-CLOSURE-BASELINE.md:23-24 (2026-09-01; B3-0101) | docs/GAP-ANALYSIS-AR.md:73-79 (unknown; B4a-0137) | docs/REQUIREMENTS-TRACEABILITY-MATRIX.md:94 (unknown; B5a-0040) | docs/REQUIREMENTS-TRACEABILITY-MATRIX.md:95 (unknown; B5a-0041) | docs/BUSINESS-FLOWS-COVERAGE.md:106-111 (2026-09-08; B4a-0170)
REQ-INH-021,C7,الموظف ليس مستخدم IAM تلقائيًا؛ ربط اختياري فريد linkedUserId كمفتاح مع repId,DOCUMENTED_REQ,AI agent,HR-to-Finance,الموارد البشرية / مدير النظام,دعم موظفين بلا دخول وربط موحد بين الموظف والمستخدم والمندوب.,Employee.linkedUserId اختياري وفريد؛ يُستخدم مفتاحًا موحدًا مع repId في المناطق والأوامر والحوافز، ومع employeeId في المطالبات والهدايا؛ يُتحقق من وجود المستخدم في IAM عند الربط.,BR-INH-20,userId,ربط,ربط الموظف بمستخدم عند منحه دخولًا,موظف بلا دخول مسموح,—,AC-INH-021-1: بافتراض موظف مرتبط بمستخدم U، عندما يُربط موظف ثانٍ بنفس U، فإن العملية تُرفض. | AC-INH-021-2: بافتراض مطالبة مصروف أنشأها المستخدم U المرتبط بالموظف E، عندما يُفتح ملف E، فإن المطالبة تظهر في تابة «مصروفاتي».,PARTIAL,PARTIAL,Unknown,,,[B][C] apps/organization/src/modules/expenses/expenses.controller.ts:28-30 (employeeId = req.user.id أي معرف IAM لا Employee.id)؛ apps/web/components/hr/employee-expenses.tsx:19-33 (يرشح بـEmployee.id),[B][C] apps/organization/prisma/schema.prisma:114 linkedUserId @unique,,,الربط موجود في المخطط، لكن المطالبات والهدايا تخزن معرف المستخدم في حقل employeeId بينما الواجهة ترشح بمعرف الموظف؛ لا تحقق من وجود المستخدم.,مصروفات الموظف لا تظهر في ملفه؛ تقارير الموظف ناقصة.,P2,سلامة بيانات وتقارير,,,,,ExpenseClaim/CustomerGift: employeeId = Employee.id (FK) + createdByUserId منفصل؛ Employee.linkedUserId unique nullable.,DAR-03 | DAR-05 | DAR-06,REQ-INH-010 | REQ-INH-066 | REQ-SEC-018,,docs/ERP-EMPLOYEE-PAYROLL-DESIGN.md:29-32 (2026-09-01; B3-0173)
REQ-INH-022,C7,انتقالات حالة الموظف ومسير الرواتب مقيدة ومدققة,INFERRED_NEEDS_APPROVAL,auditor,HR-to-Finance,الموارد البشرية / الرواتب,منع إعادة تنشيط موظف منتهي الخدمة أو قفز حالات المسير دون إجراء.,EmploymentStatus يتغير فقط عبر إجراءات محددة (إنهاء يتطلب تاريخًا وسببًا؛ إعادة تعيين إجراء صريح مدقق)؛ PayrollRunStatus يسير DRAFT→CALCULATED→APPROVED→FINALIZED→PAID أو CANCELLED فقط.,BR-INH-23 | BR-INH-22,طلب تغيير حالة,حالة جديدة + أثر تدقيقي,terminate/rehire كإجراءات منفصلة,لا تخمين لتاريخ الإنهاء (BR-INH-22),—,AC-INH-022-1: بافتراض موظف TERMINATED، عندما يُرسل PATCH بـstatus=ACTIVE، فإن الطلب يُرفض 400. | AC-INH-022-2: بافتراض مسير DRAFT، عندما يُطلب finalize مباشرة، فإن الطلب يُرفض.,PARTIAL,PARTIAL,Unknown,,,"[B] apps/organization/src/modules/employees/employees.service.ts:121 [C] :125 (PATCH يقبل أي status)؛ [B] :138-148 [C] :142-152 (terminate يضع terminationDate=now، السبب مُهمل)؛ [B][C] apps/organization/src/modules/payroll/payroll.service.ts:245,353,386,409,423 (انتقالات المسير مفحوصة)",,,,حالة الموظف قابلة للتغيير الحر؛ سبب الإنهاء لا يُحفظ؛ انتقالات المسير مطبقة (قراءة ثم تحديث).,موظف منتهي قد يعود للمسير.,P2,سلامة بيانات الرواتب,,,,,Employee.terminationReason؛ جدول employment_status_history (من، إلى، فاعل، وقت، سبب)؛ تحديث مشروط بالحالة.,DAR-04 | DAR-05 | DAR-09 | DAR-15 | DAR-18,REQ-INH-043,,docs/audit/03-domain-model.md:20 (2026-09-01; B6a-0071)
REQ-INH-023,C7,سجلات المناديب والمناطق كما أعطاها المالك دون تخمين,OWNER_DECISION,owner,HR-to-Finance,المالك / الموارد البشرية,ربط المناديب الفعليين بالمناطق والحوافز ببيانات صحيحة.,تُنشأ سجلات موظفين للمناديب بتاريخ التعيين الذي يعطيه المالك؛ المندوب السابق TERMINATED دون تاريخ إنهاء إن لم يتوفر (لا تخمين)؛ مناطق «القاهرة الكبرى - توصيل مباشر» و«محافظات بعيدة - شحن» بلا مندوب مخصص.,BR-INH-22,بيانات المالك,Employee/Territory,إدخال يدوي/سكربت مراجع,—,—,AC-INH-023-1: بافتراض بيئة الإنتاج، عندما يُستعلم عن المناديب، فإن عددهم وتواريخ تعيينهم تطابق قائمة المالك، والسابق TERMINATED بتاريخ إنهاء NULL.,NOT_VERIFIED (بيانات؛ الوثيقة تقول محلي فقط ولا وصول لقاعدة الإنتاج),NOT_VERIFIED (بيانات؛ لا وصول لقاعدة الإنتاج),Unknown,,,[B][C] apps/organization/src/modules/employees/employees.service.ts terminate يفرض terminationDate=now (يتعارض مع حالة «بلا تاريخ» إن أُنهيت عبر API),[B][C] apps/organization/prisma/schema.prisma Employee.terminationDate nullable,,,البيانات محلية فقط حسب الوثيقة؛ إنهاء الخدمة عبر الـAPI يفرض تاريخ اليوم.,ربط حوافز ومناطق خاطئ إن غابت البيانات.,P2,يحجب ربط الحوافز بالرواتب,REQ-INH-021,,هل نُقلت سجلات المناديب إلى الإنتاج؟,,terminationDate nullable مسموح لحالة TERMINATED التاريخية؛ territory.repId nullable.,DAR-03,REQ-CRM-012 | REQ-INH-020,,docs/audit/customer-classification-rep-territory-2026-09-02.md:62-69 (2026-09-02; B1-0314)
REQ-INH-024,C7,تقييد نطاق بيانات الموظفين بالفرع والمدير (row-level),INFERRED_NEEDS_APPROVAL,auditor,HR-to-Finance,الإدارة / أمن المعلومات,أن يرى المدير مرؤوسيه فقط ولا تُكشف بيانات الفروع الأخرى.,قوائم الموظفين والمطالبات والإجازات والرواتب تُقيد حسب الفرع/المدير للمستخدم ما لم يملك صلاحية شاملة.,,هوية المستخدم وفرعه,قائمة مقيدة,فلترة على الخادم,—,—,AC-INH-024-1: بافتراض مدير لمرؤوسَين، عندما يطلب قائمة المطالبات، فإن النتيجة تقتصر على مطالباته ومطالبات مرؤوسيه.,NOT_IMPLEMENTED,NOT_IMPLEMENTED,Unknown,,,[B][C] apps/organization/src/modules/expenses/expenses.service.ts:197-213 (findAll بلا تقييد)؛ apps/organization/src/modules/attendance/attendance.service.ts:99-109 (listLeaves بلا تقييد),,,,لا نمط تقييد في organization.,كشف بيانات موظفين لأي حامل صلاحية قراءة.,P2,ضعف رقابي؛ فريق صغير يخفف الأثر,REQ-INH-030,,,ORG-02,Employee.managerId/branchId مفاتيح للتقييد.,DAR-04 | DAR-05 | DAR-18,REQ-INH-040 | REQ-SEC-016,,docs/audit/03-domain-model.md:34 (2026-09-01; B6a-0076)
REQ-INH-025,C7,عقود العمل بدورة حياة وتنبيهات انتهاء العقد وفترة الاختبار,DOCUMENTED_REQ,AI agent; unknown,HR-to-Finance,الموارد البشرية,متابعة العقود وتجديدها في الوقت وعدم فوات انتهاء الاختبار.,عقود (دوام كامل/جزئي/تجربة/مؤقت/استشاري) بحالات مسودة/نشط/اختبار/منتهي/مجدد/منتهي الخدمة مع أحداث org.contract.*؛ مؤشر للعقود المنتهية خلال 45 يومًا؛ تنبيه لانتهاء فترة الاختبار.,,بيانات العقد,عقد + أحداث + تنبيهات,إنشاء ← تفعيل ← تجديد/إنهاء,—,org.contracts.*,AC-INH-025-1: بافتراض عقد ينتهي بعد 30 يومًا، عندما تُفتح شاشة العقود، فإن العقد يظهر في مؤشر «ينتهي خلال 45 يومًا». | AC-INH-025-2: بافتراض probationEndDate بعد 7 أيام، عندما يعمل فحص التنبيهات اليومي، فإن إشعارًا يصل للموارد البشرية. | AC-INH-025-3: بافتراض تجديد عقد، عندما يُنفذ، فإن ContractRenewed يظهر في سجل التدقيق المركزي.,PARTIAL,PARTIAL,Unknown,[B][C] apps/web/app/dashboard/hr/contracts/page.tsx:88 (contractsExpiring(45))، :191,[B][C] apps/organization/src/modules/contracts/contracts.controller.ts:25-95,"[B][C] apps/organization/src/modules/contracts/contracts.service.ts:120-148 (getExpiringSoon)، :221,300,369,407 (نشر الأحداث)",[B] apps/organization/prisma/schema.prisma:247 [C] :248 EmploymentContract (probationEndDate، baseSalary),[B] apps/audit-aggregator/src/modules/aggregator/aggregator.service.ts:97-98 [C] :98-99 (org.contract.*)؛ packages/audit/src/taxonomy.ts [B]:244-257 [C]:249-262 (HIGH),"spec exists, not run: contracts.service.spec.ts",لا تنبيه لفترة الاختبار (حقل تاريخ فقط)؛ مؤشر الانتهاء استعلام عند فتح الشاشة لا إشعار؛ تصنيف تدقيق الأحداث بانتظار تأكيد (DEC-INH-08).,فوات تجديد عقد أو نهاية اختبار.,P3,كفاءة؛ متابعة يدوية ممكنة,,DEC-INH-08,,,EmploymentContract(contractNumber unique، employeeId FK، type/status enums، startDate/endDate/probationEndDate، baseSalary محمي بصلاحية payroll).,DAR-05 | DAR-06 | DAR-07 | DAR-09,REQ-INH-040,,apps/organization/README.md:3-14 (unknown; B6c-0231) | Data/AB DATA/Nile ERP Business Operations.pdf:p.5-6 (2026-09-13; B3-0330) | docs/REQUIREMENTS-TRACEABILITY-MATRIX.md:96 (unknown; B5a-0042) | docs/REQUIREMENTS-TRACEABILITY-MATRIX.md:97 (unknown; B5a-0043) | docs/FRONTEND-COVERAGE-AUDIT-AR.md:137 (2026-09-15; B5b-0104) | docs/PRODUCTION-HOSTINGER.md:683-691 (unknown; B6c-0028)
REQ-INH-026,C7,تسجيل الحضور ودقائق التأخير والغياب وأثرها على الأجر,DOCUMENTED_REQ,AI agent; company file; unknown,HR-to-Finance,الموارد البشرية / المحاسب,قياس الحضور وربطه بالمستحق وفق ممارسة الشركة (خصم الغياب اليومي).,تسجيل حضور/انصراف يومي واحد لكل موظف مع حساب دقائق التأخير وحالة LATE؛ أيام الغياب وأثرها (خصم يومي = الأساسي/أيام) تُغذي المسير حسب سياسة معتمدة.,BR-INH-24 | BR-INH-39,clock-in/out,AttendanceRecord، أيام غياب للمسير,تسجيل ← تقرير ← احتساب المسير يقرأ الغياب,تصحيح سجل حضور بسبب ومعتمد,org.attendance.record,"AC-INH-026-1: بافتراض بداية الدوام 09:00، عندما يسجل الموظف 09:20، فإن lateMinutes=20 والحالة LATE. | AC-INH-026-2: بافتراض موظف بأساسي 6,000 وغياب يومين في الفترة وسياسة خصم يومي معتمدة، عندما يُحتسب المسير، فإن خصم الغياب = 400 (6,000/30×2) ظاهرًا في التفصيل.",PARTIAL,PARTIAL,Unknown,[B][C] apps/web/app/dashboard/hr/attendance/page.tsx,[B][C] apps/organization/src/modules/attendance/attendance.controller.ts:21-69,[B][C] apps/organization/src/modules/attendance/attendance.service.ts:23-70 (LATE إذا >15 دقيقة :45)؛ apps/organization/src/modules/payroll/payroll.service.ts:242-330 (الاحتساب يقرأ الإجازات غير المدفوعة فقط لا الغياب ولا التأخير),"[B][C] AttendanceRecord @@unique([employeeId, date])",,"spec exists, not run: attendance.service.spec.ts",الحضور مسجل لكن لا أثر للغياب/التأخير على المسير؛ سياسة الشركة (كشف مرتبات: أيام الغياب × خصم يومي) غير مطبقة.,رواتب محسوبة بلا خصم الغياب أو بخصم يدوي خارج النظام.,P2,مال؛ بديل يدوي,REQ-INH-043,DEC-INH-05 | DEC-INH-06,هل سياسة خصم الغياب اليومي معتمدة لدى الشركة؟,,"AttendanceRecord(employeeId, date) فريد؛ status enum؛ lateMinutes؛ تصحيحات بسجل تدقيق.",DAR-06 | DAR-12,REQ-INH-027 | REQ-INH-049,,docs/REQUIREMENTS-TRACEABILITY-MATRIX.md:98 (unknown; B5a-0044) | docs/GAP-ANALYSIS-AR.md:59-71 (unknown; B4a-0135) | Data/AB DATA/Nile ERP Business Operations.pdf:p.5-6 (2026-09-13; B3-0330) | Data/مرتبات.xlsx:sheet 1 header row 4 (headers only) (unknown; B3-0306)
REQ-INH-027,C7,استيراد الحضور مع التحقق من التواريخ وهوية الموظف,DOCUMENTED_REQ,AI agent,HR-to-Finance,الموارد البشرية,إدخال الحضور من أجهزة/جداول خارجية بأمان.,"استيراد ملف حضور بعقد تحقق: تاريخ صالح، موظف موجود ونشط، لا تكرار (employeeId, date)، تقرير أخطاء لكل صف، دون كتابة جزئية صامتة.",BR-INH-28,ملف حضور,سجلات حضور + تقرير,رفع ← تحقق ← معاينة ← اعتماد,صفوف مرفوضة بتقرير,—,AC-INH-027-1: بافتراض ملف به صف لموظف غير موجود وصف بتاريخ غير صالح، عندما يُستورد، فإن الصفين يُرفضان بسبب واضح ولا يُنشأ لهما سجل.,NOT_IMPLEMENTED,NOT_IMPLEMENTED,Unknown,,[B][C] لا مسار import في apps/organization/src/modules/attendance/attendance.controller.ts:21-84,,,,,لا استيراد.,إدخال يدوي.,P3,كفاءة,REQ-INH-026,,,,"فريد (employeeId, date)؛ دفعة استيراد بمعرف وتدقيق.",DAR-05 | DAR-06 | DAR-12 | DAR-13 | DAR-20,,,docs/BACKEND-DATA-IO-STANDARD.md:92 (unknown; B3-0260)
REQ-INH-028,C7,الإجازات بأرصدة سنوية ومنع التجاوز واعتماد منضبط وأثر غير المدفوعة,DOCUMENTED_REQ,AI agent; unknown,HR-to-Finance,الموظف (طلب)، المدير (اعتماد),أرصدة إجازات صحيحة وخصم صحيح للإجازة غير المدفوعة.,أنواع (سنوية، عارضة، مرضية، بدون أجر) بأرصدة سنوية؛ منع الطلب فوق الرصيد؛ الاعتماد/الرفض مرة واحدة من PENDING ومن غير صاحب الطلب وفي معاملة واحدة مع خصم الرصيد؛ الإجازة غير المدفوعة المعتمدة تُخصم في المسير.,BR-INH-25 | BR-INH-26,طلب إجازة,طلب معتمد/مرفوض، رصيد محدث,طلب ← فحص الرصيد ← اعتماد المدير ← خصم الرصيد ← أثر المسير,رفض بسبب؛ إلغاء يعيد الرصيد,لا اعتماد ذاتي,AC-INH-028-1: بافتراض رصيد سنوي متبقٍ 3 أيام، عندما يُطلب 5 أيام، فإن الطلب يُرفض 400. | AC-INH-028-2: بافتراض طلب APPROVED، عندما يُعاد اعتماده، فإن الطلب يُرفض ولا يُخصم الرصيد مرة ثانية. | AC-INH-028-3: بافتراض موظف يعتمد طلبه، عندما يحاول، فإن الطلب يُرفض 403.,PARTIAL,PARTIAL,Unknown,[B][C] apps/web/app/dashboard/hr/leaves/page.tsx,"[B][C] apps/organization/src/modules/attendance/attendance.controller.ts:31-49,71-89",[B][C] apps/organization/src/modules/attendance/attendance.service.ts:134-168 (فحص الرصيد)، :170-203 (approveLeave بلا فحص حالة ولا منع ذاتي ولا معاملة)؛ apps/organization/src/modules/payroll/payroll.service.ts:259-267 (UNPAID المعتمدة تُخصم),,,"spec exists, not run: attendance.service.spec.ts",اعتماد مكرر يخصم الرصيد مرتين، اعتماد إجازة مرفوضة ممكن، اعتماد ذاتي ممكن.,أرصدة خاطئة وخصومات خاطئة.,P2,ضعف رقابي يؤثر على الأجر,REQ-INH-030,,,ORG-01,"LeaveBalance(employeeId, fiscalYear) فريد؛ LeaveRequest status enum مع انتقال مشروط؛ approvedBy ≠ employee.linkedUserId.",DAR-03 | DAR-06 | DAR-09,REQ-INH-043,,docs/REQUIREMENTS-TRACEABILITY-MATRIX.md:99 (unknown; B5a-0045) | Data/AB DATA/Nile ERP Business Operations.pdf:p.5-6 (2026-09-13; B3-0330)
REQ-INH-029,C7,استيراد الموظفين بعقد واعٍ بالخصوصية ودون رواتب,DOCUMENTED_REQ,AI agent,HR-to-Finance,الموارد البشرية,تحميل سجل الموظفين دون كشف أو اختلاق بيانات تعويض.,عقد استيراد مستقل للموظفين مدقق ومقيد بالصلاحية، لا يستورد الرواتب أو التعويضات، ويرفض الأعمدة المالية.,BR-INH-27,ملف موظفين,Employee,رفع ← تحقق ← معاينة ← اعتماد,—,org.employees.create,AC-INH-029-1: بافتراض ملف به عمود «الراتب الأساسي»، عندما يُستورد، فإن العمود يُرفض/يُتجاهل بتحذير ولا يُكتب أي CompensationProfile.,NOT_IMPLEMENTED,NOT_IMPLEMENTED,Unknown,,[C] apps/organization/src/modules/employees/employees.controller.ts:14-27 (تصدير فقط)؛ لا مسار استيراد في [B] أو [C],,,,,لا استيراد.,إدخال يدوي.,P3,كفاءة,REQ-INH-048,,,,دفعة استيراد مدققة؛ لا كتابة على جداول payroll.,DAR-04 | DAR-05 | DAR-18 | DAR-20,REQ-INH-040,,docs/phase1-master-data-data-io.md:134 (unknown; B3-0244)
REQ-INH-030,C7,مصفوفة فصل مهام لعمليات HR-to-Finance والحوافز ملائمة لفريق صغير متعدد الأدوار,INFERRED_NEEDS_APPROVAL,AI agent,HR-to-Finance,المالك,معظم الفريق (~8) يحمل أدوارًا متعددة، فيجب تحديد من يطلب ومن يعتمد ومن يصرف.,لكل من المطالبات والهدايا والإجازات والمسير والحوافز: الطالب ≠ المعتمد ≠ الصارف ما أمكن، بلا استثناء SUPER_ADMIN صامت؛ وعند الاستحالة يوثق المالك استثناءً مدققًا.,BR-INH-12 | BR-INH-34 | BR-INH-51,مصفوفة الأدوار,فحوص SoD في الخادم,تعريف المصفوفة ← فرضها في الخدمات,استثناء موثق بسبب,محور المتطلب,AC-INH-030-1: بافتراض مستخدم SUPER_ADMIN احتسب المسير، عندما يعتمده، فإن الاعتماد يُرفض أو يُسجل كاستثناء بسبب إلزامي في سجل التدقيق. | AC-INH-030-2: بافتراض نفس المستخدم اعتمد مطالبة كمدير، عندما يحاول اعتمادها كمالية، فإن الطلب يُرفض.,PARTIAL,PARTIAL,Unknown,,,"[B][C] apps/organization/src/modules/expenses/expenses.service.ts:99-104,130-135 (منع الطالب فقط، لا منع مدير=مالية)؛ apps/organization/src/modules/customer-gifts/customer-gifts.service.ts:106-108؛ apps/organization/src/modules/payroll/payroll.service.ts:356-359 (استثناء SUPER_ADMIN)؛ apps/incentives/src/modules/ledger/ledger.service.ts [B]:95-101 [C]:99-104 (لا SoD)؛ apps/organization/src/modules/attendance/attendance.service.ts:170-203 (لا SoD)",,,,فحوص متفرقة وغير متسقة؛ الحوافز والإجازات بلا SoD؛ استثناء SUPER_ADMIN في المسير.,اعتماد ذاتي لمال.,P2,ضعف رقابي على المال,,DEC-INH-04,ما مصفوفة الأدوار المعتمدة (من يطلب/يعتمد/يصرف) في كل عملية؟,SAL-09 | ORG-01,كل كيان معتمد يخزن requestedBy/approvedBy/paidBy مع قيود CHECK على عدم التساوي حيث يلزم.,DAR-04 | DAR-05 | DAR-06,REQ-INH-008 | REQ-INH-043 | REQ-INH-060 | REQ-SEC-024,,Data/AB DATA/Nile ERP Business Operations.pdf:p.1 (2026-09-13; B3-0314)
REQ-INH-040,C7,سرية الرواتب: فصل صلاحيات payroll.* عن org.* وعدم كشف الأجر عبر مسارات أخرى,DOCUMENTED_REQ,AI agent; auditor,HR-to-Finance,مدير النظام / المالك,ألا يرى مستخدم المنظمة العادي الرواتب تلقائيًا.,بيانات التعويض متاحة فقط بصلاحيات payroll.*؛ يمكن منح org.employees.* دون أي payroll.*؛ لا يُرجع أي مسار org.* حقول الأجر؛ تطبيق نمط الحماية الكامل على كل مسارات الرواتب.,BR-INH-30,—,—,—,—,payroll.* منفصلة,AC-INH-040-1: بافتراض مستخدم يملك org.contracts.read دون payroll.*، عندما يطلب GET /contracts، فإن baseSalary لا يظهر في الاستجابة. | AC-INH-040-2: بافتراض مستخدم بلا payroll.runs.read، عندما يطلب GET /payroll/runs، فإن الاستجابة 403. | AC-INH-040-3: بافتراض بيئة جديدة من CURRENT، عندما يُشغل seed الـIAM، فإن صلاحيات payroll.* موجودة في الكتالوج.,PARTIAL,PARTIAL,Unknown,,[B][C] apps/organization/src/modules/payroll/payroll.controller.ts:22-130 (payroll.*)؛ apps/organization/src/modules/contracts/contracts.controller.ts:25-59 (org.contracts.read يعيد baseSalary),[B] apps/iam/prisma/seed.ts:250-254 (payroll.* مزروعة)؛ [C] apps/iam/prisma/seed.ts (67 سطرًا) بلا payroll.* (SEC-02),[B] apps/organization/prisma/schema.prisma:256 [C] :257 EmploymentContract.baseSalary,,,الأجر مكشوف عبر العقود بصلاحية org؛ في CURRENT صلاحيات payroll غير موجودة بالكتالوج فالوحدة مغلقة على الجميع.,كشف رواتب أو تعطل الوحدة.,P1,بيانات شخصية/مالية حساسة,,,,SEC-02,فصل الأجر في كيان/أعمدة لا تُقرأ إلا بخدمة payroll؛ تسجيل وصول للقراءات الحساسة.,DAR-05 | DAR-18,REQ-INH-025 | REQ-SEC-003 | REQ-SEC-024,,docs/ERP-DATA-GAP-ANALYSIS.md:56 (2026-09-01; B3-0093) | docs/ERP-EMPLOYEE-PAYROLL-DESIGN.md:20-25 (2026-09-01; B3-0172) | docs/audit/08-security.md:101 (2026-09-01; B6a-0175)
REQ-INH-041,C7,نموذج بيانات الرواتب الأدنى,DOCUMENTED_REQ,AI agent; auditor,HR-to-Finance,الهندسة / الرواتب,أساس سليم للمسير دون كيانات بلا قواعد عمل.,CompensationProfile، SalaryComponent، EmployeeCompensationAssignment، PayrollPeriod، PayrollRun، PayrollEntry (فريد لكل مسير/موظف)، PayrollAdjustment، PayrollApproval.,BR-INH-36,—,—,—,—,—,AC-INH-041-1: بافتراض مسير وموظف، عندما يُحاول إنشاء قيد ثانٍ لنفس الموظف في نفس المسير، فإن قاعدة البيانات ترفضه.,IMPLEMENTED,IMPLEMENTED,Unknown,,,,"[B] apps/organization/prisma/schema.prisma:351-496 [C] :369-514 (8 نماذج؛ PayrollEntry @@unique([payrollRunId, employeeId]) [C]:475)؛ migration 20260901220000_add_employee_payroll",,,مطبق؛ تطبيقه على الإنتاج غير معروف (الوثيقة: غير مطبق على Neon).,—,P3,أساس قائم,,,,,"كما في المخطط؛ Decimal(14,2) للمبالغ.",DAR-05 | DAR-06 | DAR-09 | DAR-10 | DAR-18,REQ-INH-043,,docs/ERP-EMPLOYEE-PAYROLL-DESIGN.md:38 (2026-09-01; B3-0175) | docs/ERP-DATA-CLOSURE-BASELINE.md:35-41 (2026-09-01; B3-0106) | docs/ERP-EMPLOYEE-PAYROLL-DESIGN.md:5-16 (2026-09-01; B3-0171) | docs/audit/00-executive-summary.md:117 (2026-09-01; B6a-0036) | docs/audit/04-database.md:14 (2026-09-01; B6a-0091)
REQ-INH-042,C7,التعويض بتواريخ سريان ومكونات راتب قابلة للتهيئة,DOCUMENTED_REQ,AI agent,HR-to-Finance,مسؤول الرواتب,حفظ تاريخ الأجر وإتاحة البدلات/الخصومات كبيانات.,الزيادة صف جديد effectiveFrom/effectiveTo يغلق السابق، لا تعديل في المكان ولا حذف؛ مكونات EARNING/DEDUCTION مبلغ ثابت أو نسبة، قابلة للضريبة أو لا.,BR-INH-31,ملف تعويض جديد,CompensationProfile جديد,إغلاق السابق ثم إنشاء الجديد في معاملة,تاريخ سريان غير صالح يُرفض,payroll.profiles.manage,AC-INH-042-1: بافتراض ملف سارٍ من 2026-01-01، عندما يُضاف ملف جديد من 2026-07-01، فإن السابق effectiveTo=2026-06-30 ويبقى محفوظًا.,IMPLEMENTED,IMPLEMENTED,Unknown,,[B][C] apps/organization/src/modules/payroll/payroll.controller.ts:22-52,[B][C] apps/organization/src/modules/payroll/payroll.service.ts:108-157,[B][C] CompensationProfile(effectiveFrom/effectiveTo)، SalaryComponent(type),,"spec exists, not run: payroll.service.spec.ts",مطبق.,—,P2,أساس المسير,,,,,منع تداخل فترات السريان لنفس الموظف (exclusion constraint أو فحص).,DAR-06 | DAR-18,,,docs/ERP-EMPLOYEE-PAYROLL-DESIGN.md:42 (2026-09-01; B3-0176) | docs/ERP-EMPLOYEE-PAYROLL-DESIGN.md:43 (2026-09-01; B3-0177)
REQ-INH-043,C7,تشغيل الرواتب الشهري: احتساب بتفصيل واعتماد مستقل وإنهاء وصرف,INFERRED_NEEDS_APPROVAL,AI agent; auditor,HR-to-Finance,مسؤول الرواتب (احتساب)، المالك/المدير المالي (اعتماد),مسير شهري قابل لإعادة الإنتاج والتدقيق.,مسير لكل فترة: صافي = أساسي + بدلات − خصومات (نظامية وغياب وسلف) + حوافز، مع تفصيل JSON لكل بند؛ اعتماد من غير المحتسب؛ إنهاء يقفل الفترة؛ صرف مرتبط بأثر مالي؛ حساب Decimal.,BR-INH-32 | BR-INH-34,ملفات التعويض، الإجازات، الحضور، الحوافز، السلف,PayrollRun/Entries، كشف,إنشاء مسير ← احتساب ← اعتماد/رفض بسبب ← إنهاء ← صرف,رفض يعيد DRAFT؛ إلغاء قبل الإنهاء,المحتسب ≠ المعتمد,"AC-INH-043-1: بافتراض موظف أساسي 10,000 وبدل خاضع 1,000 وحافز معتمد 2,000، عندما يُحتسب المسير، فإن التفصيل يعرض كل بند وnetPay = 10,000+1,000+2,000 − الاستقطاعات النظامية المحسوبة. | AC-INH-043-2: بافتراض أن المستخدم A احتسب المسير، عندما يعتمده A، فإن الطلب يُرفض 403 بلا استثناء دور. | AC-INH-043-3: بافتراض نفس المدخلات، عندما يُعاد الاحتساب في DRAFT، فإن النتائج مطابقة حتى آخر قرش.",PARTIAL,PARTIAL,Unknown,[B][C] apps/web/app/dashboard/hr/payroll/page.tsx (1034 سطرًا),[B][C] apps/organization/src/modules/payroll/payroll.controller.ts:22-130 (20 مسارًا),[B][C] apps/organization/src/modules/payroll/payroll.service.ts:225-235 (createRun)، :242-345 (calculate بـNumber/Math.round)، :311 (incentiveAmount 0)، :350-381 (decide؛ استثناء SUPER_ADMIN :356-359)، :383-399 (finalize)، :406-418 (markPaid حالة فقط),[B][C] PayrollRun/PayrollEntry/PayrollApproval,لا أحداث (ORG-04),"spec exists, not run: payroll.service.spec.ts",الطبقة موجودة (خلافًا لوثائق 09-01 القائلة لا API)؛ لكن الحوافز صفر، الغياب والسلف غير مقروءة، حساب Number، استثناء SUPER_ADMIN، الصرف بلا أثر مالي؛ والتشغيل نفسه معطل على قرار نمذجة الأجر (DEC-INH-05).,مسير لا يطابق الممارسة ولا يُرحّل.,P1,رواتب = مال ومخاطر نظامية,REQ-INH-010 | REQ-INH-026 | REQ-INH-049 | REQ-INH-046,DEC-INH-05 | DEC-INH-06,,ORG-03 | ORG-04,PayrollEntry.breakdown JSON + أعمدة مجمعة Decimal؛ calculatedBy/approvedBy/finalizedBy/paidBy؛ PayrollPeriod.isClosed يمنع أي كتابة.,DAR-05 | DAR-09 | DAR-10 | DAR-18,REQ-INH-044 | REQ-INH-045 | REQ-SEC-039,,Data/AB DATA/Nile ERP Gap Analysis.pdf:p.3 (2026-09-13; B3-0346) | docs/GAP-ANALYSIS-AR.md:109 (unknown; B4a-0140) | docs/ERP-EMPLOYEE-PAYROLL-DESIGN.md:74-76 (2026-09-01; B3-0187) | docs/FRONTEND-COVERAGE-AUDIT-AR.md:40-43 (2026-09-15; B5b-0099) | docs/audit/18-business-workflows.md:45-62 (unknown; B4a-0128) | docs/ERP-PRODUCTION-READINESS.md:34-39 (unknown; B6c-0043) | docs/ERP-DATA-GAP-ANALYSIS.md:70 (2026-09-01; B3-0097)
REQ-INH-044,C7,نهائية الرواتب: لا تعديل بعد FINALIZED/PAID إلا بتسوية مستقلة معتمدة,DOCUMENTED_REQ,AI agent; auditor,HR-to-Finance,مسؤول الرواتب / المالية,ألا يختلف المسجل عن المدفوع.,PayrollEntry بعد الإنهاء لا يُعدل؛ كل تصحيح PayrollAdjustment (مبلغ موقع، سبب، نوع، فاعل، وقت) يُعتمد ويُصرف/يُخصم في مسير لاحق أو بسند مستقل؛ قفل الفترة؛ منع التشغيل المكرر؛ احتساب قابل لإعادة الإنتاج.,BR-INH-33,تسوية,PayrollAdjustment معتمد,إنشاء تسوية ← اعتماد ← إدراج في المسير التالي,—,منشئ التسوية ≠ معتمدها,"AC-INH-044-1: بافتراض قيد FINALIZED بصافي 8,000، عندما تُضاف تسوية +500، فإن netPay للقيد يبقى 8,000 وتظهر التسوية مستقلة معلقة للاعتماد. | AC-INH-044-2: بافتراض فترة مغلقة، عندما يُحاول الاحتساب أو التعديل، فإن الطلب يُرفض.",PARTIAL,PARTIAL,Unknown,,,[B][C] apps/organization/src/modules/payroll/payroll.service.ts:437-458 (يُنشئ PayrollAdjustment لكن يزيد netPay للقيد نفسه حتى FINALIZED/PAID بلا اعتماد ولا تحديث إجماليات),,,,التسوية تعدل القيد المقفل نفسه.,رواتب مسجلة لا تطابق المدفوع.,P1,سلامة بيانات مالية,REQ-INH-043,,,ORG-03,"PayrollAdjustment(entryId, amount signed, reason, type, actorId, approvedBy, settledInRunId)؛ trigger/خدمة تمنع UPDATE على payroll_entries بحالة FINALIZED/PAID.",DAR-05 | DAR-06 | DAR-08 | DAR-09 | DAR-18,REQ-INH-043 | REQ-SEC-039,,docs/ERP-EMPLOYEE-PAYROLL-DESIGN.md:44 (2026-09-01; B3-0178) | docs/audit/03-domain-model.md:32 (2026-09-01; B6a-0075)
REQ-INH-045,C7,السماح بإعادة تشغيل الرواتب بعد إلغاء المسير,INFERRED_NEEDS_APPROVAL,auditor,HR-to-Finance,مسؤول الرواتب,تصحيح مسير خاطئ قبل الإنهاء دون حذف بيانات.,مسير غير ملغى واحد فقط لكل فترة (قيد فريد جزئي يستثني CANCELLED) مع إمكانية إنشاء مسير جديد بعد الإلغاء؛ يُصلح قبل بناء أي توسعات.,BR-INH-35,periodId,مسير جديد,إلغاء ← إنشاء مسير جديد,—,—,AC-INH-045-1: بافتراض مسير CANCELLED للفترة 2026-10، عندما يُنشأ مسير جديد لها، فإن الإنشاء ينجح. | AC-INH-045-2: بافتراض مسير DRAFT نشط للفترة، عندما يُنشأ آخر، فإن الطلب يُرفض 409.,NOT_IMPLEMENTED,NOT_IMPLEMENTED,Unknown,,,[B][C] apps/organization/src/modules/payroll/payroll.service.ts:230-233 (findUnique بـperiodId يشمل الملغى),[B] apps/organization/prisma/schema.prisma:432 [C] :450 PayrollRun @@unique([periodId]),,,القيد الفريد الكامل يمنع إعادة التشغيل.,فترة عالقة بعد إلغاء المسير.,P2,يوقف المسير لكن له بديل (عدم الإلغاء),,DEC-INH-07,,,CREATE UNIQUE INDEX ... ON payroll_runs(period_id) WHERE status <> 'CANCELLED'.,DAR-04 | DAR-05 | DAR-06 | DAR-09 | DAR-17 | DAR-18,REQ-INH-043,,docs/audit/00-executive-summary.md:105 (2026-09-01; B6a-0030) | docs/audit/03-domain-model.md:30 (2026-09-01; B6a-0074) | docs/audit/19-production-readiness.md:21 (2026-09-01; B6a-0247) | docs/audit/05-transactions-concurrency.md:108 (2026-09-01; B6a-0128)
REQ-INH-046,C7,الاستقطاعات النظامية المصرية: التأمينات الاجتماعية وضريبة كسب العمل,DOCUMENTED_REQ,AI agent; unknown,HR-to-Finance,المحاسب / الرواتب,امتثال قانون التأمينات 148/2019 وضريبة الدخل 30/2023.,"تأمينات 11% موظف و18.75% صاحب عمل على أجر تأميني بين 2,000 و12,600 ج.م؛ ضريبة سنوية بإعفاء شخصي 20,000 وشرائح 0/10/15/20/22.5/25%؛ المعاملات بيانات بتواريخ سريان لا ثوابت في الكود، وحساب Decimal.",BR-INH-37 | BR-INH-38,الأجر الخاضع,استقطاعات الموظف وتكلفة صاحب العمل,ضمن calculate,تغيير الحدود سنويًا,تعديل الجداول باعتماد المحاسب,"AC-INH-046-1: بافتراض أجر تأميني 15,000، عندما تُحسب التأمينات، فإن حصة الموظف = 1,386 (12,600×11%) وحصة صاحب العمل = 2,362.5. | AC-INH-046-2: بافتراض أجر 1,500، عندما تُحسب التأمينات، فإن الأجر التأميني = 2,000 (الحد الأدنى). | AC-INH-046-3: بافتراض تغيير الحد الأقصى من تاريخ معين، عندما يُحدّث كجدول بتاريخ سريان، فإن المسيرات اللاحقة فقط تتأثر دون تعديل الكود.",PARTIAL,PARTIAL,Unknown,,,[B][C] apps/organization/src/modules/attendance/attendance.service.ts:236-243 (ثوابت 2000/12600/0.11/0.1875 في الكود)، :251-290 (إعفاء 20000 وشرائح ثابتة، Number)؛ apps/organization/src/modules/payroll/payroll.service.ts:296-302,,,"spec exists, not run: attendance.service.spec.ts، payroll.service.spec.ts",القيم مثبتة في الكود بحساب عشري غير دقيق وفي خدمة الحضور؛ لم يؤكد المحاسب القيم السارية.,استقطاعات خاطئة عند تغير القانون.,P1,امتثال ضريبي/تأميني,REQ-INH-043,DEC-INH-12,هل يؤكد المحاسب جداول التأمينات والضريبة السارية ومن يحدّثها؟,,"statutory_parameters(type, value, effectiveFrom, effectiveTo, approvedBy)؛ Decimal.",DAR-10,,,Data/AB DATA/Nile ERP Business Operations.pdf:p.6 (2026-09-13; B3-0331) | docs/GAP-ANALYSIS-AR.md:65 (unknown; B4a-0136) | docs/REQUIREMENTS-TRACEABILITY-MATRIX.md:100 (unknown; B5a-0046) | docs/REQUIREMENTS-TRACEABILITY-MATRIX.md:101 (unknown; B5a-0047)
REQ-INH-047,C7,قسيمة الراتب والخدمة الذاتية للموظف (payroll.entries.read.own),OPTIONAL_IMPROVEMENT,AI agent,HR-to-Finance,الموظف,أن يرى الموظف قسيمته دون صلاحيات رواتب عامة.,صلاحية payroll.entries.read.own تعرض قسائم الموظف المرتبط بالمستخدم فقط، مع قرار بشأن الموظف المنتهي خدمته.,,هوية المستخدم,قسيمة,—,—,—,AC-INH-047-1: بافتراض مستخدم مرتبط بالموظف E، عندما يطلب قسائمه، فإن يرى قسائم E فقط ويُرفض طلب قسيمة موظف آخر 403.,NOT_IMPLEMENTED,NOT_IMPLEMENTED,Unknown,,[B][C] لا مسار قسيمة في apps/organization/src/modules/payroll/payroll.controller.ts:22-130,,,,,مؤجل عمدًا.,—,P4,تحسين,REQ-INH-021,,هل يرى الموظف المنتهي خدمته تاريخه؟,,ربط عبر Employee.linkedUserId.,DAR-03 | DAR-05 | DAR-18,,,docs/ERP-EMPLOYEE-PAYROLL-DESIGN.md:59 (2026-09-01; B3-0182)
REQ-INH-048,C7,عدم اختلاق بيانات الموظفين والرواتب؛ البناء والتشغيل مشروطان ببيانات حقيقية أو قرار نمذجة,DOCUMENTED_REQ,auditor,HR-to-Finance,المالك / الهندسة,سلامة البيانات ومنع رواتب وهمية.,لا تُستورد ملفات رواتب لا تخص الشركة، ولا تُزرع رواتب تجريبية في بيئة قد تصبح إنتاجًا؛ تفعيل المسير فقط بعد أرقام حقيقية أو قرار نمذجة صريح.,BR-INH-40,—,—,—,—,—,AC-INH-048-1: بافتراض NODE_ENV=production، عندما يُشغل seed خدمة organization، فإن لا موظفين أو عقود برواتب تجريبية تُنشأ.,PARTIAL,PARTIAL,Unknown,,,[B][C] apps/organization/prisma/seed.ts:63-170 (موظفون وعقود برواتب تجريبية 32000/18000/15000 بلا حارس بيئة)؛ [C] scripts/production-migrate.sh:118-124 يزرع IAM فقط,,,,seed تجريبي بلا حارس بيئة؛ مسار الإنتاج لا يشغله حاليًا.,رواتب وهمية إن شُغل seed على الإنتاج.,P2,سلامة بيانات,,DEC-INH-05 | DEC-INH-06,,,علم مصدر البيانات (source=seed/import/manual) على Employee/Contract.,DAR-05 | DAR-18 | DAR-20,REQ-INH-029 | REQ-OPS-012,,docs/audit/00-executive-summary.md:109 (2026-09-01; B6a-0033) | docs/audit/18-business-workflows.md:60 (unknown; B4a-0129)
REQ-INH-049,C7,خصم السلف والغياب في المسير والأثر المحاسبي والخزيني للرواتب,INFERRED_NEEDS_APPROVAL,company file,HR-to-Finance,المحاسب / أمين الخزينة,مطابقة ممارسة كشف المرتبات (خصم الغياب والسلف والشيكات) وتسجيل تكلفة الرواتب في الدفاتر والخزينة.,المسير يخصم السلف القائمة والغياب حسب السياسة؛ الإنهاء يولد قيد استحقاق (مصروف رواتب، التزامات تأمينات وضريبة، صافي مستحق للموظفين)؛ الصرف يتم بسند خزينة/بنك يخفض الحساب ويُسوي المستحق ويمنع الصرف المكرر.,BR-INH-39 | BR-INH-54,مسير منتهٍ، سلف قائمة، حساب الصرف,قيد يومية، سند صرف، تسوية سلف,finalize ← قيد استحقاق ← markPaid بسند من حساب مالي ← قيد سداد,فشل الترحيل يمنع الحالة PAID؛ إعادة المحاولة idempotent,الصارف ≠ المعتمد,"AC-INH-049-1: بافتراض مسير منتهٍ بصافي إجمالي 50,000، عندما يُصرف من خزينة رئيسية، فإن رصيد الخزينة ينقص 50,000 ويُنشأ قيد سداد مرتبط بالمسير. | AC-INH-049-2: بافتراض سلفة قائمة 1,000 لموظف، عندما يُحتسب المسير، فإن خصم سلفة 1,000 يظهر في التفصيل وتُسوى السلفة. | AC-INH-049-3: بافتراض صرف مسير، عندما يُرسل طلب الصرف مرتين، فإن سندًا واحدًا فقط يُنشأ.",NOT_IMPLEMENTED,NOT_IMPLEMENTED,Unknown,,,[B][C] apps/organization/src/modules/payroll/payroll.service.ts:406-418 (markPaid يغير الحالة فقط)، :242-345 (لا قراءة سلف ولا غياب)؛ لا نشر أحداث من organization سوى الأقسام/المناطق/العقود,,لا أحداث رواتب (ORG-04),,لا خصم سلف/غياب ولا أي أثر محاسبي أو خزيني.,مصروف رواتب خارج الدفاتر والخزينة.,P1,مال وسلامة الدفاتر,REQ-INH-043 | REQ-INH-064 | REQ-INH-026,DEC-INH-05 | DEC-INH-10,,ORG-04,PayrollRun.journalEntryId/paymentVoucherId (مراجع منطقية لخدمة المحاسبة) + idempotencyKey فريد للصرف؛ EmployeeAdvance مرتبطة بالخصم.,DAR-04 | DAR-05 | DAR-06 | DAR-07 | DAR-18,REQ-INH-062 | REQ-TRC-014 | REQ-TRC-015,,Data/مرتبات.xlsx:sheet 1 header row 4 (headers only) (unknown; B3-0306)
REQ-INH-060,C7,مطالبات مصروفات الموظفين بدورة اعتماد مزدوجة وفئات ومنع الاعتماد الذاتي,DOCUMENTED_REQ,AI agent; unknown,HR-to-Finance,الموظف (طلب)، المدير المباشر، المالية,ضبط المصروفات النثرية للمندوبين والموظفين.,DRAFT→SUBMITTED→MANAGER_APPROVED→FINANCE_APPROVED→PAID أو REJECTED؛ التقديم من صاحب المطالبة فقط؛ اعتماد المدير من المدير المباشر؛ لا اعتماد ذاتي في المستويين؛ المطالبة مرتبطة بسجل الموظف؛ الصلاحيات مزروعة وصحيحة.,BR-INH-50 | BR-INH-51 | BR-INH-56,بنود المصروف (فئة، مبلغ، تاريخ، إيصال),ExpenseClaim,مسودة ← تقديم ← اعتماد المدير ← اعتماد المالية ← صرف,رفض بسبب قبل الصرف,الطالب ≠ المدير ≠ المالية,AC-INH-060-1: بافتراض مطالبة DRAFT للموظف A، عندما يحاول B تقديمها، فإن الطلب يُرفض 403. | AC-INH-060-2: بافتراض مطالبة A، عندما يحاول A اعتمادها كمدير أو كمالية، فإن الطلب يُرفض 403. | AC-INH-060-3: بافتراض بيئة CURRENT جديدة، عندما يُمنح دور المالية صلاحيات المصروفات، فإن مسار finance-approve يعمل (الصلاحيات موجودة في الكتالوج).,PARTIAL,PARTIAL,Unknown,[B][C] apps/web/app/dashboard/hr/expenses/page.tsx,[B][C] apps/organization/src/modules/expenses/expenses.controller.ts:26-85 (organization.employees.read/organization.departments.manage/accounting.payments.create),"[B][C] apps/organization/src/modules/expenses/expenses.service.ts:22-66 (create)، :68-86 (submit بلا تحقق ملكية)، :92-117 و:124-147 (منع الاعتماد الذاتي :99-104,:130-135؛ لا تحقق أن المعتمد هو المدير المباشر)، :197-213 (findAll غير مقيد)؛ [B] apps/iam/prisma/seed.ts:240 يزرع الصلاحيات؛ [C] غير مزروعة (SEC-02)",[B] apps/organization/prisma/schema.prisma:512-560 [C] :530-578 ExpenseClaim/Line/enums,لا أحداث,"spec exists, not run: expenses.service.spec.ts",لا تحقق من ملكية التقديم ولا من أن المعتمد هو المدير؛ قراءة غير مقيدة؛ صلاحيات غير موجودة في CURRENT.,اعتماد من غير ذي صفة وكشف مطالبات الآخرين.,P2,ضعف رقابي على مال؛ بديل يدوي,REQ-INH-021 | REQ-INH-024 | REQ-INH-030,,,ORG-02 | SEC-02,ExpenseClaim(claimNumber unique، employeeId FK Employee، status enum، submittedBy، managerId، financeApprovedBy، paidBy)؛ بنود Decimal >0.,DAR-05 | DAR-06 | DAR-10 | DAR-15,REQ-INH-061 | REQ-INH-062 | REQ-INH-070 | REQ-SEC-043,,Data/AB DATA/Nile ERP Business Operations.pdf:p.5-6 (2026-09-13; B3-0330) | docs/REQUESTS-2026-09-25-ar.md:212-215 (2026-09-25; B1-0161) | docs/FRONTEND-COVERAGE-AUDIT-AR.md:139 (2026-09-15; B5b-0105) | docs/REQUIREMENTS-TRACEABILITY-MATRIX.md:102 (unknown; B5a-0048)
REQ-INH-061,C7,رفض المطالبة قبل الصرف فقط وانتقالات حالة مشروطة (EXP-1/EXP-2),INFERRED_NEEDS_APPROVAL,AI agent,HR-to-Finance,المدير / المالية,منع رفض مطالبة مصروفة وضمان فائز واحد في الاعتماد المتزامن.,الرفض مسموح فقط من SUBMITTED/MANAGER_APPROVED/FINANCE_APPROVED؛ كل انتقال updateMany مشروط بالحالة المتوقعة والخاسر يتلقى 409، كما في هدايا العملاء.,BR-INH-52 | BR-INH-53,—,—,—,—,—,AC-INH-061-1: بافتراض مطالبة PAID، عندما يُطلب رفضها، فإن الطلب يُرفض 409 وتبقى PAID. | AC-INH-061-2: بافتراض طلبي اعتماد متزامنين لنفس المطالبة، عندما يُنفذان، فإن واحدًا ينجح والآخر 409.,CONTRADICTED,CONTRADICTED,Unknown,,,"[B][C] apps/organization/src/modules/expenses/expenses.service.ts:153-168 (rejectClaim بلا شرط حالة)، :92-147,173-191 (قراءة ثم تحديث غير مشروط)؛ مقارنة apps/organization/src/modules/customer-gifts/customer-gifts.service.ts:75-82,113-118 (مشروط)",,,"spec exists, not run: customer-gifts.service.spec.ts يغطي السباق للهدايا فقط",عيب مسجل P0 ومؤجل بقرار المالك (DEC-INH-09).,سجل مصروفات مضلل (مطالبة مصروفة تظهر مرفوضة).,P1,سلامة بيانات مالية,REQ-INH-060,DEC-INH-09,متى يُسمح بتنفيذ إصلاح EXP-1..EXP-3؟,ORG-02,انتقال حالة مشروط (WHERE status IN (...))؛ rejectedBy/rejectedAt.,DAR-09,REQ-INH-070,,docs/DECISIONS-2026-09-25-ar.md:136 (2026-09-25; B1-0111) | docs/DECISIONS-2026-09-25-ar.md:137 (2026-09-25; B1-0112)
REQ-INH-062,C7,صرف المطالبات (والهدايا) بسند خزينة وقيد وخفض المحفظة ومنع الصرف المكرر والنجاح الوهمي,INFERRED_NEEDS_APPROVAL,AI agent,HR-to-Finance,المالية / أمين الخزينة,أن يكون لكل صرف أثر مالي حقيقي ومطابق.,PAID فقط بعد سند صرف من حساب مالي محدد وقيد يومية وخفض الرصيد، بمفتاح منع تكرار وبموافقة مستقلة؛ خطأ الحفظ يعيد فشلًا لا exp-mock؛ فصل حالات المطالبة/الاعتماد/الصرف/التسوية.,BR-INH-54 | BR-INH-55,مطالبة FINANCE_APPROVED، حساب مالي,سند، قيد، PAID,اختيار الحساب ← سند صرف ← قيد ← PAID في معاملة/saga,فشل السند يبقي FINANCE_APPROVED؛ إعادة المحاولة idempotent,الصارف ≠ المعتمد,"AC-INH-062-1: بافتراض مطالبة معتمدة بقيمة 100 ومحفظة رصيدها 1,000، عندما تُصرف منها، فإن الحالة PAID ورصيد المحفظة 900 وقيد مصروف مرتبط بالمطالبة. | AC-INH-062-2: بافتراض خطأ قاعدة بيانات عند الإنشاء، عندما تُحفظ المطالبة، فإن الاستجابة خطأ ولا يُعاد معرف exp-mock. | AC-INH-062-3: بافتراض طلب صرف مكرر بنفس المفتاح، عندما يُنفذ، فإن سندًا واحدًا فقط يوجد.",NOT_IMPLEMENTED,NOT_IMPLEMENTED,Unknown,,,[B][C] apps/organization/src/modules/expenses/expenses.service.ts:173-191 (markPaid: حالة + نص paymentMethod، تعليق «triggers journal entry» غير صحيح :171)، :22-66 (أُزيل exp-mock: إعادة محاولة ثم throw — مطبق)؛ apps/organization/src/modules/customer-gifts/customer-gifts.service.ts:84-86 (paymentMethod نص),"[B][C] ExpenseClaim (paidAt فقط، لا حساب مالي)؛ CustomerGift(paidBy, paidAt, paymentMethod)",لا أحداث (ORG-04),,الجزء الخاص بمنع النجاح الوهمي مطبق؛ لا سند ولا قيد ولا خفض رصيد ولا منع تكرار.,مصروفات خارج الدفاتر والخزينة.,P1,مال,REQ-INH-060,DEC-INH-09,,ORG-04,ExpenseClaim/CustomerGift: financialAccountId، paymentVoucherId، journalEntryId، paidBy، idempotencyKey فريد.,DAR-04 | DAR-05 | DAR-06 | DAR-07 | DAR-08,REQ-INH-049 | REQ-INH-063 | REQ-INH-070 | REQ-TRC-014 | REQ-TRC-015,,docs/audit/2026-09-18-company-workflows-vs-erp-ar.md:126 (2026-09-18; B3-0029) | docs/audit/2026-09-18-company-workflows-vs-erp-ar.md:230 (2026-09-18; B3-0055) | docs/audit/2026-09-18-company-workflows-vs-erp-ar.md:122-124 (2026-09-18; B3-0028)
REQ-INH-063,C7,تصحيح توثيق markPaid ليطابق السلوك (لا قيد) دون اختراع ترحيل قبل نظام اليومية (EXP-3),INFERRED_NEEDS_APPROVAL,AI agent,HR-to-Finance,الهندسة,ألا يضلل الكود والوثائق المطورين والمدققين.,تعليق/وثيقة markPaid تقول صراحة إنه تغيير حالة بلا قيد حتى يُبنى الترحيل.,,—,—,—,—,—,AC-INH-063-1: بافتراض مراجعة الكود، عندما يُقرأ تعليق markPaid، فإنه لا يدّعي إنشاء قيد يومية.,NOT_IMPLEMENTED,NOT_IMPLEMENTED,Unknown,,,[B][C] apps/organization/src/modules/expenses/expenses.service.ts:171 («triggers journal entry»),,,,التعليق مضلل؛ مؤجل بقرار المالك.,افتراض خاطئ بوجود ترحيل.,P3,توثيق,,DEC-INH-09,,ORG-04,—,DAR-04,REQ-INH-062,,docs/DECISIONS-2026-09-25-ar.md:138 (2026-09-25; B1-0113)
REQ-INH-064,C7,سلف الموظفين والعهد كذمة حتى التسوية (سلفة ← مصروف معتمد ← رد الباقي),INFERRED_NEEDS_APPROVAL,AI agent,HR-to-Finance,المالية / الموظف,تمثيل الممارسة الفعلية (سلف نقدية وعهد للمندوبين) دون تضخيم المصروف.,سلفة تُسجل ذمة على الموظف عند الصرف، وتُسوى بمطالبات معتمدة ورد نقدي للباقي أو خصم من الراتب؛ المصروف المعترف به = المعتمد فقط.,BR-INH-61,سلفة، مطالبات تسوية، رد,ذمة صفرية بعد التسوية,طلب سلفة ← اعتماد ← صرف (ذمة) ← تسوية بمطالبات ← رد/خصم,سلفة غير مسواة تُخصم من المسير,—,AC-INH-064-1: بافتراض سلفة 500 وتسوية بمصروف معتمد 350 ورد 150، عندما تُغلق السلفة، فإن المصروف المعترف به 350 فقط ورصيد ذمة الموظف 0.,NOT_IMPLEMENTED,NOT_IMPLEMENTED,Unknown,,,,[B][C] لا كيان سلفة في apps/organization/prisma/schema.prisma ولا apps/accounting/prisma/schema.prisma,,,غير موجود.,السلف خارج النظام.,P2,مال؛ ممارسة يدوية قائمة,REQ-INH-062,DEC-INH-10 | DEC-INH-05,هل دورة السلف مطلوبة؟,,"EmployeeAdvance(employeeId, amount, status, settledAmount, refundedAmount, payrollDeductionEntryId).",DAR-05 | DAR-08 | DAR-18,REQ-INH-049 | REQ-TRC-014,,docs/audit/2026-09-18-company-workflows-vs-erp-ar.md:231 (2026-09-18; B3-0056)
REQ-INH-065,C7,فئات المصروفات قائمة مغلقة مطابقة لممارسة الشركة وفصل السلف والرواتب,INFERRED_NEEDS_APPROVAL,AI agent; company file,HR-to-Finance,المحاسب,تصنيف يطابق دفاتر الشركة (نثرية الشركة، ومصروفات المندوب: شخصية، أكتيفيتي مباشرة، هدايا للمراكز، سكرتارية المراكز).,قائمة فئات معتمدة ومغلقة (لا نص حر)، مع فصل السلف والرواتب عن المطالبات، وعدم اعتبار الشحن التجاري نقل عينات، وهدايا المراكز تُدار عبر هدايا العملاء.,BR-INH-56,—,—,—,—,تعديل القائمة بقرار,AC-INH-065-1: بافتراض بند بفئة غير موجودة في القائمة، عندما يُرسل، فإن الطلب يُرفض 400.,PARTIAL,PARTIAL,Unknown,,,,[B] apps/organization/prisma/schema.prisma:512-519 [C] :530-537 enum ExpenseCategory (6 قيم: TRAVEL_FUEL، CLIENT_HOSPITALITY، ACCOMMODATION، PERMIT_FEES، MEDICAL_SAMPLES_TRANSPORT، PETTY_CASH),,,قائمة مغلقة موجودة لكنها لا تطابق أقسام ملف الشركة ولا العشرة المرشحة.,تصنيف خاطئ للمصروفات.,P2,دقة محاسبية,,DEC-INH-11,ما قائمة فئات المصروفات المعتمدة؟,,enum أو جدول lookup مغلق بربط بحساب مصروف.,DAR-05 | DAR-08 | DAR-18,REQ-INH-071,,"docs/audit/2026-09-18-master-data-enrichment-ar.md:42 (2026-09-18; B3-0076) | Data/مصاريف 2026.xlsx:6 sheets (company, per-person); header rows 5-6 (unknown; B3-0302) | docs/audit/2026-09-18-master-data-enrichment-ar.md:81 (2026-09-18; B3-0080)"
REQ-INH-066,C7,تابة «مصروفاتي» في ملف كل موظف,OWNER_DECISION,owner,HR-to-Finance,الموظف / المدير,رؤية مطالبات الموظف وحالتها وإجماليها من ملفه.,تابة في ملف الموظف تعرض مطالباته وحالتها والإجمالي.,,Employee.id,قائمة + إجمالي,—,—,—,AC-INH-066-1: بافتراض موظف مرتبط بمستخدم أنشأ مطالبتين بـ100 و200، عندما يُفتح ملفه، فإن التابة تعرض المطالبتين والإجمالي 300.,PARTIAL,PARTIAL,Unknown,[B][C] apps/web/components/hr/employee-expenses.tsx:19-33 (يرشح بـEmployee.id)؛ apps/web/app/dashboard/organization/page.tsx,,[B][C] apps/organization/src/modules/expenses/expenses.controller.ts:28-30 (المطالبة تُحفظ بمعرف مستخدم IAM),,,,عدم تطابق المعرفات يجعل التابة فارغة غالبًا.,الميزة لا تعمل كما قُرر.,P3,تقارير,REQ-INH-021,,,,ExpenseClaim.employeeId = Employee.id.,DAR-05,,,docs/REQUESTS-2026-09-25-ar.md:218 (2026-09-25; B1-0162)
REQ-INH-067,C7,استيراد المصروفات مقيد بسجلات مصدر معتمدة ولا يعدل الدفتر المرحّل,DOCUMENTED_REQ,AI agent,HR-to-Finance,المحاسب,ترحيل تاريخ المصروفات دون العبث بالدفاتر.,أي استيراد للمصروفات ينشئ سجلات مصدر بحالة معتمدة مع مرجع الملف، ولا يكتب على قيود مرحّلة.,BR-INH-62,ملف مصروفات,سجلات مصدر,—,—,—,AC-INH-067-1: بافتراض ملف مصروفات تاريخية، عندما يُستورد، فإن سجلات مصدر تُنشأ بمرجع الدفعة ولا يتغير أي قيد مرحّل.,NOT_IMPLEMENTED,NOT_IMPLEMENTED,Unknown,,[B][C] لا مسار استيراد في apps/organization/src/modules/expenses/expenses.controller.ts:26-85,,,,,لا استيراد.,سجلات المصروفات التاريخية خارج النظام.,P4,ترحيل بيانات اختياري,REQ-INH-065,,,,importBatchId على السجلات.,DAR-03 | DAR-04 | DAR-05 | DAR-20,REQ-OPS-010 | REQ-R2R-018,,docs/BACKEND-DATA-IO-STANDARD.md:89 (unknown; B3-0259)
REQ-INH-070,C7,هدايا العملاء بنفس دورة اعتماد المصروفات بصلاحيات منفصلة وغير ممنوحة افتراضيًا,OWNER_DECISION,AI agent; owner; unnamed owner,HR-to-Finance,المندوب (طلب)، المدير، المالية,ضبط الهدايا والعينات للأطباء والعملاء بمعزل عن مصروفات الموظفين.,"هدية عميل: مسودة ← تقديم (من الطالب فقط) ← المدير ← المالية ← الصرف أو الرفض، بصلاحيات organization.customer-gifts.{read,create,approve,finance} لا تُمنح لأي دور افتراضيًا، وجدول مستقل لا يُخلط بمطالبات الموظفين، وانتقالات مشروطة وSoD.",BR-INH-57 | BR-INH-59 | BR-INH-60 | BR-INH-52 | BR-INH-53,عميل اختياري، مستفيد، بنود,CustomerGift,مسودة ← تقديم ← اعتماد المدير ← اعتماد المالية ← صرف,رفض قبل الصرف؛ سباق = 409,الطالب لا يعتمد هديته,AC-INH-070-1: بافتراض هدية SUBMITTED للطالب A، عندما يعتمدها A، فإن الطلب يُرفض 403. | AC-INH-070-2: بافتراض اعتمادين متزامنين، عندما يُنفذان، فإن واحدًا ينجح والآخر 409. | AC-INH-070-3: بافتراض بيئة جديدة، عندما يُشغل seed، فإن الصلاحيات الأربع موجودة في الكتالوج ولا يملكها أي دور.,IMPLEMENTED,PARTIAL,Unknown,[B][C] apps/web/app/dashboard/customer-gifts/page.tsx؛ apps/web/components/party-profile.tsx (هدايا العميل),[B][C] apps/organization/src/modules/customer-gifts/customer-gifts.controller.ts:23-46,[B][C] apps/organization/src/modules/customer-gifts/customer-gifts.service.ts:28-55، :57-60 (تقديم الطالب فقط)، :63-86، :106-118 (SoD وانتقال مشروط)؛ [B] apps/iam/prisma/seed.ts:241-246 (كتالوج فقط، بلا منح)؛ [C] الصلاحيات غائبة عن الكتالوج (SEC-02),[B] apps/organization/prisma/schema.prisma:578-645 [C] :596-663؛ migration 20260925120000_customer_gifts (CHECK amount>0، quantity≥1، total≥0),لا أحداث,"spec exists, not run: customer-gifts.service.spec.ts",مطبق في BASELINE؛ في CURRENT الصلاحيات غير موجودة بالكتالوج فلا يمكن منحها؛ الصرف بلا أثر مالي (REQ-INH-062).,في CURRENT الوحدة معطلة.,P2,رقابة على مصروف تسويقي,REQ-INH-062,,,SEC-02 | ORG-04,CustomerGift(giftNumber unique، employeeId، accountId اختياري، recipientName، status، طوابع وفاعلو كل مرحلة)؛ CHECK القيود؛ لا FK مشترك مع ExpenseClaim.,DAR-04 | DAR-05 | DAR-06 | DAR-09,REQ-CRM-023 | REQ-INH-060 | REQ-INH-071 | REQ-R2R-056 | REQ-SEC-042,,docs/DECISIONS-2026-09-25-ar.md:57 (2026-09-25; B1-0086) | docs/DECISIONS-2026-09-25-ar.md:108-109 (2026-09-25; B1-0098) | docs/MIGRATIONS-ROUND2-2026-09-25-ar.md:18 (2026-09-25; B4b-0313) | docs/REQUESTS-2026-09-25-ar.md:223 (2026-09-25; B1-0165) | docs/MIGRATIONS-ROUND2-2026-09-25-ar.md:21-28 (2026-09-25; B4b-0315) | docs/MIGRATIONS-ROUND2-2026-09-25-ar.md:40-45 (2026-09-25; B4b-0318) | docs/SERVER-STEPS-2026-09-25-ar.md:10 (2026-09-25; B6c-0111)
REQ-INH-071,C7,أنواع هدايا العملاء قائمة مقفولة,OWNER_DECISION,AI agent; owner; unnamed owner,HR-to-Finance,المالك,منع الفئات المحاسبية بنص حر.,الأنواع: عينة منتج، هدية دعائية، هدية طبيب، هدية عميل، حدث أو حملة، أخرى — بلا نص حر.,BR-INH-58,—,—,—,—,—,AC-INH-071-1: بافتراض بند هدية بفئة «إعلانات»، عندما يُرسل، فإن الطلب يُرفض 400.,IMPLEMENTED,IMPLEMENTED,Unknown,,,,[B] apps/organization/prisma/schema.prisma:578-585 [C] :596-603 enum CustomerGiftCategory (6 قيم),,,مطبق.,—,P3,مطبق,,,,,enum مغلق.,DAR-07,REQ-CRM-023 | REQ-INH-070 | REQ-R2R-056,,docs/DECISIONS-2026-09-25-ar.md:58 (2026-09-25; B1-0087) | docs/MIGRATIONS-ROUND2-2026-09-25-ar.md:18-19 (2026-09-25; B4b-0314) | docs/REQUESTS-2026-09-25-ar.md:224 (2026-09-25; B1-0166)
REQ-SEC-001,C8,تفويض RBAC على الخادم لكل مسار (fail-closed) وبوابة CI,OWNER_DECISION,auditor، unnamed owner,IAM — تفويض الطلبات,مسؤول الأمن / المطوّر,الخادم هو حد الإنفاذ الحقيقي لكل عملية؛ الواجهة مرآة فقط.,كل مسار API يحمل @Permissions() أو @Public() صراحة؛ غياب البيانات الوصفية يرفض (403)؛ الحارس يتطلب كل الأكواد المعلنة ولا يتجاوز باسم الدور؛ المسارات العامة مقصورة على مسارات المصادقة و/health؛ /api/system-health يتطلب مصادقة؛ CI يفشل إن وُجد مسار بلا ديكوريتور أو controller بلا ربط الحارس.,BR-SEC-01 | BR-SEC-02,JWT + @Permissions,200 / 401 / 403,JwtAuthGuard → (managed session) → PermissionsGuard all-of → handler,غياب الديكوريتور → 403؛ IAM غير متاح في الوضع المُدار → 503/401,أساس كل الضوابط,AC-SEC-001-1: بافتراض controller مُركّب بلا @UseGuards(PermissionsGuard)، عندما يُشغَّل فحص CI، فإن البناء يفشل. | AC-SEC-001-2: بافتراض مسار بلا @Permissions ولا @Public، عندما يستدعيه مستخدم موثّق، فإن الرد 403. | AC-SEC-001-3: بافتراض مستخدم SUPER_ADMIN ينقص رمزه كود مطلوب، عندما يستدعي المسار، فإن الرد 403 (لا تجاوز باسم الدور). | AC-SEC-001-4: بافتراض طلب مجهول إلى /api/system-health، عندما يُرسل، فإن الرد 401.,IMPLEMENTED,PARTIAL,Unknown,apps/web/lib/permission-gating.spec.ts (مرآة الواجهة) [B][C],المسارات العامة: apps/iam/src/modules/auth/auth.controller.ts (login/refresh/session-check/extend/logout) [B][C]؛ apps/web/app/api/system-health/route.ts:23-28 (فحص وجود header فقط) [B][C],apps/iam/src/modules/auth/guards/permissions.guard.ts (fail-closed، all-of) ونسخه في apps/*/src/common/guards/permissions.guard.ts [B][C]؛ PermissionsGuard ليس APP_GUARD (apps/iam/src/app.module.ts:44-52)؛ [C] controllers بلا حارس: apps/accounting/src/modules/gl-workbench/gl-workbench.controller.ts، finance-dashboard، supplier-ledger/supplier-payments.controller.ts، audit-timeline (غير مُسجّلة في app.module),"iam: permissions, role_permissions(is_granted)",—,"spec exists, not run: permissions.guard.spec.ts، apps/iam/src/common/rbac-matrix.spec.ts؛ scripts/validate-controller-permissions.cjs:13-16,39-46 (يفحص نص الديكوريتور فقط)",الحارس يُربط يدويًا لكل controller؛ فحص CI نصي لا يتحقق من ربط الحارس ولا من وجود الكود في الكتالوج؛ CURRENT يحوي 4 controllers محاسبية بلا حارس (كامنة لعدم تسجيلها).,تسجيل أي من هذه الوحدات في CURRENT يتيح لأي مستخدم موثّق ترحيل/اعتماد قيود ودفعات موردين.,P1,تجاوز تفويض على عمليات مالية (قيود، سداد موردين) عند تفعيل الوحدات.,REQ-SEC-002,,,SEC-04 | SEC-14 | SEC-16 | ARC-05,"كتالوج permissions(code unique, domain.module.action) وrole_permissions(is_granted, soft revoke)؛ كل مسار يرتبط بكود موجود في الكتالوج.",DAR-06 | DAR-16,REQ-NFR-001 | REQ-SEC-002 | REQ-SEC-077,,"docs/audit/2026-09-20-backlog-traceability-ar.md:194 (2026-09-20; B4b-0104) | docs/audit/08-security.md:71 (2026-09-01; B6a-0166) | docs/P1-WAVE1-CONTINUATION-REPORT.md:70,124 (2026-09-24; B2-0218) | docs/PROMPT-P1-P3-IMPLEMENTATION.md:15 (unknown; B5a-0143) | docs/audit/00-executive-summary.md:48 (2026-09-01; B6a-0015) | docs/PRODUCTION-READINESS-P0.md:79 (2026-09-23; B6c-0061) | docs/audit/22-production-remediation-master-plan.md:421 (2026-09-13; B6b-0134) | docs/audit/20-p0-p1-evidence-validation.md:175-176 (unknown; B6a-0280) | apps/iam/README.md:61-68 (unknown; B6c-0220) | apps/iam/README.md:3 (unknown; B6c-0217) | apps/iam/README.md:9-13 (unknown; B6c-0218) | docs/audit/2026-09-18-branches-deploy-review-ar.md:21 (2026-09-18; B4b-0288) | docs/audit/07-frontend.md:11 (2026-09-01; B6a-0144) | Data/AB DATA/Nile ERP Backend Anatomy.pdf:p.3 (2026-09-13; B3-0362) | docs/P0-IMPLEMENTATION-PLAN.md:355 (2026-09-08; B5a-0139) | docs/QA-DECISIONS-AR.md:30-31 (2026-09-21; B1-0187) | docs/audit/2026-09-20-phase0-discovery-audit-ar.md:61 (2026-09-20; B4b-0130) | docs/AUDIT-REMEDIATION-STATUS-2026-09-25-ar.md:16 (2026-09-25; B1-0328) | docs/REQUIREMENTS-TRACEABILITY-MATRIX.md:110 (unknown; B5a-0049) | docs/REQUIREMENTS-TRACEABILITY-MATRIX.md:111 (unknown; B5a-0050) | docs/GO-LIVE-ACCEPTANCE-REPORT.md:13 (2026-09-24; B5a-0269) | docs/audit/08-security.md:19 (2026-09-01; B6a-0157)"
REQ-SEC-002,C8,اكتمال كتالوج الصلاحيات وبذره والمنح الافتراضي للأكواد الجديدة,DOCUMENTED_REQ,AI agent، auditor,IAM — إدارة الكتالوج,مسؤول الأمن / DevOps,كل كود مفروض موجود في الكتالوج في كل بيئة ولا يُمنح تلقائيًا إلا لـSUPER_ADMIN.,كل موجة تضيف أكوادها إلى seed/migration (upsert idempotent) مع اختبار مصفوفة RBAC؛ الأكواد الجديدة لا تُمنح لأي دور غير SUPER_ADMIN تلقائيًا؛ ممنوع blanket seed يعدّل أدوارًا قائمة على الإنتاج؛ فحص آلي يقارن الأكواد المفروضة بالكتالوج.,BR-SEC-03 | BR-SEC-04,seed.ts، migrations,صفوف permissions,production-migrate.sh → migrations → RUN_IAM_SEED,كود مفروض غير مبذور → 403 للجميع (جمود),SUPER_ADMIN فقط يحمل الجديد حتى يقرر المالك,AC-SEC-002-1: بافتراض بيئة جديدة من الكود، عندما يُشغَّل migrate + seed، فإن كل كود في @Permissions موجود في جدول permissions. | AC-SEC-002-2: بافتراض كود جديد أُضيف بmigration، عندما تكتمل، فإن SUPER_ADMIN وحده يملكه ولا يتغير أي دور آخر. | AC-SEC-002-3: بافتراض seed يُشغَّل مرتين، عندما يكتمل، فإن عدد الصفوف لا يتغير (idempotent).,IMPLEMENTED,CONTRADICTED,Unknown,apps/web/app/dashboard/roles/page.tsx,GET /api/iam/permissions (iam.permissions.read),[B] apps/iam/prisma/seed.ts (upsert 204 كودًا + SUPER_ADMIN بكل الصلاحيات)؛ [C] apps/iam/prisma/seed.ts:57-62 (181 كودًا، لا SUPER_ADMIN، استعلام username غير موجود)؛ scripts/production-migrate.sh:118-127 (RUN_IAM_SEED) [B][C],iam: Permission(code)، Role(isSystemRole)، RolePermission(isGranted),iam.permission.changed,"spec exists, not run: apps/iam/src/common/permission-catalogue.spec.ts",BASELINE: لا أكواد مفروضة مفقودة. CURRENT: الـseed لا ينشئ/يزامن SUPER_ADMIN وبه خطأ username، و44 كودًا مفروضًا (org/payroll/gifts و12 محاسبيًا) غائبة → لا أحد يملك الجديد فلا يمكن منحه (assertWithinAuthority).,إطلاق CURRENT في بيئة جديدة/استعادة يعطّل HR والرواتب والقيود لكل المستخدمين.,P1,يمنع التشغيل اليومي لوحدات كاملة عند الإطلاق أو الاستعادة.,REQ-SEC-001 | REQ-SEC-003,DEC-SEC-15,,SEC-02,"permissions.code فريد؛ role_permissions(role_id, permission_id) فريد مع is_granted؛ SUPER_ADMIN.isSystemRole=true يملك كل الأكواد؛ سجل migration لكل إضافة.",DAR-06 | DAR-07 | DAR-14 | DAR-16,REQ-SEC-001 | REQ-SEC-004,,docs/P1-AUDIT.md:217-221 (2026-09-24; B2-0145) | docs/EMPTY-PAGES-DB-IMPACT-AR.md:244-253 (2026-09-15; B4b-0341) | docs/ERP-PRODUCTION-READINESS.md:11-13 (unknown; B6c-0039) | docs/PRODUCTION-UPDATE-2026-09-20-ar.md:139-154 (2026-09-20; B6c-0098) | docs/AI-PROVIDER-SETTINGS-ar.md:31-33 (unknown; B5b-0022) | docs/audit/16-ai-technical-debt.md:16 (2026-09-01; B6a-0235) | docs/HEAVY-VERIFICATION-AR.md:104-108 (2026-09-15; B5b-0125) | docs/audit/2026-09-20-ab-data-pdf-review-ar.md:88-93 (2026-09-20; B3-0129)
REQ-SEC-003,C8,عائلات صلاحيات مخصصة للمجالات (مشتريات، رواتب، تنظيم، مبيعات ميدانية، تتبع، جودة، تصنيفات الدعم),DOCUMENTED_REQ,AI agent,IAM — تصميم الصلاحيات,مسؤول الأمن,صلاحية لكل فعل حساس بدل استعارة صلاحية مجال آخر.,صلاحيات مستقلة: payroll.runs.read/calculate/approve/finalize وpayroll.entries.adjust ومثيلاتها؛ org.employees/contracts/departments/branches/territories/lookups.*؛ procurement.* أو ما يقرره المالك للمشتريات؛ sales.traceability.read وsales.orders.recall-hold.release؛ products.batches.read/qc/release وinventory.transactions.receive-released؛ crm.field-sales.* مع بقاء التحصيل في accounting.payments.create؛ تصنيفات الشكاوى بـcrm.accounts.read/manage.,BR-SEC-05,كتالوج,أكواد,—,—,يُمكّن فصل الحاسب عن المعتمد,AC-SEC-003-1: بافتراض مستخدم يحمل payroll.runs.calculate فقط، عندما يعتمد مسيرًا، فإن الرد 403. | AC-SEC-003-2: بافتراض مستخدم يحمل crm.field-sales.visit.complete فقط، عندما يسجل تحصيلًا مباشرًا، فإن الرد 403 (التحصيل يتطلب accounting.payments.create). | AC-SEC-003-3: بافتراض مسار الإفراج عن تشغيلة، عندما يُفحص، فإنه يتطلب products.batches.release لا products.batches.qc.,PARTIAL,PARTIAL,Unknown,,/api/org/payroll/* (payroll.*) payroll.controller.ts:85-130؛ /api/products/batches/:id/release (products.batches.release) batches.controller.ts:34؛ /api/sales/traceability/holds/:orderId/release traceability.controller.ts:25؛ أوامر الشراء على accounting.matching.* matching.controller.ts [B][C],[C] seed.ts يفتقد org.*/payroll.*/organization.customer-gifts.* (انظر REQ-SEC-002)؛ لا procurement.* في الكود,—,—,,الرواتب والتنظيم والتتبع والجودة والميداني مطبقة في BASELINE؛ procurement.* غير موجود (المشتريات على accounting.matching.*)؛ CURRENT أسقط أكواد org/payroll من الكتالوج.,استعارة صلاحيات المحاسبة لعمليات الشراء تمنع فصل الأدوار بين المشتريات والمالية.,P2,ضعف رقابي مع وجود بديل يدوي (إسناد صلاحيات أوسع).,REQ-SEC-002,,هل تُنشأ صلاحيات procurement.* مستقلة أم تبقى أوامر الشراء على accounting.matching.*؟,SEC-02 | SEC-10,أكواد بنمط {domain}.{module}.{action}؛ لا كود يستعير مجالًا آخر لاعتماد مالي.,DAR-05 | DAR-11 | DAR-14 | DAR-18,REQ-INH-040 | REQ-SEC-024 | REQ-SEC-043,,"docs/ERP-EMPLOYEE-PAYROLL-DESIGN.md:50-57 (2026-09-01; B3-0181) | apps/organization/README.md:26-55 (unknown; B6c-0232) | docs/P0-IMPLEMENTATION-PLAN.md:81-86,121-122 (unknown; B5a-0102) | docs/P0-IMPLEMENTATION-PLAN.md:226-234,246-247 (unknown; B5a-0119) | docs/BUSINESS-FLOWS-COVERAGE-P0A-ASSESSMENT.md:675-683 (2026-09-07; B4a-0040) | docs/audit/2026-09-20-phase0-discovery-audit-ar.md:486 (2026-09-20; B4b-0187) | docs/audit/2026-09-20-phase0.5-implementation-report-ar.md:69-77 (2026-09-20; B4b-0208) | docs/audit/2026-09-20-phase0.5-implementation-report-ar.md:220 (2026-09-20; B4b-0218) | docs/FIELD-SALES-AUDIT.md:114-124 (2026-09-16; B4a-0112)"
REQ-SEC-004,C8,منع تصعيد الصلاحيات وحماية أدوار النظام,DOCUMENTED_REQ,AI agent، auditor,IAM — إدارة الأدوار,مسؤول الأمن,لا يمنح أحد ما لا يملك ولا يُصنع SUPER_ADMIN من صلاحية دنيا.,إنشاء دور/منح صلاحيات/إسناد دور/إنشاء مستخدم بأدوار: الأكواد ⊆ صلاحيات الفاعل؛ إسناد الأدوار عند الإنشاء يتطلب iam.users.roles.manage؛ الأدوار النظامية لا تُسند عبر الإنشاء ولا تُعاد تسميتها ولا تُحذف ولا يُنزع آخر حامل لها (داخل نفس المعاملة)؛ إنشاء المستخدم وإسناد دوره ذريان؛ تعديل كلمة مرور/حالة مستخدم آخر يخضع لنفس فحص السلطة.,BR-SEC-06 | BR-SEC-07,actor permissions، target role/user,403 قبل أي كتابة,assertWithinAuthority قبل الكتابة,آخر حامل لـSUPER_ADMIN → رفض,SOD-005: إدارة المستخدمين ⊥ إدارة الأدوار,AC-SEC-004-1: بافتراض مستخدم يحمل iam.roles.create فقط، عندما ينشئ دورًا بكود لا يملكه، فإن الرد 403 ولا يُنشأ الدور. | AC-SEC-004-2: بافتراض مستخدم يحمل iam.users.create فقط، عندما ينشئ مستخدمًا بـroleNames:[SUPER_ADMIN]، فإن الطلب يُرفض. | AC-SEC-004-3: بافتراض مستخدم يحمل iam.users.update فقط، عندما يغيّر كلمة مرور حساب SUPER_ADMIN، فإن الرد 403. | AC-SEC-004-4: بافتراض طلبين متزامنين لنزع SUPER_ADMIN من آخر حاملَين، عندما يُنفذان، فإن واحدًا على الأقل يُرفض.,PARTIAL,PARTIAL,Unknown,apps/web/app/dashboard/users/page.tsx، roles/page.tsx [B][C],PATCH /api/iam/users/:id (iam.users.update) users.controller.ts:43-47 [B][C],"apps/iam/src/common/authority.ts (assertWithinAuthority)؛ users.service.ts:90-108,237 roles.service.ts (منح/منع إعادة التسمية/الحذف) [B][C]؛ الثغرة users.service.ts:160-177 تحدّث passwordHash/status بلا فحص سلطة [B][C]",iam: Role.isSystemRole,iam.role.assigned، iam.permission.changed، iam.user.status_changed,"spec exists, not run: users.service.spec.ts، roles.service.spec.ts",فحص السلطة غائب عن PATCH /users/:id (كلمة المرور والحالة)؛ فحص «آخر حامل» خارج قفل المعاملة (CONC-7).,حامل iam.users.update يستولي على حساب المدير.,P1,مسار استيلاء على أعلى صلاحية = خطر على كل المال والبيانات.,REQ-SEC-002,,من غير SUPER_ADMIN يحمل iam.users.update أو iam.users.roles.manage أو iam.roles.update في الإنتاج؟,SEC-01,"user_roles(user_id, role_id) فريد؛ roles.is_system_role؛ كل تغيير مدقق (RoleAssigned/PermissionChanged CRITICAL).",DAR-06,REQ-SEC-014 | REQ-SEC-024,,docs/audit/00-executive-summary.md:16 (2026-09-01; B6a-0003) | docs/audit/21-p0-p1-remediation.md:182-248 (2026-09-07; B6b-0009) | docs/PRODUCTION-READINESS-P0.md:80 (2026-09-23; B6c-0062) | docs/audit/08-security.md:59 (2026-09-01; B6a-0163) | docs/audit/08-security.md:63 (2026-09-01; B6a-0164) | docs/audit/20-p0-p1-evidence-validation.md:50-52 (unknown; B6a-0263) | docs/audit/20-p0-p1-evidence-validation.md:57-58 (unknown; B6a-0264) | docs/audit/05-transactions-concurrency.md:92 (2026-09-01; B6a-0123) | docs/audit/05-transactions-concurrency.md:98 (2026-09-01; B6a-0125) | docs/audit/21-p0-p1-remediation.md:245-248 (2026-09-07; B6b-0010) | docs/AUDIT-REMEDIATION-STATUS-2026-09-25-ar.md:15 (2026-09-25; B1-0327) | docs/audit/03-domain-model.md:8 (2026-09-01; B6a-0067)
REQ-SEC-005,C8,دورة حياة المستخدم: الإيقاف/الحذف الناعم وإعادة التعيين تلغي الجلسات فورًا,DOCUMENTED_REQ,AI agent، auditor,IAM — إنهاء الخدمة,مسؤول IAM / HR,المستخدم الموقوف يفقد الوصول فورًا.,الحذف ناعم فقط (status=DELETED)؛ تغيير الحالة لغير ACTIVE أو الحذف أو إعادة تعيين كلمة المرور من المدير يلغي كل الجلسات؛ refresh يعيد فحص ACTIVE؛ أقصى نافذة متبقية = عمر رمز الوصول (≤15 دقيقة) ما لم يُفعّل الوضع المُدار.,BR-SEC-08,PATCH/DELETE users,sessions.is_active=false,update → revokeAllSessions,—,—,AC-SEC-005-1: بافتراض مستخدم أوقف، عندما يستدعي POST /auth/refresh، فإن الرد 401. | AC-SEC-005-2: بافتراض مستخدم حُذف، عندما يُستعلم جدول sessions، فإن كل جلساته is_active=false. | AC-SEC-005-3: بافتراض إعادة تعيين كلمة مرور من المدير، عندما يستخدم المستخدم refresh القديم، فإن الرد 401.,IMPLEMENTED,IMPLEMENTED,Unknown,apps/web/app/dashboard/users/page.tsx (حذف/إيقاف),PATCH/DELETE /api/iam/users/:id,apps/iam/src/modules/users/users.service.ts:160-177 (إلغاء الجلسات عند الحالة وكلمة المرور)، :194-208 (حذف ناعم)؛ auth.service.ts (refresh يرفض غير ACTIVE) [B][C],"iam: User.status، Session(isActive, revokedAt)",iam.user.status_changed (UserStatusChanged HIGH),"spec exists, not run: users.service.spec.ts، auth.service.spec.ts",رمز الوصول القائم يبقى صالحًا ≤15 دقيقة في الوضع غير المُدار؛ لا ربط بين إنهاء خدمة Employee في التنظيم وإيقاف حساب IAM.,موظف منتهية خدمته قد يبقى بحساب نشط إن لم يوقفه أحد يدويًا.,P2,ضعف رقابي مع بديل يدوي (إيقاف الحساب).,REQ-SEC-012 | REQ-SEC-013,DEC-SEC-03,هل يجب أن يوقف إنهاء خدمة الموظف حسابه في IAM تلقائيًا؟,SEC-05,"users.status ∈ {ACTIVE,SUSPENDED,DELETED} بلا حذف فعلي؛ sessions(user_id, is_active, revoked_at)؛ ربط employees.linked_user_id.",DAR-02 | DAR-16,REQ-SEC-011 | REQ-SEC-018,,docs/audit/00-executive-summary.md:49 (2026-09-01; B6a-0016) | docs/audit/21-p0-p1-remediation.md:252-294 (2026-09-07; B6b-0011) | docs/audit/08-security.md:49 (2026-09-01; B6a-0160) | docs/audit/20-p0-p1-evidence-validation.md:44-45 (unknown; B6a-0262) | docs/PRODUCTION-READINESS-P0.md:72-73 (2026-09-23; B6c-0056) | docs/PRODUCTION-READINESS-P0.md:77 (2026-09-23; B6c-0059) | docs/FRONTEND-COVERAGE-AUDIT-AR.md:135 (2026-09-15; B5b-0103) | docs/audit/03-domain-model.md:9-10 (2026-09-01; B6a-0068)
REQ-SEC-006,C8,سياسة كلمة المرور الجديدة (8+ حرف كبير وصغير ورقم ورمز),OWNER_DECISION,owner,IAM — كلمات المرور,كل المستخدمين / المدير,كلمات مرور أقوى للحسابات الجديدة دون كسر الحالية.,عند إنشاء مستخدم أو إعادة تعيين من المدير أو تغيير ذاتي: ≥8 أحرف مع حرف كبير وصغير ورقم ورمز؛ الدخول يقبل كلمات السر القديمة؛ bcrypt cost 12؛ حد أقصى للطول لتجنب اقتطاع bcrypt 72 بايت.,BR-SEC-09 | BR-SEC-10,password,passwordHash,validatePassword → bcrypt.hash(12),كلمة ضعيفة → 400 برسالة عربية بالناقص,—,AC-SEC-006-1: بافتراض كلمة «Password1» بلا رمز، عندما تُرسل في إنشاء مستخدم، فإن الرد 400 ويذكر الرمز الناقص. | AC-SEC-006-2: بافتراض مستخدم قديم بكلمة لا تطابق السياسة، عندما يسجل الدخول، فإن الدخول ينجح. | AC-SEC-006-3: بافتراض كلمة بطول 200 حرف، عندما تُرسل، فإن الرد 400 (حد أقصى).,IMPLEMENTED,IMPLEMENTED,Unknown,apps/web/lib/password-policy.ts,POST /api/iam/users، PATCH /users/:id، POST /auth/change-password,apps/iam/src/common/validation/password-policy.ts:14-20 (طول/كبير/صغير/رقم/رمز) [B][C]؛ users.service.ts SALT_ROUNDS=12؛ لا MaxLength على كلمة المرور في DTOs (grep),User.passwordHash,—,"spec exists, not run: password-policy.spec.ts (iam وweb)",لا حد أقصى للطول (اقتطاع bcrypt)؛ وثيقة QA V-01 لم تُحدّث.,منخفض.,P3,تحسين أمني بلا أثر مالي مباشر.,,DEC-SEC-01,,SEC-15,users.password_hash (bcrypt 12)؛ لا تخزين نص صريح.,,REQ-SEC-007,,docs/REQUESTS-2026-09-25-ar.md:25-27 (2026-09-25; B1-0116) | docs/REQUESTS-2026-09-25-ar.md:33 (2026-09-25; B1-0118) | docs/audit/08-security.md:98 (2026-09-01; B6a-0174) | apps/iam/README.md:81-92 (unknown; B6c-0222)
REQ-SEC-007,C8,رسائل كلمة المرور الدقيقة ومؤشر القوة وعرض رسائل تحقق الخادم,OWNER_DECISION,owner,IAM/UX — كلمات المرور,كل المستخدمين,المستخدم يعرف ما ينقص بالضبط.,الرسالة تذكر الشرط الناقص بالعربية؛ مؤشر قوة بأربع درجات وقائمة شروط حية في إنشاء المستخدم وتغيير كلمة المرور؛ عرض قائمة رسائل التحقق من الخادم بدل «طلب غير صالح» في كل الشاشات.,BR-SEC-09,كلمة المرور,مؤشر ورسائل,—,—,—,AC-SEC-007-1: بافتراض شاشة تغيير كلمة المرور، عندما يكتب المستخدم «abc»، فإن القائمة تعرض الشروط غير المحققة مباشرة. | AC-SEC-007-2: بافتراض رد 400 من الخادم بقائمة رسائل، عندما يُعرض، فإن كل رسالة تظهر بنصها لا «طلب غير صالح».,IMPLEMENTED,IMPLEMENTED,Unknown,apps/web/components/ui/password-strength.tsx؛ apps/web/app/dashboard/users/page.tsx؛ settings/security [B][C],,—,,,"spec exists, not run: apps/web/lib/password-policy.spec.ts",تغطية «كل الشاشات» لعرض رسائل الخادم غير متحقق منها.,منخفض.,P4,تحسين تجربة.,REQ-SEC-006,,,,—,,REQ-SEC-070,,docs/REQUESTS-2026-09-25-ar.md:28-32 (2026-09-25; B1-0117)
REQ-SEC-008,C8,إلزام تغيير كلمة المرور ونظافة بيانات المدير الأول,DOCUMENTED_REQ,AI agent، auditor,IAM — التهيئة الأولى,DevOps / مسؤول النظام,لا كلمة مرور معروفة صالحة في الإنتاج.,mustChangePassword يُفرض على الخادم (IAM يسمح بتغيير كلمة المرور والخروج فقط؛ بقية الخدمات 403 PASSWORD_CHANGE_REQUIRED) والواجهة توجه للنموذج الإلزامي؛ المدير المبذور بكلمة من env أو عشوائية تُطبع مرة ولا كلمة افتراضية دائمة؛ check-production-env يرفض هوية البذرة؛ لا بيانات حقيقية في البذرة.,BR-SEC-11,mustChangePassword,403 PASSWORD_CHANGE_REQUIRED,login → mcp claim → /settings/security?mustChange=1,—,—,AC-SEC-008-1: بافتراض مستخدم mustChangePassword=true، عندما يستدعي أي خدمة غير IAM، فإن الرد 403 PASSWORD_CHANGE_REQUIRED. | AC-SEC-008-2: بافتراض تثبيت أول بمتغير IAM_SEED_ADMIN_INITIAL_PASSWORD فارغ، عندما يُشغَّل seed، فإنه يولّد كلمة عشوائية ولا يفشل. | AC-SEC-008-3: بافتراض ملف env إنتاج يحوي بريد البذرة، عندما يُشغَّل check-production-env.sh، فإنه يفشل.,PARTIAL,CONTRADICTED,Unknown,apps/web/app/login/page.tsx:37-42 (توجيه mustChange) [B][C],—,packages/security/src/index.ts:54-67؛ apps/iam/src/modules/auth/strategies/jwt.strategy.ts [B][C]؛ [B] apps/iam/prisma/seed.ts:295-298 (يرمي عند متغير فارغ) + docker-compose.production.yml:206 (يمرر فارغًا)؛ [C] seed.ts:57-62 (لا ينشئ المدير، username غير موجود، SEED_ADMIN_PASSWORD لا يُضبط)؛ scripts/check-production-env.sh:147-153,User.mustChangePassword default true,—,"spec exists, not run: jwt.strategy.spec.ts",BASELINE: متغير فارغ يكسر التثبيت الأول؛ إعادة التعيين من المدير لا تعيد mustChangePassword. CURRENT: seed لا ينشئ المدير ولا يترجم.,استعادة/بيئة جديدة من CURRENT بلا مدير قادر على الدخول.,P1,يمنع تشغيل النظام بعد استعادة أو تثبيت جديد.,REQ-SEC-002,DEC-SEC-13,هل غُيّرت كلمة مرور المدير في الإنتاج عن أي قيمة موثقة؟,SEC-02,users.must_change_password؛ لا صف مستخدم بكلمة افتراضية معروفة.,DAR-05 | DAR-06,REQ-SEC-005,,docs/GAP-ANALYSIS-AR.md:138 (unknown; B4a-0150) | docs/PRODUCTION-READINESS-P0.md:75-76 (2026-09-23; B6c-0058) | docs/audit/08-security.md:86 (2026-09-01; B6a-0171) | docs/PRODUCTION-HOSTINGER.md:477-495 (unknown; B6c-0016) | docs/PRODUCTION-READINESS-P0.md:45-52 (2026-09-23; B6c-0053) | README.md:37-53 (unknown; B6c-0190) | QA-REPORTS/22-production-env-config-testing.md:24-25 (2026-09-21; B6c-0318) | docs/audit/22-production-remediation-master-plan.md:423 (2026-09-13; B6b-0136) | docs/AUDIT-REMEDIATION-STATUS-2026-09-25-ar.md:30 (2026-09-25; B1-0342)
REQ-SEC-009,C8,استرداد كلمة المرور عبر المدير والتحقق الثنائي (MFA),DOCUMENTED_REQ,AI agent، QA,IAM — الاسترداد,المدير,استرداد آمن قبل أي إطلاق خارجي؛ MFA للمرحلة المالية الكاملة.,لا استرداد ذاتي في التجربة الداخلية؛ المدير يعيد التعيين عبر PATCH /users/:id (iam.users.update)؛ قبل أي مستخدم خارجي يلزم استرداد آمن برمز قصير العمر لمرة واحدة؛ MFA مسجل في خارطة الطريق للمالية.,BR-SEC-12,—,—,—,—,إعادة التعيين خاضعة لفحص السلطة (REQ-SEC-004),AC-SEC-009-1: بافتراض مستخدم نسي كلمة المرور، عندما يطلب المساعدة، فإن المدير وحده يعيد التعيين ويُطلب من المستخدم تغييرها عند الدخول. | AC-SEC-009-2: بافتراض قرار بتفعيل MFA لأدوار المالية، عندما يدخل محاسب، فإنه يُطالب بعامل ثانٍ.,PARTIAL,PARTIAL,Unknown,,PATCH /api/iam/users/:id {password},apps/iam/src/modules/users/dto/update-user.dto.ts (قرار موثق)؛ users.mfa_enabled لا يُقرأ (grep) [B][C],User.mfaEnabled غير مستخدم,,,MFA غائب رغم العمود؛ إعادة التعيين لا تعيد mustChangePassword.,حسابات مالية بعامل واحد.,P3,مقبول للتجربة الداخلية حسب QA؛ يصبح P2 قبل المرحلة المالية.,REQ-SEC-004,DEC-SEC-27,هل MFA مطلوب لحسابات المالية والرواتب والمسؤولين؟,SEC-15,users.mfa_enabled + سر العامل الثاني مشفّر.,DAR-06,REQ-SEC-008,,PRODUCTION_HARDENING.md:70-83 (unknown; B6c-0204) | QA-REPORTS/11-authentication-testing.md:33-34 (2026-09-21; B6c-0288) | QA-REPORTS/11-authentication-testing.md:35-36 (2026-09-21; B6c-0289)
REQ-SEC-010,C8,الحماية من التخمين: حدود المعدل وقفل الحساب,DOCUMENTED_REQ,AI agent، auditor,IAM — الدخول,IAM / DevOps,منع تخمين كلمات المرور.,60 طلب/دقيقة/IP لكل الخدمات و5/دقيقة/IP للدخول؛ قفل الحساب 15 دقيقة بعد 5 إخفاقات (423 ACCOUNT_LOCKED) بلا تعداد حسابات؛ تدقيق auth.login.failed/locked؛ تنبيه عند ≥20 رد 429 للدخول خلال 5 دقائق.,BR-SEC-13,login,401/423/429,Throttler → lockout check → bcrypt,—,—,AC-SEC-010-1: بافتراض 5 محاولات خاطئة لنفس الحساب، عندما تأتي السادسة بكلمة صحيحة خلال 15 دقيقة، فإن الرد 423. | AC-SEC-010-2: بافتراض مستخدمين خلف نفس الوكيل، عندما يحاول مستخدم واحد 6 مرات، فإن المستخدم الآخر لا يُحجب (التتبع بـIP العميل الحقيقي). | AC-SEC-010-3: بافتراض بريد غير موجود، عندما تتكرر المحاولات، فإن الرد يبقى 401 موحدًا (لا 423).,PARTIAL,PARTIAL,Unknown,,POST /api/iam/auth/login @Throttle 5/60s auth.controller.ts [B][C],apps/iam/src/modules/auth/auth.service.ts:12-15 (LOCKOUT_THRESHOLD=5، 15 دقيقة)، :96-118 (عداد غير ذري) [B][C]؛ apps/iam/src/app.module.ts:31 (60/min)؛ لا trust proxy في أي main.ts (grep),"User.failedLoginAttempts, lockedUntil",audit_logs auth.login.failed/locked,,الحد مربوط بـreq.ip بلا trust proxy فيرجح تشارك كل المستخدمين الحد خلف الوكيل؛ 423 يكشف وجود الحساب؛ العداد غير ذري؛ التنبيه غير موصول بمراقبة.,حجب جماعي للدخول عند هجوم أو خطأ متكرر لموظف واحد.,P2,يمكن أن يوقف الدخول للشركة كلها؛ بديل: الانتظار دقيقة.,,,,SEC-07 | SEC-15,"users.failed_login_attempts, locked_until؛ sessions.ip_address = IP العميل الحقيقي.",DAR-12 | DAR-15,REQ-NFR-002 | REQ-SEC-011,,docs/audit/08-security.md:74 (2026-09-01; B6a-0167) | docs/PRODUCTION-READINESS-P0.md:78 (2026-09-23; B6c-0060) | PRODUCTION_HARDENING.md:37-43 (unknown; B6c-0201) | QA-REPORTS/07-security-testing.md:36-40 (2026-09-21; B6c-0276) | docs/runbooks/alerts-and-metrics.md:44 (unknown; B6c-0152)
REQ-SEC-011,C8,دورة حياة الجلسة والرموز: خروج خادمي، تدوير refresh، إلغاء عند تغيير كلمة المرور، أسرار JWT,DOCUMENTED_REQ,auditor,IAM — الجلسات,IAM / DevOps,جلسة قابلة للإلغاء ورموز قصيرة العمر.,الخروج يلغي الجلسة خادميًا؛ refresh يدوّر الرمز ويكشف إعادة الاستخدام (مهلة 60 ث) ويلغي الجلسة؛ تغيير كلمة المرور يلغي كل الجلسات؛ access 900 ث وrefresh ≤7 أيام مخزن sha256؛ أسرار JWT/SIGNATURE_PEPPER/EVENT_SIGNATURE_PEPPER مستقلة ومتطابقة عبر الخدمات مع إجراء تدوير؛ الواجهة تميز TOKEN_EXPIRED عن SESSION_REVOKED؛ ?next= لا يقبل إعادة توجيه خارجية؛ لا تعبئة مسبقة لبريد الدخول في الإنتاج؛ اختبار دورة الدخول الحية إلزامي على staging.,BR-SEC-14 | BR-SEC-15,refresh/logout,sessions,login → refresh كل 10 د → logout,إعادة استخدام refresh بعد المهلة → إلغاء الجلسة + auth.refresh.reuse,—,AC-SEC-011-1: بافتراض خروج المستخدم، عندما يُستخدم refresh token نفسه، فإن الرد 401. | AC-SEC-011-2: بافتراض refresh قديم أعيد استخدامه بعد 60 ثانية من التدوير، عندما يُرسل، فإن الجلسة تُلغى ويُكتب auth.refresh.reuse. | AC-SEC-011-3: بافتراض تغيير كلمة المرور، عندما تستخدم جلسة أخرى refresh، فإن الرد 401. | AC-SEC-011-4: بافتراض ?next=//evil.example، عندما يكتمل الدخول، فإن التوجيه يذهب إلى /dashboard.,IMPLEMENTED,IMPLEMENTED,Unknown,apps/web/components/topbar.tsx (refresh كل 10 د، logout)؛ apps/web/app/login/page.tsx:14-15 (لا تعبئة في الإنتاج) [B][C],POST /auth/refresh، /auth/logout، /auth/change-password,apps/iam/src/modules/auth/auth.service.ts:12 (REFRESH_REUSE_GRACE_MS)، :222-228 (كشف إعادة الاستخدام)، :144 expiresAt=7 أيام ثابت [B][C],"Session(refreshTokenHash, previousRefreshTokenHash, refreshRotatedAt, expiresAt)",audit_logs auth.refresh.reuse,"spec exists, not run: auth.service.spec.ts، managed-session.spec.ts",رمز الوصول يبقى صالحًا ≤15 د بعد الخروج (مقايضة مقبولة موثقة)؛ مدة الجلسة 7 أيام ثابتة لا تتبع JWT_REFRESH_TTL؛ سر HS256 مشترك بين 9 خدمات؛ تنفيذ إجراء تدوير السر غير مثبت؛ الاختبار الحي لم يُشغّل.,سرقة رمز تمنح وصولًا حتى 15 دقيقة؛ تسريب السر من أي خدمة يتيح سك رموز SUPER_ADMIN.,P2,ضعف رقابي بوسائل تخفيف قائمة.,REQ-SEC-013,DEC-SEC-02 | DEC-SEC-03,هل دُوّرت أسرار JWT منذ آخر كشف؟,SEC-08 | SEC-15 | SEC-16,"sessions(id, user_id, refresh_token_hash, previous_refresh_token_hash, is_active, expires_at, ip_address)؛ لا رموز صريحة في أي جدول.",DAR-07 | DAR-09 | DAR-13 | DAR-15 | DAR-16,REQ-SEC-012 | REQ-SEC-013,,"docs/audit/00-executive-summary.md:50 (2026-09-01; B6a-0017) | docs/audit/08-security.md:52 (2026-09-01; B6a-0161) | docs/audit/07-frontend.md:10 (2026-09-01; B6a-0143) | docs/audit/21-p0-p1-remediation.md:292-294 (2026-09-07; B6b-0012) | QA-REPORTS/11-authentication-testing.md:4-21 (2026-09-21; B6c-0286) | docs/audit/08-security.md:55 (2026-09-01; B6a-0162) | docs/audit/2026-09-20-ab-data-pdf-review-ar.md:209,222 (2026-09-20; B3-0158) | Data/AB DATA/Nile ERP Backend Anatomy.pdf:p.7 (2026-09-13; B3-0363) | docs/audit/02-architecture.md:20 (2026-09-01; B6a-0055) | docs/OPERATIONS-RUNBOOK.md:52-57 (unknown; B6c-0148) | docs/PRODUCTION-HOSTINGER.md:394-411 (unknown; B6c-0013) | QA-REPORTS/22-production-env-config-testing.md:28-29 (2026-09-21; B6c-0319) | docs/audit/15-testing.md:43 (2026-09-01; B6a-0228) | QA-REPORTS/11-authentication-testing.md:38-39 (2026-09-21; B6c-0290) | QA-REPORTS/10-navigation-routing-testing.md:10-17 (2026-09-21; B6c-0284) | QA-REPORTS/11-authentication-testing.md:30-32 (2026-09-21; B6c-0287) | QA-REPORTS/12-error-handling-testing.md:27-29 (2026-09-21; B6c-0292) | docs/AUDIT-REMEDIATION-STATUS-2026-09-25-ar.md:28 (2026-09-25; B1-0340) | docs/QA-DECISIONS-AR.md:41-43 (2026-09-21; B1-0190) | docs/audit/production-program/PRE-PUSH-REVIEW.md:7-9 (2026-09-16; B6a-0390)"
REQ-SEC-012,C8,سياسة خمول الجلسة الموحدة (5/10/15/20/30 دقيقة) مع تحذير وتمديد,OWNER_DECISION,unnamed owner,IAM — الجلسات المُدارة,مسؤول الأمن,إنهاء الجلسات الخاملة بسياسة واحدة على كل الخدمات.,مدة الخمول قابلة للضبط بالقيم 5/10/15/20/30 فقط (iam.security.manage)؛ تحذير قبل دقيقة وزر تمديد؛ الاستطلاع الخلفي وrefresh العادي لا يمددان؛ التطبيق موحد على الخدمات التسع وعند انقطاع IAM يُرفض الطلب؛ تقليل المدة يقصّر الجلسات القائمة وزيادتها لا تحيي المنتهي؛ session-check بلا بيانات مستخدم وحد 6000/دقيقة.,BR-SEC-16,SecurityPolicy.timeoutMinutes,idleExpiresAt,session-check كل 30 ث → extend عند النشاط,IAM غير متاح → 503 (fail-closed),تعديل السياسة لحامل iam.security.manage فقط,AC-SEC-012-1: بافتراض سياسة 10 دقائق، عندما يبقى المستخدم خاملًا 10 دقائق، فإن الطلب التالي يُرفض 401. | AC-SEC-012-2: بافتراض تقليل المدة من 30 إلى 5، عندما تُحفظ، فإن idle_expires_at للجلسات القائمة ≤ الآن+5 دقائق. | AC-SEC-012-3: بافتراض قيمة 7 دقائق، عندما تُرسل، فإن الرد 400. | AC-SEC-012-4: بافتراض SESSION_IDLE_ENFORCEMENT=true وتوقف IAM، عندما تُستدعى خدمة المبيعات، فإن الرد 503 لا 200.,PARTIAL,PARTIAL,Unknown,apps/web/components/session-policy.tsx؛ app/dashboard/settings/session-policy/page.tsx [B][C],GET/PUT /api/iam/workspace/session-policy (iam.security.manage),workspace.dto.ts (@IsIn 5..30)؛ workspace.service.ts (تقصير الجلسات)؛ packages/security/src/index.ts:9-38 [B][C]؛ docker-compose.production.yml SESSION_IDLE_ENFORCEMENT افتراضي false,"SecurityPolicy(timeoutMinutes, version)؛ Session(idleExpiresAt, lastActivityAt)",—,"spec exists, not run: managed-session.spec.ts، workspace.spec.ts",الكود كامل لكنه معطل افتراضيًا (legacy mode)؛ قيمة الإنتاج غير معروفة.,جلسات خاملة على أجهزة مشتركة تبقى صالحة حتى 7 أيام عبر refresh.,P2,ضعف رقابي؛ البديل تسجيل الخروج اليدوي.,REQ-SEC-011,,هل يعمل الإنتاج بـSESSION_IDLE_ENFORCEMENT=true وما المدة المطلوبة؟,SEC-05,"security_policies(timeout_minutes ∈ {5,10,15,20,30}, version, updated_by)؛ sessions.idle_expires_at.",DAR-05 | DAR-06,REQ-SEC-011,,docs/audit/2026-09-20-backlog-traceability-ar.md:31 (2026-09-20; B4b-0008) | docs/audit/2026-09-20-backlog-traceability-ar.md:32 (2026-09-20; B4b-0009) | docs/audit/2026-09-20-backlog-traceability-ar.md:33 (2026-09-20; B4b-0010) | docs/audit/2026-09-20-backlog-traceability-ar.md:34 (2026-09-20; B4b-0011) | docs/audit/production-program/PHASES-5-10-REPORT.md:16 (2026-09-16; B6a-0357) | docs/audit/production-program/PHASES-5-10-REPORT.md:42-45 (2026-09-16; B6a-0358) | docs/audit/production-program/PHASES-5-10-REPORT.md:46 (2026-09-16; B6a-0359) | docs/audit/production-program/PHASES-5-10-REPORT.md:40-41 (2026-09-16; B6a-0356) | docs/audit/production-program/PHASES-5-10-REPORT.md:50 (2026-09-16; B6a-0361) | docs/audit/production-program/PHASES-5-10-REPORT.md:145-146 (2026-09-16; B6a-0385) | docs/audit/production-program/PHASE-0-ARCHITECTURE.md:60 (2026-09-16; B6a-0316) | docs/QA-DECISIONS-AR.md:26-28 (2026-09-21; B1-0186) | QA-REPORTS/01-functional-testing.md:69 (2026-09-21; B6c-0254) | QA-REPORTS/07-security-testing.md:42-46 (2026-09-21; B6c-0277)
REQ-SEC-013,C8,زمن سريان سحب الصلاحيات وتخزين الرموز في المتصفح (ADR-7),INFERRED_NEEDS_APPROVAL,auditor، unknown,IAM — الثقة بالرموز,مسؤول الأمن / المالك,تحديد نافذة مقبولة بين سحب صلاحية وتطبيقه.,الصلاحيات مضمنة في JWT بعمر 900 ث؛ سحب الصلاحية يسري عند الإصدار التالي؛ الرموز في localStorage مع خطة نقل refresh إلى cookie httpOnly عبر BFF؛ يُقرر المالك قبول النافذة أو تفعيل الوضع المُدار/قائمة الحظر.,BR-SEC-17,—,—,—,—,—,AC-SEC-013-1: بافتراض سحب صلاحية sales.orders.approve من مستخدم، عندما تمر 15 دقيقة، فإن أي طلب اعتماد يُرفض 403. | AC-SEC-013-2: بافتراض قرار نقل refresh إلى cookie، عندما يُفحص localStorage بعد الدخول، فإنه لا يحوي refreshToken.,PARTIAL,PARTIAL,Unknown,apps/web/app/login/page.tsx:35-36 (localStorage)؛ next.config.js CSP script-src unsafe-inline [B][C],,apps/*/src/common/guards/jwt.strategy.ts (الصلاحيات من الرمز بلا رجوع لـIAM) [B][C],,iam.permission.changed تُنشر ولا تُستهلك للإبطال,,لا قائمة إبطال؛ refresh 7 أيام قابل للقراءة من أي XSS مع CSP يسمح unsafe-inline.,استيلاء على حساب حتى 7 أيام عند وجود XSS.,P2,خطر كامن بلا ثغرة XSS مكتشفة.,REQ-SEC-012,DEC-SEC-03,هل نافذة 15 دقيقة بعد سحب صلاحية مقبولة؟,SEC-05 | SEC-06,—,DAR-02 | DAR-15,REQ-SEC-011,,docs/audit/03-domain-model.md:12 (2026-09-01; B6a-0069) | QA-REPORTS/07-security-testing.md:26-29 (2026-09-21; B6c-0274) | docs/audit/08-security.md:89 (2026-09-01; B6a-0172) | docs/audit/2026-09-20-ab-data-pdf-review-ar.md:21-22 (2026-09-20; B3-0111)
REQ-SEC-014,C8,تدقيق أحداث الهوية والصلاحيات وحجب الأسرار في السجل,DOCUMENTED_REQ,AI agent، auditor,IAM — التدقيق,المدقق / مسؤول الأمن,أثر كامل لكل تغيير هوية/صلاحية دون تسريب أسرار.,UserCreated(M)، UserStatusChanged(H، يسحب الجلسات)، RoleAssigned(C)، PermissionChanged(C)؛ السجل لا يخزن access/refresh tokens أو كلمات المرور/هاشاتها (مطابقة كاملة للمفتاح غير حساسة لحالة الأحرف)؛ التقاط حالة before؛ حدود limit لاستعلامات التدقيق؛ IAM ينشر أحداثه ويستهلك quality.recall.initiated لتجميد الوصول أثناء الاستدعاء.,BR-SEC-18 | BR-SEC-19,mutations,audit_logs/audit_events,AuditInterceptor + Kafka → aggregator,—,المدقق قراءة فقط,AC-SEC-014-1: بافتراض مستخدم B يحمل iam.audit.read فقط، عندما يقرأ سجل /auth/login للمستخدم A، فإن السجل لا يحوي accessToken ولا refreshToken. | AC-SEC-014-2: بافتراض إسناد دور، عندما يكتمل، فإن حدث RoleAssigned بخطورة CRITICAL يصل للمجمع. | AC-SEC-014-3: بافتراض تعديل مستخدم، عندما يُكتب السجل، فإن قيمة before تحوي الحالة السابقة.,PARTIAL,PARTIAL,Unknown,,GET /api/iam/audit (iam.audit.read),"apps/*/src/common/interceptors/audit.interceptor.ts:17-24 (REDACTED_KEYS)، :39-59 (after فقط) [B][C]؛ users.service.ts:181-205,251-262 roles.service.ts (نشر الأحداث)؛ notifications-events.listener.ts يستهلك الاستدعاء للإشعار فقط لا للتجميد","iam: AuditLog(before, after, reasonCode, correlationId, ipAddress)",iam.user.created/status_changed، iam.role.assigned، iam.permission.changed,"spec exists, not run: audit.interceptor.spec.ts",before لا يُملأ؛ تجميد الوصول عند الاستدعاء غير منفذ؛ الصفوف التاريخية قبل الإصلاح قد تحوي رموزًا (قرار مفتوح)؛ IP المسجل هو الوكيل.,تعذر إعادة بناء حالة سابقة لمراجعة رقابية.,P2,ضعف رقابي مع وجود سجل after.,,DEC-SEC-14,,SEC-13,"audit_logs(actor_id, action, entity, entity_id, before, after, reason_code, correlation_id, ip_address, created_at) append-only.",DAR-07 | DAR-08 | DAR-11 | DAR-12 | DAR-14 | DAR-15 | DAR-17 | DAR-18,REQ-NFR-007 | REQ-SEC-046,,docs/AUDIT-COMPLETENESS-MATRIX.md:130 (unknown; B5a-0339) | docs/AUDIT-COMPLETENESS-MATRIX.md:131 (unknown; B5a-0340) | docs/AUDIT-COMPLETENESS-MATRIX.md:132 (unknown; B5a-0341) | docs/AUDIT-COMPLETENESS-MATRIX.md:133 (unknown; B5a-0342) | docs/BUSINESS-AUDIT-MATRIX.md:182-196 (unknown; B4a-0095) | docs/audit/00-executive-summary.md:15 (2026-09-01; B6a-0002) | docs/audit/21-p0-p1-remediation.md:62-104 (2026-09-07; B6b-0004) | docs/audit/08-security.md:39-45 (2026-09-01; B6a-0159) | docs/audit/03-domain-model.md:28 (2026-09-01; B6a-0073) | docs/audit/06-api.md:21 (2026-09-01; B6a-0134) | apps/iam/README.md:70-79 (unknown; B6c-0221) | docs/audit/20-p0-p1-evidence-validation.md:38 (unknown; B6a-0261) | docs/audit/12-failure-recovery.md:10 (2026-09-01; B6a-0200)
REQ-SEC-015,C8,التوقيع الإلكتروني على القرارات الحساسة (إفراج QC، اعتماد الإعدام، اعتماد السحب),INFERRED_NEEDS_APPROVAL,AI agent,اعتمادات منظمة,مدير الجودة / المخزن / المالية,ربط القرار الجودي/الإتلافي بهوية الموقّع ونيته.,قرارات الإفراج عن تشغيلة واعتماد الإعدام واعتماد السحب تحمل توقيعًا إلكترونيًا عبر IAM /signatures يربط المستخدم والمعنى والكيان، مع إعادة مصادقة عند التوقيع وتحقق الخدمة المستهلكة منه.,BR-SEC-20,signatureId,ElectronicSignature,sign → verify في الخدمة المستهلكة,توقيع غير صالح → رفض القرار,الموقّع ≠ منشئ الطلب,AC-SEC-015-1: بافتراض QC_RELEASE_REQUIRES_SIGNATURE=true، عندما يُفرج عن تشغيلة بلا توقيع، فإن الرد 400. | AC-SEC-015-2: بافتراض توقيع لتشغيلة X، عندما يُستخدم للإفراج عن تشغيلة Y، فإن التحقق يفشل. | AC-SEC-015-3: بافتراض توقيع جديد، عندما يُطلب، فإن المستخدم يعيد إدخال كلمة المرور.,PARTIAL,PARTIAL,Unknown,,POST /api/iam/signatures/create|verify (iam.signatures.*) signatures.controller.ts:14-27 [B][C],apps/iam/src/modules/signatures/signatures.service.ts:12-40 (الكيان خارج الـMAC، replacer مستوى أعلى) [B][C]؛ apps/products/src/modules/batches/batches.service.ts:149 (وجود signatureId فقط؛ QC_RELEASE_REQUIRES_SIGNATURE افتراضي false)؛ لا مسار إعدام ولا توقيع سحب (grep),"iam: ElectronicSignature(userId, entityType, entityId, meaning, signatureHash)",BatchReleased,,لا إعادة مصادقة؛ الكيان خارج الـMAC؛ لا تحقق عند الإفراج؛ معطل افتراضيًا؛ لا توقيع للإعدام/السحب.,ادعاء امتثال 21 CFR Part 11 غير محقق.,P2,خطر تنظيمي يعتمد على قرار نطاق GxP.,REQ-SEC-036,DEC-SEC-26,هل يخضع نشاطكم لـGxP/21 CFR Part 11؟,SEC-11,"electronic_signatures(user_id, meaning, entity_type, entity_id, signature_hash, signed_at) غير قابل للتعديل.",DAR-12 | DAR-18,REQ-INV-013 | REQ-INV-041 | REQ-R2R-042 | REQ-SEC-036,,docs/BUSINESS-FLOWS-COVERAGE-P0A-ASSESSMENT.md:1198 (2026-09-07; B4a-0060) | docs/REQUIREMENTS-TRACEABILITY-MATRIX.md:116 (unknown; B5a-0055) | docs/audit/03-domain-model.md:5 (2026-09-01; B6a-0066)
REQ-SEC-016,C8,تقييد الوصول على مستوى الكائن (own مقابل .any) ومنع IDOR,OWNER_DECISION,AI agent، auditor، unnamed owner,IAM — نطاق البيانات,مسؤول IAM / مدير المبيعات,المندوب يرى ويتصرف في سجلاته فقط؛ المدير يتوسع بصلاحية .any صريحة.,غير SUPER_ADMIN يرى أوامره وحساباته وفواتيره ومدفوعاته فقط (repId = المستخدم)؛ الاعتماد والشحن والتسليم وتجاوز الحجز وتعديل حد الائتمان مسموحة لمندوب السجل أو SUPER_ADMIN أو حامل .any المطابقة؛ خمس صلاحيات تصعيد مستقلة لا تُجمع افتراضيًا؛ قائمة المندوبين من حسابات IAM النشطة بصلاحية الزيارات؛ إسناد عميل لغيره يتطلب crm.accounts.manage.any؛ crm.field-sales.review لا يُمنح للمناديب تلقائيًا؛ مصفوفة اختبار لكل معالج × 3 ملفات تعريف.,BR-SEC-21 | BR-SEC-22,actor.id، repId,404/403,assertOrderAccess / assertAccountAccess قبل أي تعديل,—,الفصل بين المندوب والمدير عبر .any,AC-SEC-016-1: بافتراض مندوب B وأمر O1 للمندوب A، عندما يطلب B GET/approve/ship لـO1، فإن الرد 403/404. | AC-SEC-016-2: بافتراض مدير يحمل sales.orders.approve.any، عندما يعتمد O1، فإن الطلب ينجح. | AC-SEC-016-3: بافتراض مستخدم بلا .any، عندما يستدعي قائمة الأوامر بلا فلتر، فإن النتائج أوامره فقط.,PARTIAL,PARTIAL,Unknown,,,apps/sales/src/modules/orders/orders.service.ts assertOrderAccess (decide :1149 [B] / :1179 [C])؛ apps/crm/src/modules/accounts/accounts.service.ts:248-260 (credit-limit.update.any) [B]؛ accounting invoices/payments/ledger (*.read.any) [B][C]؛ لا تقييد في inventory وorganization/expenses (findAll غير مقيد),"repId = IAM user id في orders/accounts/invoices؛ AccountAssignment(repId, startsAt, endsAt)",,"spec exists, not run: apps/iam/src/common/rbac-matrix.spec.ts",التقييد موزع لكل خدمة بلا نقطة مشتركة؛ غائب عن المخزون والمصروفات والهدايا (قراءة) والحوافز؛ مصفوفة G-3 غير مبنية.,مندوب يقرأ بيانات زملائه المالية أو مصروفات الموظفين.,P2,تسرب بيانات داخلي؛ ضبط جزئي قائم.,REQ-SEC-018,DEC-SEC-06 | DEC-SEC-07 | DEC-SEC-08,,SAL-09 | ORG-02,كل سجل تشغيلي يحمل owner/repId (IAM user id) مفهرسًا؛ صلاحيات .any منفصلة.,DAR-03 | DAR-08 | DAR-17,REQ-INH-024 | REQ-O2C-007 | REQ-SEC-017 | REQ-SEC-025 | REQ-TRC-027 | REQ-TRC-029,,docs/audit/2026-09-20-backlog-traceability-ar.md:195 (2026-09-20; B4b-0105) | docs/audit/21-p0-p1-remediation.md:314-323 (2026-09-07; B6b-0013) | docs/audit/21-p0-p1-remediation.md:325-338 (2026-09-07; B6b-0014) | docs/audit/20-p0-p1-evidence-validation.md:166-171 (unknown; B6a-0278) | docs/roadmap/2026-09-19-customer-field-execution-ar.md:23 (2026-09-19; B1-0238) | docs/roadmap/2026-09-19-customer-field-execution-ar.md:72-73 (2026-09-19; B1-0264) | docs/audit/00-executive-summary.md:36 (2026-09-01; B6a-0013) | docs/audit/19-production-readiness.md:18 (2026-09-01; B6a-0245) | docs/audit/21-p0-p1-remediation.md:364-369 (2026-09-07; B6b-0016) | docs/audit/21-p0-p1-remediation.md:370-375 (2026-09-07; B6b-0017) | docs/audit/21-p0-p1-remediation.md:1620-1651 (2026-09-07; B6b-0070) | docs/PRODUCTION-READINESS-P0.md:81 (2026-09-23; B6c-0063) | docs/audit/production-program/PHASE-0-ARCHITECTURE.md:100-101 (2026-09-16; B6a-0325) | docs/audit/22-production-remediation-master-plan.md:413 (2026-09-13; B6b-0126) | docs/audit/21-p0-p1-remediation.md:1647-1651 (2026-09-07; B6b-0071) | docs/FRONTEND-COVERAGE-AUDIT-AR.md:44-47 (2026-09-15; B5b-0100)
REQ-SEC-017,C8,فحص ملكية حساب العميل عند إنشاء أمر البيع (fail-closed),OWNER_DECISION,unnamed owner,O2C — إنشاء الأمر,المندوب,المندوب لا ينشئ أوامر إلا لعملائه المسندين.,Sales يتحقق من CRM أن الحساب مسند للمندوب بتمرير Authorization؛ تعذر CRM → 503 (fail-closed).,BR-SEC-23,accountId، actor,403/503,create → CRM assignment check,CRM غير متاح → 503,—,AC-SEC-017-1: بافتراض CRM متوقف، عندما ينشئ مندوب أمرًا، فإن الرد 503 ولا يُنشأ أمر. | AC-SEC-017-2: بافتراض حساب غير مسند للمندوب، عندما ينشئ أمرًا له، فإن الرد 403.,IMPLEMENTED,IMPLEMENTED,Unknown,,POST /api/sales/orders,apps/sales/src/modules/orders/orders.service.ts:160-197 [B] / :175-212 [C],crm: AccountAssignment,OrderCreated,,القرار نُفّذ دون اسم معتمِد.,توقف CRM يوقف إدخال الأوامر.,P3,سلوك مطلوب؛ الفجوة توثيقية.,REQ-SEC-016,,هل توافق على أن توقف CRM يمنع إنشاء الأوامر؟,,"account_assignments(account_id, rep_id, starts_at, ends_at).",,REQ-O2C-026 | REQ-SEC-016,REQ-O2C-026,"docs/audit/2026-09-20-ab-data-pdf-review-ar.md:162,218 (2026-09-20; B3-0118) | docs/audit/2026-09-20-ab-data-pdf-review-ar.md:46 (2026-09-20; B3-0117)"
REQ-SEC-018,C8,هوية المندوب وربط المناديب والموظفين بحسابات IAM,INFERRED_NEEDS_APPROVAL,AI agent,IAM — ربط الهويات,مسؤول IAM / HR,معرّف واحد موثوق للمندوب عبر الخدمات.,repId في كل الخدمات = معرّف مستخدم IAM؛ المناديب يحصلون على حسابات IAM أو يُرحَّل repId إلى Employee.linkedUserId؛ معرّفات المشاركين والمتابعين يُتحقق من أنها مستخدمون نشطون في IAM.,BR-SEC-24,repId/participantIds,—,—,معرّف غير موجود → 400,—,AC-SEC-018-1: بافتراض استيراد عملاء بمعرّف موظف لا مستخدم، عندما يُحفظ، فإن repId يُحوّل إلى linkedUserId أو يُرفض. | AC-SEC-018-2: بافتراض إضافة مشارك بمعرّف غير موجود في IAM، عندما يُحفظ، فإن الرد 400.,PARTIAL,PARTIAL,Unknown,,GET /api/iam/users/account-assignees (crm.accounts.read),Employee.linkedUserId بلا تحقق؛ expenses/gifts employeeId = IAM user id بينما leave/payroll = Employee.id [B][C],organization: Employee.linkedUserId nullable بلا FK,,,repId المستورد يخزن معرّف Employee (تعارض دلالي)؛ لا حسابات IAM للمناديب الأربعة حسب التدقيق؛ لا تحقق من المشاركين.,تقييد البيانات والعمولات والـSoD على المندوب غير موثوق.,P2,يؤثر على صحة النطاق والحوافز؛ بديل يدوي.,,DEC-SEC-06 | DEC-SEC-07,من يُعتبر «مندوبًا» (اسم الدور)؟ وهل يحصل المناديب على حسابات دخول؟,ORG-02,employees.linked_user_id فريد ومرتبط منطقيًا بـusers.id؛ repId دائمًا users.id.,DAR-03 | DAR-06,REQ-INH-021 | REQ-SEC-016,,"docs/audit/2026-09-20-phase0.5-implementation-report-ar.md:164,269 (2026-09-20; B4b-0213)"
REQ-SEC-019,C8,تجربة الحساب بلا صلاحيات وبوابات الصفحات في الواجهة,OWNER_DECISION,owner,UX/IAM — الدخول الأول,المستخدم الجديد,المستخدم بلا صلاحيات لا يرى شاشات فارغة أو أخطاء.,الحساب بلا صلاحيات يرى صفحة أمن الحساب فقط ورسالة «لم تُمنح لحسابك أي صلاحيات بعد»؛ لا يطلب الشريط العلوي عدد الإشعارات بلا notifications.read؛ الصفحات المحجوبة لا تطلق أي fetch.,BR-SEC-25,permissions[],—,—,—,—,AC-SEC-019-1: بافتراض مستخدم بلا صلاحيات، عندما يفتح /dashboard، فإن الرسالة تظهر ولا تبويب إلا أمن الحساب. | AC-SEC-019-2: بافتراض مستخدم بلا notifications.read، عندما تُحمّل الصفحة، فإنه لا يُرسل طلب عدّاد الإشعارات.,IMPLEMENTED,IMPLEMENTED,Unknown,apps/web/app/dashboard/layout.tsx؛ components/topbar.tsx؛ lib/nav-routes.ts (analytics بلا requiredPermission) [B][C],,,,,"spec exists, not run: apps/web/lib/permission-gating.spec.ts",صفحة التحليلات بلا بوابة لأي حساب لديه صلاحية واحدة (قرار QA F-03).,منخفض؛ الودجات تتدهور عند 403.,P3,تجربة/خصوصية محدودة.,,DEC-SEC-05,,,—,,REQ-SEC-077,,"docs/DECISIONS-2026-09-25-ar.md:12 (2026-09-25; B1-0068) | docs/REQUESTS-2026-09-25-ar.md:43-47 (2026-09-25; B1-0120) | docs/REPORTS-IMPLEMENTATION-STATUS.md:28,107 (unknown; B5a-0071) | QA-REPORTS/01-functional-testing.md:54-64 (2026-09-21; B6c-0252)"
REQ-SEC-020,C8,تبسيط شاشة الأدوار (القسم يظهر/لا يظهر) دون كسر فصل المهام,OWNER_DECISION,owner,IAM — إدارة الأدوار,المدير,شاشة أدوار بسيطة لغير المتخصصين.,شاشة الأدوار تعرض لكل قسم مفتاح إظهار؛ لا يعني الإظهار تلقائيًا صلاحية الاعتماد الحساسة (يحافظ على أن منشئ أمر الشراء لا يعتمده).,BR-SEC-26,—,—,—,—,الاعتمادات الحساسة تبقى منفصلة,AC-SEC-020-1: بافتراض تفعيل «المشتريات يظهر» لدور، عندما يُحفظ، فإن الدور لا يحصل على accounting.matching.approve إلا بخيار متقدم صريح.,NOT_IMPLEMENTED,NOT_IMPLEMENTED,Unknown,apps/web/app/dashboard/roles/page.tsx (منح كود بكود) [B][C],,,,,,لم يُنفذ بانتظار قرار نموذج الصلاحيات (ص-3).,اعتماد المدير على صلاحيات تفصيلية صعبة.,P4,تحسين تجربة؛ خطر SoD إن نُفذ خطأً.,REQ-SEC-024,DEC-SEC-04,أي نموذج: (أ) إظهار + متقدم، (ب) إظهار = كل شيء عدا الاعتمادات الحساسة، (ج) آخر؟,,تجميع الأكواد حسب القسم مع وسم «اعتماد حساس».,DAR-18,REQ-SEC-024,,docs/REQUESTS-2026-09-25-ar.md:249-251 (2026-09-25; B1-0170) | docs/REQUESTS-2026-09-25-ar.md:253 (2026-09-25; B1-0171)
REQ-SEC-021,C8,حوكمة تعديل الصلاحيات: لا تخمين لحل 403، لا إضعاف، والتعارضات تُرفع للمالك,OWNER_DECISION,owner، unnamed owner,حوكمة IAM,المالك / مسؤول الأمن,تغييرات الصلاحيات مبنية على دليل ومراجعة.,ممنوع تغيير أي صلاحية بالتخمين لحل 403؛ يلزم اسم المستخدم والشاشة/الـURL والاستجابة؛ لا إزالة صلاحية ولا تحويل افتراضي من منع إلى سماح؛ منح copilot.read وworkspace.drafts.manage وiam.security.manage عبر مراجعة؛ أي تعارض بين المطلوب والمنطق القائم يُعرض على المالك كتعارض.,BR-SEC-27,بلاغ 403,قرار منح موثق,بلاغ → تحليل → قرار → منح من شاشة الأدوار,—,المنح عبر مراجعة,AC-SEC-021-1: بافتراض بلاغ 403 بلا اسم مستخدم وشاشة، عندما يُستلم، فإنه لا يُغيَّر أي دور ويُطلب البيان. | AC-SEC-021-2: بافتراض منح صلاحية، عندما يكتمل، فإن سجل PermissionChanged يحمل الفاعل والسبب.,NOT_APPLICABLE,NOT_APPLICABLE,Unknown,,,إجراء تشغيلي؛ الحد التقني PermissionsGuard fail-closed (REQ-SEC-001),,PermissionChanged,,لا قالب بلاغ ولا سجل قرارات منح؛ الحالة 403 المذكورة ما زالت بانتظار البيانات.,تراكم صلاحيات غير مبررة.,P3,حوكمة.,REQ-SEC-001,,ما بيانات حالة 403 المعلقة (المستخدم والشاشة والاستجابة)؟,GOV-01,سجل منح: من، لمن، أي كود، السبب، المرجع.,DAR-03 | DAR-15,REQ-SEC-014,,docs/DECISIONS-2026-09-25-ar.md:8 (2026-09-25; B1-0065) | docs/audit/2026-09-20-phase0-discovery-audit-ar.md:403 (2026-09-20; B4b-0127) | docs/ERP-DATA-GAP-ANALYSIS.md:62 (2026-09-01; B3-0095) | docs/audit/production-program/PHASES-5-10-REPORT.md:144 (2026-09-16; B6a-0384)
REQ-SEC-022,C8,حوكمة الاستيراد والعمليات الجماعية على الصلاحيات,DOCUMENTED_REQ,AI agent,استيراد البيانات,المدير / مسؤول البيانات,الاستيراد يمر بنفس الصلاحيات ولا يعدّل الصلاحيات جماعيًا.,استيراد المنتجات والأسعار: products.products.import؛ العملاء: crm.accounts.create؛ أوامر البيع: sales.orders.create؛ لا تحديث جماعي عام للصلاحيات؛ استيراد المستخدمين/الأدوار مضبوط؛ سكربتات الاستيراد المباشرة عبر Prisma تتجاوز RBAC ويجب أن تُشغّل بإذن موثق وسجل تشغيل.,BR-SEC-28,ملف,سجلات,—,—,—,AC-SEC-022-1: بافتراض مستخدم بلا products.price-lists.manage، عندما يستورد أسعار قائمة، فإن الرد 403 والزر غير ظاهر. | AC-SEC-022-2: بافتراض سكربت استيراد مباشر، عندما يُشغّل، فإن سجل تشغيل يُكتب بالفاعل والعدد.,PARTIAL,PARTIAL,Unknown,apps/web/app/dashboard/price-lists/page.tsx:494 (زر الاستيراد خلف products.products.import) [B][C],[B] price-lists.controller.ts:38 = products.products.import؛ [C] :66 = products.price-lists.manage,,,,,CURRENT غيّر صلاحية استيراد أسعار القوائم والواجهة ما زالت بالكود القديم؛ السكربتات بلا سجل تشغيل موحد.,زر ظاهر يعيد 403.,P3,كفاءة.,,DEC-SEC-16,,,سجل عمليات جماعية (BulkOperationCompleted) بالفاعل والعدد والملف.,DAR-20,REQ-SEC-003,,docs/IMPORT-TEMPLATES-AR.md:19-27 (unknown; B3-0228) | docs/BACKEND-DATA-IO-STANDARD.md:100 (unknown; B3-0262) | docs/ERP-DATA-GAP-ANALYSIS.md:58-59 (2026-09-01; B3-0094)
REQ-SEC-023,C8,واجهة إدارة الهوية: إسناد الأدوار، تقييم SoD، التوقيع، سجل تدقيق IAM، تغيير كلمة المرور,INFERRED_NEEDS_APPROVAL,AI agent,IAM — الواجهة,مسؤول IAM,إدارة الهوية دون لمس القاعدة.,شاشات: تغيير كلمة المرور، إسناد الأدوار للمستخدم، تقييم فصل المهام، التوقيع الإلكتروني، سجل تدقيق IAM.,,—,—,—,—,تقييم SoD قبل الإسناد,AC-SEC-023-1: بافتراض مسؤول IAM، عندما يفتح ملف مستخدم، فإنه يسند/يزيل دورًا ويرى تقييم التعارض قبل الحفظ. | AC-SEC-023-2: بافتراض حامل iam.audit.read، عندما يفتح سجل تدقيق IAM، فإنه يرى أحداث المستخدمين والأدوار مفلترة.,PARTIAL,PARTIAL,Unknown,apps/web/app/dashboard/users/page.tsx (sodEvaluate، إنشاء بلا اختيار أدوار)؛ roles/page.tsx (الإسناد)؛ settings/security [B][C],POST/DELETE /api/iam/users/:id/roles؛ GET /api/iam/sod/evaluate؛ GET /api/iam/audit,,,,,لا اختيار أدوار عند الإنشاء من شاشة المستخدمين؛ شاشة سجل IAM مستقلة غير متحقق منها.,تعيين أدوار عبر مسار غير مباشر.,P3,كفاءة.,REQ-SEC-024,,,,—,DAR-12,REQ-SEC-024 | REQ-SEC-076,,docs/GAP-ANALYSIS-AR.md:124 (unknown; B4a-0149) | docs/UI-DAY1-OPERATIONS-AUDIT.md:48 (2026-09-08; B5b-0085) | docs/audit/production-program/PHASES-5-10-REPORT.md:48 (2026-09-16; B6a-0360)
REQ-SEC-024,C8,أدوار الشخصيات (personas) ومصفوفة التركيبات السامة وفرضها عند الإسناد,DOCUMENTED_REQ,AI agent,SoD عبر العمليات,المالك / مسؤول الأمن,تصميم أدوار لا تجمع مهامًا متعارضة.,"10 شخصيات: مندوب (حساباته وأوامره، لا يعتمد أوامره ولا يتجاوز الائتمان SOD-002)، مدير مبيعات (يعتمد ≥100,000 وليس منشئ الأمر)، مدير ائتمان (حدود وتجاوز بسبب)، أمين مخزن (تسويات ≥50 أو سرقة تحتاج معتمدًا آخر)، QA، محاسب/محصل (SOD-001 إنشاء⊥اعتماد الدفعة؛ SOD-006 إلغاء الفاتورة⊥عكس الدفعة؛ SOD-007 فاتورة المورد⊥تجاوز المطابقة)، HR (لا يرى الرواتب؛ SOD-004)، المالك (يعتمد ويدفع الحوافز والمصروفات ويقفل الفترات)، مسؤول أمن (SOD-005 المستخدمين⊥الأدوار، يمنح ما يملك فقط)، مدقق (قراءة)؛ سبع تركيبات سامة قابلة للفحص واثنتان مفروضتان لحظيًا.",BR-SEC-29 | BR-SEC-30,role assignment,تحذير/منع,assignRole → evaluate SoD → منع أو استثناء موثق,استثناء بقرار مالك موثق,جوهر المتطلب,AC-SEC-024-1: بافتراض دور يحمل accounting.matching.manage وaccounting.matching.approve، عندما يُسند لمستخدم، فإن الإسناد يُمنع أو يتطلب استثناء موثقًا حسب القرار. | AC-SEC-024-2: بافتراض فحص /sod/scan، عندما يُشغّل، فإن كل كود في المصفوفة موجود في الكتالوج (لا قاعدة ميتة). | AC-SEC-024-3: بافتراض بيئة إنتاج، عندما تُستعرض الأدوار، فإن أدوار الشخصيات المعتمدة موجودة وليست SUPER_ADMIN فقط.,PARTIAL,PARTIAL,Unknown,apps/web/app/dashboard/users/page.tsx (تقييم استشاري),GET /api/iam/sod/rules|scan|evaluate sod.controller.ts [B][C],"apps/iam/src/modules/sod/sod-matrix.ts (8 قواعد SOD-001..008، متطابق B/C)؛ sod.service.ts:44,58 (assertNoToxicConflict/assertNotSelfApproval بلا مستدعين خارج الوحدة)؛ أكواد غير موجودة في الكتالوج: accounting.payments.approve، sales.credit.override، sales.discounts.apply، organization.expenses.create|approve، iam.roles.manage، iam.users.manage؛ seed يبذر SUPER_ADMIN فقط [B] ولا دور [C]","iam: Role, UserRole",,"spec exists, not run: sod.service.spec.ts، rbac-matrix.spec.ts (أدوار اختبارية فقط)",الفحص استشاري فقط؛ 7 أكواد في المصفوفة غير موجودة فلا تطابق أبدًا؛ لا أدوار شخصيات مبذورة؛ ادعاء «7/7 مفروضة» في تقرير الإطلاق غير صالح كدليل.,مستخدم واحد قد يجمع إنشاء الدفعة واعتمادها أو إلغاء الفاتورة وعكس التحصيل دون اكتشاف.,P1,ضعف رقابي على المال دون كشف.,REQ-SEC-002 | REQ-SEC-003,DEC-SEC-28,ما قائمة الأدوار المعتمدة ومن يحمل كل دور؟ وعند التعارض: منع أم تحذير باستثناء موثق؟,SEC-10 | GOV-02,"sod_rules(id, permission_a, permission_b, mode{BLOCK,WARN}) بأكواد موجودة؛ sod_exceptions(user_id, rule_id, approved_by, reason, expires_at).",DAR-05 | DAR-06 | DAR-08 | DAR-09 | DAR-18,REQ-INH-030 | REQ-INH-040 | REQ-SEC-003 | REQ-SEC-004 | REQ-SEC-025,,Data/AB DATA/Nile ERP Business Operations.pdf:p.1-2 (2026-09-13; B3-0316) | docs/audit/2026-09-20-ab-data-pdf-review-ar.md:28 (2026-09-20; B3-0114) | Data/AB DATA/Nile ERP Business Operations.pdf:p.6 (2026-09-13; B3-0332) | docs/PRODUCTION-READINESS-P0.md:113-147 (2026-09-23; B6c-0084) | docs/REQUIREMENTS-TRACEABILITY-MATRIX.md:118 (unknown; B5a-0057) | docs/GO-LIVE-ACCEPTANCE-REPORT.md:14 (2026-09-24; B5a-0270)
REQ-SEC-025,C8,منع الاعتماد الذاتي (maker-checker) على مستوى المعاملة ورفض المنشئ المجهول,INFERRED_NEEDS_APPROVAL,AI agent,SoD عبر العمليات,المعتمدون,من أنشأ المستند لا يعتمده.,تسجيل المنشئ على كل مستند يحتاج اعتمادًا؛ المعتمد ≠ المنشئ؛ غياب هوية المنشئ (سجل قديم) يفشل مغلقًا 403 ولا يُخترع فاعل؛ رفض أمر الشراء/المطابقة بلا SoD لكن بسبب إلزامي مدقق؛ أي استثناء (SUPER_ADMIN/.any) قرار مالك صريح.,BR-SEC-31 | BR-SEC-32,createdById، actor,403,مقارنة actor.id بالمنشئ قبل تغيير الحالة,الرفض بسبب إلزامي,أساس maker-checker,AC-SEC-025-1: بافتراض أمر شراء أنشأه X، عندما يعتمده X، فإن الرد 403 ولا تتغير الحالة. | AC-SEC-025-2: بافتراض أمر شراء createdById فارغ، عندما يُعتمد، فإن الرد 403. | AC-SEC-025-3: بافتراض مسير رواتب حسبه SUPER_ADMIN، عندما يعتمده نفس المستخدم، فإن السلوك يطابق قرار DEC-SEC-09.,PARTIAL,PARTIAL,Unknown,,,"accounting matching.service.ts:198-208,649-658 [B] / :232-240,689-698 [C]؛ sales orders.service.ts:1189-1197 [B] / :1219 [C] (يُعفى SUPER_ADMIN و.any)؛ returns.service.ts:310-321 [B][C]؛ organization expenses.service.ts:99-104,130-135، customer-gifts.service.ts:106-110، payroll.service.ts:356-359 (استثناء SUPER_ADMIN) [B][C]؛ crm operations.service.ts:585-586 [B][C]؛ لا فحص: attendance.service.ts:170-203، incentives ledger.service.ts:95-99، [C] general-ledger.service.ts:88-90",createdById/approvedBy/calculatedBy/requestedBy/decidedBy,,"spec exists, not run: matching/returns/payroll specs",مطبق في معظم المسارات؛ استثناءات: SUPER_ADMIN في الرواتب والمبيعات والمرتجعات، حامل .any يعتمد أوامره، الإجازات والحوافز وقيود CURRENT اليدوية بلا فحص، CURRENT ينشئ PO معتمدًا لـSUPER_ADMIN.,اعتماد ذاتي لرواتب أو حوافز أو قيود يدوية.,P1,يمس المال مباشرة (رواتب، حوافز، قيود).,REQ-SEC-024,DEC-SEC-09 | DEC-SEC-11,هل يُستثنى SUPER_ADMIN أو حامل .any من منع الاعتماد الذاتي؟,SEC-10 | ACC-11 | ACC-12 | ORG-01 | SAL-09,كل كيان قابل للاعتماد يحمل created_by NOT NULL وapproved_by/decided_by وdecided_at وreason مع قيد approved_by <> created_by حيث ينطبق.,DAR-04 | DAR-05 | DAR-06 | DAR-08,REQ-SEC-024 | REQ-SEC-046,,"docs/P1-WAVE1-IMPLEMENTATION-NOTES.md:111-116,263-271 (2026-09-24; B2-0228) | docs/P1-WAVE1-CONTINUATION-REPORT.md:61-62 (2026-09-24; B2-0215) | docs/DECISIONS-2026-09-25-ar.md:7 (2026-09-25; B1-0064)"
REQ-SEC-026,C8,"اعتماد أمر البيع فوق العتبة (≥100,000 ج.م) بمدير مستقل وعتبة قابلة للضبط",DOCUMENTED_REQ,AI agent، auditor,O2C — اعتماد الأمر,مدير المبيعات,رقابة الإدارة على الأوامر الكبيرة.,"الأوامر ≥100,000 ج.م تدخل PENDING_APPROVAL وتحتاج sales.orders.approve من غير منشئها؛ الأقل تُعتمد آليًا وتبدأ التخصيص؛ العتبة بيانات قابلة للضبط لا ثابت في الكود؛ منع الاعتماد المزدوج.",BR-SEC-33,grandTotal,PENDING_APPROVAL/APPROVED,create → needsApproval → decide → saga allocation,CREDIT_HOLD يسبق الاعتماد؛ الرفض بسبب,SOD: منشئ الأمر ⊥ معتمده,"AC-SEC-026-1: بافتراض أمر إجماليه 100,000، عندما يُنشأ، فإن حالته PENDING_APPROVAL. | AC-SEC-026-2: بافتراض مندوب أنشأ الأمر، عندما يعتمده بنفسه بلا .any، فإن الرد 403. | AC-SEC-026-3: بافتراض تعديل العتبة إلى 150,000 من الإعدادات، عندما يُنشأ أمر بـ120,000، فإنه يُعتمد آليًا. | AC-SEC-026-4: بافتراض اعتمادين متزامنين، عندما يُنفذان، فإن واحدًا فقط ينجح.",PARTIAL,PARTIAL,Unknown,apps/web/app/dashboard/approvals/requests/page.tsx (PermissionGuard sales.orders.approve),POST /api/sales/orders/:id/approve|reject (sales.orders.approve) orders.controller.ts:177 [B] / :193 [C],apps/sales/src/modules/orders/orders.service.ts:20 (APPROVAL_THRESHOLD=100000 ثابت)، :612 [B] / :642 [C]، decide :1147-1182 [B] (تحديث شرطي ثم upsert OrderApproval خارج المعاملة),"sales: OrderApproval(orderId unique, approverId, approved, reason)",OrderApproved/OrderRejected,,"العتبة ثابتة في الكود ومنفصلة عن PricingRule؛ حامل .any وSUPER_ADMIN يعتمدان أوامرهما؛ تجاوز الحجز الائتماني يتخطى اعتماد ≥100,000؛ العتبة تشمل الشحن.",أوامر كبيرة قد تُعتمد ذاتيًا أو تتخطى الاعتماد عبر تجاوز الائتمان.,P1,يمس المال والائتمان مباشرة.,REQ-SEC-025 | REQ-SEC-028,DEC-SEC-09 | DEC-SEC-25,"من يعتمد الأوامر الكبيرة وهل تبقى العتبة 100,000 شاملة الشحن؟",SAL-17 | GOV-06,"approval_thresholds(process, min_amount, currency, required_permission, effective_from) ؛ order_approvals(order_id unique, approver_id, approved, reason, decided_at).",DAR-06 | DAR-10,REQ-O2C-007 | REQ-SEC-027 | REQ-SEC-046,REQ-O2C-007,apps/sales/README.md:7 (unknown; B6c-0237) | docs/audit/03-domain-model.md:58 (2026-09-01; B6a-0085) | docs/audit/2026-09-20-ab-data-pdf-review-ar.md:109 (2026-09-20; B3-0131) | docs/BUSINESS-FLOWS-COVERAGE-P0A-ASSESSMENT.md:198 (2026-09-07; B4a-0014) | docs/audit/05-transactions-concurrency.md:35 (2026-09-01; B6a-0110)
REQ-SEC-027,C8,اعتماد الخصم فوق حدود صلاحيات الخصم,INFERRED_NEEDS_APPROVAL,AI agent,O2C — التسعير,مدير المبيعات,الخصم الاستثنائي يمر بمعتمد.,الخصم يبقى داخل «حدود وصلاحيات الخصم»؛ أي خصم فوق الحد يذهب للاعتماد من غير طالبه (SOD-003)؛ الخادم يفرض السقف.,BR-SEC-34,discountPct,اعتماد/رفض,create → فحص المصفوفة → PENDING_APPROVAL,فوق أعلى مستوى → رفض,SOD-003 تطبيق الخصم ⊥ اعتماده,AC-SEC-027-1: بافتراض خصم 20% وحد المندوب 12%، عندما يُنشأ الأمر، فإنه يدخل مسار اعتماد ولا يُعتمد آليًا. | AC-SEC-027-2: بافتراض خصم 60% فوق أعلى مستوى في المصفوفة، عندما يُرسل، فإن الرد 403.,NOT_IMPLEMENTED,PARTIAL,Unknown,,PUT /api/sales/discounts/approval-matrix (sales.discounts.matrix.manage),[B] لا سقف خصم على الخادم (SAL-04)؛ [C] apps/sales/src/modules/orders/orders.service.ts:555-570 (سقف المصفوفة + >12% يتطلب sales.discounts.approve لدى المنشئ نفسه),sales: DiscountApprovalLevel(maxDiscountPct),,,CURRENT: الخصم فوق 12% يُسمح لمن يحمل sales.discounts.approve دون معتمد ثانٍ ولا حالة انتظار، والكود غير موجود في الكتالوج؛ BASELINE بلا سقف خادمي.,خصومات غير معتمدة تخفض الإيراد.,P1,أثر مالي مباشر.,REQ-SEC-024,DEC-SEC-24,ما مستويات الخصم ومن يعتمد كل مستوى؟,SAL-04 | SAL-05,"discount_approval_levels(max_pct, approver_permission)؛ طلب اعتماد خصم مرتبط بالأمر.",,REQ-O2C-009 | REQ-O2C-010 | REQ-SEC-026,REQ-O2C-009,docs/REQUESTS-2026-09-25-ar.md:105 (2026-09-25; B1-0129)
REQ-SEC-028,C8,تجاوز الحجز الائتماني وتعديل حد الائتمان قرار المدير,INFERRED_NEEDS_APPROVAL,unknown,O2C — الائتمان,مدير الائتمان / المدير,المدير لا المندوب يقرر الائتمان.,المدير يعتمد/يرفض الطلب المعلق ويحرر الحجز الائتماني بسبب إلزامي؛ تعديل حد الائتمان قرار تجاري للمدير؛ منشئ الأمر لا يتجاوز تعليقه (SOD-002).,BR-SEC-35,reason,تحرير الحجز,CREDIT_HOLD → override(reason) → APPROVED,—,SOD-002,AC-SEC-028-1: بافتراض مندوب أنشأ أمرًا موقوفًا ائتمانيًا، عندما يحاول تجاوزه، فإن الرد 403. | AC-SEC-028-2: بافتراض مندوب يحمل crm.accounts.credit-limit.update، عندما يعدّل حد عميله، فإن الرد 403 ما لم يكن مدير ائتمان. | AC-SEC-028-3: بافتراض تجاوز بلا سبب، عندما يُرسل، فإن الرد 400.,PARTIAL,PARTIAL,Unknown,,POST /api/sales/orders/:id/credit-override (sales.orders.credit-hold.override)؛ PATCH /api/crm/accounts/:id/credit-limit (crm.accounts.credit-limit.update),apps/sales/src/modules/orders/orders.service.ts:1130-1134 [B] (سبب)، :1133 [B]/:1163 [C] assertIndependentReviewer؛ apps/crm/src/modules/accounts/accounts.service.ts:248-260 (المندوب يعدّل حد عملائه بدون .any),,,,"المندوب يستطيع تعديل حد ائتمان عملائه والقيمة 0 تعطّل الرقابة؛ تجاوز الحجز يتخطى اعتماد ≥100,000؛ لا دور مدير مبذور.",تجاوز حدود الائتمان دون رقابة.,P1,خطر ديون معدومة.,REQ-SEC-026,DEC-SEC-09,من يملك تعديل حد الائتمان وتجاوز الحجز؟,SAL-11 | SAL-17,"credit_limit_changes(account_id, old, new, actor, reason)؛ credit_overrides(order_id, actor, reason).",DAR-06,REQ-SEC-026 | REQ-TRC-027 | REQ-TRC-028 | REQ-TRC-029,,docs/audit/21-p0-p1-remediation.md:316-319 (2026-09-07; B6b-0015)
REQ-SEC-029,C8,اعتماد المرتجعات بمعتمد مستقل وشاشة حالات الاعتماد,DOCUMENTED_REQ,AI agent,الإرجاع — اعتماد,معتمد المرتجعات,من سجّل المرتجع لا يعتمده.,الاعتماد بصلاحية sales.returns.approve من غير المسجّل؛ الاستثناء الصريح sales.returns.approve.any أو SUPER_ADMIN؛ approve/reject{reason}/PATCH/GET ?status=؛ الشاشة: عمود الحالة وفلتر وKPI «بانتظار الاعتماد» وأزرار اعتماد/رفض/تعديل وإعادة إرسال؛ العمود المالي لا يعرض مبلغًا لم يُقيّد.,BR-SEC-31,returnId، reason,APPROVED/REJECTED,create → PENDING_APPROVAL → approve/reject,الرفض بسبب,المسجّل ⊥ المعتمد,AC-SEC-029-1: بافتراض مرتجع سجله X بلا .any، عندما يعتمده X، فإن الرد 403. | AC-SEC-029-2: بافتراض رفض بلا سبب، عندما يُرسل، فإن الرد 400. | AC-SEC-029-3: بافتراض مرتجع غير معتمد، عندما تُعرض الشاشة، فإن العمود المالي فارغ.,IMPLEMENTED,IMPLEMENTED,Unknown,apps/web/app/dashboard/returns,POST /api/sales/returns/:id/approve|reject|cancel (sales.returns.approve) returns-register.controller.ts:51-72 [B][C],apps/sales/src/modules/returns/returns.service.ts:310-321 [B][C],,return.pending_approval إشعار,,الاستثناء (.any/SUPER_ADMIN) يسمح بالاعتماد الذاتي «للفرق الصغيرة» دون قرار مالك مسجل.,منخفض إذا قُيدت .any.,P2,ضعف رقابي محدود.,REQ-SEC-025,DEC-SEC-09,,SAL-06,"sales_returns(actor_id, status, approved_by, decided_at, reason).",DAR-13,REQ-INV-043 | REQ-SEC-025,REQ-INV-043,docs/DECISIONS-AR.md:214-215 (2026-09-14; B1-0011) | docs/DECISIONS-AR.md:216-217 (2026-09-14; B1-0012)
REQ-SEC-030,C8,اعتماد أوامر الشراء: الصلاحية لمدير الحسابات/المالية بإسناد يدوي وفصل المنشئ,OWNER_DECISION,AI agent، owner,P2P — اعتماد أمر الشراء,مدير الحسابات/المالية,كل أمر شراء يعتمده مسؤول مالي مستقل.,accounting.matching.approve تُمنح لدور Accounting/Finance Manager المسؤول؛ ممنوع إنشاء دور تلقائيًا؛ الإسناد يدوي من شاشة الأدوار؛ DRAFT→PENDING_APPROVAL→APPROVED (رفض→DRAFT، إلغاء→CANCELLED)؛ المنشئ لا يعتمد؛ الواجهة: «بانتظار الاعتماد»، تعطيل الاعتماد الذاتي مع شرح، لا تحديث متفائل، سبب إلزامي للرفض/الإلغاء، زر فاتورة المورد مخفي لغير المعتمد.,BR-SEC-36 | BR-SEC-31,poId,APPROVED,create(DRAFT) → submit → approve,رفض/إلغاء بسبب إلزامي,SOD-008 manage ⊥ approve,AC-SEC-030-1: بافتراض أمر شراء أنشأه محاسب، عندما يعتمده نفس المحاسب، فإن الرد 403 والزر معطل بشرح. | AC-SEC-030-2: بافتراض أمر شراء جديد، عندما يُنشأ، فإن حالته DRAFT لا APPROVED. | AC-SEC-030-3: بافتراض رفض بلا سبب، عندما يُرسل، فإن الرد 400.,PARTIAL,CONTRADICTED,Unknown,apps/web/app/dashboard/purchase-orders [B][C],POST /api/accounting/matching/purchase-orders/:id/submit|approve|reject|cancel matching.controller.ts:89-111,[B] apps/accounting/src/modules/matching/matching.service.ts:118 (createdById)، :198-208 (فصل)؛ [C] :97-148 (الإنشاء لـSUPER_ADMIN فقط ويولد APPROVED مباشرة)، :232-240,"accounting: PurchaseOrder(status, createdById, approvedBy, approvedAt)",audit_logs PO_APPROVED,,BASELINE: الصلاحية مبذورة وغير ممنوحة إلا لـSUPER_ADMIN (الإسناد اليدوي معلق). CURRENT: الإنشاء محصور بـSUPER_ADMIN ويولد معتمدًا فيلغي خطوة الاعتماد المقررة.,مشتريات بلا اعتماد مستقل.,P1,التزام مالي مع الموردين بلا رقابة.,REQ-SEC-025,DEC-SEC-10,هل تبقى خطوة الاعتماد المستقل لأوامر SUPER_ADMIN؟,ACC-12,"purchase_orders(created_by NOT NULL, approved_by, approved_at, status) مع approved_by <> created_by.",DAR-09 | DAR-15,REQ-P2P-003 | REQ-SEC-031,REQ-P2P-003,docs/DECISIONS-2026-09-25-ar.md:7 (2026-09-25; B1-0063) | docs/P1-WAVE1-IMPLEMENTATION-NOTES.md:211-230 (2026-09-24; B2-0236) | docs/P1-WAVE1-IMPLEMENTATION-NOTES.md:172-174 (2026-09-24; B2-0233)
REQ-SEC-031,C8,اعتماد استثناء المطابقة الثلاثية: مسجّل فاتورة المورد لا يعتمد الاستثناء,OWNER_DECISION,unnamed owner,P2P — المطابقة,المحاسب المعتمد,فروق الفاتورة يعتمدها مستقل.,vendor_invoices.created_by_id من الفاعل الموثق؛ المسجّل لا يعتمد استثناء مطابقة فاتورته (SOD-007)؛ الصفوف التاريخية بلا منشئ تُعامل حسب قرار المالك.,BR-SEC-37,matchId,APPROVED_EXCEPTION,register invoice → match → override,مطابقة مرفوضة لا تُعتمد,SOD-007,AC-SEC-031-1: بافتراض فاتورة مورد سجلها X، عندما يعتمد X استثناء مطابقتها، فإن الرد 403. | AC-SEC-031-2: بافتراض فاتورة قديمة created_by_id فارغ، عندما يُعتمد استثناؤها، فإن السلوك يطابق قرار DEC-SEC-11.,PARTIAL,PARTIAL,Unknown,,POST /api/accounting/matching/matches/:id/override (accounting.matching.override) matching.controller.ts:122,matching.service.ts:649-658 [B] / :689-698 [C] (الفارغ يُرفض fail-closed),accounting: VendorInvoice.createdById,,,القرار المنقول (الفارغ يمر دون تحقق) يتعارض مع الكود (الفارغ يُرفض) ومع ملاحظات Wave-1.,فواتير قديمة عالقة بلا اعتماد أو تمر بلا فصل.,P2,ضعف رقابي على مدفوعات الموردين.,REQ-SEC-025,DEC-SEC-11,الفواتير القديمة بلا منشئ: تبقى مرفوضة أم تُنسب من مصدر موثق أم تمر؟,,"vendor_invoices.created_by_id؛ three_way_matches(approved_by, status).",DAR-08,REQ-P2P-011 | REQ-SEC-030,REQ-P2P-011,docs/PRODUCTION-HOSTINGER.md:692-699 (unknown; B6c-0029)
REQ-SEC-032,C8,اعتماد أحكام التالف (ت-8): إصلاح/هدايا/إعدام/مطالبة,OWNER_DECISION,owner,المخزون — فرز التالف,مدير المخزن / المبيعات / المالية / المشتريات,كل حكم على التالف يعتمده المسؤول المختص.,إصلاح: مدير المخزن؛ هدايا: مدير المبيعات أو التسويق؛ إعدام: المخزن والمالية معًا؛ مطالبة: المالية أو المشتريات.,BR-SEC-38,حكم التالف,اعتماد,فرز → حكم → اعتماد مختص → تنفيذ,—,الإعدام يتطلب اعتمادين من جهتين,AC-SEC-032-1: بافتراض حكم «إعدام»، عندما يعتمده مدير المخزن وحده، فإن الحالة تبقى بانتظار اعتماد المالية. | AC-SEC-032-2: بافتراض حكم «هدايا»، عندما يعتمده مدير المخزن، فإن الرد 403.,NOT_IMPLEMENTED,NOT_IMPLEMENTED,Unknown,,,لا كيان فرز تالف ولا مسار إعدام (INV-11، GOV-05) [B][C],,,,لا تنفيذ لعملية فرز التالف أو اعتماداتها.,إتلاف/هدايا من المخزون خارج النظام.,P1,يمس قيمة المخزون مباشرة.,REQ-SEC-036,DEC-SEC-29,,INV-11 | GOV-05,"damage_judgements(batch_id, qty, judgement{REPAIR,GIFT,DESTROY,CLAIM}, approvals[] مع دور كل معتمد).",,REQ-INV-040 | REQ-SEC-036,REQ-INV-040,docs/DECISIONS-2026-09-25-ar.md:38-45 (2026-09-25; B1-0077) | docs/REQUESTS-2026-09-25-ar.md:177 (2026-09-25; B1-0148)
REQ-SEC-033,C8,استثناء الحد بالعلب بموافقة مسؤول في حالات محددة,OWNER_DECISION,owner,O2C — حدود الكمية,مسؤول يحدده المالك,تجاوز الحد بالعلب استثناء معتمد.,الحد بالعلب يُفرض؛ الاستثناء بموافقة مسؤول في حالات محددة مع سبب.,BR-SEC-39,qty,اعتماد/رفض,—,—,الطالب ⊥ الموافق,AC-SEC-033-1: بافتراض أمر يتجاوز الحد بالعلب، عندما يُنشأ، فإنه ينتظر موافقة المسؤول المحدد.,NOT_IMPLEMENTED,NOT_IMPLEMENTED,Unknown,,,لا حد بالعلب في المبيعات (GOV-05) [B][C],,,,الحد والاستثناء غير منفذين ومن يوافق غير محدد.,كميات فوق السياسة.,P2,رقابة تجارية.,,DEC-SEC-12,من يوافق على التجاوز وفي أي حالات؟,GOV-05,"box_limit_overrides(order_id, approved_by, reason).",,REQ-SEC-026 | REQ-TRC-030,,docs/REQUESTS-2026-09-25-ar.md:194 (2026-09-25; B1-0154)
REQ-SEC-034,C8,الإفراج اليدوي عن حجز يراجع حالة الطلب والفاتورة أولًا,OWNER_DECISION,owner,المخزون — الحجوزات,مسؤول المخزون,منع تحرير مخزون لطلب مفوتر أو قيد التنفيذ.,أي إفراج يدوي عن حجز يتحقق أولًا من حالة الطلب في Sales وحالة الفاتورة في Accounting.,BR-SEC-40,reservationId,إفراج/رفض,—,طلب مفوتر → رفض,—,AC-SEC-034-1: بافتراض حجز لطلب INVOICED، عندما يُطلب الإفراج اليدوي، فإن الرد 409 مع السبب.,NOT_IMPLEMENTED,NOT_IMPLEMENTED,Unknown,,لا مسار إفراج يدوي في inventory (api-inventory.csv) [B][C],الإفراج آلي فقط عبر الأحداث,,,,لا يوجد إفراج يدوي في النظام؛ المهمة المجدولة تكشف الحجوزات الراكدة فقط.,الإفراج يتم خارج النظام أو بتعديل القاعدة.,P2,سلامة المخزون؛ بديل يدوي.,,,كيف تُفرج الحجوزات العالقة اليوم؟,SAL-02,"reservation_releases(reservation_id, actor, reason, order_status_snapshot, invoice_status_snapshot).",DAR-14,REQ-INV-023 | REQ-SEC-053,REQ-INV-023,docs/DECISIONS-2026-09-25-ar.md:101 (2026-09-25; B1-0095)
REQ-SEC-035,C8,اعتماد الجرد: لا اعتماد ذاتي والفروق كلها للاعتماد,INFERRED_NEEDS_APPROVAL,AI agent,المخزون — الجرد,أمين المخزن / المعتمد,فصل العادّ عن المعتمد.,لا self-approval حتى لمن يملك صلاحيات متعددة؛ الإنشاء والاعتماد دوران منفصلان مع تفضيل إعادة التحقق؛ جميع الفروق للاعتماد؛ نقص أقل من المحجوز يفشل ولا يحرر حجوزات سرًا.,BR-SEC-41,count sheet,تسويات,count → submit → approve → adjust,نقص < المحجوز → فشل,العادّ ⊥ المعتمد,AC-SEC-035-1: بافتراض جرد أنشأه X، عندما يعتمده X، فإن الرد 403. | AC-SEC-035-2: بافتراض فرق نقص يتجاوز المتاح غير المحجوز، عندما يُعتمد، فإن العملية تفشل ولا تُفرج حجوزات.,NOT_IMPLEMENTED,NOT_IMPLEMENTED,Unknown,apps/web/app/dashboard/stock-counts/page.tsx (PlaceholderPage) [B][C],,,,,,لا عملية جرد.,فروق مخزون تُسوّى بتسويات فردية.,P2,سلامة المخزون؛ بديل التسويات.,REQ-SEC-025,,,INV-11,"stock_counts(created_by, approved_by, status)؛ count_lines(expected, counted, variance).",,REQ-INV-028 | REQ-SEC-025,REQ-INV-028,docs/roadmap/2026-09-19-operations-expansion-ar.md:32-33 (2026-09-19; B1-0286)
REQ-SEC-036,C8,اعتماد الإعدام بصلاحية مخصصة وتوقيع إلكتروني,INFERRED_NEEDS_APPROVAL,AI agent,المخزون/الجودة — الإعدام,المعتمد,لا إعدام بلا اعتماد موقّع.,اعتماد الإعدام يتطلب inventory.disposal.approve وتوقيعًا إلكترونيًا بمعنى DISPOSAL_APPROVAL (إلزامي في الإنتاج)؛ لا تنفيذ بلا اعتماد موقّع.,BR-SEC-20 | BR-SEC-38,disposal request,حركة إعدام,request → approve+sign → execute,—,الطالب ⊥ المعتمد,AC-SEC-036-1: بافتراض طلب إعدام بلا توقيع، عندما يُعتمد، فإن الرد 400 ولا تتحرك الكمية.,NOT_IMPLEMENTED,NOT_IMPLEMENTED,Unknown,,,لا inventory.disposal.approve ولا DISPOSAL_APPROVAL (grep) [B][C]؛ disposal-candidates job يرسل إشعارًا فقط,,,,غير منفذ؛ تعارض مع قرار المالك «المخزن والمالية معًا».,كما REQ-SEC-032.,P1,قيمة مخزون.,REQ-SEC-015 | REQ-SEC-032,DEC-SEC-26 | DEC-SEC-29,,INV-11,"disposals(batch_id, qty, requested_by, approvals[], signature_ids[]).",DAR-12,REQ-INV-041 | REQ-R2R-042 | REQ-SEC-015 | REQ-SEC-032,,docs/PROMPT-P1-P3-IMPLEMENTATION.md:230 (unknown; B5a-0207)
REQ-SEC-037,C8,التحويلات المخزنية بلا اعتماد (قرار تصميم) ونمط الاعتماد للعمليات المزيلة للقيمة,DOCUMENTED_REQ,AI agent,المخزون — التحويل,أمين المخزن,الاعتماد للعمليات التي تزيل قيمة فقط.,لا موافقة على التحويل لأنه لا يزيل قيمة من الشركة؛ نمط AdjustmentRequest للعمليات المزيلة للقيمة (تسويات كبيرة/حساسة تتطلب inventory.adjustments.large.create).,BR-SEC-42,transfer,حركة ذرية,—,—,التسوية الكبيرة: الطالب بلا large ⊥ المعتمد بـlarge,AC-SEC-037-1: بافتراض تحويل بين مخزنين، عندما يُنفذ، فإنه لا ينتظر اعتمادًا. | AC-SEC-037-2: بافتراض تسوية نقص كبيرة من مستخدم بلا large.create، عندما تُرسل، فإنها تصبح طلبًا PENDING.,IMPLEMENTED,IMPLEMENTED,Unknown,,POST /api/inventory/transactions/adjustment-requests/:id/approve|reject (inventory.adjustments.large.create) transactions.controller.ts:44-49,apps/inventory/src/modules/transactions/transactions.service.ts:242-247 (طلب)، :274-279 (اعتماد ذري بلا فحص الطالب≠المعتمد) [B][C],,,,اعتماد التسوية لا يتحقق صراحة من أن المعتمد ≠ الطالب؛ الزيادة بالتسوية بلا حد والعتبة كمية لا قيمة.,تسويات كبيرة لمن يحمل large.create بلا معتمد ثانٍ.,P2,ضعف رقابي على المخزون.,REQ-SEC-025,,هل يجب أن تمر كل تسوية ≥50 أو سرقة بمعتمد ثانٍ حتى لحامل large.create؟,INV-10,"adjustment_requests(requested_by, decided_by, status) مع decided_by <> requested_by.",DAR-18,REQ-INV-025 | REQ-INV-026 | REQ-SEC-046,,docs/ERP-DATA-GAP-ANALYSIS.md:25 (2026-09-01; B3-0086) | docs/architecture/ai-operations/BLUEPRINT-ar.md:171 (2026-09-19; B5b-0035)
REQ-SEC-038,C8,المقترحات الميدانية (طلب/تحصيل) ومراجعة استثناء GPS بمراجع مستقل,DOCUMENTED_REQ,AI agent,الميدان — المقترحات,المراجع الميداني / المالية,ما يقترحه المندوب يعتمده مراجع مستقل بإثبات.,المقترحات كيانات ORDER/COLLECTION بحالات ومراجعة وإصدار وتدقيق؛ مقدم الاقتراح لا يعتمده؛ الاعتماد يتطلب توثيق تأكيد المشتري/استلام المال وصلاحية الوحدة المالية (sales.orders.create أو accounting.payments.create)؛ استثناء GPS يحتاج مراجعة مستقلة وإقراره لا يجعل الموقع «متحققًا».,BR-SEC-43,proposal/visit,أمر/تحصيل,proposal → review(confirmation) → convert,تغير النسخة → 409,المقترح ⊥ المعتمد؛ المندوب/مسجّل الدخول والخروج ⊥ مراجع GPS,AC-SEC-038-1: بافتراض مقترح أنشأه المندوب، عندما يراجعه بنفسه، فإن الرد 403. | AC-SEC-038-2: بافتراض اعتماد مقترح تحصيل بلا مرجع استلام المال، عندما يُرسل، فإن الرد 400. | AC-SEC-038-3: بافتراض مراجعة GPS من المندوب نفسه، عندما تُرسل، فإن الرد 403.,IMPLEMENTED,IMPLEMENTED,Unknown,,POST /api/crm/field-operations/proposals/:id/review|convert، visits/:id/gps-review (crm.field-sales.review),apps/crm/src/modules/field-operations/operations.service.ts:338-341 (GPS مستقل)، :585-597 (المقترح) [B][C],"crm: FieldProposal(kind, createdBy, status, version)",,,لا فجوة كود؛ الصفحات تعرض آخر 200 دون ترقيم كامل.,منخفض.,P3,مطبق.,REQ-SEC-016,,,,"field_proposals(kind, created_by, reviewed_by, confirmation_ref, status, version).",DAR-05 | DAR-12,REQ-CRM-029 | REQ-CRM-032 | REQ-O2C-050 | REQ-SEC-041,,docs/roadmap/2026-09-19-customer-field-execution-ar.md:51 (2026-09-19; B1-0251) | docs/roadmap/2026-09-19-customer-field-execution-ar.md:50 (2026-09-19; B1-0250)
REQ-SEC-039,C8,اعتماد الرواتب سجل مستقل قابل للتدقيق وفصل الحاسب عن المعتمد,DOCUMENTED_REQ,AI agent,HR — الرواتب,المعتمد المالي,اعتماد مسير الرواتب قرار موثق مستقل.,اعتماد الرواتب سجل مستقل (المعتمد، القرار، السبب، الوقت) لا علم منطقي؛ الحاسب لا يعتمد؛ الرفض بسبب؛ التعديل بعد الإقفال بصف تسوية لا بتعديل المبلغ.,BR-SEC-44,runId,PayrollApproval,calculate → approve → finalize → mark-paid,reject → DRAFT بسبب,الحاسب ⊥ المعتمد,AC-SEC-039-1: بافتراض مسير حسبه X، عندما يعتمده X، فإن الرد 403 (بما فيه SUPER_ADMIN حسب القرار). | AC-SEC-039-2: بافتراض مسير FINALIZED، عندما يُعدَّل بند، فإن netPay الأصلي لا يتغير ويُنشأ صف تسوية.,PARTIAL,PARTIAL,Unknown,,POST /api/org/payroll/runs/:id/approve|reject (payroll.runs.approve)، finalize/mark-paid (payroll.runs.finalize) payroll.controller.ts:96-124,apps/organization/src/modules/payroll/payroll.service.ts:356-359 (استثناء SUPER_ADMIN)، :437-458 (تعديل netPay بعد الإقفال) [B][C],organization: PayrollApproval,,,SUPER_ADMIN يحسب ويعتمد؛ التعديل بعد الإقفال يغيّر netPay بلا إعادة اعتماد؛ finalize وmark-paid بنفس الصلاحية.,صرف رواتب غير معتمد فعليًا.,P1,مال مباشر.,REQ-SEC-025 | REQ-SEC-003,DEC-SEC-09,,ORG-03 | SEC-10,"payroll_approvals(run_id, approver_id, decision, reason, decided_at)؛ payroll_adjustments بدل تعديل entries.",DAR-05 | DAR-08 | DAR-09 | DAR-12 | DAR-18,REQ-INH-043 | REQ-INH-044 | REQ-SEC-025,,docs/ERP-EMPLOYEE-PAYROLL-DESIGN.md:46 (2026-09-01; B3-0180)
REQ-SEC-040,C8,فصل صلاحيات الخزينة: عرض/تحريك/عدّ,DOCUMENTED_REQ,AI agent,الخزينة,أمين الخزينة / المراجع,من يعدّ الدرج ليس وحده من يسجل ما عدّه.,accounting.financial-accounts.read للرؤية، .manage لإخراج/تحريك المال، .reconcile للعدّ؛ لا يكون العادّ وحده من سجّل الحركات المعدودة.,BR-SEC-45,—,—,entries → reconcile,—,manage ⊥ reconcile,AC-SEC-040-1: بافتراض مستخدم يحمل manage فقط، عندما يسجل مطابقة عدّ، فإن الرد 403. | AC-SEC-040-2: بافتراض مستخدم سجّل حركات اليوم، عندما يعتمد عدّ نفس الخزنة، فإن النظام يمنعه أو يطلب مراجعًا ثانيًا.,PARTIAL,PARTIAL,Unknown,,/api/accounting/financial-accounts (read/manage/reconcile) [B][C] (api-inventory.csv),لا فحص على مستوى المعاملة بين مسجل الحركات والعادّ (grep في financial-accounts) [B][C],,,,الفصل على مستوى الصلاحيات فقط.,من يحمل الصلاحيتين يغطي عجزًا.,P2,رقابة نقدية.,REQ-SEC-024,,,ACC-06,"financial_account_entries.actor_id؛ reconciliations(counted_by, reviewed_by).",DAR-05 | DAR-08,REQ-SEC-041 | REQ-TRC-007,,docs/audit/2026-09-20-phase3-financial-accounts-report-ar.md:58 (2026-09-20; B4b-0254)
REQ-SEC-041,C8,فصل إصدار الفاتورة عن تسجيل التحصيل,DOCUMENTED_REQ,AI agent,O2C — الفوترة والتحصيل,المحاسب / المحصل,التحصيل والفوترة بيد دورين مختلفين.,POST /api/accounting/invoices بـaccounting.invoices.create منفصلة عن accounting.payments.create.,BR-SEC-46,—,—,—,—,الفوترة ⊥ التحصيل (اختياري حسب الأدوار),AC-SEC-041-1: بافتراض مستخدم يحمل accounting.payments.create فقط، عندما يصدر فاتورة، فإن الرد 403.,IMPLEMENTED,IMPLEMENTED,Unknown,,invoices.controller.ts (accounting.invoices.create)، payments.controller.ts:53 (accounting.payments.create) [B][C],,,,,المبرر منسوب لممارسة الموزع بلا مصدر؛ الدمج ممكن بإسناد الصلاحيتين.,منخفض.,P3,مطبق.,REQ-SEC-024,,هل يجب منع جمع الفوترة والتحصيل لنفس المستخدم؟,,—,DAR-05,REQ-O2C-039 | REQ-SEC-040,,docs/audit/2026-09-20-phase1-direct-invoice-report-ar.md:50-51 (2026-09-20; B4b-0224)
REQ-SEC-042,C8,صلاحيات هدايا العملاء لا تُمنح تلقائيًا ومسار اعتمادها,OWNER_DECISION,unnamed owner,HR/المبيعات — هدايا العملاء,المدير / المالية,الهدايا تمر بمدير ثم مالية.,organization.customer-gifts.read|create|approve|finance لا تُمنح لأي دور تلقائيًا (نمط قرار accounting.matching.approve)؛ المدير يعيّنها من شاشة الأدوار؛ الطالب لا يعتمد طلبه.,BR-SEC-04 | BR-SEC-31,giftId,PAID,DRAFT → SUBMITTED → MANAGER_APPROVED → FINANCE_APPROVED → PAID,—,الطالب ⊥ المعتمد؛ approve ⊥ finance,AC-SEC-042-1: بافتراض طالب هدية، عندما يعتمدها، فإن الرد 403. | AC-SEC-042-2: بافتراض بيئة جديدة، عندما تُبذر، فإن الأكواد الأربعة موجودة وغير ممنوحة إلا لـSUPER_ADMIN.,IMPLEMENTED,PARTIAL,Unknown,,/api/org/customer-gifts/:id/manager-approve|finance-approve|pay customer-gifts.controller.ts:37-46,"apps/organization/src/modules/customer-gifts/customer-gifts.service.ts:59,106-118 [B][C]؛ [C] الأكواد غائبة عن seed (REQ-SEC-002)",,,,CURRENT: الأكواد غائبة عن الكتالوج في البيئات الجديدة؛ لا قيد GL ولا حدث عند الصرف.,صرف هدايا خارج الدفاتر.,P2,رقابة مع بديل يدوي.,REQ-SEC-002,,,ORG-04,"customer_gifts(requested_by, manager_approved_by, finance_approved_by, paid_by).",,REQ-INH-070 | REQ-SEC-043,REQ-INH-070,docs/MIGRATIONS-ROUND2-2026-09-25-ar.md:36-38 (2026-09-25; B4b-0317) | docs/SERVER-STEPS-2026-09-25-ar.md:62 (2026-09-25; B6c-0118)
REQ-SEC-043,C8,اعتماد المصروفات: مدير ثم مالية بصلاحيات مخصصة لا مستعارة,DOCUMENTED_REQ,AI agent,HR — المصروفات,مدير القسم / المالية,طالب المصروف لا يعتمده والمالية لا تعتمد بصلاحية الدفعات.,المصروفات بصلاحيات org.expenses.* (أو ما يقره الكتالوج) لا organization.employees.read/departments.manage/accounting.payments.create؛ اعتماد المدير ثم المالية من غير الطالب؛ الرفض من الحالات المسموحة فقط.,BR-SEC-31 | BR-SEC-47,claimId,PAID,DRAFT → SUBMITTED → MANAGER_APPROVED → FINANCE_APPROVED → PAID,لا رفض بعد PAID,SOD-004 الطالب ⊥ المعتمد,AC-SEC-043-1: بافتراض مطالبة PAID، عندما تُرفض، فإن الرد 409. | AC-SEC-043-2: بافتراض طالب المطالبة، عندما يعتمدها، فإن الرد 403. | AC-SEC-043-3: بافتراض مستخدم يحمل organization.employees.read فقط، عندما يقرأ مطالبات غيره، فإن الرد يقتصر على مطالباته.,PARTIAL,PARTIAL,Unknown,,/api/org/expenses/:id/manager-approve (organization.departments.manage)، finance-approve|pay (accounting.payments.create) expenses.controller.ts:57-82,"apps/organization/src/modules/expenses/expenses.service.ts:99-104,130-135 (منع ذاتي)، :153-168 (رفض من أي حالة) [B][C]",,,,الاعتماد المالي يستعير صلاحية إنشاء الدفعات؛ SOD-004 يسمي أكوادًا غير موجودة؛ رفض من PAID ممكن؛ قراءة غير مقيدة.,صرف مصروفات بلا فصل واضح.,P2,رقابة مالية مع بديل يدوي.,REQ-SEC-003 | REQ-SEC-024,DEC-SEC-28,من يعتمد المصروفات إداريًا وماليًا ومن يصرفها؟,ORG-02 | ORG-04,"expense_claims(employee_user_id, manager_approved_by, finance_approved_by, paid_by, status) بانتقالات شرطية.",DAR-05 | DAR-09,REQ-INH-060 | REQ-SEC-042,REQ-INH-060,docs/audit/2026-09-20-ab-data-pdf-review-ar.md:87 (2026-09-20; B3-0128)
REQ-SEC-044,C8,صندوق «المعلّق عليّ» للاعتمادات عبر العمليات,INFERRED_NEEDS_APPROVAL,AI agent,الاعتمادات — الواجهة,كل معتمد,المعتمد يرى ما ينتظر قراره في مكان واحد.,صفحة tasks تجمع: أوامر بانتظار اعتماد، طلبات تسوية مخزون، طلبات إجازة، مطالبات مصروفات، استثناءات المطابقة الثلاثية — مفلترة بما يملك المستخدم اعتماده وباستبعاد ما أنشأه.,BR-SEC-31,permissions,قائمة,—,فشل مصدر → يظهر خطأ المصدر لا صفر,يستبعد ما أنشأه المستخدم,AC-SEC-044-1: بافتراض أمر بانتظار اعتماد أنشأه المستخدم نفسه، عندما يفتح الصندوق، فإنه لا يظهر له كقابل للاعتماد. | AC-SEC-044-2: بافتراض 250 طلبًا معلقًا، عندما يُعرض العدد، فإنه 250 لا 200.,PARTIAL,PARTIAL,Unknown,apps/web/app/dashboard/tasks/page.tsx,BFF apps/web/app/api/tasks/route.ts:101-116 (طوابير متعددة) [B][C],,,,,قراءة تجميعية غير خاصة بالمعتمد ولا تستبعد ما أنشأه؛ الأعداد مقصوصة بحد الصفحة.,تأخر الاعتمادات.,P3,كفاءة.,REQ-SEC-025,,,WEB-01,—,DAR-05 | DAR-08,REQ-SEC-052,,"docs/EMPTY-PAGES-DB-IMPACT-AR.md:49,218 (2026-09-15; B4b-0330)"
REQ-SEC-045,C8,تفويض الاستعادة من النسخ الاحتياطي بمعتمد مسمّى,DOCUMENTED_REQ,AI agent,التشغيل — الاستعادة,قائد الهندسة / مالك البيانات / المدير العام,لا استعادة تمس الدفاتر بلا تفويض مسمّى.,استعادة قاعدة واحدة: قائد الهندسة ومالك بيانات المجال (المالية للمحاسبة/دفتر المبيعات، العمليات للمخزون)؛ استعادة كاملة: المدير العام بتوصية الهندسة؛ حادث أمني: المالك + حامل لوحة القاعدة؛ لا استعادة بلا معتمد مسمّى؛ الاستعادة لفرع للفحص لا تحتاج.,BR-SEC-48,—,سجل تفويض,—,—,معتمدان لاستعادة قاعدة مالية,AC-SEC-045-1: بافتراض طلب استعادة قاعدة المحاسبة، عندما يُنفذ، فإن سجل التفويض يحمل اسمي قائد الهندسة ومسؤول المالية.,NOT_VERIFIED,NOT_VERIFIED,Unknown,,,docs/runbooks/disaster-recovery.md:74-85 (إجراء موثق؛ لا دليل تنفيذ),,,,إجراء ورقي؛ أدوات الاستعادة تفترض Neon PITR بينما الإنتاج Postgres محلي.,استعادة غير منضبطة تعيد دفاتر قديمة.,P2,سلامة البيانات.,,,من الأشخاص المسمّون لكل سيناريو؟,OPS-04,"restore_authorizations(scenario, approvers[], reason, at).",DAR-13 | DAR-15,REQ-OPS-023,,docs/runbooks/disaster-recovery.md:74-85 (2026-09-23; B6c-0171)
REQ-SEC-046,C8,تدقيق قرارات الاعتماد: سبب إلزامي للرفض وذرية الحالة وسجل الاعتماد,DOCUMENTED_REQ,AI agent، auditor,الاعتمادات — التدقيق,المعتمد / المدقق,كل قرار اعتماد/رفض مسجل ذريًا بسببه.,رفض الأمر بسبب إلزامي؛ قلب الحالة وصف OrderApproval ذريان؛ AdjustmentDecided CRITICAL ولا يُنشر إلا بعد تنفيذ الأثر.,BR-SEC-49,reason,سجل اعتماد + حدث,—,—,—,AC-SEC-046-1: بافتراض رفض أمر بلا سبب، عندما يُرسل، فإن الرد 400. | AC-SEC-046-2: بافتراض فشل كتابة OrderApproval، عندما يحدث، فإن حالة الأمر لا تتغير.,PARTIAL,PARTIAL,Unknown,,POST /api/sales/orders/:id/reject @Body(reason?) orders.controller.ts:177-185 [B] (السبب اختياري),apps/sales/src/modules/orders/orders.service.ts:1147-1182 [B] (updateMany ثم upsert خارج معاملة؛ rejection_reason افتراضي «rejected»)؛ matching reject بسبب إلزامي؛ payroll reject بسبب,,OrderRejected، AdjustmentDecided,,سبب رفض الأمر اختياري؛ الحالة وسجل الاعتماد غير ذريين (CONC-11).,قرارات بلا مبرر موثق.,P2,ضعف رقابي.,REQ-SEC-026,,,SEC-13,"approval_decisions(entity, entity_id, decision, reason NOT NULL عند الرفض, actor, at) في نفس معاملة تغيير الحالة.",DAR-12 | DAR-14,REQ-INV-026 | REQ-O2C-007 | REQ-SEC-014 | REQ-SEC-026 | REQ-SEC-037,,docs/BUSINESS-AUDIT-MATRIX.md:198-203 (unknown; B4a-0096) | docs/audit/05-transactions-concurrency.md:100 (2026-09-01; B6a-0126)
REQ-SEC-047,C8,مركز إشعارات داخل النظام كقناة أولى لمستخدمي النظام,OWNER_DECISION,AI agent، owner، unnamed owner,الإشعارات,كل المستخدمين,إبلاغ الفريق داخليًا بلا تكلفة أو مزوّد.,القناة الأولى إشعارات داخل النظام لمستخدمي النظام فقط؛ كيان Notification بدورة QUEUED→SENDING→SENT/FAILED وTYPE_CATALOGUE يرفض النوع المجهول؛ شاشة إشعارات بمؤشرات غير المقروء/24 ساعة/الإجمالي وفلترة وتعليم كمقروء ومُنشئ إرسال/إعلان وعدّاد على الجرس؛ settings/notifications لتفضيلات المستخدم؛ إشعارات العملاء مؤجلة حتى قرار المزوّد.,BR-SEC-50,"type, recipients",notifications,create → inbox → read,نوع مجهول → 400,—,AC-SEC-047-1: بافتراض نوع غير موجود في TYPE_CATALOGUE، عندما يُرسل إشعار، فإن الرد 400. | AC-SEC-047-2: بافتراض إشعار جديد، عندما يفتح المستخدم أي شاشة، فإن عدّاد الجرس يزيد بواحد. | AC-SEC-047-3: بافتراض تعليم الكل كمقروء، عندما يكتمل، فإن العدّاد صفر.,IMPLEMENTED,IMPLEMENTED,Unknown,apps/web/app/dashboard/notifications/page.tsx، settings/notifications/page.tsx (ليست PlaceholderPage) [B][C],/api/iam/notifications* notifications.controller.ts:46-84 [B][C],apps/iam/src/modules/notifications/notifications.service.ts:43-64 (TYPE_CATALOGUE)، :70+ (resolveType) [B][C],"iam: Notification(status, retryCount, lastError, providerMessageId, sentAt)",,"spec exists, not run: notifications.service.spec.ts",ادعاءات «الصفحة Placeholder» قديمة؛ لا فجوة كود.,—,P3,مطبق.,,DEC-SEC-18,,,"notifications(recipient_id, type ∈ catalogue, category, status, read_at, created_at).",,REQ-SEC-050 | REQ-SEC-052,,docs/DECISIONS-AR.md:255 (2026-09-14; B1-0055) | docs/NOTIFICATIONS-PROVIDERS-AR.md:3-15 (2026-09-14; B5b-0001) | docs/EMPTY-PAGES-DB-IMPACT-AR.md:47 (2026-09-15; B4b-0328) | docs/DECISIONS-AR.md:196 (2026-09-14; B1-0054) | docs/UI-DAY1-OPERATIONS-AUDIT.md:183-190 (2026-09-08; B5b-0094) | docs/DECISIONS-AR.md:164-166 (2026-09-14; B1-0049) | docs/DECISIONS-AR.md:257-259 (2026-09-14; B1-0056) | docs/DECISIONS-AR.md:264-267 (2026-09-14; B1-0059) | docs/REPORTS-IMPLEMENTATION-STATUS.md:129 (unknown; B5a-0080) | docs/REPORTS-IMPLEMENTATION-STATUS.md:137 (unknown; B5a-0088) | docs/NOTIFICATIONS-PROVIDERS-AR.md:52-57 (2026-09-14; B5b-0006)
REQ-SEC-048,C8,فصل الإشعار التشغيلي عن التسويقي والموافقة (opt-in) والمتطلبات التنظيمية للقنوات الخارجية,DOCUMENTED_REQ,AI agent,الإشعارات,المالك / المسوّق,لا رسائل تسويقية بلا موافقة.,التسويقي لا يصل لمن لم يفعّل marketingOptIn والتشغيلي يصل للجميع ولا يُكتم؛ قبل تفعيل قناة خارجية: Sender ID مسجل للـSMS، قوالب واتساب معتمدة من Meta، opt-in تسويقي موثق لكل عميل في CRM بتاريخ الموافقة، حدود إرسال مكتوبة في العقد.,BR-SEC-51,category، optIn,مستلمون,—,—,—,AC-SEC-048-1: بافتراض مستخدم marketingOptIn=false، عندما يُرسل إعلان تسويقي، فإنه لا يصله. | AC-SEC-048-2: بافتراض إشعار حجز ائتماني (تشغيلي)، عندما يُرسل، فإنه يصل للجميع بغض النظر عن التفضيل. | AC-SEC-048-3: بافتراض عميل بلا تاريخ موافقة، عندما يُطلب له إرسال تسويقي خارجي، فإنه يُستبعد.,PARTIAL,PARTIAL,Unknown,,,notifications.service.ts:206-217 (marketingOptIn على المستخدم) [B][C],iam: User.marketingOptIn؛ لا حقل موافقة على العميل في CRM,,,الموافقة على مستوى المستخدم الداخلي فقط؛ لا موافقة عملاء.,مخاطرة تنظيمية عند تفعيل قنوات العملاء.,P3,غير مفعّل بعد.,REQ-SEC-050,DEC-SEC-17,هل لدينا موافقة العملاء على الرسائل التسويقية؟,,"customer_contact_consents(account_id, channel, category, granted_at, source).",DAR-16,REQ-SEC-050,,docs/NOTIFICATIONS-PROVIDERS-AR.md:43-50 (2026-09-14; B5b-0004) | docs/DECISIONS-AR.md:260-261 (2026-09-14; B1-0057)
REQ-SEC-049,C8,صلاحيات الإرسال الفردي والجماعي وعزل صندوق المستخدم,DOCUMENTED_REQ,AI agent,الإشعارات,الإدارة,الإرسال الجماعي صلاحية أعلى من الفردي.,notifications.send لمستلمين محددين وnotifications.bulk.send لجمهور (الكل/دور)؛ الوصول لصندوق مستخدم مقيد بمعرفه والمعرف الغريب يعيد «غير موجود» لا 403.,BR-SEC-52,—,—,—,—,bulk منفصلة,AC-SEC-049-1: بافتراض حامل notifications.send فقط، عندما يرسل للكل، فإن الرد 403. | AC-SEC-049-2: بافتراض مستخدم يطلب إشعار غيره بمعرّفه، عندما يُرسل، فإن الرد 404.,IMPLEMENTED,IMPLEMENTED,Unknown,,POST /api/iam/notifications (send)، /broadcast (bulk.send) notifications.controller.ts:62-84 [B][C],,,,"spec exists, not run: notifications.service.spec.ts",من يحمل الصلاحيتين في المنظمة غير محدد.,—,P3,مطبق.,,DEC-SEC-17,من يملك notifications.send وbulk.send؟,,—,DAR-04,REQ-SEC-047,,docs/DECISIONS-AR.md:262-263 (2026-09-14; B1-0058)
REQ-SEC-050,C8,إشعارات العملاء عبر قنوات خارجية (واتساب/SMS/بريد) بعد قرار المزوّد ومقارنة التكلفة,OWNER_DECISION,AI agent، owner,الإشعارات — العملاء,المالك,التواصل مع العملاء بقناة معتمدة التكلفة.,صاحب النظام طلب مقارنة تكلفة قبل القرار؛ لا التزام بمزوّد قبل عرض سعر مكتوب؛ التوصية: In-App الآن، ثم واتساب Utility لحالة الطلب/الفاتورة، وSMS احتياطي للحرج ولا تسويق عبره، والبريد خارج النطاق حتى يُطلب؛ مكونات: قوالب عربية، محوّل مزوّد عبر الإعدادات، طابور وإعادة محاولة وسجل تسليم، وزر إرسال من تحديد العملاء الجماعي مع معاينة؛ تنبيهات تشغيلية بقنوات حسب الدور.,BR-SEC-51 | BR-SEC-53,قالب، عملاء,رسائل,اختيار عملاء → معاينة → إرسال → تسليم,قناة غير مهيأة → الصفوف QUEUED,—,AC-SEC-050-1: بافتراض لا مزوّد معتمد، عندما يُطلب إرسال لعميل، فإن الواجهة لا تعرض القناة الخارجية. | AC-SEC-050-2: بافتراض قناة واتساب مفعّلة، عندما يُرسل قالب غير معتمد خارج نافذة 24 ساعة، فإن الإرسال يُرفض ويُسجل السبب.,PARTIAL,PARTIAL,Unknown,,,apps/iam/src/modules/notifications/notification-dispatcher.service.ts + channels/ (SMS HTTP، WhatsApp) معطلة افتراضيًا [B][C]؛ لا مستلمين من العملاء,,,,المحوّلات منفذة قبل قرار المالك؛ لا إرسال للعملاء؛ وثيقة المقارنة غير مكتملة.,لا إشعارات للعملاء.,P3,تحسين؛ بانتظار قرار.,REQ-SEC-048 | REQ-SEC-051,DEC-SEC-17 | DEC-SEC-18 | DEC-SEC-19,أي قناة ومزوّد أولًا؟,,"notification_channels(config مشفّر)؛ notifications.recipient_type {USER,CUSTOMER}.",DAR-19,REQ-SEC-047,,docs/NOTIFICATIONS-PROVIDERS-AR.md:4-5 (2026-09-14; B5b-0002) | Data/AB DATA/Nile ERP Gap Analysis.pdf:p.4 (2026-09-13; B3-0348) | docs/NOTIFICATIONS-PROVIDERS-AR.md:59-64 (2026-09-14; B5b-0007) | docs/NOTIFICATIONS-PROVIDERS-AR.md:98-102 (2026-09-14; B5b-0010) | docs/DECISIONS-AR.md:170-175 (2026-09-14; B1-0050) | docs/NOTIFICATIONS-PROVIDERS-AR.md:17-41 (2026-09-14; B5b-0003) | docs/NOTIFICATIONS-PROVIDERS-AR.md:73-96 (2026-09-14; B5b-0009) | docs/NOTIFICATIONS-PROVIDERS-AR.md:118-142 (2026-09-14; B5b-0013)
REQ-SEC-051,C8,موثوقية موزّع الإرسال الخارجي وWebhook حالات التسليم,DOCUMENTED_REQ,AI agent,الإشعارات — الإرسال,النظام,لا إرسال مزدوج ولا ضياع صامت.,"حجز شرطي QUEUED→SENDING + idempotencyKey=معرّف الصف؛ قناة غير مهيأة تُبقي QUEUED؛ مستخدم بلا هاتف→FAILED بسبب؛ 5xx/429/شبكة→إعادة مع retryCount و4xx→FAILED فورًا؛ بعد MAX_ATTEMPTS (3) FAILED نهائي؛ استعادة SENDING العالق بعد backoff؛ Webhook POST {id,status,recipient} يحدّث الصف عبر providerMessageId.",BR-SEC-54,صفوف QUEUED,SENT/FAILED,batch 50 → send → update,SENDING عالق → QUEUED بعد backoff,—,AC-SEC-051-1: بافتراض نسختين من الموزّع، عندما تعالجان نفس الصف، فإن الرسالة تُرسل مرة واحدة. | AC-SEC-051-2: بافتراض رد 429 ثلاث مرات، عندما تكتمل المحاولات، فإن الحالة FAILED وlastError مسجل. | AC-SEC-051-3: بافتراض Webhook بحالة delivered، عندما يصل، فإن الصف يُحدّث.,PARTIAL,PARTIAL,Unknown,,,notification-dispatcher.service.ts [B][C]؛ لا مسار webhook في notifications.controller.ts,,,"spec exists, not run: notification-dispatcher.service.spec.ts",Webhook التسليم غير منفذ.,لا تأكيد تسليم.,P3,غير مفعّل.,REQ-SEC-050,,,,notifications(provider_message_id unique، retry_count، last_error، sent_at).,DAR-06 | DAR-07 | DAR-15,REQ-SEC-050,,docs/NOTIFICATIONS-PROVIDERS-AR.md:104-116 (2026-09-14; B5b-0011) | docs/NOTIFICATIONS-PROVIDERS-AR.md:192-194 (2026-09-20; B5b-0018)
REQ-SEC-052,C8,إشعارات مبنية على الأحداث وتوجيه المستلمين بالصلاحية,DOCUMENTED_REQ,AI agent,الإشعارات — الأحداث,النظام,من يملك القرار يُبلَّغ بالحدث.,المستهلك iam-notifications-group يحول أحداث (حجز ائتماني، فشل حجز، مرتجع جديد، تحصيل فاشل/شيك مرتد، استدعاء، قرب انتهاء، حجوزات راكدة، مرشحو إعدام، سعر صرف قديم، فشل مهمة) إلى إشعارات؛ التوجيه بالصلاحية لا باسم الدور (credit_hold→sales.orders.credit-hold.override؛ return.pending_approval→sales.returns.approve + المندوب صاحب المرتجع؛ ...)؛ processed_events في نفس المعاملة؛ الملخصات الفارغة لا تنتج صفًا؛ إضافة حدث = سطر في ROUTES؛ مهام مجدولة بقفل موزّع وسجل JobRun.,BR-SEC-55,Kafka events,notifications,event → ROUTES → resolveRecipientsByPermission → insert,لا أحد يملك الصلاحية → تحذير في السجل بلا إشعار,يوجّه الاعتماد لمن يملكه,AC-SEC-052-1: بافتراض حدث مرتجع جديد، عندما يُستهلك، فإن حاملي sales.returns.approve والمندوب صاحب المرتجع يتلقون إشعارًا. | AC-SEC-052-2: بافتراض نفس الحدث مرتين، عندما يُستهلك، فإن إشعارًا واحدًا يُنشأ. | AC-SEC-052-3: بافتراض لا أحد يحمل الصلاحية، عندما يُستهلك الحدث، فإنه يُسجل تحذير «no one notified».,IMPLEMENTED,IMPLEMENTED,Unknown,,,apps/iam/src/modules/notifications/notifications-events.listener.ts:47-141 (ROUTES)، :161-174 [B][C متطابق]؛ packages/scheduler/src/scheduler.service.ts؛ jobs: stale-reservations، disposal-candidates، expire-batches، near-expiry-digest، fx-rate-reminder,,يستهلك 10 أنواع,"spec exists, not run: notifications-events.listener.spec.ts",بما أن SUPER_ADMIN وحده مبذور فكل الإشعارات تذهب له فعليًا؛ «لا أحد» يُسجل فقط بلا تصعيد.,إشعارات الاعتماد لا تصل لمعتمدين فعليين ما لم تُسند الأدوار.,P2,يعتمد على إسناد الأدوار.,REQ-SEC-024,,,INT-07,"processed_events(event_id) في نفس معاملة الإدراج؛ job_runs(name, status, started_at, finished_at).",DAR-05 | DAR-07 | DAR-11,REQ-SEC-044 | REQ-SEC-053,,docs/NOTIFICATIONS-PROVIDERS-AR.md:164-175 (2026-09-20; B5b-0016) | docs/audit/2026-09-20-ab-data-pdf-review-ar.md:165-166 (2026-09-20; B3-0144) | docs/BUSINESS-FLOWS-COVERAGE-P0A-ASSESSMENT.md:1072-1100 (2026-09-07; B4a-0055) | docs/audit/2026-09-20-ab-data-pdf-review-ar.md:117 (2026-09-20; B3-0134) | docs/audit/2026-09-20-ab-data-pdf-review-ar.md:262 (2026-09-20; B3-0167) | docs/NOTIFICATIONS-PROVIDERS-AR.md:156-179 (2026-09-20; B5b-0015) | docs/BUSINESS-FLOWS-COVERAGE-P0A-ASSESSMENT.md:53 (2026-09-07; B4a-0002)
REQ-SEC-053,C8,تنبيهات مجدولة للمجالات (استيراد، أسعار صرف، أوراق مالية، شحنات، تراخيص، متابعون),INFERRED_NEEDS_APPROVAL,AI agent,الإشعارات — التنبيهات,المسؤول حسب المجال,تنبيه قبل المواعيد الحرجة.,تنبيه يومي: ETA خلال 3 أيام بمستندات ناقصة، أرضيات خلال 48 ساعة، قرار رقابي معلق >7 أيام؛ 09:00: لا سعر BANK لعملة نشطة خلال 3 أيام عمل → FxRateStale؛ 08:00: أوراق تستحق خلال 3 أيام وأوراق مودعة >7 أيام بلا نتيجة؛ 06:00: تسجيلات/تراخيص إلى RENEWAL_DUE/EXPIRED مع تنبيه مرة لكل انتقال؛ مستهلك للملخصات (إشعار/بريد)؛ إشعار المتابعين على التذاكر.,BR-SEC-56,—,إشعارات,job → event → notification,—,—,AC-SEC-053-1: بافتراض لا سعر صرف مسجل منذ 4 أيام عمل، عندما تعمل مهمة 09:00، فإن حاملي accounting.payments.update يتلقون finance.fx_stale. | AC-SEC-053-2: بافتراض شيك يستحق بعد يومين، عندما تعمل مهمة 08:00، فإن المسؤول يتلقى تنبيهًا مرة واحدة.,PARTIAL,PARTIAL,Unknown,,,apps/accounting/src/modules/jobs/fx-jobs.ts:27 (fx-rate-reminder) [B][C]؛ لا مهام للأوراق المالية أو الشحنات أو التراخيص (grep name:)؛ متابعو التذاكر بلا إشعار,,,,FX موصول؛ الأوراق والشحنات والتراخيص والمتابعون غير موصولة.,فوات مواعيد استحقاق أو أرضيات.,P3,كفاءة/غرامات محتملة.,REQ-SEC-052,,,INT-07,"job_runs؛ مفتاح idempotency لكل تنبيه (entity, transition).",DAR-07 | DAR-09 | DAR-10 | DAR-20,REQ-INV-059 | REQ-P2P-026 | REQ-R2R-045 | REQ-SEC-052 | REQ-TRC-011,,"docs/BUSINESS-FLOWS-COVERAGE-P0A-ASSESSMENT.md:671 (2026-09-07; B4a-0039) | docs/PROMPT-P1-P3-IMPLEMENTATION.md:95 (unknown; B5a-0170) | docs/PROMPT-P1-P3-IMPLEMENTATION.md:120 (unknown; B5a-0179) | docs/PROMPT-P1-P3-IMPLEMENTATION.md:155 (unknown; B5a-0188) | docs/PROMPT-P1-P3-IMPLEMENTATION.md:295 (unknown; B5a-0225) | docs/P0-IMPLEMENTATION-PLAN.md:375 (2026-09-08; B5a-0140) | docs/audit/production-program/PHASES-5-10-REPORT.md:18,66 (2026-09-16; B6a-0368)"
REQ-SEC-054,C8,تفضيلات الإشعارات لكل نوع وقناة وWeb Push,OPTIONAL_IMPROVEMENT,AI agent، QA,الإشعارات,كل المستخدمين,تحكم المستخدم في القنوات.,NotificationPreference (مستخدم، نوع، قناة، مفعّل)؛ Web Push للمهام العاجلة (تذكير الزيارات، تنبيهات الاعتماد).,,—,—,—,—,—,AC-SEC-054-1: بافتراض مستخدم أوقف نوعًا تسويقيًا، عندما يُرسل، فإنه لا يصله. | AC-SEC-054-2: بافتراض اعتماد معلق والمتصفح مغلق، عندما يُنشأ، فإن إشعار Push يصل.,NOT_IMPLEMENTED,NOT_IMPLEMENTED,Unknown,,PATCH /api/iam/notifications/preferences (marketingOptIn فقط) [B][C],,,,,تفضيل واحد فقط؛ لا Push.,—,P4,تحسين.,REQ-SEC-047,,,,"notification_preferences(user_id, type, channel, enabled).",,REQ-SEC-047,,docs/EMPTY-PAGES-DB-IMPACT-AR.md:236 (2026-09-15; B4b-0337) | QA-REPORTS/18-mobile-behavior-testing.md:31-35 (2026-09-21; B6c-0307)
REQ-SEC-055,C8,المساعد الذكي: قراءة وتفسير وتنقل بلا SQL ولا ترحيل في هذا المستوى,OWNER_DECISION,AI agent، unknown، unnamed owner,المساعد الذكي,كل المستخدمين,مساعد آمن يدل المستخدم داخل النظام.,المساعد يقرأ ويفسّر وينقل فقط في هذا المستوى؛ لا SQL ولا ترحيل ولا تنفيذ أوامر مالية؛ المخرج يُقبل فقط إن طابق معرّف مسار مسموح؛ copilot.read للوصول ومسارات الدليل مصفاة بصلاحيات المستخدم؛ لا يُفترض أن POST /orders أو التحويل مسودة؛ ممنوعات: طلب UUID، تغيير صلاحيات من المحادثة، service URL من الموديل، اعتماد أول تطابق، ادعاء نجاح عند timeout.,BR-SEC-57,سؤال,رد/مسار,intent → route allowlist → reply,فشل النموذج → خطأ ظاهر,—,AC-SEC-055-1: بافتراض سؤال «احذف الفاتورة X»، عندما يُرسل، فإن المساعد لا ينفذ ويقترح الشاشة المناسبة فقط. | AC-SEC-055-2: بافتراض مستخدم بلا accounting.invoices.read، عندما يسأل عن الفواتير، فإن الرد لا يقترح مسار الفواتير.,IMPLEMENTED,IMPLEMENTED,Unknown,apps/web/app/dashboard/copilot [B][C],POST /api/iam/workspace/copilot (copilot.read) workspace.controller.ts:80,apps/iam/src/modules/workspace/copilot.service.ts [B][C],,,,لا فجوة لمستوى القراءة؛ تجاوز المستوى عبر أدوات الكتابة يُعالج في REQ-SEC-056.,—,P3,مطبق.,,,,SEC-12,—,DAR-04,REQ-SEC-056 | REQ-SEC-060,,"docs/audit/2026-09-20-backlog-traceability-ar.md:22 (2026-09-20; B4b-0004) | docs/P1-AUDIT.md:251 (2026-09-24; B2-0156) | docs/architecture/ai-operations/COPILOT-ERP-COVERAGE-ar.md:44,68 (unknown; B5b-0060) | docs/audit/production-program/PHASES-5-10-REPORT.md:30-32 (2026-09-16; B6a-0355) | docs/audit/production-program/PHASES-5-10-REPORT.md:27 (2026-09-16; B6a-0353) | docs/architecture/ai-operations/COPILOT-ERP-COVERAGE-ar.md:279-289 (unknown; B5b-0070) | docs/audit/2026-09-20-phase0-discovery-audit-ar.md:241 (2026-09-20; B4b-0147) | docs/roadmap/2026-09-19-operations-expansion-ar.md:11 (2026-09-19; B1-0280)"
REQ-SEC-056,C8,المساعد الذكي: إجراءات بعد تأكيد صريح بأدوات مسودة→تأكيد→تنفيذ وفحص صلاحية لكل أداة,OWNER_DECISION,AI agent، unnamed owner,المساعد الذكي — الأدوات,كل المستخدمين,أي أثر على المال/المخزون بتأكيد صريح وصلاحية المستخدم.,"المساعد يقترح وينفذ فقط بعد تأكيد صريح مع فحص صلاحية لكل أداة على الخادم؛ handler يستقبل (input, actor) فقط بلا SQL؛ copilot.read يفتح الواجهة فقط؛ أي أداة تحرّك مالًا/مخزونًا تُسوَّد ثم تُنفذ برمز مربوط بالأداة والمستخدم والمدخل ومهلة 5 دقائق single-use؛ أدوات القراءة بلا تأكيد؛ المبلغ نص عشري؛ إسقاط المخرجات outputProjection؛ أداة بلا handler تقول «غير موصولة»؛ أداة تسجيل الدفعة تتطلب accounting.payments.create وaccounting.invoices.read معًا؛ الموديل لا يقرر المخاطرة؛ «نفذ» نصًا ليست تأكيدًا؛ تأكيد AI لا يعفي من SoD؛ مخزن مشترك للمسودات عند تعدد النسخ.",BR-SEC-58 | BR-SEC-59,"tool, input",draft token → result,draft → confirm(token) → execute,انتهاء الرمز/اختلاف المدخل → رفض؛ إعادة المحاولة ترجع النتيجة المسجلة,التأكيد ليس اعتمادًا ولا يعفي SoD,AC-SEC-056-1: بافتراض مسودة دفعة، عندما يُرسل execute بمبلغ مختلف، فإن الرد 409. | AC-SEC-056-2: بافتراض رمز تأكيد عمره 6 دقائق، عندما يُستخدم، فإن الرد 410/409. | AC-SEC-056-3: بافتراض مستخدم بلا accounting.payments.create، عندما يطلب أداة تسجيل الدفعة، فإن الرد 403. | AC-SEC-056-4: بافتراض إعادة تشغيل الخدمة بين draft وexecute، عندما يُنفذ، فإن السلوك محدد (رفض واضح أو استمرار من مخزن مشترك).,PARTIAL,PARTIAL,Unknown,,POST /api/iam/workspace/copilot/tools/draft|execute (copilot.read) workspace.controller.ts:108-123,apps/iam/src/modules/workspace/copilot-tools.service.ts:19 (DRAFT_TTL 5 د)، :113 (Map في الذاكرة)؛ copilot-tools.registry.ts (8 أدوات [B] / 10 [C]؛ finance.payment.record FINANCIAL requiresConfirmation)؛ copilot-tool-handlers.service.ts:38-43 (handlers موصولة بتوكن المستخدم) [B][C],,,"spec exists, not run: copilot-tools.service.spec.ts، copilot-tool-handlers.service.spec.ts",المسودات في الذاكرة (لا تصمد لإعادة التشغيل أو تعدد النسخ)؛ لا step-up لـHIGH؛ ادعاء «handlers غير موصولة» قديم (موصولة في BASELINE).,تسجيل تحصيل عبر المساعد بلا ضمانات الطبقة المصممة.,P2,أثر مالي محكوم بالتأكيد والصلاحية.,REQ-SEC-057 | REQ-SEC-059,DEC-SEC-15 | DEC-SEC-20,,SEC-12,"ai_confirmations(token_hash, tool, actor, input_hash, expires_at, used_at) في مخزن مشترك.",DAR-03 | DAR-04 | DAR-05 | DAR-15,REQ-SEC-025 | REQ-SEC-059,,"docs/audit/2026-09-20-backlog-traceability-ar.md:23 (2026-09-20; B4b-0005) | docs/audit/2026-09-20-backlog-traceability-ar.md:24 (2026-09-20; B4b-0006) | docs/audit/2026-09-20-phase4-collections-currency-copilot-report-ar.md:106 (2026-09-20; B4b-0276) | docs/audit/2026-09-20-phase4-collections-currency-copilot-report-ar.md:107 (2026-09-20; B4b-0277) | docs/audit/2026-09-20-phase4-collections-currency-copilot-report-ar.md:109 (2026-09-20; B4b-0279) | docs/audit/2026-09-20-phase4-collections-currency-copilot-report-ar.md:115 (2026-09-20; B4b-0280) | docs/architecture/ai-operations/MULTI_MODEL_ROUTER-ar.md:76-83 (unknown; B5b-0076) | docs/architecture/ai-operations/BLUEPRINT-ar.md:280-294 (2026-09-19; B5b-0042) | docs/audit/2026-09-20-phase4-collections-currency-copilot-report-ar.md:98 (2026-09-20; B4b-0273) | docs/audit/2026-09-20-phase4-collections-currency-copilot-report-ar.md:100 (2026-09-20; B4b-0274) | docs/audit/2026-09-20-phase4-collections-currency-copilot-report-ar.md:102 (2026-09-20; B4b-0275) | docs/audit/2026-09-20-phase4-collections-currency-copilot-report-ar.md:108 (2026-09-20; B4b-0278) | docs/audit/2026-09-20-phase4-collections-currency-copilot-report-ar.md:119 (2026-09-20; B4b-0281) | docs/audit/production-program/PHASE-0-ARCHITECTURE.md:103-104 (2026-09-16; B6a-0327) | docs/roadmap/2026-09-19-operations-expansion-ar.md:83 (2026-09-19; B1-0307) | docs/audit/2026-09-20-backlog-traceability-ar.md:234 (2026-09-20; B4b-0124) | docs/audit/2026-09-20-phase4-collections-currency-copilot-report-ar.md:150-155 (2026-09-20; B4b-0282) | docs/architecture/ai-operations/COPILOT-ERP-COVERAGE-ar.md:120-142 (unknown; B5b-0061) | docs/architecture/ai-operations/COPILOT-ERP-COVERAGE-ar.md:142,178-183 (unknown; B5b-0062) | docs/architecture/ai-operations/COPILOT-ERP-COVERAGE-ar.md:212-219 (unknown; B5b-0067)"
REQ-SEC-057,C8,موافقة المستخدم وحدود إرسال البيانات لمزوّد AI خارجي,DOCUMENTED_REQ,AI agent,المساعد الذكي — الخصوصية,المستخدم / المالك,لا تخرج بيانات ERP لمزود خارجي دون موافقة وحدود.,السؤال يُرسل للنموذج فقط عند تفعيل موافقة الإرسال (allowExternal) لكل طلب؛ الافتراضي دليل محلي؛ يُرسل نص السؤال فقط دون سجلات ERP أو رموز؛ لا أسرار أو بيانات مرضى/عملاء في النص؛ RAG على SOPs المعتمدة لا تدريب على بيانات العملاء؛ النموذج يقترح فقط والقيم المالية تحسبها خدمة المجال؛ مراجعة تعاقد/خصوصية المزوّد قبل التشغيل.,BR-SEC-60,allowExternal,—,—,—,—,AC-SEC-057-1: بافتراض طلب بلا حقل allowExternal، عندما يصل الخادم، فإنه لا يُرسل للمزوّد. | AC-SEC-057-2: بافتراض موافقة مفعّلة وأداة قرأت دفتر عميل، عندما يُبنى طلب المزوّد، فإنه لا يحوي نتائج الأداة إلا بقرار مالك صريح.,CONTRADICTED,CONTRADICTED,Unknown,apps/web/components/copilot/copilot-chat.tsx:45 [B] external=false / :47 [C] external=true,,apps/iam/src/modules/workspace/copilot.service.ts:134 [B] / :209 [C] (allowExternal !== false ⇒ مسموح عند الغياب)؛ نتائج الأدوات تُضاف لرسائل النموذج (copilot.service.ts) [B][C],,,,الخادم يعتبر غياب الموافقة موافقة؛ بيانات الأدوات (دفاتر/فواتير/مخزون) تُرسل للمزود؛ CURRENT يجعل الإرسال الخارجي افتراضيًا.,تسرب بيانات عملاء ومالية لطرف ثالث.,P1,خصوصية/امتثال وبيانات مالية.,REQ-SEC-058,DEC-SEC-22,هل توافق على إرسال بيانات العملاء والفواتير والمخزون لمزودي AI خارجيين؟,SEC-12,"سجل موافقة لكل طلب (actor, allowExternal, provider, at) بلا محتوى.",DAR-18,REQ-SEC-058 | REQ-SEC-061,,docs/roadmap/2026-09-19-operations-expansion-ar.md:93 (2026-09-19; B1-0308) | docs/audit/production-program/PHASES-5-10-REPORT.md:28-29 (2026-09-16; B6a-0354) | docs/AI-PROVIDER-SETTINGS-ar.md:89-94 (unknown; B5b-0024) | docs/audit/production-program/PHASES-5-10-REPORT.md:147 (2026-09-16; B6a-0386) | docs/roadmap/2026-09-19-operations-expansion-ar.md:81 (2026-09-19; B1-0306) | docs/architecture/ai-operations/BLUEPRINT-ar.md:107-139 (2026-09-19; B5b-0032)
REQ-SEC-058,C8,إعدادات مزوّد AI ومسارات التوجيه وحماية المفاتيح,DOCUMENTED_REQ,AI agent,المساعد الذكي — الإعداد,مسؤول الأمن (iam.security.manage),اختيار المزوّد والنموذج بأمان.,حامل iam.security.manage يختار المزوّد والنموذج ويدير المفتاح المشفّر؛ التوجيه حتمي (<60 حرفًا→fast؛ >280 أو تحليل/مالي→reasoning)؛ fallback محدد ولا fallback بعد tool call؛ المزوّد unavailable بعد 3 إخفاقات؛ الإعدادات لا تُستورد عامًا وتُصدّر مجموعة آمنة؛ تجربة نموذج محلي (Qwen3-8B) معزول بلا منفذ عام دون ادعاء كفايته.,BR-SEC-61,—,—,—,—,إدارة المفاتيح لمسؤول الأمن فقط,AC-SEC-058-1: بافتراض حامل copilot.read فقط، عندما يفتح إعدادات AI، فإن الرد 403. | AC-SEC-058-2: بافتراض مفتاح محفوظ، عندما يُقرأ من API، فإن القيمة لا تُعاد (مقنّعة).,IMPLEMENTED,IMPLEMENTED,Unknown,,GET/PUT /api/iam/workspace/ai-settings (iam.security.manage) [B][C],apps/iam/src/modules/ai-settings (secret-box.ts AES-256-GCM)؛ apps/iam/src/modules/workspace/ai/ai-router.service.ts [B][C],"iam: AiProviderSetting(keyCiphertext, version)",,"spec exists, not run: ai-settings.spec.ts، workspace.spec.ts",إلغاء المفتاح المسرب لدى المزوّد إجراء تشغيلي غير مثبت؛ النموذج المحلي لم يُشغّل.,—,P3,مطبق.,,,هل أُلغي أي مفتاح مزوّد نُشر سابقًا؟,SEC-12,"ai_provider_settings(provider, model, key_ciphertext, enabled, version, updated_by).",DAR-13,REQ-NFR-004 | REQ-OPS-028 | REQ-R2R-035 | REQ-SEC-057,,docs/architecture/ai-operations/MULTI_MODEL_ROUTER-ar.md:35-44 (unknown; B5b-0073) | docs/roadmap/2026-09-19-operations-expansion-ar.md:77-79 (2026-09-19; B1-0305) | docs/architecture/ai-operations/MULTI_MODEL_ROUTER-ar.md:46-52 (unknown; B5b-0074) | docs/BACKEND-DATA-IO-STANDARD.md:102 (unknown; B3-0263) | docs/audit/2026-09-20-backlog-traceability-ar.md:25 (2026-09-20; B4b-0007) | docs/AI-PROVIDER-SETTINGS-ar.md:3-12 (unknown; B5b-0019) | docs/AI-PROVIDER-SETTINGS-ar.md:14-17 (unknown; B5b-0020) | docs/AI-PROVIDER-SETTINGS-ar.md:105-116 (unknown; B5b-0026) | docs/architecture/ai-operations/MULTI_MODEL_ROUTER-ar.md:1-33 (unknown; B5b-0072) | docs/architecture/ai-operations/MULTI_MODEL_ROUTER-ar.md:85-96 (unknown; B5b-0077)
REQ-SEC-059,C8,طبقة AI Operations على مراحل (قراءة فقط أولًا) بعقود وحالات وصلاحيات ai.* واختبارات قبول,INFERRED_NEEDS_APPROVAL,AI agent,المساعد الذكي — طبقة العمليات,المالك / مسؤول الأمن,توسيع المساعد بأمان مرحليًا.,مراحل: 0 عقود (كل الأدوات معطلة)، A قراءة فقط، B مسودة Sales ثم Transfer بعد lifecycle حقيقي، C متابعة منخفضة الخطر، D كتابة محكومة (الدفع لاحقًا)، E متعدد الخطوات؛ سجل أدوات enabledByDefault:false؛ صلاحيات ai.* مقترحة بتقاطع صلاحية AI ∩ المجال ∩ نطاق الكيان ∩ السياسة ∩ release flag وبلا wildcard لـSUPER_ADMIN؛ حالات الطلب/الخطة؛ planHash من الخادم وتأكيد يقبل planVersion/planHash/challengeId/token فقط؛ جداول ai_* append-only؛ endpoints تحت /api/iam/ai بلا execute-tool عام؛ 26 اختبار قبول أمني تمنع الخروج من كل مرحلة.,BR-SEC-58 | BR-SEC-62,—,—,RECEIVED→…→PREVIEWED→AWAITING_CONFIRMATION→CONFIRMED→EXECUTING→SUCCEEDED/FAILED/UNKNOWN,timeout بعد الإرسال → UNKNOWN ثم reconciliation,تأكيد AI ليس توقيع معتمد,AC-SEC-059-1: بافتراض المرحلة A، عندما يُستعرض السجل، فإن كل أدوات الكتابة معطلة. | AC-SEC-059-2: بافتراض تأكيدين متوازيين لنفس الخطة، عندما يُنفذان، فإن أثرًا واحدًا يحدث. | AC-SEC-059-3: بافتراض اسم عميل يطابق فرعين، عندما يُطلب إجراء، فإن الحالة NEEDS_INPUT.,CONTRADICTED,CONTRADICTED,Unknown,,,docs/architecture/ai-operations/* تصميم فقط؛ copilot-tools.registry.ts يسجل finance.payment.record وأدوات WRITE مفعلة قبل المرحلة A/D [B][C]؛ لا أكواد ai.* في الكتالوج (grep),لا جداول ai_* (schema.proposed.sql غير مُرحّل),,"spec exists, not run: 11 اختبار schemas حسب الادعاء",الطبقة غير منفذة بينما الكود الحالي يسجل أداة دفع وأدوات كتابة قبل مراحلها؛ تعارض أعداد الأدوات.,تنفيذ مالي عبر AI قبل اكتمال الضوابط.,P2,خطر مالي محدود بالتأكيد.,REQ-SEC-056,DEC-SEC-20 | DEC-SEC-21,هل تُعطّل أداة «تسجيل تحصيل» وأدوات الكتابة الآن التزامًا بـ«قراءة فقط أولًا»؟,SEC-12,"ai_requests، ai_plans، ai_plan_steps، ai_confirmations، ai_actions، ai_execution_attempts، ai_audit_events (append-only)، ai_outbox؛ unique(owner, requestKey).",DAR-06 | DAR-07 | DAR-12 | DAR-14,REQ-SEC-056 | REQ-SEC-061,,"docs/architecture/ai-operations/BLUEPRINT-ar.md:7-16 (2026-09-19; B5b-0028) | docs/architecture/ai-operations/BLUEPRINT-ar.md:324-337 (2026-09-19; B5b-0045) | docs/architecture/ai-operations/BLUEPRINT-ar.md:339-366 (2026-09-19; B5b-0046) | docs/architecture/ai-operations/BLUEPRINT-ar.md:368-380 (2026-09-19; B5b-0047) | docs/architecture/ai-operations/BLUEPRINT-ar.md:179-200 (2026-09-19; B5b-0036) | docs/architecture/ai-operations/BLUEPRINT-ar.md:141-166 (2026-09-19; B5b-0033) | docs/architecture/ai-operations/BLUEPRINT-ar.md:202-224 (2026-09-19; B5b-0038) | docs/architecture/ai-operations/BLUEPRINT-ar.md:236-253 (2026-09-19; B5b-0040) | docs/architecture/ai-operations/BLUEPRINT-ar.md:255-278 (2026-09-19; B5b-0041) | docs/architecture/ai-operations/BLUEPRINT-ar.md:45-47 (2026-09-19; B5b-0030) | docs/architecture/ai-operations/BLUEPRINT-ar.md:97-105 (2026-09-19; B5b-0031) | docs/architecture/ai-operations/tool-registry.proposed.json:7-655 (unknown; B5b-0052) | docs/architecture/ai-operations/tool-registry.proposed.json:656-886 (unknown; B5b-0053) | docs/architecture/ai-operations/tool-registry.proposed.json:887-1007 (unknown; B5b-0054) | docs/architecture/ai-operations/BLUEPRINT-ar.md:168-177 (2026-09-19; B5b-0034) | docs/architecture/ai-operations/BLUEPRINT-ar.md:226-234 (2026-09-19; B5b-0039) | docs/architecture/ai-operations/BLUEPRINT-ar.md:296-314 (2026-09-19; B5b-0043) | docs/architecture/ai-operations/schemas/plan-proposal.schema.json:1-919 (unknown; B5b-0055) | docs/architecture/ai-operations/schemas/confirmation.schema.json:1-35 (unknown; B5b-0056) | docs/architecture/ai-operations/BLUEPRINT-ar.md:3-5 (2026-09-19; B5b-0027) | docs/architecture/ai-operations/BLUEPRINT-ar.md:18-33 (2026-09-19; B5b-0029) | docs/architecture/ai-operations/BLUEPRINT-ar.md:382-384 (2026-09-19; B5b-0050) | docs/architecture/ai-operations/tool-registry.proposed.json:1-5,1009-1011 (unknown; B5b-0051)"
REQ-SEC-060,C8,مساعد يعرف بنية النظام (خريطة دلالية للـERP وقواعد المحادثة),OWNER_DECISION,AI agent، unnamed owner,المساعد الذكي — الفهم,كل المستخدمين,المساعد يفهم الجملة القصيرة ويحتفظ بالسياق.,Chatbot يعرف بنية النظام: semantic map بمجالات وكيانات وسيناريوهات مصنفة KNOWLEDGE/READ/DRAFT/CONFIRM/BLOCKED؛ 15 قاعدة محادثة (حل الكيانات داخليًا، الالتباس حالة رسمية، القيم من الخدمة المالكة، UOM صريح، المسودة≠المرحّل، مقاومة prompt injection)؛ المسار Intent→Entity→Workflow→Context→Tools→Validation→Preview→Confirmation→Execution→Audit.,BR-SEC-57,—,—,—,التباس → NEEDS_INPUT,—,AC-SEC-060-1: بافتراض «رصيد صيدلية النور»، عندما يُسأل، فإن المساعد يحل العميل بالاسم دون طلب UUID أو يسأل عند الالتباس. | AC-SEC-060-2: بافتراض اسم عميل يحوي تعليمات، عندما يُقرأ، فإنه يُعامل كبيانات.,PARTIAL,PARTIAL,Unknown,,,[B] copilot.service.ts مصنّف intent؛ [C] copilot-scenarios.registry.ts، copilot-workflows.registry.ts، copilot-workflow.engine.ts,,,,scenario registry صغير؛ أغلب بنود التغطية غير منجزة.,مساعد محدود الفائدة.,P4,تحسين.,REQ-SEC-055,,,,—,DAR-12 | DAR-15,REQ-SEC-055,,"docs/audit/2026-09-20-backlog-traceability-ar.md:21 (2026-09-20; B4b-0003) | docs/architecture/ai-operations/COPILOT-ERP-COVERAGE-ar.md:6-16 (unknown; B5b-0058) | docs/architecture/ai-operations/COPILOT-ERP-COVERAGE-ar.md:18-118 (unknown; B5b-0059) | docs/architecture/ai-operations/COPILOT-ERP-COVERAGE-ar.md:221-237 (unknown; B5b-0068) | docs/architecture/ai-operations/COPILOT-ERP-COVERAGE-ar.md:291-297 (unknown; B5b-0071) | docs/architecture/ai-operations/COPILOT-ERP-COVERAGE-ar.md:239-277 (unknown; B5b-0069) | docs/architecture/ai-operations/COPILOT-ERP-COVERAGE-ar.md:144-159 (unknown; B5b-0063) | docs/architecture/ai-operations/COPILOT-ERP-COVERAGE-ar.md:185-197 (unknown; B5b-0066) | docs/architecture/ai-operations/COPILOT-ERP-COVERAGE-ar.md:161-168,199-210 (unknown; B5b-0064)"
REQ-SEC-061,C8,تدقيق أدوار AI وحوكمة بيانات المساعد والاحتفاظ,INFERRED_NEEDS_APPROVAL,AI agent,المساعد الذكي — التدقيق,المدقق,أثر قابل للمراجعة لاستخدام AI بلا محتوى حساس.,كل AI turn يُسجل (AI_TURN) بالمزوّد/النموذج/المسار/fallback/الزمن/عدد الأدوات/التأكيد بلا مفاتيح أو محتوى؛ أحداث تدقيق محددة بمعرفات وpolicyVersion وpayloadDigest؛ prompts خام باحتفاظ أقصر وإزالة بيانات شخصية؛ تصدير رقابي.,BR-SEC-63,—,audit,—,فشل التدقيق يوقف الكتابة,—,AC-SEC-061-1: بافتراض محادثة بأداة، عندما تكتمل، فإن صف AI_TURN يُكتب بلا نص الرسالة. | AC-SEC-061-2: بافتراض سياسة احتفاظ 90 يومًا، عندما تمر، فإن الـprompts الخام تُحذف ويبقى الملخص.,PARTIAL,PARTIAL,Unknown,,,apps/iam/src/modules/workspace/copilot.service.ts:352 [B] / :728 [C] (action AI_TURN في audit_logs)؛ لا أحداث AI في العقود ولا سياسة احتفاظ,,,,AI_TURN موجود؛ لا أحداث تدقيق AI مركزية ولا احتفاظ.,—,P3,حوكمة.,REQ-SEC-059,,ما مدة الاحتفاظ بسجلات AI؟,DB-11,ai_audit_events append-only.,DAR-07 | DAR-12 | DAR-18,REQ-NFR-033 | REQ-R2R-036 | REQ-SEC-014,,docs/architecture/ai-operations/BLUEPRINT-ar.md:316-322 (2026-09-19; B5b-0044) | docs/architecture/ai-operations/MULTI_MODEL_ROUTER-ar.md:63-74 (unknown; B5b-0075)
REQ-SEC-062,C8,اصطلاحات الواجهة العربية (RTL، ar-EG، ج.م، Africa/Cairo) ورسائل خطأ عربية قابلة للتنفيذ,OWNER_DECISION,AI agent، QA، unnamed owner,UX — عام,كل المستخدمين,واجهة عربية متسقة وأخطاء مفهومة.,نصوص ورسائل الواجهة بالعربية محددة السبب؛ lang=ar dir=rtl؛ أرقام ar-EG ولاحقة ج.م؛ تواريخ Africa/Cairo والحقول التقنية dir=ltr؛ فشل الخدمة لا يُعرض كرصيد صفر؛ طباعة A4 RTL؛ noindex للنظام الداخلي.,BR-SEC-64,—,—,—,—,—,AC-SEC-062-1: بافتراض خطأ «فترة مقفلة» من الخادم، عندما يُعرض، فإن الرسالة عربية تذكر السبب والإجراء. | AC-SEC-062-2: بافتراض مبلغ 1234.5، عندما يُعرض، فإنه «١٬٢٣٤٫٥٠ ج.م» بتنسيق ar-EG.,IMPLEMENTED,IMPLEMENTED,Unknown,apps/web/app/layout.tsx (lang/dir)؛ components/ui/status-badge.tsx؛ lib formatters [B][C],,,,,,لا فجوة جوهرية.,—,P3,مطبق.,,,,,—,DAR-17,REQ-NFR-027 | REQ-SEC-075,,"docs/audit/2026-09-20-backlog-traceability-ar.md:200 (2026-09-20; B4b-0110) | docs/PROMPT-P1-P3-IMPLEMENTATION.md:21,345 (unknown; B5a-0146) | QA-REPORTS/02-ui-ux-testing.md:10-17 (2026-09-21; B6c-0258) | docs/REPORTS-IMPLEMENTATION-STATUS.md:99-108 (unknown; B5a-0073) | QA-REPORTS/19-analytics-metadata-testing.md:23-32 (2026-09-21; B6c-0310) | docs/audit/07-frontend.md:46 (2026-09-01; B6a-0150)"
REQ-SEC-063,C8,دعم المقاسات (320–1536) واختبار انحدار الموبايل لكل الشاشات,OWNER_DECISION,unnamed owner,UX — الاستجابة,المناديب / كل المستخدمين,العمل من الهاتف للمناديب.,دعم 320/360/390/430/768/1024/1280/1536 لكل route؛ انحدار responsive وعند فشل API؛ النماذج عمود واحد تحت 640px؛ مدخلات 16px وأزرار ≥44px؛ focus trap للدرج؛ درج الموبايل يبقى مفتوحًا عند تغيير سياق الوحدة ويُغلق عند الانتقال لصفحة؛ مراجعة 1536/1920.,BR-SEC-65,—,—,—,—,—,AC-SEC-063-1: بافتراض أي route عند 320px مع API 503، عندما يُحمّل، فإن scrollWidth ≤ innerWidth+1. | AC-SEC-063-2: بافتراض زر على الموبايل، عندما يُقاس، فإن ارتفاعه ≥44px.,IMPLEMENTED,IMPLEMENTED,Unknown,apps/web/components/layout (drawer),,,,,"spec exists, not run: apps/web/e2e/phase-0-4.spec.ts:30,82 (8 مقاسات)، phase-5-10.spec.ts",احتواء العرض فقط لا قبول تدفقات كاملة؛ الاختبارات لم تُشغّل في هذا التدقيق.,—,P3,مطبق.,,,,,—,DAR-09,REQ-NFR-036 | REQ-SEC-064,,docs/audit/2026-09-20-backlog-traceability-ar.md:59 (2026-09-20; B4b-0024) | docs/audit/2026-09-20-backlog-traceability-ar.md:60 (2026-09-20; B4b-0025) | docs/audit/2026-09-20-backlog-traceability-ar.md:61 (2026-09-20; B4b-0026) | docs/audit/2026-09-20-backlog-traceability-ar.md:211 (2026-09-20; B4b-0116) | QA-REPORTS/03-responsive-testing.md:9-29 (2026-09-21; B6c-0261) | QA-REPORTS/03-responsive-testing.md:31-39 (2026-09-21; B6c-0262) | docs/roadmap/2026-09-19-customer-field-execution-ar.md:60 (2026-09-19; B1-0260) | docs/audit/07-frontend.md:59 (2026-09-01; B6a-0153) | docs/audit/00-executive-summary.md:118 (2026-09-01; B6a-0037) | docs/audit/07-frontend.md:57 (2026-09-01; B6a-0152) | docs/audit/production-program/RESPONSIVE-ROUTE-MATRIX.md:3-78 (2026-09-16; B6a-0395) | docs/audit/production-program/PHASES-0-4-REPORT.md:29-36 (2026-09-16; B6a-0340)
REQ-SEC-064,C8,تطبيق PWA قابل للتثبيت بأيقونات maskable وصفحة offline,OWNER_DECISION,unnamed owner,UX — PWA,المناديب,تثبيت على أجهزة المناديب.,أيقونات 192/512/maskable؛ beforeinstallprompt؛ زر تثبيت في الإعدادات مع تعليمات iOS/Android؛ SW cache-first للأصول المجزأة فقط و/offline.html عربي؛ HTML/API شبكة فقط (لا عمليات مالية دون اتصال).,BR-SEC-66,—,—,—,—,—,AC-SEC-064-1: بافتراض متصفح Android، عندما يفتح settings/app، فإن زر التثبيت يعمل. | AC-SEC-064-2: بافتراض انقطاع الشبكة، عندما يُفتح النظام، فإن صفحة offline العربية تظهر ولا تُعرض بيانات مخزنة.,IMPLEMENTED,IMPLEMENTED,Unknown,apps/web/public/manifest.webmanifest:7-9؛ components/pwa-provider.tsx:19؛ public/sw.js، offline.html؛ app/dashboard/settings/app [B][C],,,,,,لقطات manifest نائبة؛ مراحل offline (مسودات محلية/outbox) على خارطة الطريق.,—,P4,مطبق.,,,,,—,DAR-12 | DAR-15,REQ-CRM-034 | REQ-NFR-035 | REQ-SEC-063,,docs/audit/2026-09-20-backlog-traceability-ar.md:55 (2026-09-20; B4b-0020) | docs/audit/2026-09-20-backlog-traceability-ar.md:56 (2026-09-20; B4b-0021) | docs/audit/2026-09-20-backlog-traceability-ar.md:57 (2026-09-20; B4b-0022) | QA-REPORTS/14-pwa-testing.md:22-31 (2026-09-21; B6c-0296) | QA-REPORTS/13-images-assets-fonts-testing.md:27-33 (2026-09-21; B6c-0294)
REQ-SEC-065,C8,حفظ المسودات على الخادم (زر Save) لنماذج الأمر والفاتورة والتذكرة,OWNER_DECISION,AI agent، unnamed owner,UX — المسودات,كل المستخدمين,لا ضياع لإدخال طويل.,زر حفظ بجانب إكمال/إلغاء؛ WorkspaceDraft بـworkspace.drafts.manage وصلاحية النموذج (direct-invoice بـaccounting.invoices.create)؛ ownerId من الهوية؛ ≤64KB؛ مسودة واحدة لكل نوع/مستخدم؛ تعارض النسخة 409؛ الخادم يرفض أي مفتاح زائد؛ الحفظ لا ينشئ ولا يعتمد ولا يحجز ولا يرحّل.,BR-SEC-67,"namespace, payload",draft,save → restore → submit,مفتاح غير مسموح → 400,—,AC-SEC-065-1: بافتراض مسودة أمر بيع بحقل غير معرّف، عندما تُحفظ، فإن الرد 400 «Unexpected draft field». | AC-SEC-065-2: بافتراض إرسال المستند بنجاح، عندما يكتمل، فإن المسودة تُحذف أو تُعلَّم مستخدمة.,PARTIAL,PARTIAL,Unknown,apps/web/components/draft-controls.tsx مركّب في orders/new، invoices/new، support [B][C],PUT /api/iam/workspace/drafts/:namespace/:key (workspace.drafts.manage) workspace.controller.ts:63,,iam: WorkspaceDraft,,"spec exists, not run: draft-namespaces.spec.ts",المسودة لا تُحذف بعد إرسال المستند (خطر إعادة إرساله).,مستند مكرر.,P3,كفاءة.,,,,,"workspace_drafts(owner_id, namespace, key, version, payload ≤64KB) unique(owner_id, namespace).",DAR-06 | DAR-09 | DAR-15,REQ-SEC-066,,docs/audit/2026-09-20-backlog-traceability-ar.md:79 (2026-09-20; B4b-0034) | docs/audit/2026-09-20-phase1-direct-invoice-report-ar.md:194-201 (2026-09-20; B4b-0240) | docs/audit/2026-09-20-phase1-direct-invoice-report-ar.md:205-212 (2026-09-20; B4b-0241) | docs/audit/production-program/PHASES-5-10-REPORT.md:72-76 (2026-09-16; B6a-0369) | docs/audit/production-program/PHASES-5-10-REPORT.md:77-78 (2026-09-16; B6a-0370) | docs/audit/2026-09-20-backlog-traceability-ar.md:80 (2026-09-20; B4b-0035) | docs/audit/2026-09-20-phase0-discovery-audit-ar.md:249 (2026-09-20; B4b-0148) | docs/audit/2026-09-20-phase1-direct-invoice-report-ar.md:183-190 (2026-09-20; B4b-0239)
REQ-SEC-066,C8,اختصارات «الإعداد المطلوب» ونمط «الخطوة التالية»,OWNER_DECISION,unnamed owner,UX — التهيئة,كل المستخدمين,توجيه المستخدم لإكمال البيانات الناقصة.,اختصارات Required Setup (مخازن، تشغيلات، موردين، حسابات، منتجات...) عند نقص البيانات تفتح في تبويب جديد دون فقد النموذج ولا تضع بيانات في الرابط؛ نمط «الخطوة التالية» قابل لإعادة الاستخدام؛ الاستجابات القديمة لا تستبدل الاختيار الأحدث.,BR-SEC-68,—,—,—,خطأ التحميل يظهر صراحة,—,AC-SEC-066-1: بافتراض لا مخازن، عندما يفتح المستخدم نموذج الاستلام، فإن اختصار «أضف مخزنًا» يظهر ويفتح تبويبًا جديدًا. | AC-SEC-066-2: بافتراض الرابط المفتوح، عندما يُفحص، فإنه لا يحوي بيانات النموذج.,IMPLEMENTED,IMPLEMENTED,Unknown,apps/web/components/ui/required-setup.tsx [B][C],,,,,,financial-accounts لم يُضف؛ support-categories أُسقط بقرار AI بلا موافقة مالك.,—,P4,تحسين.,,,هل تُضاف أهداف الحسابات المالية وتصنيفات الدعم؟,,—,DAR-07,REQ-SEC-065,,docs/audit/2026-09-20-backlog-traceability-ar.md:87 (2026-09-20; B4b-0037) | docs/audit/2026-09-20-backlog-traceability-ar.md:89 (2026-09-20; B4b-0039) | docs/audit/2026-09-20-backlog-traceability-ar.md:91 (2026-09-20; B4b-0041) | docs/audit/2026-09-20-backlog-traceability-ar.md:201 (2026-09-20; B4b-0111) | docs/audit/production-program/PHASES-0-4-REPORT.md:42-46 (2026-09-16; B6a-0342)
REQ-SEC-067,C8,اختصارات لوحة التحكم محكومة بالصلاحيات,OWNER_DECISION,AI agent، unnamed owner,UX — الرئيسية,كل المستخدمين,وصول سريع للمهام اليومية.,اختصارات (فاتورة، الفواتير، تحصيل، مرتجع، استلام، أرصدة، موردون، مساعد) كل منها بصلاحيته في الواجهة والخادم هو الحد الحقيقي؛ التسمية لا تدعي عمليات غير مدعومة.,BR-SEC-25,—,—,—,—,—,AC-SEC-067-1: بافتراض مستخدم بلا accounting.payments.create، عندما يفتح الرئيسية، فإن اختصار «تحصيل فاتورة» لا يظهر.,IMPLEMENTED,IMPLEMENTED,Unknown,apps/web/app/dashboard/page.tsx:66 (QuickActions بأربعة إجراءات وصلاحياتها) [B]؛ components/dashboard-shortcuts.tsx,,,,,,الاختصارات الأربعة الأصلية (أمر بيع…) أصبحت فاتورة/فواتير/تحصيل/مرتجعات وفق مفهوم الفاتورة.,—,P4,مطبق.,,,,,—,DAR-05 | DAR-13,REQ-SEC-077,,docs/audit/2026-09-20-backlog-traceability-ar.md:14 (2026-09-20; B4b-0001) | docs/roadmap/2026-09-19-operations-expansion-ar.md:8 (2026-09-19; B1-0277) | docs/audit/production-program/PHASES-0-4-REPORT.md:40-41 (2026-09-16; B6a-0341)
REQ-SEC-068,C8,عرض القائمة والتفاصيل معًا دون إخفاء القائمة,OWNER_DECISION,unnamed owner,UX — التنقل,كل المستخدمين,سياق مستمر أثناء التصفح.,عرض القائمة والتفاصيل معًا دون حذف القائمة.,,—,—,—,—,—,AC-SEC-068-1: بافتراض شاشة ذات قائمة، عندما يُفتح سجل، فإن القائمة تبقى ظاهرة على الشاشات العريضة.,NOT_VERIFIED,NOT_VERIFIED,Unknown,لم يُفحص سلوك العرض في المتصفح (ادعاء ✅ في مصفوفة التتبع فقط),,,,,,غير متحقق.,—,P4,تجربة.,,,,,—,DAR-18,,,docs/audit/2026-09-20-backlog-traceability-ar.md:104 (2026-09-20; B4b-0049)
REQ-SEC-069,C8,لا صفحات أو بيانات وهمية: حالات صادقة للفشل والاقتطاع والحفظ,DOCUMENTED_REQ,AI agent,UX — الصدق,كل المستخدمين,المستخدم لا يُخدع بشاشة أو رقم.,الصفحة الفارغة لا يظهر رابطها في القائمة (purchase-requests، stock-counts، settings/company)؛ فشل التحميل يعرض الخطأ الحقيقي لا صفًا وهميًا؛ عند بلوغ 200 صف يظهر توضيح؛ فشل الحفظ يظهر خطأ لا «تم»؛ روابط مدركة للصلاحية وأقسام بحالات جزئية/خطأ صريحة؛ لا روابط داخلية مكسورة (فحص CI).,BR-SEC-69,—,—,—,—,—,AC-SEC-069-1: بافتراض PlaceholderPage، عندما تُفحص القائمة الجانبية، فإنها لا تحوي رابطها (nav-routes.spec). | AC-SEC-069-2: بافتراض خدمة المخزون متوقفة، عندما تُعرض قيمة المخزون، فإن الودجة تعرض خطأ لا صفرًا. | AC-SEC-069-3: بافتراض 250 سجلًا ومجمّع يقرأ 200، عندما يُعرض الإجمالي، فإنه يُعلَّم «جزئي».,PARTIAL,PARTIAL,Unknown,apps/web/app/dashboard/stock-counts|purchase-requests|settings/company/page.tsx (PlaceholderPage، خارج القائمة) [B][C]؛ lib/nav-routes.ts,,,,,"spec exists, not run: nav-routes.spec",تجميعات BFF مقصوصة بصمت عند 200 (قيمة المخزون، التعرض الائتماني، عدادات المهام).,أرقام إدارية أقل من الحقيقة.,P2,قرارات على أرقام ناقصة.,,,,WEB-01,—,DAR-10,REQ-SEC-071 | REQ-SEC-072,,docs/GAP-ANALYSIS-AR.md:89-99 (unknown; B4a-0139) | docs/GAP-ANALYSIS-AR.md:46-51 (unknown; B4a-0133) | docs/EMPTY-PAGES-DB-IMPACT-AR.md:33-36 (2026-09-15; B4b-0324) | docs/audit/production-program/PHASE-0-ARCHITECTURE.md:94-96 (2026-09-16; B6a-0324) | docs/audit/load-test-remediation-2026-09-09.md:39-40 (2026-09-09; B6a-0414) | docs/SERVER-STEPS-2026-09-25-ar.md:63 (2026-09-25; B6c-0119) | docs/QA-DECISIONS-AR.md:22-24 (2026-09-21; B1-0185) | docs/EMPTY-PAGES-DB-IMPACT-AR.md:301-310 (2026-09-15; B4b-0344) | QA-REPORTS/10-navigation-routing-testing.md:24-27 (2026-09-21; B6c-0285) | QA-REPORTS/16-broken-links-testing.md:9-23 (2026-09-21; B6c-0303) | docs/EMPTY-PAGES-DB-IMPACT-AR.md:16-20 (2026-09-15; B4b-0322) | docs/EMPTY-PAGES-DB-IMPACT-AR.md:22-30 (2026-09-15; B4b-0323) | docs/REPORTS-IMPLEMENTATION-STATUS.md:121 (unknown; B5a-0075) | docs/audit/22-production-remediation-master-plan.md:128-136 (2026-09-13; B6b-0090) | docs/audit/2026-09-20-ab-data-pdf-review-ar.md:47-61 (2026-09-20; B3-0119) | docs/audit/load-test-remediation-2026-09-09.md:151 (2026-09-09; B6a-0426) | docs/audit/20-p0-p1-evidence-validation.md:199-202 (unknown; B6a-0282) | docs/roadmap/2026-09-19-operations-expansion-ar.md:73 (2026-09-19; B1-0304)
REQ-SEC-070,C8,التحقق ثنائي الطبقة في النماذج (الخادم هو السلطة) ومفتاح idempotency للنموذج,DOCUMENTED_REQ,AI agent، QA,UX — النماذج,كل المستخدمين,تحقق متسق ورسائل دقيقة ومنع الإرسال المزدوج.,الخادم هو السلطة (class-validator، رفض الحقول الزائدة)؛ العميل يعكس القواعد برسائل عربية دون pattern= ودون noValidate؛ المدخلات المالية inputMode decimal؛ maxLength يعكس الخادم؛ أزرار الإرسال معطلة أثناء الحفظ والنموذج لا يُمسح عند الفشل؛ مفتاح idempotency يُولّد مرة عند فتح النموذج.,BR-SEC-70,—,—,—,—,—,AC-SEC-070-1: بافتراض نقرتين سريعتين على «حفظ الفاتورة»، عندما تُرسلان، فإن فاتورة واحدة تُنشأ (نفس مفتاح idempotency). | AC-SEC-070-2: بافتراض فشل الحفظ، عندما يعود الخطأ، فإن الحقول تبقى بقيمها.,IMPLEMENTED,IMPLEMENTED,Unknown,apps/web/components/ui/money-input.tsx، numeric-input.tsx، form-field.tsx,,"ValidationPipe(whitelist, forbidNonWhitelisted) في كل الخدمات [B][C]",,,,انجراف محتمل بين قواعد العميل والخادم بلا مصدر مشترك.,منخفض.,P3,مطبق.,,,,SEC-16,—,DAR-07 | DAR-09 | DAR-10,REQ-SEC-007,,docs/QA-DECISIONS-AR.md:10-12 (2026-09-21; B1-0182) | QA-REPORTS/09-forms-validation-testing.md:18-28 (2026-09-21; B6c-0281) | docs/audit/2026-09-20-phase1-direct-invoice-report-ar.md:99 (2026-09-20; B4b-0233) | docs/audit/07-frontend.md:38 (2026-09-01; B6a-0148) | QA-REPORTS/09-forms-validation-testing.md:34-39 (2026-09-21; B6c-0283)
REQ-SEC-071,C8,معالجة الأخطاء: حدود الأخطاء، مهلات الطلب، إعادة المحاولة، معرّف الترابط، تتبع أخطاء المتصفح,DOCUMENTED_REQ,QA، auditor,UX — الأخطاء,كل المستخدمين / الدعم,لا تجمّد ولا شاشة بيضاء.,حدود error/global-error/not-found مع إعادة المحاولة؛ كل fetch بمهلة (AbortController) وإعادة مع backoff؛ عرض x-correlation-id في حالة الخطأ وإعادة إرساله؛ ترجمة 401/403/404/409/422/429/5xx وأخطاء الأعمال؛ global-error لا يعرض error.message؛ rollback للواجهة المتفائلة؛ BFF يتحمل فشل مصدر واحد؛ تتبع أخطاء المتصفح.,BR-SEC-69,—,—,—,—,—,AC-SEC-071-1: بافتراض خدمة لا ترد، عندما تنتظر الواجهة 10 ثوانٍ، فإن خطأ مهلة يظهر مع زر إعادة. | AC-SEC-071-2: بافتراض خطأ 500، عندما يُعرض، فإن معرّف الترابط ظاهر للنسخ.,PARTIAL,PARTIAL,Unknown,apps/web/app/error.tsx، global-error.tsx، not-found.tsx؛ app/dashboard/loading.tsx [B][C],,apps/web/lib/bff.ts (مهلة 8 ث للـBFF) [B][C],,,,لا مهلة موحدة لكل fetch من المتصفح؛ Sentry للمتصفح غالبًا غير فعال؛ عرض معرّف الترابط غير متحقق.,تجمّد الشاشة عند تعليق الخادم.,P3,كفاءة/دعم.,,,,WEB-04,—,DAR-04 | DAR-07 | DAR-11,REQ-NFR-022 | REQ-NFR-023 | REQ-NFR-026 | REQ-SEC-069,,docs/audit/07-frontend.md:15-16 (2026-09-01; B6a-0145) | docs/audit/12-failure-recovery.md:34 (2026-09-01; B6a-0210) | docs/audit/11-observability.md:37 (2026-09-01; B6a-0192) | QA-REPORTS/12-error-handling-testing.md:9-24 (2026-09-21; B6c-0291) | docs/audit/09-performance.md:32 (2026-09-01; B6a-0180) | docs/audit/00-executive-summary.md:66 (2026-09-01; B6a-0023) | docs/audit/22-production-remediation-master-plan.md:117 (2026-09-13; B6b-0089) | docs/audit/07-frontend.md:8 (2026-09-01; B6a-0142)
REQ-SEC-072,C8,ترقيم القوائم والبحث العام وأدوات الجداول المشتركة,DOCUMENTED_REQ,AI agent، QA، auditor,UX — القوائم,كل المستخدمين,الوصول لكل السجلات لا آخر 200.,ترقيم 10/25/50/100 مع عداد أو «تحميل الأقدم» لكل القوائم الكبيرة (الأوامر، الحسابات، المخزون، الفواتير، سجل التدقيق، التعرض الائتماني، الحوافز، المقترحات)؛ عرض الصفر صريحًا؛ تصدير المحدد؛ مسح الفلاتر؛ بحث عام بحد أدنى حرفين ومهلة ودمج 4 مصادر على كل السجلات.,BR-SEC-69,—,—,—,—,—,AC-SEC-072-1: بافتراض 500 أمر، عندما يضغط المستخدم «تحميل الأقدم» حتى النهاية، فإن الأوامر الـ500 كلها تظهر. | AC-SEC-072-2: بافتراض بحث بحرف واحد، عندما يُكتب، فإنه لا يُرسل طلب.,PARTIAL,PARTIAL,Unknown,apps/web/components/ui/load-more.tsx مستخدم في orders، invoices، stock-movements [B][C]؛ components/command-palette.tsx,,,,,,بقية القوائم (المخزون، الحسابات، التعرض الائتماني، الحوافز، المقترحات) بحد 200 أو بلا ترقيم.,سجلات غير مرئية.,P3,كفاءة.,,,,WEB-01,"فهارس cursor (created_at, id) على الجداول الكبيرة.",DAR-10 | DAR-12,REQ-INV-064 | REQ-NFR-028 | REQ-SEC-069,,docs/audit/07-frontend.md:21-34 (2026-09-01; B6a-0147) | docs/GAP-ANALYSIS-AR.md:184-192 (unknown; B4a-0156) | QA-REPORTS/01-functional-testing.md:70 (2026-09-21; B6c-0255) | docs/roadmap/2026-09-19-customer-field-execution-ar.md:87 (2026-09-19; B1-0269) | docs/SERVER-STEPS-2026-09-25-ar.md:57-58 (2026-09-25; B6c-0115)
REQ-SEC-073,C8,الإتاحة WCAG AA (التباين، لوحة المفاتيح، قارئ الشاشة),DOCUMENTED_REQ,QA,UX — الإتاحة,كل المستخدمين,واجهة قابلة للاستخدام للجميع.,تباين ≥4.5 للنص العادي و≥3 للكبير مع قاعدة axe في CI؛ skip-link، focus-visible، focus trap، Escape يغلق الحوارات، تنقل لوحة المفاتيح في الجداول، Ctrl+K، aria عربية، prefers-reduced-motion، alt لكل صورة، scope=col.,BR-SEC-71,—,—,—,—,—,AC-SEC-073-1: بافتراض لون نص جديد بتباين 3.8 على خلفية عادية، عندما يُشغّل e2e a11y، فإن الاختبار يفشل.,PARTIAL,PARTIAL,Unknown,,,,,,"spec exists, not run: apps/web/e2e/a11y.spec.ts [B][C]",لا تدقيق شامل؛ تقرير QA متناقض (CONDITIONAL مقابل PASS).,—,P4,تحسين.,,,,,—,DAR-13,REQ-SEC-075,,QA-REPORTS/05-accessibility-testing.md:9-39 (2026-09-21; B6c-0266) | QA-REPORTS/05-accessibility-testing.md:41-56 (2026-09-21; B6c-0267) | docs/audit/07-frontend.md:42 (2026-09-01; B6a-0149)
REQ-SEC-074,C8,دعم المتصفحات وأجهزة المناديب,DOCUMENTED_REQ,AI agent، QA,UX — التوافق,المناديب,العمل على WebView القديم لأجهزة المناديب.,Chrome/Edge 111+، Safari/iOS 16.2+، Firefox 113+ عبر browserslist؛ استبدال color-mix برموز محسوبة؛ تشغيل e2e على chromium/firefox/webkit وعينات يدوية على جهاز مندوب Android وSafari iOS وEdge WebView2 قبل الإصدار.,BR-SEC-72,—,—,—,—,—,AC-SEC-074-1: بافتراض جهاز مندوب Android بـWebView 111، عندما يفتح «يومي»، فإن الألوان والأزرار تظهر صحيحة.,PARTIAL,PARTIAL,Unknown,apps/web/package.json browserslist (حسب الادعاء),,,,,e2e متعدد المتصفحات لم يُشغّل (CDN محجوب حسب التقرير),مصفوفة المتصفحات لم تُشغّل.,أعطال عرض لدى المناديب.,P3,كفاءة ميدانية.,REQ-SEC-063,,,,—,DAR-15,REQ-SEC-063,,README.md:70-77 (unknown; B6c-0192) | QA-REPORTS/04-cross-browser-testing.md:25-33 (2026-09-21; B6c-0264) | QA-REPORTS/04-cross-browser-testing.md:44-47 (2026-09-21; B6c-0265) | QA-REPORTS/04-cross-browser-testing.md:1-2 (2026-09-21; B6c-0263)
REQ-SEC-075,C8,نظام تصميم موحد وقواعد بناء الواجهة (Definition of Done),DOCUMENTED_REQ,AI agent، auditor,UX — نظام التصميم,المطوّر,شاشات متسقة بلا تكرار.,مصفوفة تغطية التدفقات مرجع وحيد؛ إن كان الـAPI في lib/api.ts فالمهمة واجهة فقط؛ WorkspaceLayout + PageHeader + KPIs + FilterBar + DataTable(Skeleton/EmptyState) + RowActions (حد زرين، danger مع ConfirmDialog، stopPropagation) + StatusBadge؛ ممنوع fetch مباشر/table يدوي/alert/confirm/مكتبة npm جديدة؛ قوائم منبثقة مشتركة بـPortal ولوحة مفاتيح؛ خطوط وأصول محلية؛ وضع داكن حقيقي؛ توحيد الفلاتر والمودال.,BR-SEC-73,—,—,—,—,—,AC-SEC-075-1: بافتراض صفحة جديدة تستخدم <table> يدويًا، عندما يُشغّل lint، فإنه يفشل. | AC-SEC-075-2: بافتراض إجراء حذف في صف، عندما يُضغط، فإن ConfirmDialog يظهر ولا يُفتح الصف.,PARTIAL,PARTIAL,Unknown,apps/web/components/ui/* (data-table، row-actions، modal، confirm-dialog، filter-bar، theme-toggle) [B][C]؛ components/theme-provider.tsx (dark class),,,,,,تطبيق جزئي (ليس كل combobox)؛ قاعدة lint لـrole=dialog غير متحقق منها؛ تعارض: خط IBM Plex محلي أم من Google.,—,P4,جودة.,,,,,—,DAR-03 | DAR-13,REQ-SEC-062,,docs/BUSINESS-FLOWS-COVERAGE.md:3-9 (2026-09-08; B4a-0062) | docs/BUSINESS-FLOWS-COVERAGE.md:154 (2026-09-08; B4a-0063) | docs/audit/23-day1-operations-ux-consistency.md:200-213 (2026-09-08; B5b-0137) | docs/audit/23-day1-operations-ux-consistency.md:249-258 (2026-09-08; B5b-0139) | docs/audit/07-frontend.md:50 (2026-09-01; B6a-0151) | docs/GAP-ANALYSIS-AR.md:131-138 (unknown; B4a-0152) | docs/UI-DAY1-OPERATIONS-AUDIT.md:192-202 (2026-09-08; B5b-0095) | docs/UI-DAY1-OPERATIONS-AUDIT.md:206-243 (2026-09-08; B5b-0096) | docs/roadmap/2026-09-19-operations-expansion-ar.md:9 (2026-09-19; B1-0278) | QA-REPORTS/13-images-assets-fonts-testing.md:19-24 (2026-09-21; B6c-0293) | docs/audit/23-day1-operations-ux-consistency.md:170-178 (2026-09-08; B5b-0138) | QA-REPORTS/02-ui-ux-testing.md:21-38 (2026-09-21; B6c-0259)
REQ-SEC-076,C8,تشغيل اليوم الأول من الواجهة وتغطية الواجهة لكل مسارات الخلفية,INFERRED_NEEDS_APPROVAL,AI agent، auditor,UX — الجاهزية,المستخدمون التشغيليون,أمين المخزن والكتالوج والمحاسب يعملون دون لمس القاعدة.,الكيانات السبعة (منتج، مخزن، تشغيلة، مورد، عميل، مستخدم+دور، الهيكل) قابلة للإنشاء والتعديل والتعطيل من الواجهة؛ صفحات العرض تصبح صفحات عمل (فلاتر وعكس الحركات، إنشاء مرتجع، تحصيل/كشف حساب، حالات الشيك، تعديل حد الائتمان والسعر، تجاوز ائتماني، نقل بين أحواض الحجر)؛ كل معالج خلفي له دالة عميل وزر؛ شاشة تحصيل بتوزيع على فواتير وشاشة حسابات مالية.,,—,—,—,—,—,AC-SEC-076-1: بافتراض مدير مخازن جديد، عندما يعمل يومه الأول، فإنه ينشئ مخزنًا ويصحح اسمه وينشئ تشغيلة ويستلمها في الحجر ويعطّل مخزنًا فارغًا من الواجهة. | AC-SEC-076-2: بافتراض قائمة مسارات الخلفية، عندما تُقارن بـlib/api.ts، فإن كل مسار مُركّب له دالة عميل.,PARTIAL,PARTIAL,Unknown,apps/web/lib/api.ts؛ pkg/api-inventory.csv (web_callers),,,,,,ادعاءات «100% مغطى» (2026-09-15) تناقض قوائم أقدم وتقرير التحقق الثقيل نفسه؛ CURRENT يضيف صفحات تستدعي وحدات غير مُركّبة.,عمليات يومية عبر القاعدة.,P2,يعيق التشغيل اليومي جزئيًا.,,DEC-SEC-23,,ARC-05 | WEB-02,—,DAR-05 | DAR-09,REQ-SEC-023,,"docs/UI-DAY1-OPERATIONS-AUDIT.md:3-6 (2026-09-08; B5b-0078) | docs/UI-DAY1-OPERATIONS-AUDIT.md:21 (2026-09-08; B5b-0080) | docs/UI-DAY1-OPERATIONS-AUDIT.md:145-166 (2026-09-08; B5b-0088) | docs/UI-DAY1-OPERATIONS-AUDIT.md:168-181 (2026-09-08; B5b-0093) | docs/audit/22-production-remediation-master-plan.md:169-184 (2026-09-13; B6b-0101) | docs/audit/22-production-remediation-master-plan.md:186-203 (2026-09-13; B6b-0102) | docs/audit/2026-09-20-phase0-discovery-audit-ar.md:463-473 (2026-09-20; B4b-0185) | docs/UI-DAY1-OPERATIONS-AUDIT.md:12-19 (2026-09-08; B5b-0079) | docs/FRONTEND-COVERAGE-AUDIT-AR.md:10-25 (2026-09-15; B5b-0098) | docs/FRONTEND-COVERAGE-AUDIT-AR.md:48-51,122-150 (2026-09-15; B5b-0101) | docs/audit/2026-09-20-phase1-direct-invoice-report-ar.md:162-163 (2026-09-20; B4b-0235)"
REQ-SEC-077,C8,واجهة واعية بالصلاحيات: زر معطل بسبب واضح بدل الإخفاء، وأزرار الأوامر بصلاحياتها,INFERRED_NEEDS_APPROVAL,auditor,UX — الصلاحيات,كل المستخدمين,المستخدم يعرف لماذا لا يستطيع ومن يسأل.,الزر الأساسي يظهر دائمًا معطلًا مع tooltip «تحتاج صلاحية X — اطلبها من مدير النظام» عند غياب الصلاحية؛ الإخفاء التام للإجراءات الثانوية/الخطرة؛ أزرار الأوامر (اعتماد/شحن/تسليم) تُمرر بصلاحياتها المطابقة لـorders.controller.,BR-SEC-25,permissions,—,—,—,—,AC-SEC-077-1: بافتراض مستخدم بلا sales.orders.approve، عندما يفتح أمرًا معلقًا، فإن زر الاعتماد معطل بنص الصلاحية. | AC-SEC-077-2: بافتراض مستخدم بلا sales.orders.ship، عندما يفتح قائمة الأوامر، فإن زر الشحن لا يعمل.,PARTIAL,PARTIAL,Unknown,apps/web/app/dashboard/orders/page.tsx (أزرار اعتماد/شحن/تسليم بلا permission) [B][C]؛ components/ui/permission-guard.tsx، row-actions.tsx,,,,,,أزرار الأوامر بلا تمرير صلاحية؛ نمط «معطل مع رسالة» في صفحات قليلة.,أخطاء 403 مربكة.,P3,تجربة؛ الخادم يحمي.,REQ-SEC-001,,,,—,DAR-08 | DAR-18,REQ-SEC-019 | REQ-SEC-067,,docs/UI-DAY1-OPERATIONS-AUDIT.md:56-63 (2026-09-08; B5b-0087) | docs/audit/23-day1-operations-ux-consistency.md:291 (2026-09-08; B5b-0142)
REQ-NFR-001,C9,الخادم هو حد الأمان: مصادقة وتفويض في الخلفية لكل طلب، والويب بلا بيانات اعتماد قاعدة ولا منطق أعمال,INFERRED_NEEDS_APPROVAL,"AI agent, QA",PLATFORM_NFR (cross-cutting),مالك المنصة / مسؤول التشغيل (يُحدَّد),منع الاعتماد على حماية الواجهة؛ أي وصول للبيانات يمر بفحص JWT والصلاحية في الخدمة المالكة.,يجب أن تُفرض المصادقة (JwtAuthGuard) والتفويض (@Permissions/PermissionsGuard) في كل خدمة خلفية لكل مسار بيانات؛ واجهة Next.js لا تحمل بيانات اعتماد قاعدة البيانات ولا قواعد عمل، وأي middleware في الويب للرؤوس/اللغة فقط لا للأمان.,BR-NFR-01,,,المتصفح ← الويب (rewrite/BFF) ← الخدمة: JwtAuthGuard ← PermissionsGuard ← المعالج.,توكن غائب/منتهي ← 401؛ صلاحية ناقصة ← 403؛ hasValidSession() في الويب تجربة مستخدم فقط.,لا ينطبق (متطلب غير وظيفي),AC-NFR-001-1: بافتراض طلب إلى أي مسار /api/<svc>/* بلا Authorization، عندما يُرسل مباشرة للخدمة، فإن الاستجابة 401 دون أي بيانات. | AC-NFR-001-2: بافتراض فحص CI لكل controller، عندما يوجد controller بلا PermissionsGuard فعلي (لا مجرد decorator)، فإن البناء يفشل. | AC-NFR-001-3: بافتراض صورة الويب المنشورة، عندما تُفحص متغيرات البيئة، فلا يوجد أي *_DATABASE_URL أو سر قاعدة بيانات.,PARTIAL,PARTIAL,Unknown,لا middleware.ts في apps/web [B][C]؛ lib/current-user.ts فحص UX فقط,JwtAuthGuard عالمي في apps/*/src/app.module.ts [B][C]؛ PermissionsGuard لكل controller وليس APP_GUARD,[C] apps/accounting/src/modules/gl-workbench/gl-workbench.controller.ts:6-25 بلا PermissionsGuard (وحدات غير مسجلة حاليًا),,,validate-controller-permissions (spec موجود، لم يُشغَّل) يفحص نص decorator فقط,لا يوجد حارس صلاحيات عالمي؛ في CURRENT أربعة controllers محاسبية بلا PermissionsGuard (كامنة)، وفحص CI نصي فقط.,أي تسجيل لهذه الوحدات دون حارس يسمح لأي مستخدم مصادَق بترحيل قيود ودفع موردين (تجاوز فصل المهام).,P1,ثغرة تفويض كامنة على مسارات مالية (GL/AP) في CURRENT.,,,,SEC-04 | SEC-16 | ARC-05,كتالوج صلاحيات واحد (domain.module.action) مرجعي لكل مسار؛ لا جداول أمان في قاعدة الويب.,DAR-03,REQ-NFR-002 | REQ-NFR-003 | REQ-SEC-001,,docs/QA-DECISIONS-AR.md:5-8 (2026-09-21; B1-0181) | README.md:91 (unknown; B6c-0193)
REQ-NFR-002,C9,تقوية محيط HTTP: CORS بقائمة سماح، رؤوس أمان/CSP/HSTS، تحديد معدل بعنوان العميل الحقيقي، وفشل الإقلاع عند نقص الإعداد,INFERRED_NEEDS_APPROVAL,"AI agent, QA, auditor",PLATFORM_NFR (cross-cutting),مالك المنصة / مسؤول التشغيل (يُحدَّد),تقليل سطح الهجوم على الخدمات التسع وواجهة الويب.,كل خدمة تقرأ CORS_ORIGINS صريحة (بلا wildcard) ويرفض compose الإقلاع بدونها؛ helmet في كل خدمة ورؤوس CSP/HSTS/nosniff/frame-deny في الويب؛ throttling عام 60/د وتسجيل الدخول 5/د مبنيان على IP العميل الحقيقي (trust proxy خلف NPM/web)؛ المتغيرات الإلزامية تُفشل الإقلاع برسالة مسماة.,BR-NFR-02 | BR-NFR-03,,,,أصل غير مسموح ← رفض CORS؛ تجاوز المعدل ← 429.,لا ينطبق (متطلب غير وظيفي),"AC-NFR-002-1: بافتراض CORS_ORIGINS غير مضبوط، عندما يُشغَّل docker compose للإنتاج، فإن الإقلاع يفشل برسالة تسمي المتغير. | AC-NFR-002-2: بافتراض مستخدمين اثنين من عنواني IP مختلفين خلف البروكسي، عندما يتجاوز الأول حد تسجيل الدخول، فإن الثاني لا يُحجب (الحد لكل عميل حقيقي). | AC-NFR-002-3: بافتراض أي استجابة من /dashboard أو /api، عندما تُفحص الرؤوس، فإنها تتضمن HSTS وX-Frame-Options DENY وCache-Control private,no-store.",PARTIAL,PARTIAL,Unknown,apps/web/next.config.js:11 script-src 'unsafe-inline'، :33 HSTS [C],ThrottlerModule 60/60s apps/sales/src/app.module.ts:32، apps/iam/src/app.module.ts:31 [B][C],apps/sales/src/main.ts:28-30 helmet(CSP off)+enableCors(env.corsOrigins) [B][C]؛ لا app.set('trust proxy') في أي apps/*/src/main.ts [B][C],,docker-compose.production.yml CORS_ORIGINS ${..:?} base:73 / cur:76,,لا trust proxy → كل المستخدمين يشتركون في حد المعدل وIP التدقيق هو البروكسي؛ CSP يسمح unsafe-inline مع توكنات في localStorage.,قفل جماعي عند هجوم تخمين، وضعف إسناد IP في سجل التدقيق، وتعرض التوكنات لأي XSS.,P2,ضعف رقابي (إسناد IP وحماية التخمين) مع وجود ضوابط أساسية.,,,,SEC-06 | SEC-07 | SEC-16,سجل التدقيق يخزن IP العميل الحقيقي (X-Forwarded-For موثوق من البروكسي فقط).,DAR-12,REQ-NFR-019 | REQ-NFR-031 | REQ-SEC-010,,PRODUCTION_HARDENING.md:9-26 (unknown; B6c-0199) | QA-REPORTS/07-security-testing.md:7-20 (2026-09-21; B6c-0272) | docs/PRODUCTION-HOSTINGER.md:282-319 (unknown; B6c-0010) | PRODUCTION_HARDENING.md:28-35 (unknown; B6c-0200) | QA-REPORTS/07-security-testing.md:23-24 (2026-09-21; B6c-0273) | docs/PRODUCTION-READINESS-P0.md:26-29 (2026-09-23; B6c-0052) | docs/audit/08-security.md:77 (2026-09-01; B6a-0168)
REQ-NFR-003,C9,سلامة المدخلات وعقد أخطاء نظيف: DTO لكل مدخل، وتعارض القيود الفريدة 409 لا 500,DOCUMENTED_REQ,auditor,PLATFORM_NFR (cross-cutting),مالك المنصة / مسؤول التشغيل (يُحدَّد),منع وصول قيم غير صالحة للقاعدة وإعطاء المستخدم أخطاء مفهومة قابلة للمعالجة.,كل body وquery (بما فيها status/repId/limit/days والحقول المفردة @Body('x')) يُتحقق منه بـDTO (class-validator) مع اختبار رفض؛ كل PATCH له صلاحية في seed وحدث *Updated إن كان للكيان نموذج قراءة في خدمة أخرى؛ مخالفة قيد فريد (P2002) تُعاد 409 برسالة واضحة؛ لا تسريب stack/SQL.,BR-NFR-04,,,,مدخل مرفوض ← 400 بتفاصيل الحقل؛ تكرار ← 409.,لا ينطبق (متطلب غير وظيفي),AC-NFR-003-1: بافتراض طلب GET بمعامل days=-999999، عندما يصل للخدمة، فإن الاستجابة 400 ولا يُنفذ أي استعلام. | AC-NFR-003-2: بافتراض إنشاء سجل بقيمة فريدة مكررة (مثل sku)، عندما يُرسل الطلب، فإن الاستجابة 409 وليست 500. | AC-NFR-003-3: بافتراض أي خطأ غير متوقع، عندما يعود للمتصفح، فإنه لا يحتوي stack trace أو نص SQL.,PARTIAL,PARTIAL,Unknown,,,"ValidationPipe(whitelist,forbidNonWhitelisted) apps/sales/src/main.ts:29 [B][C]؛ apps/sales/src/common/filters/http-exception.filter.ts:9-14 يحول غير-HttpException إلى 500 عام [C] (لا تعيين عام لـP2002؛ معالجة محلية في بعض الخدمات مثل accounting/matching)",,,http-exception.filter.spec.ts (spec موجود، لم يُشغَّل),لا تعيين عام لأخطاء Prisma الفريدة إلى 409؛ بقايا @Body('field') ومعاملات query بلا DTO حسب تدقيق 08/06.,المستخدم يرى خطأ 500 عامًا عند التكرار فيعيد المحاولة؛ قيم شاذة تصل للاستعلامات.,P2,ضعف رقابي على المدخلات مع وجود ValidationPipe عام.,,,,SEC-16,قيود فريدة في القاعدة هي المرجع النهائي لمنع التكرار، وتُترجم لخطأ 409 بالخدمة.,DAR-03 | DAR-04 | DAR-06 | DAR-07,REQ-NFR-012 | REQ-NFR-013,,docs/UI-DAY1-OPERATIONS-AUDIT.md:166 (2026-09-08; B5b-0092) | docs/audit/06-api.md:29 (2026-09-01; B6a-0138) | docs/audit/08-security.md:92 (2026-09-01; B6a-0173) | docs/audit/00-executive-summary.md:73 (2026-09-01; B6a-0025) | docs/audit/04-database.md:50 (2026-09-01; B6a-0106)
REQ-NFR-004,C9,إدارة الأسرار: في متغيرات البيئة/مخزن مشفر فقط، لا في git أو الصور أو القاعدة نصًا صريحًا، وتُعرض كأسماء ناقصة لا قيم,INFERRED_NEEDS_APPROVAL,"AI agent, auditor, unknown",PLATFORM_NFR (cross-cutting),مالك المنصة / مسؤول التشغيل (يُحدَّد),منع تسرب بيانات الاعتماد (قاعدة، JWT، توقيع، مزودي AI/الإشعارات/ETA).,الأسرار تُقرأ من متغيرات البيئة على الخادم فقط (.env غير مُتتبع، .dockerignore يستبعد .env*)؛ لا تُعاد من أي API (يُعاد hasKey/أسماء المتغيرات الناقصة فقط)؛ ما يلزم تخزينه في القاعدة (مفتاح AI، بيانات اعتماد ETA) يُشفَّر AES-256-GCM بمفتاح منفصل؛ مفاتيح/شهادات التوقيع خارج المصدر؛ الأرشيفات الكبيرة وملفات .env.backup لا يمكن إضافتها لـgit.,BR-NFR-05,,,,سر ناقص ← فشل إقلاع أو قناة معطلة مع اسم المتغير الناقص.,لا ينطبق (متطلب غير وظيفي),AC-NFR-004-1: بافتراض المستودع، عندما يُفحص بأداة كشف أسرار في CI، فلا يوجد أي سر حي وتُرفض إضافة *.rar و.env.backup* بقاعدة gitignore. | AC-NFR-004-2: بافتراض حفظ مفتاح مزود AI، عندما يُقرأ عبر API، فإن الاستجابة تحتوي hasKey فقط ولا يظهر المفتاح في audit_logs أو Sentry. | AC-NFR-004-3: بافتراض صورة Docker منشورة، عندما تُفحص طبقاتها، فلا تحتوي أي ملف .env.,PARTIAL,PARTIAL,Unknown,,GET /notifications/channels يعيد أسماء المتغيرات الناقصة (حسب الوثيقة؛ لم يُراجع سطرًا بسطر),"apps/iam/src/modules/ai-settings/secret-box.ts:20,37 aes-256-gcm [C]؛ .gitignore:6-12 يتجاهل .env* [B][C] لكن لا قاعدة لـ*.rar ولا لـ.env.backup.*",لا تكامل ETA مبني [B][C] → جزء بيانات اعتماد ETA غير منطبق حاليًا,,,لا قاعدة ignore للأرشيف 535MB وملف .env.backup.* على الخادم؛ مجلد Data/ بملفات أعمال حقيقية متتبع في git؛ ممارسة التدوير غير معروفة.,تسرب بيانات اعتماد حية أو بيانات أعمال حساسة عبر git.,P1,تسرب أسرار/بيانات حساسة يمس سلامة البيانات والامتثال.,,DEC-NFR-12,من يملك تدوير الأسرار وما دوريته؟ هل دُوِّرت بيانات الاعتماد المشتركة السابقة؟,SEC-03 | SEC-08 | SEC-09,جداول الإعدادات السرية تخزن ciphertext + iv + إصدار + updated_by فقط؛ لا عمود نص صريح.,DAR-11 | DAR-12 | DAR-15,REQ-NFR-005 | REQ-NFR-007 | REQ-OPS-028 | REQ-R2R-035 | REQ-SEC-058,,docs/EMPTY-PAGES-DB-IMPACT-AR.md:237 (2026-09-15; B4b-0339) | docs/NOTIFICATIONS-PROVIDERS-AR.md:114-116 (2026-09-14; B5b-0012) | docs/PRODUCTION-HOSTINGER.md:380-392 (unknown; B6c-0012) | docs/TODO-IMPORTANT.md:15 (unknown; B1-0215) | docs/AI-PROVIDER-SETTINGS-ar.md:19-30 (unknown; B5b-0021) | docs/BUSINESS-FLOWS-COVERAGE-P0A-ASSESSMENT.md:1042 (2026-09-07; B4a-0054) | docs/audit/01-system-inventory.md:20 (2026-09-01; B6a-0048) | docs/audit/02-architecture.md:44 (2026-09-01; B6a-0065) | docs/audit/08-security.md:83 (2026-09-01; B6a-0170)
REQ-NFR-005,C9,أقل امتياز لقواعد البيانات: دور مستقل لكل خدمة على قاعدتها فقط، وفصل بيئة التطوير عن الإنتاج,INFERRED_NEEDS_APPROVAL,"AI agent, auditor",PLATFORM_NFR (cross-cutting),مالك المنصة / مسؤول التشغيل (يُحدَّد),حصر أثر اختراق أو خطأ خدمة واحدة في قاعدتها.,كل خدمة تتصل بدور قاعدة بيانات خاص بها مصرح له على قاعدتها فقط ومرفوض على قواعد الخدمات الأخرى؛ بيانات الاعتماد المشتركة السابقة تُعامل كمكشوفة وتُدوَّر؛ لا يُستخدم رابط قاعدة الإنتاج للتطوير.,BR-NFR-06,,,,,لا ينطبق (متطلب غير وظيفي),AC-NFR-005-1: بافتراض دور خدمة sales، عندما يحاول الاتصال بقاعدة nile_accounting، فإن الاتصال يُرفض. | AC-NFR-005-2: بافتراض بيئة تطوير، عندما تُفحص متغيراتها، فلا يشير أي DATABASE_URL إلى مضيف الإنتاج.,NOT_VERIFIED (صلاحيات الأدوار إعداد تشغيلي خارج المستودع),NOT_VERIFIED (صلاحيات الأدوار إعداد تشغيلي خارج المستودع),Unknown,,,docker-compose.production.yml:190-191 متغيرات *_DATABASE_URL منفصلة لكل خدمة [B][C] (تسمح بأدوار منفصلة ولا تفرضها)؛ تعريف PostgreSQL الإنتاجي خارج git,,,,لا دليل على أدوار منفصلة؛ تعريف قاعدة الإنتاج (nile-postgres) خارج المستودع.,خدمة مخترقة أو خطأ ترحيل قد يقرأ/يعدل بيانات مالية لخدمات أخرى.,P1,سلامة البيانات المالية عبر الخدمات.,,DEC-NFR-12 | DEC-NFR-13,هل أدوار PostgreSQL في الإنتاج منفصلة لكل خدمة؟ (طلب دليل: \du واستعلام has_database_privilege، أسماء فقط),ARC-03 | OPS-13,دور لكل خدمة مالك لقاعدتها؛ لا GRANT عابر؛ دور قراءة فقط منفصل للتقارير/الدعم إن لزم.,DAR-13 | DAR-16,REQ-NFR-004 | REQ-NFR-008,,docs/audit/08-security.md:67 (2026-09-01; B6a-0165) | docs/audit/00-executive-summary.md:17 (2026-09-01; B6a-0004) | docs/audit/20-p0-p1-evidence-validation.md:63-64 (unknown; B6a-0265) | docs/audit/21-p0-p1-remediation.md:350-356 (2026-09-07; B6b-0019)
REQ-NFR-006,C9,سلامة وأمن ناقل الأحداث: أظرف موقعة HMAC تُرفض بدونها، وبروكر غير مكشوف مع مصادقة/ACL,INFERRED_NEEDS_APPROVAL,"AI agent, auditor",PLATFORM_NFR (cross-cutting),مالك المنصة / مسؤول التشغيل (يُحدَّد),منع تزوير أو استهلاك أحداث مالية/مخزنية من طرف غير مصرح.,كل ظرف حدث يوقع HMAC بـEVENT_SIGNATURE_PEPPER وترفض الخدمات الإقلاع في الإنتاج دونه؛ المستهلك يرفض المزيف؛ الرفض يُسجل أثرًا دائمًا (لا إسقاط صامت)؛ البروكر بلا منافذ منشورة ويُفعَّل SASL/TLS وACL للمواضيع.,BR-NFR-07,,,,توقيع غير صالح ← رفض + عداد + سجل دائم قابل للمراجعة.,لا ينطبق (متطلب غير وظيفي),AC-NFR-006-1: بافتراض خدمة إنتاج بلا EVENT_SIGNATURE_PEPPER، عندما تُقلع، فإنها ترفض الإقلاع. | AC-NFR-006-2: بافتراض حدث بتوقيع خاطئ، عندما يصل لمستهلك، فإنه لا يُعالج ويظهر في جدول/طابور دائم مع topic وgroup وevent_id. | AC-NFR-006-3: بافتراض عميل Kafka بلا بيانات اعتماد، عندما يحاول النشر على finance.payment.received، فإنه يُرفض.,PARTIAL,PARTIAL,Unknown,,/health/details يعرض signatureRejections (في الذاكرة، غير مصادَق),packages/events/src/events.module.ts:13-16 يرفض الإقلاع بلا pepper [B][C]؛ packages/events/src/consumer.ts رفض التوقيع: سجل+عداد ثم إسقاط بلا DLQ,,Redpanda PLAINTEXT داخلي بلا SASL/ACL (compose redpanda block) [B][C],,لا SASL/TLS ولا ACL؛ الأحداث المرفوضة تُسقط بلا أثر دائم.,خدمة بـpepper مختلف تفقد كل أحداثها بصمت؛ أي حاوية على الشبكة يمكنها نشر أحداث.,P2,ضعف رقابي على قناة الأحداث مع وجود التوقيع.,,,,INT-03 | INT-04,"جدول/طابور رفض توقيعات دائم (event_id, topic, group, reason, received_at).",DAR-03 | DAR-07 | DAR-12,REQ-NFR-016 | REQ-NFR-018,,docs/audit/08-security.md:80 (2026-09-01; B6a-0169) | docs/runbooks/alerts-and-metrics.md:52 (unknown; B6c-0158)
REQ-NFR-007,C9,تقليل وحجب البيانات الحساسة في السجلات والتدقيق والأحداث وأدوات الطرف الثالث (Sentry),INFERRED_NEEDS_APPROVAL,"AI agent, auditor",PLATFORM_NFR (cross-cutting),مالك المنصة / مسؤول التشغيل (يُحدَّد),حماية الخصوصية (رواتب، IBAN، أرقام قومية، كلمات مرور، توكنات) من التسرب للسجلات أو مزودين خارجيين.,"لا تُسجل كلمات المرور والتوكنات ورؤوس Authorization وبيانات اعتماد القاعدة وأجسام طلبات الإعدادات السرية في أي سجل أو تدقيق؛ مفاتيح محجوبة (password, passwordHash, refreshTokenHash, accessToken, refreshToken, apiKey, keyCiphertext...) تُزال قبل حفظ التدقيق؛ Sentry في الخلفية والويب له beforeSend يحجب PII (رواتب، IBAN، رقم قومي)؛ أظرف الأحداث تحمل بيانات العمل فقط.",BR-NFR-08,,,,,لا ينطبق (متطلب غير وظيفي),AC-NFR-007-1: بافتراض طلب تغيير كلمة مرور، عندما يُكتب أثر التدقيق، فإن after لا يحتوي password أو passwordHash. | AC-NFR-007-2: بافتراض استثناء في خدمة organization يحمل راتبًا أو رقمًا قوميًا، عندما يُرسل لـSentry، فإن القيم محجوبة. | AC-NFR-007-3: بافتراض فشل نشر حدث، عندما يُسجل الخطأ، فلا تظهر قيم حساسة غير لازمة للتشخيص.,PARTIAL,PARTIAL,Unknown,,,"apps/sales/src/common/interceptors/audit.interceptor.ts:11,106 REDACTED_KEYS [B][C] (مستوى أعلى فقط)؛ apps/sales/src/common/observability/sentry.ts:14-22 بلا beforeSend [B][C]؛ apps/web/sentry.client.config.ts:16 وsentry.server.config.ts:14 beforeSend [C]",,publisher يسجل الظرف كاملًا عند الفقد (packages/events/src/publisher.ts:323-342),,Sentry الخلفي بلا قائمة حجب؛ الحجب في التدقيق للمفاتيح العليا فقط؛ الناشر يسجل حمولة كاملة عند الفشل.,بيانات رواتب/هوية قد تصل لخادم طرف ثالث أو لسجلات الحاويات.,P2,خصوصية بيانات شخصية؛ أثر امتثالي.,,,,SEC-13 | WEB-04,قائمة حقول حساسة مركزية (حزمة مشتركة) تُستخدم في التدقيق والسجلات وSentry.,DAR-05 | DAR-07 | DAR-12 | DAR-18,REQ-NFR-004 | REQ-NFR-019 | REQ-NFR-023 | REQ-SEC-014,,docs/PRODUCTION-READINESS-P0.md:71 (2026-09-23; B6c-0055) | docs/audit/11-observability.md:47 (2026-09-01; B6a-0197) | docs/AI-PROVIDER-SETTINGS-ar.md:96-103 (unknown; B5b-0025)
REQ-NFR-008,C9,حدود السياقات: قاعدة لكل خدمة، لا قراءة أو FK عابرة، التكامل بالأحداث فقط، ومالك البيانات الرئيسية يتحقق من المعرفات المنطقية,DOCUMENTED_REQ,"AI agent, unknown",PLATFORM_NFR (cross-cutting),مالك المنصة / مسؤول التشغيل (يُحدَّد),استقلال الخدمات وتدهورها المستقل مع بقاء بيانات متسقة نهائيًا.,كل خدمة تملك قاعدتها (9 قواعد)؛ لا JOIN أو قراءة مباشرة لقاعدة أخرى؛ التكامل عبر Kafka ونماذج قراءة محلية؛ المراجع العابرة معرفات منطقية بلا FK ويجب أن يتحقق مالك البيانات الرئيسية من وجودها (أو عبر نموذج قراءة) عند الكتابة؛ نماذج القراءة لا تصبح مصدر حقيقة مالية منافسًا؛ أي نداء متزامن بين خدمات (Sales→CRM، CRM→Products) استثناء موثق بقرار fail-open/closed.,BR-NFR-09 | BR-NFR-10,,,,معرف منطقي غير موجود ← رفض الكتابة (400/422) لا قيمة افتراضية مثل unknown.,لا ينطبق (متطلب غير وظيفي),AC-NFR-008-1: بافتراض استلام مخزون بمعرف منتج غير موجود في Products، عندما يُرسل الطلب، فإنه يُرفض. | AC-NFR-008-2: بافتراض فحص الكود، عندما يُبحث عن اتصال خدمة بقاعدة خدمة أخرى، فلا توجد أي حالة. | AC-NFR-008-3: بافتراض حذف/أرشفة عميل في CRM، عندما تُنشأ فاتورة جديدة له، فإنها تُرفض أو تُعلَّم حسب القرار.,PARTIAL,PARTIAL,Unknown,,,apps/sales/src/modules/saga/saga.orchestrator.ts يضع unknown/0 عند غياب الحقول (DB-04)؛ الاستلام لا يتحقق من productId/batchId (INV-08),9 schema.prisma مستقلة apps/*/prisma [B][C]؛ لا FK عابر (DB-04),packages/contracts/asyncapi.yaml مصدر العقود,,التحقق من المعرفات المنطقية غير مطبق في الاستلام وبعض الـsaga؛ نداءات HTTP متزامنة موجودة بلا قرار fail-open/closed موقع.,سجلات يتيمة (فاتورة لعميل محذوف، دفعة لمنتج غير موجود) تفسد التقارير والمطابقة.,P2,سلامة بيانات مرجعية مع وجود العزل المعماري.,,DEC-NFR-13,,DB-04 | INV-08 | ARC-06,كل *Id عابر يحمل نوعه ومالكه؛ نموذج قراءة محلي بتاريخ تحديث؛ لا FK فعلي عبر القواعد.,DAR-01 | DAR-07,REQ-NFR-009 | REQ-NFR-014,,"Data/AB DATA/Nile ERP Architecture Description.pdf:p.7-8 (2026-09-13; B3-0361) | docs/P1-BUSINESS-DECISION-PACK.md:91,304 (2026-09-24; B2-0016) | docs/PROMPT-P1-P3-IMPLEMENTATION.md:12-13 (unknown; B5a-0142) | apps/organization/README.md:57-63 (unknown; B6c-0233) | docs/audit/production-program/PHASE-0-ARCHITECTURE.md:33-35 (2026-09-16; B6a-0301) | docs/audit/2026-09-20-ab-data-pdf-review-ar.md:15-18 (2026-09-20; B3-0109) | Data/AB DATA/Nile ERP Architecture Description.pdf:p.7 (2026-09-13; B3-0360) | docs/audit/2026-09-20-phase0-discovery-audit-ar.md:171-175 (2026-09-20; B4b-0138) | docs/audit/2026-09-20-phase0-discovery-audit-ar.md:59 (2026-09-20; B4b-0128)"
REQ-NFR-009,C9,مصدر حقيقة واحد لكل بيان وتطبيق واحد لكل قاعدة عمل (لا منطق مكرر),OWNER_DECISION,owner (unnamed),PLATFORM_NFR (cross-cutting),مالك المنصة / مسؤول التشغيل (يُحدَّد),منع تضارب الأرقام بين الشاشات والخدمات.,لكل بيان (رصيد، سعر، حالة، تقريب) مالك ومصدر واحد؛ قواعد العمل تُنفذ في مكان واحد (مثل common/money.ts للتقريب)؛ الوحدات مترابطة كنظام واحد لا ميزات منفصلة.,BR-NFR-11,,,,,لا ينطبق (متطلب غير وظيفي),AC-NFR-009-1: بافتراض قاعدة تقريب مالي، عندما يُبحث في الكود، فلا يوجد إلا تطبيق واحد مستخدم في كل الحسابات المالية للخدمة. | AC-NFR-009-2: بافتراض شاشتين تعرضان رصيد عميل، عندما تُفتحان في نفس اللحظة، فإن القيمتين متطابقتان ومصدرهما واحد.,PARTIAL,PARTIAL,Unknown,,,apps/accounting/src/common/money.ts:23 round2 [B][C]؛ [C] وحدتا SupplierPaymentsModule متنافستان (ACC-10)؛ مخزنا تدقيق (audit_logs محلي + audit_events مركزي) SEC-13,,,,ازدواجية قائمة: تنفيذان لسداد الموردين في CURRENT، مخزنا تدقيق، تسعير في واجهة وخادم في BASELINE (SAL-04)؛ معنى «مصدر الحقيقة» (#39) لم يُحسم.,أرقام متعارضة بين الشاشات وصعوبة المطابقة.,P2,قاعدة حوكمة معمارية قررها المالك؛ الإخلال يولد تضاربًا لا خسارة مباشرة.,,DEC-NFR-15,ما المقصود بالبند #39 «مصدر الحقيقة»: لكل بيان أم لحالة المشروع؟,ACC-10 | SEC-13 | GOV-04,سجل ملكية بيانات (data ownership map): لكل كيان خدمة مالكة واحدة والبقية نماذج قراءة.,DAR-03 | DAR-06 | DAR-10,REQ-NFR-008 | REQ-NFR-039 | REQ-R2R-017,,docs/audit/2026-09-20-backlog-traceability-ar.md:197 (2026-09-20; B4b-0107) | docs/audit/2026-09-20-phase3-financial-accounts-report-ar.md:59 (2026-09-20; B4b-0255) | docs/audit/2026-09-20-backlog-traceability-ar.md:193 (2026-09-20; B4b-0103)
REQ-NFR-010,C9,نظام أحادي المستأجر: لا tenantId والفروع/الأقسام هيكل داخلي,OWNER_DECISION,owner (unnamed),PLATFORM_NFR (cross-cutting),مالك المنصة / مسؤول التشغيل (يُحدَّد),تبسيط النموذج لشركة واحدة.,يبقى النظام single-tenant؛ لا عمود tenantId؛ الفروع والأقسام والأقاليم كيانات تنظيمية داخلية؛ يُعاد النظر عند انضمام كيان قانوني ثانٍ.,BR-NFR-12,,,,,لا ينطبق (متطلب غير وظيفي),AC-NFR-010-1: بافتراض schemas الخدمات، عندما تُفحص، فلا يوجد عمود tenantId وتعمل كل البيانات لشركة واحدة. | AC-NFR-010-2: بافتراض فرعين، عندما يُنشأ أمر في كل منهما، فإن الفصل بينهما بمعرف الفرع لا بمستأجر.,IMPLEMENTED,IMPLEMENTED,Unknown,,,,لا tenantId/tenant_id في أي apps/*/prisma/schema.prisma [C] (grep فارغ),,,لا فجوة.,—,P4,قرار قائم ومطبق.,,,,,معرفات organization/branch في الكيانات حيث يلزم، لا tenant.,DAR-04,REQ-NFR-008,,docs/ERP-DATA-GAP-ANALYSIS.md:49 (2026-09-01; B3-0092) | docs/audit/22-production-remediation-master-plan.md:324 (2026-09-13; B6b-0116)
REQ-NFR-011,C9,سلامة المعاملات والتزامن: معاملة Serializable مع إعادة محاولة، انتقالات حالة مشروطة، وحركات مخزون موقعة,OWNER_DECISION,owner (unnamed),PLATFORM_NFR (cross-cutting),مالك المنصة / مسؤول التشغيل (يُحدَّد),منع البيع فوق المتاح، والدفع المزدوج، وإحياء طلبات ملغاة.,كل تعديل لأرصدة مالية/مخزنية/ائتمانية يتم في معاملة واحدة (Serializable مع إعادة محاولة محدودة عند P2034 ثم 409)؛ كل انتقال حالة تحديث مشروط (updateMany where status=X) يفشل إن تغيرت الحالة؛ أرصدة المخزون عبر applySignedDelta فقط؛ التصحيح بالعكس لا بالحذف.,BR-NFR-13 | BR-NFR-14 | BR-NFR-15,,,,تعارض تسلسلي ← إعادة 3 مرات ثم 409؛ حالة غير متوقعة ← رفض بلا أثر.,لا ينطبق (متطلب غير وظيفي),AC-NFR-011-1: بافتراض أمرين متزامنين على نفس الدفعة بكمية أكبر من المتاح مجتمعين، عندما يُنفذان 100 مرة، فإن المخصص لا يتجاوز المتاح أبدًا. | AC-NFR-011-2: بافتراض فاتورة ملغاة، عندما يصل حدث دفع لاحقًا، فإن حالة الأمر لا تتغير إلى PAID. | AC-NFR-011-3: بافتراض فشل بعد جزء من التعديلات داخل العملية، عندما تنتهي، فلا يبقى أي تعديل جزئي في القاعدة.,PARTIAL,PARTIAL,Unknown,,,withSerializableRetry مستخدم في 13 ملف خدمة [B][C]؛ applySignedDelta في apps/inventory/src/modules/transactions/transactions.service.ts وallocation.engine.ts وconsignment.service.ts [B][C],,,allocation.issue.integration.spec.ts، credit-race (specs موجودة، لم تُشغل؛ مشروطة بقاعدة),انتقالات غير مشروطة في مستهلكي الأحداث (PAID فوق SHIPPED/CANCELLED، إحياء أمر ملغى)، ومعالجات متعددة الخطوات غير ذرية.,حالات أوامر ومخزون ومال خاطئة تمس الإيراد والمخزون.,P1,سلامة المال والمخزون.,,,,SAL-01 | SAL-02 | ACC-16 | INV-15,"عمود version/status مع قيود CHECK على الأرصدة (on_hand>=0, reserved<=on_hand) — حاليًا في التطبيق فقط (DB-05).",DAR-04 | DAR-05 | DAR-06 | DAR-09,REQ-NFR-012 | REQ-NFR-015,,docs/audit/2026-09-20-backlog-traceability-ar.md:198 (2026-09-20; B4b-0108) | docs/PROMPT-P1-P3-IMPLEMENTATION.md:18-20 (unknown; B5a-0145) | docs/audit/18-business-workflows.md:66 (unknown; B4a-0130) | docs/audit/2026-09-20-phase0-discovery-audit-ar.md:73-82 (2026-09-20; B4b-0131) | Data/AB DATA/Nile ERP Backend Anatomy.pdf:p.9-10 (2026-09-13; B3-0364)
REQ-NFR-012,C9,منع التكرار عند إعادة المحاولة: مفتاح idempotency لكل أمر كتابة مالي أو مخزني أو إنشائي قابل للتكرار,OWNER_DECISION,owner (unnamed),PLATFORM_NFR (cross-cutting),مالك المنصة / مسؤول التشغيل (يُحدَّد),منع إنشاء أوامر/مدفوعات/حركات مكررة عند انقطاع الشبكة أو إعادة الإرسال.,كل عملية مالية أو مخزنية أو إنشاء كيان رئيسي (أمر، عميل، منتج، مستخدم، استلام، تسوية، مرتجع مورد) تقبل Idempotency-Key (إلزامي للمالية) مخزنًا بقيد فريد؛ إعادة نفس المفتاح تعيد النتيجة الأصلية بلا أثر جديد.,BR-NFR-16,,,,نفس المفتاح بجسم مختلف ← 409/422.,لا ينطبق (متطلب غير وظيفي),AC-NFR-012-1: بافتراض تسجيل تحصيل بمفتاح K، عندما يُعاد الطلب بنفس K، فإن النتيجة نفسها تُعاد ولا يُنشأ تحصيل ثانٍ. | AC-NFR-012-2: بافتراض إنشاء استلام مخزون مرتين بنفس المفتاح بعد timeout، عندما يُفحص الرصيد، فإنه زاد مرة واحدة.,PARTIAL,PARTIAL,Unknown,,apps/sales/src/modules/orders/orders.controller.ts:123 Idempotency-Key اختياري [C] (:107 [B]),لا مفتاح في إنشاء العملاء/المنتجات/المستخدمين ولا في الاستلام والتسويات (INV-09),idempotencyKey @unique في apps/accounting/prisma/schema.prisma (مدفوعات/تحويلات) [B][C],,,المفتاح غائب عن الاستلام ومرتجع المورد والتسويات وإنشاء الكيانات الرئيسية؛ اختياري في الأوامر.,حركات مخزون مكررة أو عملاء مكررون عند إعادة المحاولة.,P1,تكرار حركات مخزون/مال.,,,,INV-09,جدول/عمود idempotency_key فريد لكل نوع عملية مع hash الطلب والنتيجة.,DAR-04 | DAR-06 | DAR-07 | DAR-08,REQ-INV-009 | REQ-NFR-003 | REQ-NFR-011 | REQ-NFR-015 | REQ-O2C-025 | REQ-O2C-041 | REQ-P2P-008,,"docs/audit/2026-09-20-backlog-traceability-ar.md:199 (2026-09-20; B4b-0109) | docs/PROMPT-P1-P3-IMPLEMENTATION.md:340,344 (unknown; B5a-0236) | docs/audit/05-transactions-concurrency.md:64 (2026-09-01; B6a-0117)"
REQ-NFR-013,C9,حوكمة عقود الأحداث: asyncapi أولًا، تسمية موحدة، توافق رجعي، إصدار للمخطط، ولا عقود ميتة,INFERRED_NEEDS_APPROVAL,"AI agent, auditor",PLATFORM_NFR (cross-cutting),مالك المنصة / مسؤول التشغيل (يُحدَّد),منع انحراف الحمولة بين المنتج والمستهلك وضمان قابلية التطور.,كل حدث يُعرَّف أولًا في asyncapi.yaml (topic domain.entity.verb-past، حمولة snake_case) وتُولد الأنواع في packages/contracts؛ التغيير الكاسر يفشل البناء؛ الحقول الجديدة اختيارية؛ الظرف يحمل schema_version؛ كل موجة تغير الحالة تضيف عقودها أولًا؛ لا topic بلا منتج أو بلا مستهلك مبرر؛ الحمولات المالية يُتحقق منها عند الاستهلاك.,BR-NFR-17,,,,,لا ينطبق (متطلب غير وظيفي),AC-NFR-013-1: بافتراض تغيير حقل إلزامي في حمولة حدث، عندما يُبنى المستودع، فإن البناء يفشل في المنتج والمستهلك. | AC-NFR-013-2: بافتراض كتالوج المواضيع، عندما يُفحص في CI، فلا يوجد topic معلن بلا ناشر إلا بقائمة استثناء موثقة. | AC-NFR-013-3: بافتراض حدث مالي بحمولة لا تطابق المخطط، عندما يُستهلك، فإنه يُرفض إلى DLQ.,PARTIAL,PARTIAL,Unknown,,,,,packages/contracts/src/generated/events.ts:890-901 ظرف بلا حقل إصدار [B][C]؛ OrderCreatedPayload مُعلن :26-35 ≠ المنشور في apps/sales/src/modules/orders/orders.service.ts:782-788 [C]؛ OrderShipped/ConsignmentStockConsumed/IncentiveEvaluationRequested بلا منتج,,لا إصدار مخطط، انحراف حمولات، 3 عقود ميتة، لا تحقق وقت الاستهلاك.,تغيير غير مقصود في حمولة يكسر مستهلكًا ماليًا بصمت.,P3,صيانة/موثوقية مستقبلية؛ لا مستهلك حالي يعتمد على الحقول المنحرفة.,,,,INT-06,سجل مخطط الأحداث (asyncapi) مصدر وحيد؛ schema_version في الظرف.,DAR-07 | DAR-14,REQ-NFR-014 | REQ-NFR-021,,docs/PROMPT-P1-P3-IMPLEMENTATION.md:16-17 (unknown; B5a-0144) | README.md:61-68 (unknown; B6c-0191) | docs/P1-AUDIT.md:213-216 (2026-09-24; B2-0144)
REQ-NFR-014,C9,نشر موثوق للأحداث: outbox في نفس معاملة الكتابة، نشر بعد الالتزام فقط، وفشل صريح لا إسقاط صامت,INFERRED_NEEDS_APPROVAL,"AI agent, auditor",PLATFORM_NFR (cross-cutting),مالك المنصة / مسؤول التشغيل (يُحدَّد),ضمان ألا تُفقد خطوة saga أو قيد مالي بين الخدمات (مثل دفعة مسجلة دون تحديث العمولة والتعرض).,كل حدث ذو أثر مالي/مخزني/ائتماني يُكتب في جدول outbox داخل معاملة الكتابة نفسها وينشره مُرحِّل بـlease وbackoff ومعرف حدث ثابت (at-least-once)؛ لا ينشر حدث لمعاملة فشلت؛ فشل النشر مرئي (EventPublishError، مقياس) ولا يُسقط؛ للمُرحِّل حد محاولات ثم إيقاف/تنبيه، ويحترم OUTBOX_DISPATCH_ENABLED.,BR-NFR-18 | BR-NFR-19 | BR-NFR-37,,,,بروكر غير متاح ← يبقى الصف معلقًا ويُعاد لاحقًا؛ رسالة سامة ← إيقاف بعد N محاولة + تنبيه.,لا ينطبق (متطلب غير وظيفي),AC-NFR-014-1: بافتراض البروكر متوقف، عندما يُسجل تحصيل، فإن التحصيل يُحفظ وصف outbox معلق، وعند عودة البروكر يُنشر الحدث مرة واحدة على الأقل بنفس event_id. | AC-NFR-014-2: بافتراض معاملة كتابة فشلت، عندما تنتهي، فلا يوجد أي حدث منشور لها. | AC-NFR-014-3: بافتراض صف outbox يفشل نشره باستمرار، عندما يتجاوز حد المحاولات، فإنه يُعلَّم متوقفًا ويظهر في التنبيهات ولا يحجب الصفوف الأحدث.,PARTIAL,PARTIAL,Unknown,,,"[B][C] apps/accounting/src/modules/outbox/outbox.service.ts:13-22 (PaymentReceived/Reversed/Failed, ExchangeRateRecorded)؛ crm customer-outbox.service.ts:13-21؛ [C] فقط apps/inventory/src/modules/transactions/inventory-outbox.service.ts:12 (2 ث، بلا backoff ولا حارس تداخل ولا kill-switch)",,"بقية المنتجين DIRECT بعد الالتزام (orders.service.ts:782-788، invoices، products) [B][C]؛ packages/events/src/publisher.ts:262,289 يرمي EventPublishError",,معظم الأحداث (فواتير، أوامر، دفعات Products، مخزون في BASELINE) dual-write بلا outbox؛ لا حد محاولات في أي مرحل.,توقف البروكر لحظة الكتابة يترك الخدمات غير متزامنة دائمًا (فاتورة بلا قيد، أمر بلا حجز، استدعاء لا يصل).,P1,اتساق المال والمخزون عبر الخدمات.,,DEC-NFR-03,هل يُعتمد outbox إلزاميًا لكل منتج ذي أثر مالي/مخزني (بما فيه Products وSales)، وما ترتيب التعميم؟,INT-01 | INV-03 | INV-17 | WEBEVT-23,"جدول outbox لكل خدمة منتجة: event_id PK، topic، envelope، attempts، next_attempt_at، lease_until، published_at، status؛ فهرس على (status, next_attempt_at).",DAR-03 | DAR-07 | DAR-14 | DAR-17,REQ-NFR-015 | REQ-NFR-016 | REQ-NFR-021 | REQ-OPS-024 | REQ-OPS-032,,docs/audit/20-p0-p1-evidence-validation.md:257-259 (unknown; B6a-0289) | docs/audit/production-program/PHASE-0-ARCHITECTURE.md:50 (2026-09-16; B6a-0306) | docs/audit/02-architecture.md:22 (2026-09-01; B6a-0057) | docs/audit/12-failure-recovery.md:22 (2026-09-01; B6a-0204) | docs/audit/21-p0-p1-remediation.md:1045-1084 (2026-09-07; B6b-0054) | docs/audit/production-program/PHASES-5-10-REPORT.md:89-90 (2026-09-16; B6a-0374) | packages/events/README.md:43-49 (unknown; B6c-0242)
REQ-NFR-015,C9,استهلاك idempotent ومتين: dedup دائم في القاعدة لكل مستهلك، علامة ذرية مع الأثر، وحراسة بمفتاح العمل وشرط الحالة,INFERRED_NEEDS_APPROVAL,"AI agent, auditor",PLATFORM_NFR (cross-cutting),مالك المنصة / مسؤول التشغيل (يُحدَّد),ألا يُطبق حدث مرتين بعد إعادة تشغيل أو إعادة تسليم.,كل مستهلك يحفظ event_id المعالَج في جدول processed_events في قاعدته عبر إعادة التشغيل (لا Set في الذاكرة)، ويفضل كتابة العلامة والأثر في معاملة واحدة (inbox)؛ كل معالج جديد يحمل شرطًا مسبقًا على الحالة/مفتاح العمل لأن التجزئة بـevent_id لا تضمن ترتيبًا لكل كيان؛ يُفرض ذلك إطاريًا لا بالاجتهاد.,BR-NFR-14 | BR-NFR-20,,,,,لا ينطبق (متطلب غير وظيفي),AC-NFR-015-1: بافتراض حدث PaymentReceived مُعالج، عندما يُعاد تسليمه بعد إعادة تشغيل الخدمة، فإنه يُتخطى ولا يتغير أي رصيد. | AC-NFR-015-2: بافتراض انهيار بين أثر المعالج وكتابة العلامة، عندما يُعاد التسليم، فإن الأثر لا يتكرر. | AC-NFR-015-3: بافتراض وصول PaymentReversed قبل PaymentReceived لنفس الفاتورة، عندما يُعالَجان، فإن الحالة النهائية صحيحة أو يُوجَّه أحدهما للانتظار/DLQ.,PARTIAL,PARTIAL,Unknown,,,PrismaProcessedEventStore/setIdempotencyStore في sales saga.orchestrator.ts، accounting saga-listener.service.ts، inventory reservation.listener.ts، incentives intake.service.ts، iam notifications-events.listener.ts، audit-aggregator [B][C]؛ mark() بعد المعالج وخارج معاملته packages/events/src/consumer.ts:290-316؛ runInInboxTransaction في [C] supplier-ledger.service.ts:31 فقط,,مفتاح الرسالة event_id packages/events/src/publisher.ts:233,,العلامة خارج معاملة الأثر؛ لا ترتيب لكل كيان؛ لا سياسة احتفاظ لـprocessed_events.,تطبيق مزدوج نادر (عمولة/قيد مكرر) عند انهيار في توقيت سيئ.,P2,احتمال منخفض مع أثر مالي؛ توجد حراسات جزئية.,,,,INT-02 | ACC-16,"processed_events(event_id PK, consumer_group, processed_at) في كل قاعدة مستهلكة مع سياسة احتفاظ.",DAR-07 | DAR-18,REQ-INH-004 | REQ-NFR-011 | REQ-NFR-014 | REQ-NFR-033 | REQ-O2C-049 | REQ-P2P-013 | REQ-R2R-004 | REQ-TRC-022,,docs/audit/02-architecture.md:21 (2026-09-01; B6a-0056) | docs/audit/21-p0-p1-remediation.md:1000-1041 (2026-09-07; B6b-0052) | docs/audit/12-failure-recovery.md:26 (2026-09-01; B6a-0206) | docs/audit/20-p0-p1-evidence-validation.md:286 (unknown; B6a-0294) | docs/audit/05-transactions-concurrency.md:84 (2026-09-01; B6a-0121) | docs/audit/2026-09-20-ab-data-pdf-review-ar.md:202-203 (2026-09-20; B3-0154)
REQ-NFR-016,C9,إعادة المحاولة وطابور الرسائل الميتة وإعادة التشغيل الآمنة,INFERRED_NEEDS_APPROVAL,AI agent,PLATFORM_NFR (cross-cutting),مالك المنصة / مسؤول التشغيل (يُحدَّد),ألا توقف رسالة سامة قسمًا كاملًا وأن يمكن التعافي دون جراحة بيانات.,"المستهلك يعيد المحاولة 3 مرات (200/400/800ms) للأخطاء العابرة فقط ثم يرسل إلى <topic>.dlq برؤوس تشخيص (group, error, attempts, original topic)؛ فشل إرسال DLQ يعني عدم commit؛ المجمّع يحفظ DLQ في جدول؛ إعادة التشغيل تنشر الظرف الأصلي المخزن بنفس event_id بعد dry-run وبصلاحية audit.events.manage مع التحقق من عدم تكرار الأثر.",BR-NFR-21 | BR-NFR-22,,,,,لا ينطبق (متطلب غير وظيفي),AC-NFR-016-1: بافتراض معالج يفشل دائمًا، عندما يصله حدث، فإنه يظهر في dead_letter_messages بعد 4 محاولات ويستمر استهلاك الرسائل التالية. | AC-NFR-016-2: بافتراض رسالة في DLQ أُصلح سببها، عندما يُعاد تشغيلها، فإن event_id نفسه يُنشر والمجموعات التي عالجته تتخطاه. | AC-NFR-016-3: بافتراض مستخدم بلا audit.events.manage، عندما يطلب replay، فإن الاستجابة 403.,PARTIAL,PARTIAL,Unknown,/dashboard/audit,GET/POST /api/audit/dlq/* بـaudit.events.manage,packages/events/src/consumer.ts (retries + .dlq برؤوس x-*) [B][C]؛ apps/audit-aggregator/src/modules/dlq/dlq.service.ts:69-107 [B][C]؛ packages/events/scripts/dlq-replay.ts dry-run افتراضي,,,,رسائل التوقيع المرفوض لا تصل DLQ؛ نسخة DLQ من الناشر تبقى PENDING رغم نجاح إعادة outbox لاحقًا.,تضليل للمشغل وفقد صامت عند خطأ pepper.,P2,قدرة تعافٍ موجودة مع ثغرات رؤية.,,,,INT-03 | WEBEVT-23,"dead_letter_messages(event_id, consumer_group) فريد، envelope، status PENDING/RESOLVED/DISCARDED، resolved_by، reason.",DAR-06 | DAR-07 | DAR-12 | DAR-14 | DAR-15,REQ-NFR-006 | REQ-NFR-014 | REQ-NFR-024,,docs/audit/2026-09-20-ab-data-pdf-review-ar.md:205-207 (2026-09-20; B3-0156) | packages/events/README.md:7-11 (unknown; B6c-0241) | docs/PRODUCTION-READINESS-P0.md:90-92 (2026-09-23; B6c-0070) | docs/OPERATIONS-RUNBOOK.md:31-43 (unknown; B6c-0146) | docs/audit/21-p0-p1-remediation.md:1709-1737 (2026-09-07; B6b-0074) | docs/audit/22-production-remediation-master-plan.md:75-98 (2026-09-13; B6b-0084) | docs/audit/22-production-remediation-master-plan.md:419 (2026-09-13; B6b-0132)
REQ-NFR-017,C9,متانة البروكر ودورة حياته: وحدة تخزين دائمة مستقلة، إيقاف نظيف، وقابلية تبديل المزود بسلسلة اتصال,INFERRED_NEEDS_APPROVAL,AI agent,PLATFORM_NFR (cross-cutting),مالك المنصة / مسؤول التشغيل (يُحدَّد),ألا تُفقد الأحداث غير المستهلكة عند إعادة إنشاء الحاوية.,Redpanda على وحدة تخزين مسماة تبقى بعد استبدال الحاوية ولا تشارك دورة حياة خدمة أخرى؛ بلا منافذ منشورة؛ إعدادات المواضيع (partitions/retention/RF) معلنة لا تلقائية؛ إعادة تشغيل أي خدمة تغلق اتصالاتها وتغادر مجموعة المستهلكين فورًا؛ الانتقال لـKafka مُدار تغيير اتصال فقط.,,,,,,لا ينطبق (متطلب غير وظيفي),AC-NFR-017-1: بافتراض حدث منشور غير مستهلك، عندما تُعاد إنشاء حاوية Redpanda، فإن الحدث يبقى ويُستهلك بعد العودة. | AC-NFR-017-2: بافتراض ملف إعداد مواضيع في المستودع، عندما يُقارن بـrpk topic describe على الخادم، فإن retention وpartitions مطابقة.,PARTIAL,PARTIAL,Unknown,,,,,docker-compose.production.yml redpanda_data:/var/lib/redpanda/data base:160 / cur:163 [B][C]؛ allowAutoTopicCreation:true packages/events/src/publisher.ts:129؛ عقدة واحدة --smp 1,,عقدة واحدة RF=1 ومواضيع تُنشأ تلقائيًا بإعدادات افتراضية غير معلنة.,فقد قرص البروكر = فقد أحداث غير مستهلكة وDLQ؛ retention الافتراضي يحد إعادة التشغيل.,P2,توافر/تعافٍ مع وجود volume.,,DEC-NFR-13,,INT-04,تعريف مواضيع ككود (اسم، partitions، retention، cleanup) في المستودع.,DAR-02 | DAR-07 | DAR-09 | DAR-18,REQ-NFR-014 | REQ-NFR-016 | REQ-OPS-031,,docs/OPERATIONS-RUNBOOK.md:59-61 (unknown; B6c-0149) | docs/PRODUCTION-HOSTINGER.md:133-145 (unknown; B6c-0007) | docs/SERVER-STEPS-2026-09-25-ar.md:65 (2026-09-25; B6c-0121) | packages/events/README.md:53 (unknown; B6c-0243)
REQ-NFR-018,C9,سجل تدقيق أعمال موحد غير قابل للتعديل وكاشف للعبث لكل حركة مال أو مخزون أو ائتمان أو صلاحيات,OWNER_DECISION,owner (unnamed),Audit trail (cross-cutting),المدقق / المدير المالي,أن يجيب النظام بأرقام لا تُعدل خفية: من فعل ماذا ومتى، وأن يطمئن المدقق لسلامة السجل.,كل حركة مال أو مخزون أو ائتمان أو صلاحيات تُسجل في سجل موحد append-only: لا مسار UPDATE/DELETE، trigger في القاعدة يرفض التعديل والحذف (وTRUNCATE)، سلسلة hash مع تحقق دوري (يفضل HMAC/تثبيت خارجي)، أظرف موقعة؛ يُحدد مخزن السجل الرسمي (system of record) بين audit_events المركزي وaudit_logs المحلي.,BR-NFR-23,,,,كسر في السلسلة ← تنبيه أمني فوري؛ لا تصحيح إلا بقيد تدقيق جديد.,قراءة التدقيق بصلاحية audit.events.read؛ لا أحد (بما فيه SUPER_ADMIN) يعدل السجل.,AC-NFR-018-1: بافتراض صف في audit_events، عندما يُنفذ UPDATE أو DELETE أو TRUNCATE عليه بدور التطبيق، فإن العملية تُرفض. | AC-NFR-018-2: بافتراض تعديل يدوي لصف بدور مالك القاعدة، عندما يُشغَّل التحقق اليومي للسلسلة، فإنه يكشف الصف ويرسل تنبيهًا خلال 24 ساعة. | AC-NFR-018-3: بافتراض تسوية مخزون أو عكس تحصيل أو تغيير صلاحية، عندما تُنفذ، فإن صفًا واحدًا على الأقل يظهر في السجل الموحد.,PARTIAL,PARTIAL,Unknown,/dashboard/audit، /dashboard/system/logs,GET /audit-events/verify?limit≤20000,packages/audit/src/chain.ts:70 sha256(prev|content) بلا مفتاح [B][C]؛ audit_logs المحلية في 8 خدمات بلا trigger,apps/audit-aggregator/prisma/migrations/20260909130000_audit_immutable_chain/migration.sql:28-43 reject_audit_mutation على audit_events/audit_logs (قاعدة nile_audit فقط) [B][C],,aggregator.chain.spec.ts (spec موجود، لم يُشغَّل),audit_logs المحلية قابلة للتعديل ولا trigger؛ hash بلا مفتاح ولا تثبيت؛ TRUNCATE غير محمي؛ لا تحقق دوري مجدول؛ مخزن السجل الرسمي غير محدد.,مدير قاعدة يستطيع إعادة كتابة سلسلة متسقة؛ تدقيق HTTP يمكن تعديله.,P1,رقابة/امتثال على المال والمخزون (ALCOA+).,,DEC-NFR-09 | DEC-NFR-02,أي مخزن هو السجل الرسمي للمدققين؟ وهل النشاط خاضع لـGxP/21 CFR Part 11؟,SEC-13 | WEBEVT-18,audit_events: seq، prev_hash فريد، hash، domain، severity، aggregate_type/id، actor_id، occurred_at، before/after/change، reason، source، ip، correlation_id؛ trigger منع التعديل؛ لا retention حذف قبل قرار.,DAR-06 | DAR-07 | DAR-11 | DAR-12 | DAR-18,REQ-INH-012 | REQ-INV-055 | REQ-NFR-019 | REQ-NFR-020 | REQ-NFR-021 | REQ-O2C-016 | REQ-O2C-061 | REQ-O2C-062 | REQ-R2R-012 | REQ-TRC-028,,docs/audit/2026-09-20-backlog-traceability-ar.md:196 (2026-09-20; B4b-0106) | docs/BUSINESS-AUDIT-MATRIX.md:3 (unknown; B4a-0079) | Data/AB DATA/Nile ERP Architecture Description.pdf:p.1 (2026-09-13; B3-0356) | docs/BUSINESS-AUDIT-MATRIX.md:5-19 (unknown; B4a-0080) | docs/BUSINESS-AUDIT-MATRIX.md:26 (unknown; B4a-0084)
REQ-NFR-019,C9,محتوى سجل التدقيق: الفاعل، الوقت، قبل/بعد، السبب الإلزامي، المصدر، IP، الترابط؛ وactorId في كل صف مالي,INFERRED_NEEDS_APPROVAL,AI agent,PLATFORM_NFR (cross-cutting),المدقق,سجل قابل للإسناد (ALCOA+) يغني عن updated_by.,كل صف تدقيق يحمل: الحدث، النطاق، الخطورة، الكيان ومعرفه، الفاعل (اسم محلول)، الوقت، before/after (إلزاميان لأحداث CRITICAL) وchange، السبب (إلزامي للأحداث الحساسة ويُفرض في API الكتابة بـ400)، المصدر، IP الحقيقي، المنظمة، correlation/trace، النتيجة؛ الجداول المالية (SupplierLedgerEntry، FinancialAccountEntry، PaymentAllocation، EInvoiceSubmission) تحمل actorId؛ الصفوف القديمة بلا منشئ تبقى null ولا يُختلق منشئ.,BR-NFR-03 | BR-NFR-24 | BR-NFR-25,,,,,لا ينطبق (متطلب غير وظيفي),AC-NFR-019-1: بافتراض إلغاء فاتورة بلا سبب، عندما يُرسل الطلب، فإن الاستجابة 400. | AC-NFR-019-2: بافتراض حدث CRITICAL (تسوية مخزون)، عندما يُخزن في السجل، فإن before وafter غير فارغين ويحمل actor_id وcorrelation_id. | AC-NFR-019-3: بافتراض صف قيد مورد ناتج عن إعادة تقييم FX، عندما يُقرأ، فإنه يحمل معرف المستخدم أو الوظيفة المنفذة.,PARTIAL,PARTIAL,Unknown,,x-reason-code رأس اختياري في المعترض,audit.interceptor.ts المحلي: after فقط، بلا before، ip=req.ip (البروكر) [B][C]؛ المجمّع يرفع before/after من الحمولة,SupplierLedgerEntry بلا عمود فاعل (B2-0238),,,لا before في التدقيق المحلي؛ organization_id/source/ip لا تمرر للأحداث؛ IP هو البروكسي؛ صفوف مالية بلا actor.,تعذر الإجابة «من غيّر ماذا ومن أي قيمة» لبعض الحركات.,P2,ضعف إسناد مع وجود سجل.,,DEC-NFR-09,,SEC-13 | DB-06,أعمدة created_by_id/actor_id nullable على كل جدول مالي؛ لا backfill مختلق.,DAR-05 | DAR-07 | DAR-11 | DAR-12 | DAR-18,REQ-NFR-002 | REQ-NFR-018,,docs/BUSINESS-AUDIT-MATRIX.md:44-64 (unknown; B4a-0087) | docs/BUSINESS-AUDIT-MATRIX.md:66-78 (unknown; B4a-0088) | docs/P1-WAVE1-IMPLEMENTATION-NOTES.md:273-287 (2026-09-24; B2-0238) | docs/audit/2026-09-20-phase0-discovery-audit-ar.md:485 (2026-09-20; B4b-0186) | docs/P1-WAVE1-CONTINUATION-REPORT.md:134-140 (2026-09-24; B2-0222)
REQ-NFR-020,C9,نطاق التدقيق وتصنيف الخطورة: ما يُسجل وما لا يُسجل، أربعة مستويات، وقارئ لكل حدث,INFERRED_NEEDS_APPROVAL,AI agent,PLATFORM_NFR (cross-cutting),المدقق,سجل مركز على الأحداث ذات الأثر دون ضجيج.,يُسجل: تغير حالة تجارية، أثر مالي/مخزني/ائتماني/صلاحيات، اعتماد/تجاوز، أحكام المهام المجدولة ذات الأثر (JobCompleted LOW)؛ لا يُسجل: فتح صفحة/بحث/GET/نبضات؛ المستويات CRITICAL (دائمًا مع قبل/بعد: تسوية، استلام، تحصيل وعكسه، إلغاء فاتورة، حد ائتمان، سعر/تكلفة، خصم يدوي، تجاوز، دور/صلاحية، سحب/حجر) ثم HIGH وMEDIUM وLOW؛ تعديل عقد العمل ORGANIZATION/HIGH/financialImpact؛ PATCH فارغ لا ينشر حدثًا؛ لاحقًا: العقود والإعدادات وتصدير البيانات الحساسة ومفاتيح API.,BR-NFR-26,,,,,لا ينطبق (متطلب غير وظيفي),AC-NFR-020-1: بافتراض فتح شاشة أو بحث، عندما يُنفذ، فلا يُضاف أي صف تدقيق. | AC-NFR-020-2: بافتراض حدث ContractUpdated، عندما يُصنَّف، فإن المجال ORGANIZATION والخطورة HIGH وfinancialImpact=true. | AC-NFR-020-3: بافتراض إلغاء فاتورة أو عكس دفعة، عندما يُنفذ، فإنه يُسجل CRITICAL مع قبل/بعد.,IMPLEMENTED,IMPLEMENTED,Unknown,,,packages/audit/src/taxonomy.ts:249-262 ContractCreated/Updated ORGANIZATION/HIGH/financialImpact [C]؛ AuditInterceptor على mutations فقط,,JobCompleted system.job.completed packages/scheduler/src/job-runner.ts:92,,تدقيق الإعدادات والتكاملات وتصدير البيانات الحساسة غير مبني (اختياري لاحق).,—,P3,السياسة مطبقة؛ الامتدادات تحسين.,,,,,"جدول taxonomy مرجعي (event_type → domain, severity, impact flags) يُفرض وقت البناء.",DAR-03 | DAR-05 | DAR-07 | DAR-08 | DAR-09 | DAR-12 | DAR-14 | DAR-18 | DAR-19,REQ-INH-012 | REQ-INV-055 | REQ-NFR-018 | REQ-NFR-021 | REQ-O2C-016 | REQ-O2C-061 | REQ-O2C-062 | REQ-R2R-012 | REQ-TRC-028,,docs/BUSINESS-AUDIT-MATRIX.md:29-42 (unknown; B4a-0086) | docs/AUDIT-COMPLETENESS-MATRIX.md:9-16 (unknown; B5a-0284) | docs/BUSINESS-AUDIT-MATRIX.md:27 (unknown; B4a-0085) | docs/AUDIT-COMPLETENESS-MATRIX.md:18 (unknown; B5a-0285) | docs/AUDIT-COMPLETENESS-MATRIX.md:144 (unknown; B5a-0348) | docs/HEAVY-VERIFICATION-AR.md:154-171 (2026-09-15; B5b-0128) | docs/BUSINESS-AUDIT-MATRIX.md:205-227 (unknown; B4a-0097) | docs/audit/21-p0-p1-remediation.md:1129-1132 (2026-09-07; B6b-0058) | docs/audit/03-domain-model.md:26 (2026-09-01; B6a-0072)
REQ-NFR-021,C9,اكتمال التدقيق هندسيًا: نشر بعد الالتزام، كل topic له مستهلك في المجمّع، تصنيف إلزامي وقت البناء، ومصفوفة اكتمال تُفشل البناء,INFERRED_NEEDS_APPROVAL,"AI agent, auditor",PLATFORM_NFR (cross-cutting),المدقق / فريق التطوير,ألا يوجد تغيير حقيقي بلا أثر تدقيق.,كل قناة في asyncapi لها مستهلك في المجمّع (اختبار coverage)؛ كل نوع حدث له تصنيف وإلا خطأ compile؛ الحدث يُنشر بعد commit فقط؛ لكل عملية جديدة: حدث بقبل/بعد، تصنيف، اشتراك، spec، صف في المصفوفة؛ فشل وصول الناقل لا يترك تغييرًا بلا أثر (outbox أو تدقيق محلي ذري).,BR-NFR-18 | BR-NFR-27,,,,,لا ينطبق (متطلب غير وظيفي),AC-NFR-021-1: بافتراض topic جديد في asyncapi بلا مستهلك في المجمّع، عندما يُشغَّل الاختبار، فإنه يفشل. | AC-NFR-021-2: بافتراض البروكر متوقف أثناء إلغاء فاتورة، عندما يعود، فإن صف التدقيق المركزي يظهر للعملية. | AC-NFR-021-3: بافتراض عملية HTTP تعديل بلا حدث، عندما تنجح، فإن أثرها يوجد في سجل غير قابل للتعديل.,PARTIAL,PARTIAL,Unknown,,,apps/audit-aggregator/src/modules/aggregator/aggregator.service.ts:26 EVENT_TOPICS لكل TOPICS + .dlq [B][C],,منتجو DIRECT: فشل النشر يترك التغيير بلا أثر مركزي (INT-01),aggregator.coverage.spec.ts (spec موجود، لم يُشغَّل),الأحداث المنشورة مباشرة قد تُفقد فيبقى التغيير بلا تدقيق مركزي؛ عمليات HTTP بلا حدث في audit_logs المحلي غير الذري.,فجوات تدقيق صامتة في المال/المخزون.,P1,اكتمال سجل رقابي على المال والمخزون.,,,,INT-01 | SEC-13,مصفوفة اكتمال (عملية → حدث → خطورة → ناشر → spec) كملف في المستودع مع اختبار.,DAR-07 | DAR-12 | DAR-14,REQ-NFR-014 | REQ-NFR-018 | REQ-NFR-020,,docs/BUSINESS-AUDIT-MATRIX.md:24 (unknown; B4a-0082) | docs/AUDIT-COMPLETENESS-MATRIX.md:3-5 (unknown; B5a-0283) | docs/BUSINESS-AUDIT-MATRIX.md:23 (unknown; B4a-0081) | docs/BUSINESS-AUDIT-MATRIX.md:25 (unknown; B4a-0083) | docs/AUDIT-COMPLETENESS-MATRIX.md:162-166 (unknown; B5a-0352) | docs/BUSINESS-AUDIT-MATRIX.md:237-249 (unknown; B4a-0099) | docs/audit/18-business-workflows.md:19 (unknown; B4a-0120) | docs/AUDIT-COMPLETENESS-MATRIX.md:158 (unknown; B5a-0351)
REQ-NFR-022,C9,سجلات منظمة JSON ومعرف ترابط في كل سطر من الطلب إلى الحدث والتدقيق وSentry,INFERRED_NEEDS_APPROVAL,"AI agent, auditor",PLATFORM_NFR (cross-cutting),مالك المنصة / مسؤول التشغيل (يُحدَّد),تتبع بلاغ المستخدم عبر الخدمات والأحداث.,كل الخدمات تستخدم مسجل JSON موحد؛ x-correlation-id لكل طلب يُعاد في الاستجابة ويُربط بسياق المسجل فيظهر في كل سطر؛ الأظرف تحمل correlation_id وevent_id؛ صفوف التدقيق وSentry تحمل correlationId/userId/route أو eventId/eventType/topic؛ سطور الـsaga تحمل correlation_id وevent_id.,,,,,,لا ينطبق (متطلب غير وظيفي),AC-NFR-022-1: بافتراض طلب إنشاء أمر بمعرف ترابط C، عندما تُجمع سجلات sales وinventory وaccounting، فإن كل السطور ذات الصلة تحتوي C بصيغة JSON. | AC-NFR-022-2: بافتراض خطأ 5xx، عندما يُسجل، فإنه يحمل correlationId وuserId والمسار.,PARTIAL,PARTIAL,Unknown,,,Logger نصي افتراضي؛ packages/events/src/json-logger.ts غير مستخدم في أي main.ts [B][C]؛ http-exception.filter.ts:11 يضيف cid/user لسطر الخطأ [C],,الظرف يحمل correlation_id,,لا مسجل JSON ولا ربط معرف الترابط بكل سطر؛ وثيقتان متعارضتان حول الإغلاق.,صعوبة تشخيص حوادث مالية عبر الخدمات.,P3,تشغيلي/تشخيصي.,,DEC-NFR-07,,WEB-04,correlation_id في audit_events وjob_runs وdead_letter_messages.,DAR-07 | DAR-11 | DAR-12,REQ-NFR-023 | REQ-NFR-024 | REQ-NFR-026 | REQ-R2R-060 | REQ-SEC-071,,docs/audit/00-executive-summary.md:81 (2026-09-01; B6a-0027) | docs/audit/11-observability.md:33 (2026-09-01; B6a-0190) | docs/audit/11-observability.md:35 (2026-09-01; B6a-0191) | docs/audit/21-p0-p1-remediation.md:1238-1245 (2026-09-07; B6b-0060) | docs/audit/22-production-remediation-master-plan.md:32-33 (2026-09-13; B6b-0077) | docs/runbooks/alerts-and-metrics.md:54-68 (unknown; B6c-0159) | docs/QA-DECISIONS-AR.md:14-16 (2026-09-21; B1-0183) | docs/audit/16-ai-technical-debt.md:7 (2026-09-01; B6a-0233)
REQ-NFR-023,C9,تتبع الأخطاء (Sentry) فعّال في الخلفية والويب ومختبر قبل الإطلاق,INFERRED_NEEDS_APPROVAL,"AI agent, QA, auditor",PLATFORM_NFR (cross-cutting),مالك المنصة / مسؤول التشغيل (يُحدَّد),ألا يكون الإنتاج أعمى عن أخطاء المتصفح والـBFF والخدمات.,SENTRY_DSN مضبوط لكل خدمة والويب (عميل وخادم عبر instrumentation)، tracesSampleRate 0 بلا replay، مع حجب الحقول الحساسة؛ قبل الإطلاق يُرسل خطأ تجريبي من staging ويُتحقق من وصوله.,,,,,,لا ينطبق (متطلب غير وظيفي),AC-NFR-023-1: بافتراض staging، عندما يُطلق خطأ تجريبي من الويب ومن خدمة خلفية، فإن الحدثين يظهران في Sentry خلال 5 دقائق بمعرف الترابط. | AC-NFR-023-2: بافتراض صورة الويب، عندما تُفحص، فإنها تتضمن instrumentation وDSN مُمرر في البناء/التشغيل.,PARTIAL,PARTIAL,Unknown,apps/web/sentry.client.config.ts/sentry.server.config.ts موجودة، لا instrumentation.ts ولا withSentryConfig [B][C]؛ NEXT_PUBLIC_SENTRY_DSN ليس ARG في Dockerfile,,apps/sales/src/common/observability/sentry.ts:14-22 init عند وجود DSN [B][C],,,,Sentry الويب غير فعال عمليًا؛ DSN افتراضيًا فارغ في compose.,أخطاء المستخدمين لا تُرى إلا من سجلات الحاويات.,P2,رؤية تشغيلية لأخطاء قد تمس عمليات يومية.,,DEC-NFR-07,,WEB-04 | WEBEVT-12,—,DAR-11 | DAR-13 | DAR-18,REQ-NFR-007 | REQ-NFR-022 | REQ-NFR-026 | REQ-SEC-071,,docs/audit/11-observability.md:39 (2026-09-01; B6a-0193) | QA-REPORTS/17-console-runtime-errors-testing.md:26-30 (2026-09-21; B6c-0305) | docs/audit/21-p0-p1-remediation.md:1299-1312 (2026-09-07; B6b-0062) | docs/audit/11-observability.md:18 (2026-09-01; B6a-0187) | docs/AUDIT-REMEDIATION-STATUS-2026-09-25-ar.md:23 (2026-09-25; B1-0335)
REQ-NFR-024,C9,المقاييس والتنبيهات التشغيلية: إشارات P0 محددة بعتبات وأوامر فحص قابلة للربط بمراقب خارجي,INFERRED_NEEDS_APPROVAL,"AI agent, auditor",PLATFORM_NFR (cross-cutting),مالك المنصة / مسؤول التشغيل (يُحدَّد),اكتشاف فشل الدفع المزدوج ونمو DLQ وتوقف Kafka/القاعدة والنسخ الاحتياطي وعدم المطابقة قبل أن يكتشفه المستخدم.,تُعرّف تنبيهات P0 على إشارات حقيقية: فشل تسجيل الدخول، تكرار الدفع، نمو DLQ (>0 لـ5 د)، توقف Kafka، فشل القاعدة، فشل الترحيل، فشل النسخ الاحتياطي (dead-man ping)، عدم المطابقة الليلية، رفض التواقيع، تأخر المستهلك، عمر الـsaga العالقة، انحراف التعرض الائتماني عن الدفتر؛ كل إشارة مكشوفة عبر endpoint أو job_runs أو سطر سجل بعتبة موثقة؛ تصل التنبيهات لشخص محدد.,,,,,,لا ينطبق (متطلب غير وظيفي),AC-NFR-024-1: بافتراض رسالة في DLQ لأكثر من 5 دقائق، عندما يعمل المراقب، فإن تنبيهًا يصل لمسؤول محدد. | AC-NFR-024-2: بافتراض فشل مهمة nightly-reconciliation، عندما تُكتب job_runs بحالة FAILED، فإن تنبيهًا يُرسل خلال ساعة. | AC-NFR-024-3: بافتراض توقف Redpanda، عندما يُفحص /health لخدمات الاستهلاك، فإنها 503 ويُطلق تنبيه.,PARTIAL,PARTIAL,Unknown,,/health/details يعرض DLQ في الذاكرة وsignatureRejections [B][C]؛ GET /api/<svc>/jobs/runs,لا prom-client/OTel/metrics في أي حزمة [B][C]؛ التنبيهات معرّفة في docs/runbooks/alerts-and-metrics.md وغير موصولة,,,,لا مقاييس ولا مراقب خارجي موصول؛ لا مقياس تأخر مستهلك أو تراكم outbox.,أعطال مالية/تكامل صامتة حتى يلاحظها المستخدم.,P2,رقابة تشغيلية؛ يوجد بديل يدوي (شاشات الصحة/DLQ).,,DEC-NFR-10 | DEC-NFR-07,من المسؤول عن استلام التنبيهات، وهل يُعتمد Prometheus/Grafana أم مراقب خارجي بسيط؟,WEB-04 | WEB-03,job_runs وdead_letter_messages وoutbox كمصادر إشارة قابلة للاستعلام.,DAR-04 | DAR-06 | DAR-07 | DAR-08 | DAR-15 | DAR-17,REQ-NFR-016 | REQ-NFR-025 | REQ-O2C-024,,docs/PRODUCTION-READINESS-P0.md:107-109 (2026-09-23; B6c-0083) | docs/runbooks/alerts-and-metrics.md:3-10 (unknown; B6c-0150) | docs/runbooks/alerts-and-metrics.md:12-38 (unknown; B6c-0151) | docs/runbooks/alerts-and-metrics.md:46-48 (unknown; B6c-0154) | docs/audit/22-production-remediation-master-plan.md:34 (2026-09-13; B6b-0078) | docs/audit/22-production-remediation-master-plan.md:103-111 (2026-09-13; B6b-0086) | docs/audit/11-observability.md:49 (2026-09-01; B6a-0198)
REQ-NFR-025,C9,فحوص الصحة الموحدة والفشل السريع عند الإقلاع,INFERRED_NEEDS_APPROVAL,AI agent,PLATFORM_NFR (cross-cutting),مالك المنصة / مسؤول التشغيل (يُحدَّد),أن يعرف المشغل والحاويات حالة كل خدمة واعتمادها على القاعدة وKafka.,كل خدمة تعرض GET /health خارج /api والمصادقة: SELECT 1 بمهلة 3 ث، حالة Kafka، 503 عند تعطل القاعدة، 503 لخدمات الاستهلاك عند فقد Kafka و200 degraded للناشرين فقط؛ /health/details بعمق DLQ ورفض التواقيع؛ الإقلاع يفشل بكود 1 عند نقص المتغيرات أو فشل الترحيل؛ شاشة صحة النظام تشمل الخدمات التسع.,BR-NFR-28,,,,,لا ينطبق (متطلب غير وظيفي),AC-NFR-025-1: بافتراض قاعدة خدمة متوقفة، عندما يُطلب /health، فإن الاستجابة 503 خلال 4 ثوانٍ. | AC-NFR-025-2: بافتراض Kafka متوقف، عندما يُطلب /health لخدمة accounting، فإن الاستجابة 503؛ ولخدمة products 200 degraded. | AC-NFR-025-3: بافتراض شاشة /dashboard/system/health، عندما تُفتح، فإنها تعرض الخدمات التسع بما فيها organization.,PARTIAL,PARTIAL,Unknown,,apps/web/app/api/system-health/route.ts:4-13 يغفل organization [B][C],apps/sales/src/common/health.ts:67 SELECT 1، :82-85 منطق 503/degraded [B][C],,,health.spec.ts (spec موجود، لم يُشغَّل),شاشة الصحة تغفل organization ووظائف sales؛ /health/details غير مصادق؛ لا فحص لتراكم outbox أو المجدول.,نقاط عمياء في المراقبة الداخلية.,P3,تشغيلي مع وجود الفحص الأساسي.,,DEC-NFR-13,,WEB-03 | SEC-14,—,DAR-04 | DAR-07,REQ-NFR-024 | REQ-NFR-026,,docs/audit/21-p0-p1-remediation.md:1173-1265 (2026-09-07; B6b-0059) | PRODUCTION_HARDENING.md:45-53 (unknown; B6c-0202) | docs/PRODUCTION-READINESS-P0.md:99-100 (2026-09-23; B6c-0077) | docs/audit/21-p0-p1-remediation.md:1249-1255 (2026-09-07; B6b-0061) | docs/audit/00-executive-summary.md:23 (2026-09-01; B6a-0010) | docs/audit/01-system-inventory.md:15 (2026-09-01; B6a-0045) | docs/audit/11-observability.md:41 (2026-09-01; B6a-0194) | docs/audit/11-observability.md:43 (2026-09-01; B6a-0195) | docs/audit/20-p0-p1-evidence-validation.md:219-220 (unknown; B6a-0285) | docs/audit/20-p0-p1-evidence-validation.md:270-271 (unknown; B6a-0291)
REQ-NFR-026,C9,عزل الأعطال الجزئية في الواجهة (BFF): مهلة لكل مصدر، وفشل مصدر يفرغ قسمه فقط,INFERRED_NEEDS_APPROVAL,AI agent,PLATFORM_NFR (cross-cutting),مالك المنصة / مسؤول التشغيل (يُحدَّد),بقاء لوحات التقارير والمهام صالحة عند تعطل خدمة واحدة (تدهور مستقل).,كل BFF يستدعي مصادره بمهلة (8 ث افتراضيًا، 4 ث للصحة) وtry/catch لكل مصدر؛ فشل مصدر يُظهر خطأ قسمه فقط مع بقاء الصفحة؛ لا يُخفى الفشل بصمت (يُعلَّم القسم كغير مكتمل).,BR-NFR-29,,,,,لا ينطبق (متطلب غير وظيفي),AC-NFR-026-1: بافتراض خدمة accounting متوقفة، عندما تُفتح /dashboard، فإن الأقسام الأخرى تظهر وقسم التحصيل يعرض رسالة عدم توفر. | AC-NFR-026-2: بافتراض فشل مصدر في البحث العام، عندما تُعرض النتائج، فإن المستخدم يرى أن مصدرًا غير متاح لا قائمة فارغة صامتة.,PARTIAL,PARTIAL,Unknown,,apps/web/lib/bff.ts:16-22 bffGet بمهلة AbortSignal [B][C]؛ inventory-shrinkage بلا معالجة → 500؛ credit-exposure كل-أو-لا شيء؛ search يفرغ المصدر الفاشل بصمت,,,,,ثلاثة مسارات لا تلتزم بالعزل أو تخفي الفشل.,صفحة كاملة تفشل أو أرقام ناقصة دون تنبيه.,P3,تجربة/تقارير.,,,,WEB-01,—,,REQ-NFR-022 | REQ-NFR-023 | REQ-NFR-027 | REQ-NFR-028 | REQ-R2R-059 | REQ-SEC-071,,"docs/REPORTS-IMPLEMENTATION-STATUS.md:32,97 (unknown; B5a-0072)"
REQ-NFR-027,C9,رسائل أخطاء عربية موجهة للمستخدم حسب الحالة دون تمرير أجسام أخطاء الخلفيات للمتصفح,INFERRED_NEEDS_APPROVAL,QA,PLATFORM_NFR (cross-cutting),مالك المنصة / مسؤول التشغيل (يُحدَّد),توطين تجربة الخطأ وحماية التفاصيل التقنية.,كل مسارات BFF تعيد رسالة عربية حسب كود الحالة فقط (401/403/404/5xx/timeout)؛ أجسام استجابات الخدمات لا تصل المتصفح عبر BFF.,,,,,,لا ينطبق (متطلب غير وظيفي),AC-NFR-027-1: بافتراض خدمة تعيد 500 بنص تقني، عندما يمر عبر BFF، فإن المتصفح يتلقى رسالة عربية عامة حسب الحالة فقط. | AC-NFR-027-2: بافتراض انتهاء مهلة 8 ث، عندما تفشل الاستجابة، فإن الرسالة العربية تشير لانتهاء المهلة.,IMPLEMENTED,IMPLEMENTED,Unknown,lib/api.ts:45-65 يعرض body.message من الخدمات في المسارات المباشرة (rewrites) — ليس عبر BFF,apps/web/lib/bff.ts:16-29 رسالة حالة فقط [B][C]؛ lib/api-error.ts للتعيين العربي,,,,,المسارات المباشرة (rewrites) تعرض رسالة الخدمة نصًا كما هي.,محدود.,P4,توطين/تجربة.,,,,,—,,REQ-NFR-003 | REQ-NFR-026 | REQ-SEC-062,,docs/QA-DECISIONS-AR.md:45-47 (2026-09-21; B1-0191)
REQ-NFR-028,C9,استعلامات محدودة وترقيم حقيقي: لا جلب غير محدود ولا اقتطاع صامت,INFERRED_NEEDS_APPROVAL,"AI agent, QA, auditor",PLATFORM_NFR (cross-cutting),مالك المنصة / مسؤول التشغيل (يُحدَّد),حماية زمن الاستجابة مع نمو الجداول ومنع أرقام ناقصة.,كل قائمة (حركات، أرصدة، فواتير، أوامر، عملاء) لها حد وترقيم keyset/cursor من جهة الخادم؛ التجميعات (قيمة المخزون، التعرض الائتماني، عدادات المهام) تُحسب في الخادم لا من صفحة أولى؛ أي اقتطاع يُعلن للمستخدم؛ بحث server-side؛ أحجام الاستجابة وزمنها محدودة مهما نما الجدول.,BR-NFR-29,,,,,لا ينطبق (متطلب غير وظيفي),AC-NFR-028-1: بافتراض 300 ألف حركة مخزون، عندما تُطلب صفحة الحركات، فإن الاستجابة ≤ الحد ومعها مؤشر صفحة تالية، وp95 < 500ms. | AC-NFR-028-2: بافتراض 250 عميلًا نشطًا، عندما يُفتح تقرير التعرض الائتماني، فإنه يشمل كل العملاء أو يُظهر بوضوح أنه مقتطع. | AC-NFR-028-3: بافتراض أكثر من 200 رصيد مخزون، عندما تُعرض قيمة المخزون في اللوحة، فإنها محسوبة على كل الأرصدة.,PARTIAL,PARTIAL,Unknown,,?q= server-side للأوامر/الفواتير/المنتجات,apps/sales/src/common/keyset.ts (keyset ?before=) [B][C]؛ apps/crm/src/modules/accounts/accounts.service.ts:120 take:200 [C]؛ apps/web/lib/inventory-value.ts:24-37 يستدعي /stock بلا take (حد 200),,,,تجميعات BFF مقتطعة بصمت عند 200 صف؛ حدود take ثابتة بلا ترقيم في عدة خدمات.,قيمة مخزون وتعرض ائتماني ناقصان دون تحذير لقرارات الإدارة.,P2,أرقام إدارية ناقصة؛ لم تُتجاوز الحدود غالبًا بعد.,,DEC-NFR-14 | DEC-NFR-11,,WEB-01,"فهارس على (timestamp desc, id) للقوائم المرقمة؛ endpoints تجميع في الخدمة المالكة.",DAR-10 | DAR-17,REQ-INV-064 | REQ-NFR-026 | REQ-NFR-030 | REQ-SEC-072,,docs/audit/load-test-2026-09-08.md:80-87 (2026-09-08; B6a-0401) | docs/audit/06-api.md:17 (2026-09-01; B6a-0133) | docs/audit/09-performance.md:36 (2026-09-01; B6a-0182) | docs/audit/19-production-readiness.md:121 (2026-09-01; B6a-0252) | QA-REPORTS/06-performance-testing.md:23-29 (2026-09-21; B6c-0269) | QA-REPORTS/06-performance-testing.md:31-41 (2026-09-21; B6c-0270) | docs/audit/load-test-remediation-2026-09-09.md:120-122 (2026-09-09; B6a-0424)
REQ-NFR-029,C9,سلامة المخطط: ترحيلات حقيقية، قيود فريدة وFK داخل الخدمة بقرارات ON DELETE، وفهارس على الحقول المفلترة,INFERRED_NEEDS_APPROVAL,"AI agent, QA",PLATFORM_NFR (cross-cutting),مالك المنصة / مسؤول التشغيل (يُحدَّد),أن تضمن القاعدة نفسها عدم التكرار والتكامل داخل كل خدمة والأداء.,"كل تغيير schema بترحيل حقيقي (لا تعديل يدوي للإنتاج)؛ FKs داخل الخدمة بقرارات ON DELETE صريحة؛ قيود فريدة على المفاتيح الطبيعية (sku، warehouse.code، batch(product+lot)، employeeCode، linkedUserId، (productId,sequence)، (payrollRunId,employeeId)، idempotency_key، invoices.order_id)؛ فهارس على FKs والحقول المفلترة ((type, created_at) للحركات، name_en للمنتجات)؛ قيود CHECK على الأرصدة.",,,,,,لا ينطبق (متطلب غير وظيفي),AC-NFR-029-1: بافتراض إدخالين متزامنين بنفس sku، عندما يُنفذان، فإن واحدًا فقط ينجح. | AC-NFR-029-2: بافتراض فحص المخطط في CI، عندما يوجد عمود FK بلا فهرس أو حقل status نصي حر، فإنه يُبلَّغ. | AC-NFR-029-3: بافتراض رصيد مخزون، عندما يُحاول تحديثه إلى on_hand<0، فإن القاعدة ترفض.,PARTIAL,PARTIAL,Unknown,,,,"فهارس inventory_transactions(type, created_at) وproducts(name_en) مضافة (load-test remediation)؛ 23 عمود FK بلا فهرس و7 status نصية (DB-06)؛ لا CHECK على الأرصدة (DB-05) [B][C]",,,لا CHECK للأرصدة؛ فهارس FK ناقصة؛ حقول حالة نصية؛ (تاريخ ترحيلات المحاسبة عُدل يدويًا DB-01 — ضمن C10).,الاعتماد على التطبيق وحده لمنع أرصدة سالبة.,P2,سلامة بيانات مع ضوابط تطبيقية قائمة.,,,,DB-05 | DB-06 | DB-01,CHECK (on_hand>=0 AND reserved<=on_hand)؛ enums للحالات؛ فهارس FK.,DAR-03 | DAR-04 | DAR-05 | DAR-06 | DAR-07 | DAR-10 | DAR-14,REQ-NFR-011 | REQ-NFR-012 | REQ-OPS-015 | REQ-OPS-016,,docs/ERP-DATA-GAP-ANALYSIS.md:66 (2026-09-01; B3-0096) | docs/audit/load-test-2026-09-08.md:84-86 (2026-09-08; B6a-0402)
REQ-NFR-030,C9,أهداف الأداء واختبار الحمل على staging ببيانات بحجم الإنتاج قبل الإطلاق,OWNER_DECISION,owner (unnamed),PLATFORM_NFR (cross-cutting),مالك المنصة / مسؤول التشغيل (يُحدَّد),التأكد أن النظام يخدم العمل اليومي تحت الحمل الواقعي.,قبل الإطلاق: k6 على staging ببيانات بحجم الإنتاج وتوزيع واقعي (80% حركات على 5% منتجات، 80% أوامر على 20% عملاء) بأهداف p95 < 500ms وأخطاء < 1% لـ50 مستخدمًا متزامنًا، مع رصد p99 وتشبع pool وتأخر Redpanda والذاكرة؛ حالة سباق تخصيص الدفعة (2 أمر × نفس الدفعة × 100 تكرار → المخصص ≤ المتاح)؛ اختبار دخان عبر الخدمات (أمر→تخصيص→فاتورة→دفع→شحن).,,,,,,لا ينطبق (متطلب غير وظيفي),AC-NFR-030-1: بافتراض staging ببيانات بحجم الإنتاج، عندما يُشغَّل سيناريو k6 لـ50 مستخدمًا، فإن p95 < 500ms ونسبة الأخطاء < 1%. | AC-NFR-030-2: بافتراض اختبار سباق التخصيص 100 تكرار، عندما ينتهي، فإن المخصص لم يتجاوز المتاح في أي تكرار. | AC-NFR-030-3: بافتراض نتائج الحمل، عندما تُوثق، فإنها تُحفظ بتاريخ وcommit وبيئة.,NOT_VERIFIED (لا نتائج حمل على HTTP أو staging؛ اختبار 09-08 على طبقة القاعدة محليًا),NOT_VERIFIED (لا نتائج حمل على HTTP أو staging),Unknown,,,,,,سكربت k6 موجود حسب الوثائق (spec/سكربت موجود، لم يُشغَّل)؛ load-test-2026-09-08 على PostgreSQL محلي فقط,لا قياس فعلي على HTTP أو بيئة مماثلة للإنتاج؛ أحجام الإنتاج غير معروفة.,تدهور غير متوقع عند نمو البيانات في العمل اليومي.,P2,قد يعطل العمليات اليومية لكن الأحجام الحالية منخفضة.,,DEC-NFR-11,ما عدد المستخدمين المتزامنين المتوقع وأحجام العملاء/الحركات خلال 12 شهرًا؟,,بيانات staging مولدة بتوزيع واقعي أو نسخة مخففة (masked) من الإنتاج.,DAR-05 | DAR-06 | DAR-13 | DAR-15 | DAR-17,REQ-NFR-028 | REQ-NFR-031 | REQ-NFR-037,,docs/audit/2026-09-20-backlog-traceability-ar.md:212 (2026-09-20; B4b-0117) | QA-REPORTS/06-performance-testing.md:43-44 (2026-09-21; B6c-0271) | QA-REPORTS/21-load-concurrency-testing.md:22-28 (2026-09-21; B6c-0315) | docs/audit/load-test-2026-09-08.md:17 (2026-09-08; B6a-0398) | docs/audit/load-test-2026-09-08.md:157 (2026-09-08; B6a-0410) | QA-REPORTS/08-api-integration-testing.md:35-36 (2026-09-21; B6c-0280) | docs/audit/load-test-2026-09-08.md:39 (2026-09-08; B6a-0400)
REQ-NFR-031,C9,قابلية التوسع: حجم pool محدد، تحديد معدل بمخزن مشترك، خدمات عديمة الحالة، ومهام ثقيلة غير متزامنة,INFERRED_NEEDS_APPROVAL,auditor,PLATFORM_NFR (cross-cutting),مالك المنصة / مسؤول التشغيل (يُحدَّد),السماح بتشغيل أكثر من نسخة دون مضاعفة الحدود أو استنزاف اتصالات القاعدة.,حجم pool لكل خدمة مضبوط بحيث مجموع الخدمات < حد اتصالات القاعدة؛ throttling وعدادات الجلسة على مخزن مشترك عند تعدد النسخ؛ الخدمات عديمة الحالة؛ الاستيراد الكبير كوظيفة غير متزامنة قابلة لإعادة المحاولة (اختياري)؛ لا طبقة cache مطلوبة حاليًا.,,,,,,لا ينطبق (متطلب غير وظيفي),AC-NFR-031-1: بافتراض نسختين من خدمة iam، عندما يحاول مهاجم 10 تسجيلات دخول في دقيقة، فإن الحد 5/د يُطبق إجماليًا لا لكل نسخة. | AC-NFR-031-2: بافتراض كل الخدمات بأقصى pool، عندما يُحسب مجموع الاتصالات، فإنه أقل من max_connections مع هامش.,NOT_IMPLEMENTED,NOT_IMPLEMENTED,Unknown,,,لا connection_limit في أي apps/*/src [C] (grep فارغ)؛ ThrottlerModule بذاكرة العملية؛ لا ioredis/redis في الكود [B][C],,,,لا مخزن مشترك ولا ضبط pool؛ ادعاء وثيقة QA بوجود Redis للجلسات غير مطابق للكود.,الإنتاج الحالي نسخة واحدة لكل خدمة، فالأثر مستقبلي عند التوسع.,P3,لا أثر حالي (نسخة واحدة).,,DEC-NFR-08,,SEC-07,—,DAR-07 | DAR-15 | DAR-20,REQ-NFR-002 | REQ-NFR-030 | REQ-NFR-032,,docs/audit/10-scalability.md:18 (2026-09-01; B6a-0183) | docs/audit/10-scalability.md:28 (2026-09-01; B6a-0184) | docs/audit/10-scalability.md:29 (2026-09-01; B6a-0185) | docs/audit/06-api.md:35 (2026-09-01; B6a-0141)
REQ-NFR-032,C9,مجدول موحد بقفل موزع وسجل تشغيل لكل مهمة ومنطقة زمنية للقاهرة,INFERRED_NEEDS_APPROVAL,AI agent,PLATFORM_NFR (cross-cutting),مالك المنصة / مسؤول التشغيل (يُحدَّد),تشغيل المهام الدورية (انتهاء الدفعات، الحجوزات المتقادمة، المطابقة الليلية) مرة واحدة لكل موعد وبأثر قابل للتدقيق.,كل مهمة دورية عبر حزمة @nile/scheduler المشتركة (لا setInterval/cron خاص): قفل Postgres advisory يمنع التشغيل المزدوج عبر النسخ، صف job_runs (RUNNING/SUCCESS/FAILED/SKIPPED_LOCKED) وحدث JobCompleted، المنطقة Africa/Cairo، SCHEDULER_ENABLED=false يعطل الجدولة مع بقاء التشغيل اليدوي بصلاحيات system.jobs.read/run؛ لا يبقى صف RUNNING للأبد.,BR-NFR-30,,,,,لا ينطبق (متطلب غير وظيفي),AC-NFR-032-1: بافتراض نسختين من inventory، عندما يحين موعد stale-reservations، فإن نسخة واحدة تنفذ والأخرى SKIPPED_LOCKED. | AC-NFR-032-2: بافتراض مهمة تجاوزت مهلتها، عندما تنتهي المعاملة، فإن صف job_runs يُغلق FAILED لا يبقى RUNNING. | AC-NFR-032-3: بافتراض مستخدم بلا system.jobs.run، عندما يطلب تشغيلًا يدويًا، فإن الاستجابة 403.,IMPLEMENTED,IMPLEMENTED,Unknown,,GET/POST /api/<svc>/jobs*؛ apps/web/app/api/system-jobs/route.ts:11-15 يغفل sales,packages/scheduler/src/job-runner.ts:43-92 pg_try_advisory_xact_lock + job_runs + JobCompleted [B][C]؛ scheduler.module.ts:30 Africa/Cairo,,,job-runner.spec.ts (spec موجود، لم يُشغَّل),صف RUNNING قد يعلق عند timeout؛ شاشة المهام تغفل sales؛ مرحلات outbox تعمل بـsetInterval (مقبول كمرحل).,منخفض.,P3,مطبق مع حالات حافة.,,DEC-NFR-04,,INT-07 | WEB-03,"job_runs(id, job, status, started_at, finished_at, error, triggered_by) لكل خدمة.",DAR-07 | DAR-15,REQ-NFR-024 | REQ-OPS-034,,docs/P0-IMPLEMENTATION-PLAN.md:262-273 (unknown; B5a-0123) | packages/scheduler/README.md:3-9 (unknown; B6c-0246) | docs/PROMPT-P1-P3-IMPLEMENTATION.md:46 (unknown; B5a-0163)
REQ-NFR-033,C9,سياسة احتفاظ وأرشفة للبيانات التشغيلية والتدقيقية,INFERRED_NEEDS_APPROVAL,AI agent,PLATFORM_NFR (cross-cutting),مالك المنصة / مسؤول التشغيل (يُحدَّد),منع النمو غير المحدود مع الالتزام بمدد الاحتفاظ القانونية للتدقيق والمرفقات.,تُحدد وتُنفذ مدد احتفاظ/أرشفة لكل من: processed_events، جداول outbox المنشورة، job_runs، dead_letter_messages المحلولة، audit_logs المحلية، audit_events (أرشفة لا حذف قبل المدة القانونية)، المرفقات، بيانات AI؛ مع مهمة مجدولة مدققة.,,,,,,لا ينطبق (متطلب غير وظيفي),AC-NFR-033-1: بافتراض مدة احتفاظ معتمدة لـprocessed_events (مثلًا 90 يومًا)، عندما تعمل مهمة التنظيف، فإن الصفوف الأقدم تُحذف ويُسجل JobCompleted بعددها. | AC-NFR-033-2: بافتراض صف audit_events أحدث من المدة القانونية، عندما تعمل أي مهمة أرشفة، فإنه لا يُحذف.,NOT_IMPLEMENTED,NOT_IMPLEMENTED,Unknown,,,لا كود حذف/احتفاظ لأي من الجداول المذكورة [B][C] (grep deleteMany/retention فارغ),,,,لا سياسة ولا تنفيذ.,نمو غير محدود للجداول وغياب أساس قانوني لمدد حفظ التدقيق.,P3,لا أثر قريب؛ يحتاج قرارًا قانونيًا.,,DEC-NFR-02,ما مدد الاحتفاظ القانونية المطلوبة للتدقيق والمستندات المالية والمرفقات؟,DB-11 | WEBEVT-18,"عمود created_at مفهرس في كل جدول قابل للتنظيف؛ جدول سياسات احتفاظ (table, days, mode=delete|archive).",DAR-07 | DAR-12 | DAR-17 | DAR-18,REQ-NFR-015 | REQ-NFR-018 | REQ-NFR-034 | REQ-R2R-036 | REQ-SEC-061,,docs/audit/21-p0-p1-remediation.md:1040-1041 (2026-09-07; B6b-0053)
REQ-NFR-034,C9,تخزين المرفقات خارج القاعدة مع تحقق صارم من الحجم والصيغة ومسار محمي وتخزين دائم,INFERRED_NEEDS_APPROVAL,AI agent,PLATFORM_NFR (cross-cutting),مالك المنصة / مسؤول التشغيل (يُحدَّد),حفظ إثباتات التسليم والتواقيع بأمان دون تضخيم القاعدة.,لا تُخزن الصور في القاعدة؛ الصف يحفظ المفتاح والنوع والحجم ووقت الالتقاط؛ القراءة من مسار محمي بالصلاحية؛ التحقق من الحجم (2MB توقيع، 5MB صورة) والصيغة الحقيقية (magic bytes)؛ رفض ../ والمسارات المطلقة؛ التخزين على وحدة دائمة أو مخزن كائنات (S3/R2/MinIO) قابل للتبديل دون ترحيل بيانات.,BR-NFR-31,,,,صيغة/حجم غير صالح ← 400؛ مسار هارب ← رفض.,لا ينطبق (متطلب غير وظيفي),AC-NFR-034-1: بافتراض ملف PNG بامتداد jpg أو حجم 6MB، عندما يُرفع كإثبات تسليم، فإنه يُرفض 400. | AC-NFR-034-2: بافتراض مفتاح تخزين ../../etc/passwd، عندما يُطلب، فإن الخدمة ترفضه. | AC-NFR-034-3: بافتراض إعادة إنشاء حاوية sales، عندما يُطلب إثبات تسليم سابق، فإن الملف ما زال متاحًا.,PARTIAL,PARTIAL,Unknown,,,apps/sales/src/modules/shipments/storage/file-storage.service.ts:24-32 magic bytes وحدود 2/5MB، :89-91 حارس المسار [B][C],UPLOAD_DIR غير مربوط بأي volume في docker-compose.production.yml [B][C],,,المرفقات على قرص الحاوية بلا volume ⇒ تُفقد عند إعادة الإنشاء؛ لا مدة احتفاظ.,فقد إثباتات تسليم وفواتير موقعة (دليل تحصيل).,P1,فقد مستندات إثبات مرتبطة بالتحصيل.,,DEC-NFR-01 | DEC-NFR-02,قرص محلي بوحدة دائمة أم مخزن كائنات (S3/R2/MinIO)؟ وما الحجم الأقصى ومدة الاحتفاظ؟,SAL-13,جدول مرفقات: storage_key فريد، mime، size، sha256، captured_at، uploaded_by، entity_type/id.,DAR-04 | DAR-06 | DAR-12 | DAR-20,REQ-INV-063 | REQ-NFR-033 | REQ-O2C-056,,docs/DECISIONS-AR.md:246-249 (2026-09-14; B1-0047) | docs/DECISIONS-AR.md:244-245 (2026-09-14; B1-0046) | docs/DECISIONS-AR.md:250 (2026-09-14; B1-0048)
REQ-NFR-035,C9,سياسة PWA وعدم العمل المالي دون اتصال: كاش للأصول العامة فقط، لا تخزين API/HTML ولا طابور كتابة,OWNER_DECISION,owner (unnamed),PLATFORM_NFR / UX,مالك المنصة / مسؤول التشغيل (يُحدَّد),تطبيق قابل للتثبيت دون مخاطر بيانات قديمة صامتة (بيع دفعة مستدعاة) أو تسرب بيانات حساسة للكاش.,تطبيق PWA بـmanifest وService Worker مسجل في الإنتاج وسياق آمن فقط؛ يخزن offline.html والأيقونات وchunks الثابتة المجزأة فقط؛ لا تخزين لاستجابات API أو HTML أو RSC، لا اعتراض POST، لا background sync ولا طابور أموال، لا skipWaiting إجباري فوق نموذج نشط؛ no-store على /api و/dashboard؛ أي كاش مستقبلي للبيانات المرجعية بـTTL قصير وشارة «مخزن بتاريخ» والكتابة والمخزون الحي شبكة فقط.,BR-NFR-32,,,,,لا ينطبق (متطلب غير وظيفي),AC-NFR-035-1: بافتراض المستخدم دون اتصال، عندما يحاول تسجيل تحصيل، فإن العملية لا تُقبل ولا تُخزن للإرسال لاحقًا. | AC-NFR-035-2: بافتراض فحص Cache Storage بعد جلسة عمل، عندما يُفحص، فلا يحتوي أي استجابة /api أو صفحة dashboard. | AC-NFR-035-3: بافتراض إصدار جديد للتطبيق أثناء ملء نموذج، عندما يُنشر، فإن النموذج لا يُعاد تحميله قسرًا.,IMPLEMENTED,IMPLEMENTED,Unknown,apps/web/public/sw.js:1-30 (متطابق B/C): لا تخزين /api، التنقل شبكة مع offline.html، cache-first لـ/_next/static فقط؛ next.config.js no-store على /api و/dashboard,,,,,,لا فجوة.,—,P4,مطبق كما قرر المالك.,,,,,لا تخزين بيانات أعمال على الجهاز.,DAR-03 | DAR-13,REQ-CRM-034 | REQ-CRM-035 | REQ-NFR-007 | REQ-NFR-036 | REQ-SEC-064,,docs/audit/2026-09-20-backlog-traceability-ar.md:58 (2026-09-20; B4b-0023) | docs/audit/2026-09-20-backlog-traceability-ar.md:53 (2026-09-20; B4b-0018) | docs/audit/2026-09-20-backlog-traceability-ar.md:54 (2026-09-20; B4b-0019) | docs/QA-DECISIONS-AR.md:33-35 (2026-09-21; B1-0188) | docs/audit/production-program/PHASE-0-ARCHITECTURE.md:102-103 (2026-09-16; B6a-0326) | docs/audit/production-program/PHASES-0-4-REPORT.md:50-55 (2026-09-16; B6a-0343) | QA-REPORTS/14-pwa-testing.md:16-19 (2026-09-21; B6c-0295)
REQ-NFR-036,C9,نفس الخدمات والـAPIs للويب والجوال (تصميم متجاوب لا تطبيق منفصل),OWNER_DECISION,owner (unnamed),PLATFORM_NFR / UX,مالك المنصة / مسؤول التشغيل (يُحدَّد),تجنب منطق مزدوج ومسارات مختلفة للهاتف.,الويب والجوال يستخدمان نفس الخدمات والـAPIs؛ تغيير الوحدة في قائمة الهاتف لا يغلق التنقل وحده؛ لا backend خاص بالجوال.,,,,,,لا ينطبق (متطلب غير وظيفي),AC-NFR-036-1: بافتراض شاشة أمر على عرض 375px، عندما تُرسل، فإنها تستدعي نفس endpoint المستخدم على سطح المكتب. | AC-NFR-036-2: بافتراض المستخدم يغير الوحدة في قائمة الهاتف، عندما يختارها، فإن القائمة تبقى مفتوحة حتى اختيار صفحة.,IMPLEMENTED,IMPLEMENTED,Unknown,لا مسارات جوال منفصلة في apps/web/lib/api.ts؛ test:responsive (spec موجود، لم يُشغَّل),,,,,,لم يُتحقق على أجهزة فعلية.,—,P4,مطبق معماريًا.,,,,,—,,REQ-NFR-009 | REQ-NFR-035 | REQ-SEC-063,,docs/roadmap/2026-09-19-customer-field-execution-ar.md:13 (2026-09-19; B1-0234)
REQ-NFR-037,C9,أدلة التحقق: تغطية اختبارات، اختبارات على PostgreSQL حقيقي، اختبارات تزامن وسيناريوهات دخان مالية تُشغَّل في CI,OWNER_DECISION,owner (unnamed),PLATFORM_NFR (cross-cutting),QA / فريق التطوير,ألا يُوصف أي إصلاح مالي/مخزني بأنه منجز دون دليل تنفيذي على قاعدة حقيقية.,تغطية اختبارات بعتبات مفعلة لا تنخفض؛ اختبارات تكامل على PostgreSQL حقيقي (لا mocks فقط) تُشغَّل في CI ولا تُتخطى صامتة (describeIfDb يجب أن يجد قاعدة)؛ اختبارات تزامن (تخصيص، ائتمان، دفع) وإعادة تسليم أحداث وحقن أعطال؛ سيناريوهات دخان إلزامية: الإلغاء بعد الفوترة، الشيك المرتد، أمر لمندوب غير مالك، اعتماد مصروف بمستويين؛ اختبارات للخدمات بلا اختبارات (organization، crm، incentives، audit-aggregator) وللمنطق الحرج (AuthService، saga، محرك التخصيص، حساب الدفتر)؛ e2e في متصفح قبل أي إطلاق.,BR-NFR-36,,,,,لا ينطبق (متطلب غير وظيفي),AC-NFR-037-1: بافتراض CI على فرع الإصدار، عندما يكتمل، فإن عدد مجموعات التكامل المتخطاة = 0 وكلها نُفذت على PostgreSQL. | AC-NFR-037-2: بافتراض سيناريو الشيك المرتد، عندما يُشغَّل في CI، فإنه ينجح ويتحقق من أثر الخزينة والعمولة والتدقيق. | AC-NFR-037-3: بافتراض انخفاض التغطية عن العتبة في أي حزمة، عندما يُشغل CI، فإنه يفشل.,PARTIAL,PARTIAL,Unknown,,,,,,specs تكامل موجودة (credit-race، allocation-issue، ledger-dedup، intake-dedup، pricing-persistence، saga-processed-events) — موجودة ولم تُشغَّل في هذا التدقيق؛ تُتخطى بلا قاعدة (describeIfDb)؛ عتبات تغطية في 14 ملف jest (حسب وثيقة QA، لم يُتحقق من تفعيلها في CI),الاختبارات التكاملية مشروطة بقاعدة وقد تُتخطى؛ لا دليل تشغيل CI ناجح على الإصدار المرشح؛ وثيقة تنفيذ تمنع اختبارات القاعدة الحقيقية خلافًا لقرار المالك.,إصلاحات مالية قد تُشحن دون تحقق فعلي من القيود والتزامن.,P1,بوابة ثقة لكل تغييرات المال والمخزون.,,DEC-NFR-05,,OPS-03 | GOV-02,قاعدة اختبار مؤقتة بالترحيلات الكاملة في CI؛ بيانات fixtures لا إنتاجية.,DAR-04 | DAR-05 | DAR-07 | DAR-09 | DAR-12,REQ-NFR-030 | REQ-NFR-039 | REQ-NFR-040 | REQ-OPS-029,,docs/audit/2026-09-20-backlog-traceability-ar.md:209 (2026-09-20; B4b-0114) | docs/audit/2026-09-20-backlog-traceability-ar.md:210 (2026-09-20; B4b-0115) | docs/audit/2026-09-20-backlog-traceability-ar.md:213 (2026-09-20; B4b-0118) | docs/audit/2026-09-20-ab-data-pdf-review-ar.md:150 (2026-09-20; B3-0140) | docs/audit/00-executive-summary.md:77 (2026-09-01; B6a-0026) | docs/audit/15-testing.md:19 (2026-09-01; B6a-0225) | docs/audit/15-testing.md:47 (2026-09-01; B6a-0230) | docs/audit/15-testing.md:49 (2026-09-01; B6a-0231) | docs/audit/17-maintainability.md:26 (2026-09-01; B6a-0242) | docs/PRODUCTION-READINESS-P0.md:156-173 (2026-09-23; B6c-0085) | QA-REPORTS/20-regression-testing.md:58-59 (2026-09-21; B6c-0313) | QA-REPORTS/20-regression-testing.md:39-57 (2026-09-21; B6c-0312) | QA-REPORTS/01-functional-testing.md:75-79 (2026-09-21; B6c-0256) | docs/QA-DECISIONS-AR.md:53-55 (2026-09-21; B1-0193) | docs/audit/19-production-readiness.md:117 (2026-09-01; B6a-0250) | docs/audit/19-production-readiness.md:115 (2026-09-01; B6a-0249) | docs/audit/production-program/PHASE-0-ARCHITECTURE.md:130-135 (2026-09-16; B6a-0330) | docs/audit/2026-09-20-phase0-discovery-audit-ar.md:505-514 (2026-09-20; B4b-0194) | docs/audit/19-production-readiness.md:119 (2026-09-01; B6a-0251)
REQ-NFR-038,C9,حوكمة التنفيذ: الاستكشاف والتدقيق قبل أي تغيير، ولا تنفيذ لبند قبل الإجابة على قراراته التجارية,OWNER_DECISION,owner (unnamed),PLATFORM_NFR (cross-cutting),المالك,منع المنفذ (بما فيه وكلاء AI) من الاختيار نيابة عن العمل.,يبدأ أي عمل بمرحلة DISCOVERY + AUDIT قراءة فقط دون تغيير قبل المراجعة؛ البند الذي يعتمد على قرار عمل لا يُنفذ حتى يُسجل القرار (مسموح فقط بتغييرات حافظة للسلوك أو اختبارات)؛ إصلاح العيوب المالية الحية قبل التوسع؛ كل موجة قابلة للشحن وتعيد بوابات P0.,BR-NFR-33,,,,,المنفذ لا يعتمد قراراته؛ القرار يُسجل باسم معتمِد.,AC-NFR-038-1: بافتراض بند مرتبط بقرار مفتوح، عندما يُفتح PR لتنفيذه، فإنه يُرفض في المراجعة ما لم يشر لقرار مسجل باسم معتمِد. | AC-NFR-038-2: بافتراض بدء مرحلة جديدة، عندما تُراجع مخرجاتها الأولى، فإنها تقرير استكشاف بلا تعديل كود.,NOT_APPLICABLE (ضابط عملية لا كود),NOT_APPLICABLE (ضابط عملية لا كود),Unknown,,,,,,,قرارات نُفذت بلا تسجيل (BD-2/BD-7)، وقرارات منسوبة لمالك بلا اسم.,سلوك نظام لم يعتمده العمل.,P2,ضابط حوكمة.,,,,GOV-01 | GOV-04,سجل قرارات (id، نص، معتمِد بالاسم، تاريخ، بنود متأثرة).,DAR-12,REQ-NFR-039 | REQ-OPS-033,,"docs/audit/2026-09-20-phase0-discovery-audit-ar.md:5,572 (2026-09-20; B4b-0126) | docs/P1-BUSINESS-DECISION-PACK.md:389,402,419 (2026-09-24; B2-0077) | docs/P1-1C-IMPLEMENTATION-READINESS.md:187-189 (2026-09-24; B2-0199) | docs/P1-AUDIT.md:260-265 (2026-09-24; B2-0157)"
REQ-NFR-039,C9,مصدر حالة واحد قابل للتحقق وإغلاق البنود بدليل فحص آلي لا بجملة في وثيقة,INFERRED_NEEDS_APPROVAL,"AI agent, QA, auditor",PLATFORM_NFR (cross-cutting),المالك / QA,إنهاء تضارب وثائق الحالة (RTM، Go-Live، Coverage، PDFs) وادعاءات الاكتمال غير المثبتة.,مصدر حالة واحد (YAML في المستودع) يُولد من CI؛ كل بند يُغلق فقط بنقطة تحقق آلية تنجح (وفي الإنتاج للبنود التشغيلية)؛ كل topic جديد عبر asyncapi وكل مسار بصلاحية كتالوج؛ كل تغيير مالي يضيف سيناريو دخان؛ مراجعة خروج الموجة بحضور المالك والمحاسب وQA؛ ADR لأي انحراف؛ ملف السلوكيات المقصودة يُحدَّث مع أي تغيير لها؛ الفجوات المعروفة تُعلَّم TODO في الكود؛ لا توصف مرحلة Done قبل إغلاق فجواتها.,BR-NFR-34,,,,,لا ينطبق (متطلب غير وظيفي),AC-NFR-039-1: بافتراض بند مُعلَّم مغلقًا في ملف الحالة، عندما يُفحص، فإنه يشير إلى فحص CI محدد ونتيجته الناجحة. | AC-NFR-039-2: بافتراض وثيقتين بحالتين مختلفتين لنفس البند، عندما يُشغل مولد الحالة، فإن المصدر الوحيد يتغلب وتُعلَّم الأخرى قديمة.,NOT_IMPLEMENTED,NOT_IMPLEMENTED,Unknown,,,لا ملف حالة مولد من CI؛ RTM يدعي 100% VERIFIED بأرقام متناقضة (60 مقابل 62 مقابل 56),,,,أربعة مصادر حالة متعارضة وأدلة سابقة سُحبت لعدم صحتها.,قرارات إطلاق مبنية على ادعاءات غير صحيحة.,P2,ضابط حوكمة يحمي قرار الإطلاق.,,DEC-NFR-06,,GOV-01 | GOV-02,ملف status.yaml: id، الحالة، فحص CI، آخر نتيجة، commit.,DAR-08 | DAR-15,REQ-NFR-037 | REQ-NFR-038 | REQ-NFR-040,,docs/audit/2026-09-20-ab-data-pdf-review-ar.md:152 (2026-09-20; B3-0141) | Data/AB DATA/Nile ERP Gap Analysis.pdf:p.8 (2026-09-13; B3-0354) | docs/audit/2026-09-20-ab-data-pdf-review-ar.md:176-178 (2026-09-20; B3-0151) | docs/audit/production-program/PHASES-5-10-REPORT.md:148 (2026-09-16; B6a-0387) | docs/QA-DECISIONS-AR.md:3 (2026-09-21; B1-0180) | docs/audit/16-ai-technical-debt.md:37 (2026-09-01; B6a-0239)
REQ-NFR-040,C9,تعريف الاكتمال والقبول للإطلاق: الشركة تعمل يوميًا على النظام دون جداول موازية، بتحقق شخص غير المنفذ,DOCUMENTED_REQ,"AI agent, auditor",PLATFORM_NFR (cross-cutting),المالك / المحاسب / QA,معيار واحد قابل للتحقق لقرار الإطلاق.,النظام مكتمل في الإنتاج عندما يتحقق شخص غير المنفذ من: مطابقة كل البيانات لورقة القطع الموقعة ولا جدول موازٍ؛ كل مستخدم بدور persona وفحص SoD صفري؛ رحلة الأمر بكل المسارات متسقة؛ الشيك المرتد والعكس والإلغاء متسقة؛ كل تنبيه يصل شخصًا وsaga/DLQ يُلاحظ خلال ساعة؛ الاستدعاء يجمد ويُنتج قائمة العملاء؛ تكلفة الاستيراد ومطابقة ودفع الموردين وأعمار AR/AP؛ قبول ETA وإقرارات من لقطات مقفلة؛ إقفال شهري بميزان متوازن؛ رواتب شهرية؛ تحقق يومي للسلسلة وسجلات الترحيل والنسخ والاستعادة؛ سيناريوهات القبول تُشغَّل في بيئة معزولة مع مطابقة دفاتر العميل والمورد والخزنة والمخزون والقيد العام والعمولات؛ أي RED حرج في الأمن أو سلامة المال أو البيانات أو النشر يمنع الإطلاق.,BR-NFR-35,,,,,التحقق من شخص غير المنفذ.,AC-NFR-040-1: بافتراض قائمة شروط الاكتمال، عندما تُراجع قبل الإطلاق، فإن كل شرط له دليل موقع من شخص غير المنفذ. | AC-NFR-040-2: بافتراض وجود بند حرج RED مفتوح (مثل غياب نسخ احتياطي آلي)، عندما يُطلب الإطلاق، فإن البوابة ترفض. | AC-NFR-040-3: بافتراض شهر تشغيل، عندما يُقفل، فإن ميزان المراجعة متوازن ولا يوجد جدول Excel موازٍ لأي دفتر.,NOT_VERIFIED (معيار قبول إنتاجي؛ لا دليل إنتاج متاح),NOT_VERIFIED (معيار قبول إنتاجي؛ لا دليل إنتاج متاح),Unknown,,,,,,,تقييم التدقيق السابق RED؛ عدة شروط (نسخ احتياطي آلي، ETA، رواتب، دفتر في BASELINE) غير متحققة.,إطلاق مبكر يعني استمرار الجداول الموازية وأخطاء مال/مخزون.,P1,بوابة قرار تشغيل الشركة على النظام.,,,,OPS-04 | ACC-01 | GOV-02,ورقة قطع (cut-over) موقعة كمرجع للأرصدة الافتتاحية.,DAR-03 | DAR-04 | DAR-05 | DAR-07 | DAR-08 | DAR-09 | DAR-11 | DAR-13 | DAR-14 | DAR-15 | DAR-18 | DAR-19 | DAR-20,REQ-NFR-037 | REQ-NFR-039,,Data/AB DATA/Nile ERP Gap Analysis.pdf:p.1 (2026-09-13; B3-0338) | Data/AB DATA/Nile ERP Gap Analysis.pdf:p.8-9 (2026-09-13; B3-0355) | docs/audit/2026-09-18-company-workflows-vs-erp-ar.md:260 (2026-09-18; B3-0066) | docs/audit/19-production-readiness.md:3 (2026-09-01; B6a-0243) | docs/audit/19-production-readiness.md:78-90 (2026-09-01; B6a-0248) | Data/AB DATA/Nile ERP Gap Analysis.pdf:p.4-5 (2026-09-13; B3-0349)
REQ-NFR-041,C9,نقل الثوابت التجارية من الكود إلى إعدادات قابلة للتعديل ومدققة,INFERRED_NEEDS_APPROVAL,AI agent,PLATFORM_NFR (cross-cutting),مالك المنصة / مسؤول التشغيل (يُحدَّد),تمكين العمل من تغيير الحدود (حد اعتماد الأمر 100000، مدة الدفع 30 يومًا، حد التسوية الكبيرة 50) دون نشر كود.,الحدود التجارية تُخزن كإعدادات بصلاحية تعديل مخصصة وتُدقق تغييراتها (HIGH/CRITICAL للضريبة والائتمان) وتسري دون إعادة تشغيل.,,,,,,لا ينطبق (متطلب غير وظيفي),AC-NFR-041-1: بافتراض تغيير حد اعتماد الأمر إلى 150000 بواسطة مخول، عندما يُنشأ أمر بقيمة 120000، فإنه لا يذهب للاعتماد ويُسجل تغيير الإعداد في التدقيق. | AC-NFR-041-2: بافتراض مستخدم بلا صلاحية الإعدادات، عندما يحاول تعديل الحد، فإن الاستجابة 403.,NOT_IMPLEMENTED,NOT_IMPLEMENTED,Unknown,,,"عتبة 100,000 مكتوبة في الكود وتشمل الشحن (SAL-17) [B][C]",,,,الثوابت مكتوبة في الكود.,كل تغيير سياسة يتطلب تطويرًا ونشرًا.,P3,كفاءة/حوكمة؛ يوجد التفاف بالنشر.,,,,SAL-17 | GOV-06,جدول إعدادات (key، value، type، updated_by، updated_at، version) مع تدقيق.,DAR-12,REQ-NFR-020 | REQ-NFR-042 | REQ-O2C-008 | REQ-R2R-026,,docs/BUSINESS-FLOWS-COVERAGE-P0A-ASSESSMENT.md:1201 (2026-09-07; B4a-0061)
REQ-NFR-042,C9,ملف الشركة (إعدادات عامة): صف واحد للاسم القانوني والرقم الضريبي والسجل والعنوان والعملة وبداية السنة المالية,INFERRED_NEEDS_APPROVAL,AI agent,PLATFORM_NFR (cross-cutting),مالك المنصة / مسؤول التشغيل (يُحدَّد),مصدر واحد لبيانات الشركة المطبوعة على الفواتير والإقرارات.,جدول إعدادات شركة بصف واحد: الاسم القانوني عربي/إنجليزي، الرقم الضريبي، السجل التجاري، العنوان، الدولة EG، العملة EGP، شهر بداية السنة المالية؛ متوافق مع الفترات المالية؛ الرقم الضريبي لا يتكرر في جدولين ولا يُكتب في الكود.,,,,,,لا ينطبق (متطلب غير وظيفي),AC-NFR-042-1: بافتراض تعديل الرقم الضريبي في إعدادات الشركة، عندما تُطبع فاتورة جديدة، فإنها تحمل الرقم الجديد دون نشر كود. | AC-NFR-042-2: بافتراض محاولة إنشاء صف ثانٍ لإعدادات الشركة، عندما تُرسل، فإنها تُرفض.,NOT_IMPLEMENTED,NOT_IMPLEMENTED,Unknown,apps/web/app/dashboard/settings/company/page.tsx:5 PlaceholderPage [B][C],,رقم التسجيل الضريبي مكتوب في الكود (ACC-15),,,,لا جدول ولا API؛ الشاشة placeholder.,بيانات الشركة في الفواتير/الإقرارات ثابتة بالكود.,P3,يوجد التفاف (الكود)؛ أثر ضريبي محدود ما دامت القيم صحيحة.,,DEC-NFR-16,من يملك بيانات الشركة (accounting أم organization) ومن مصدر الرقم الضريبي وبداية السنة المالية؟,ACC-15,company_settings صف واحد (قيد singleton)، تدقيق التغييرات.,DAR-04 | DAR-10 | DAR-12,REQ-NFR-009 | REQ-NFR-041 | REQ-R2R-025 | REQ-R2R-035,,"docs/EMPTY-PAGES-DB-IMPACT-AR.md:51,176-207 (2026-09-15; B4b-0332) | docs/audit/22-production-remediation-master-plan.md:153 (2026-09-13; B6b-0097)"
REQ-NFR-043,C9,شاشات تشغيل للإدارة: السجلات (تدقيق، مهام مجدولة، DLQ) والتكاملات (قرائية من حالة القنوات والصحة),INFERRED_NEEDS_APPROVAL,AI agent,PLATFORM_NFR (cross-cutting),مالك المنصة / مسؤول التشغيل (يُحدَّد),رؤية المشغل لحالة النظام دون الدخول للخادم.,/dashboard/system/logs تعرض أحداث التدقيق بفلاتر وسجل المهام المجدولة ورسائل DLQ والتحقق من السلسلة؛ /dashboard/settings/integrations تعرض التكاملات المفعلة والناقصة (أسماء متغيرات ناقصة) من /notifications/channels وsystem-health؛ اختياريًا جدول Integration للتشغيل/الإيقاف مع تدقيق.,,,,,,لا ينطبق (متطلب غير وظيفي),AC-NFR-043-1: بافتراض مستخدم بـaudit.events.read، عندما يفتح شاشة السجلات، فإنه يرى أحداث التدقيق والمهام وDLQ ويستطيع تشغيل التحقق من السلسلة. | AC-NFR-043-2: بافتراض قناة SMS بلا متغيرات، عندما تُفتح شاشة التكاملات، فإنها تظهر غير مفعلة مع أسماء المتغيرات الناقصة دون قيم.,IMPLEMENTED,IMPLEMENTED,Unknown,"apps/web/app/dashboard/system/logs/page.tsx:333,506 (auditApi.recent/verify، system-jobs) [B][C] — لا PlaceholderPage؛ settings/integrations/page.tsx يستخدم notificationsApi.channels وauditApi.dlqStats وsystem-health [B][C]",,,,,,ادعاءات الوثائق بأنها placeholder قديمة؛ لا تشغيل/إيقاف للتكاملات (اختياري).,—,P4,مطبق.,,DEC-NFR-16,,WEB-03,—,DAR-07 | DAR-12 | DAR-13,REQ-NFR-024 | REQ-NFR-025,,docs/EMPTY-PAGES-DB-IMPACT-AR.md:44 (2026-09-15; B4b-0325) | docs/EMPTY-PAGES-DB-IMPACT-AR.md:48 (2026-09-15; B4b-0329) | docs/EMPTY-PAGES-DB-IMPACT-AR.md:237 (2026-09-15; B4b-0338) | docs/P0-IMPLEMENTATION-PLAN.md:289-291 (unknown; B5a-0129)
REQ-NFR-044,C9,توثيق API (OpenAPI) وإصدار للمسارات التي قد يتغير شكلها,OPTIONAL_IMPROVEMENT,"QA, auditor",PLATFORM_NFR (cross-cutting),مالك المنصة / مسؤول التشغيل (يُحدَّد),تسهيل التكامل مع تطبيقات/عملاء خارجيين مستقبلًا.,توليد OpenAPI (@nestjs/swagger) بدءًا بخدمة products ثم التعميم؛ إصدار عبر header/URL للمسارات المعرضة لتغيير الشكل.,,,,,,لا ينطبق (متطلب غير وظيفي),AC-NFR-044-1: بافتراض خدمة products، عندما يُطلب /api/docs-json، فإنه يعيد مواصفة OpenAPI صالحة تغطي كل المسارات. | AC-NFR-044-2: بافتراض تغيير كاسر في استجابة مسار مُصدَّر، عندما يُنشر، فإن الإصدار السابق يبقى متاحًا.,NOT_IMPLEMENTED,NOT_IMPLEMENTED,Unknown,,لا @nestjs/swagger في أي خدمة (حسب QA 08),,,,,لا توثيق ولا إصدار.,لا أثر حالي (لا عميل خارجي).,P4,تحسين اختياري.,,,,,—,,REQ-NFR-013,,docs/audit/06-api.md:33 (2026-09-01; B6a-0140) | QA-REPORTS/08-api-integration-testing.md:24-33 (2026-09-21; B6c-0279)
REQ-NFR-045,C9,معيار موحد للاستيراد والتصدير: عقد بيانات typed لكل نطاق وإعادة استخدام نفس الدلالات,DOCUMENTED_REQ,AI agent,PLATFORM_NFR (cross-cutting),مالك المنصة / مسؤول التشغيل (يُحدَّد),منع معالجة ملفات مخصصة لكل شاشة وتوحيد سلوك CSV/XLSX/PDF والقوالب والرفع الجماعي.,كل نطاق يعرض عقد بيانات typed ويعيد استخدام حزمتي import-kit/export-kit لنفس الدلالات (CSV، XLSX، PDF، قوالب، رفع جماعي، تقارير) مع حماية من حقن الصيغ وتدقيق للتصدير الحساس.,,,,,,لا ينطبق (متطلب غير وظيفي),AC-NFR-045-1: بافتراض تصدير أي جدول إلى CSV، عندما تحتوي خلية على =HYPERLINK، فإنها تُهرَّب. | AC-NFR-045-2: بافتراض شاشة استيراد جديدة، عندما تُراجع، فإنها تستخدم import-kit لا محللًا خاصًا.,PARTIAL,PARTIAL,Unknown,,,packages/import-kit [B][C]؛ packages/export-kit [C] فقط,,,import-templates.spec / export-kit index.test.ts (specs موجودة، لم تُشغَّل),export-kit غير موجود في BASELINE؛ لم يُتحقق من استخدام موحد عبر كل الشاشات؛ تدقيق التصدير الحساس غير مبني.,سلوك تصدير غير متسق وإمكانية حقن صيغ في شاشات غير موحدة.,P3,كفاءة/تقارير.,,,,,—,DAR-12 | DAR-13 | DAR-18 | DAR-20,REQ-CRM-014 | REQ-NFR-020 | REQ-OPS-009 | REQ-R2R-058,,docs/BACKEND-DATA-IO-STANDARD.md:5-13 (unknown; B3-0253)
REQ-NFR-046,C9,صمود الخدمات أمام تعطل الوسيط أو القاعدة: التقاط فشل الإقلاع، إعادة اتصال المستهلك بتراجع أُسّي دون إعادة تشغيل، ومعالجات أخطاء العملية,INFERRED_NEEDS_APPROVAL,auditor,PLATFORM_NFR (cross-cutting),مالك المنصة / مسؤول التشغيل (يُحدَّد),ألا يتوقف استهلاك الأحداث (تدقيق، محاسبة، حوافز) بصمت عند انقطاع Kafka مؤقتًا، وألا تبقى خدمة نصف حية بعد خطأ غير ملتقط.,كل خدمة من التسع: bootstrap().catch يسجل الخطأ ويخرج بكود غير صفري؛ معالجات uncaughtException/unhandledRejection موحدة (تسجيل ثم خروج ليعيد المنسق التشغيل)؛ المستهلك يعيد الاتصال بحلقة تراجع أُسّي محدود السقف وينتقل إلى حالة الاستهلاك تلقائيًا عند توفر الوسيط لاحقًا دون إعادة تشغيل الحاوية، وتُعرض حالته في /health (REQ-NFR-025).,BR-NFR-38,,,,انقطاع الوسيط → إعادة محاولة بتراجع حتى 30 ث؛ خطأ غير ملتقط → خروج 1 وإعادة تشغيل من المنسق.,لا ينطبق (متطلب غير وظيفي),AC-NFR-046-1: بافتراض بدء خدمة مستهلكة والوسيط متوقف، عندما يبدأ الوسيط بعد دقيقتين، فإن المستهلك ينتقل إلى الاستهلاك ويعالج الرسائل المعلقة خلال ≤ 60 ثانية دون إعادة تشغيل الحاوية. | AC-NFR-046-2: بافتراض أي خدمة من التسع، عندما يُرمى خطأ غير ملتقط أو رفض غير معالج، فإن السجل يحتوي سطرًا موسومًا باسم الخدمة وتخرج العملية بكود 1. | AC-NFR-046-3: بافتراض فشل bootstrap (متغير ناقص أو قاعدة غير متاحة)، عندما تبدأ الخدمة، فإنها تسجل خطأً واحدًا موسومًا وتخرج بكود غير صفري خلال ≤ 30 ثانية. | AC-NFR-046-4: بافتراض اختبار chaos يقتل الوسيط أثناء النشر، عندما يعود، فإن عدد الأحداث المستهلكة في المجمّع يساوي عدد المنشورة (لا فقد).,IMPLEMENTED,IMPLEMENTED,Unknown,,,"bootstrap().catch + process.exit(1) في main.ts للخدمات التسع، مثال apps/sales/src/main.ts:41-44 [B][C]؛ uncaughtException/unhandledRejection في main.ts للتسع، مثال apps/sales/src/main.ts:11-17 [B][C]؛ حلقة runSupervised بتراجع أُسّي حتى MAX_RECONNECT_BACKOFF_MS=30000 packages/events/src/consumer.ts:74,245-260 [B][C]",,,"packages/events/src/consumer.spec.ts:101 (describe ... reconnect) و:293 [B][C] (spec exists, not run)؛ لا اختبار chaos آلي معروف",الكود يطبق النمط؛ السلوك الفعلي مع وسيط حقيقي واختبار chaos لعدم فقد الأحداث غير مُتحقق؛ لا إعادة محاولة اتصال بالقاعدة (السلوك المختار هو الفشل السريع).,توقف صامت للاستهلاك يعني فجوات في التدقيق والقيود المحاسبية والحوافز.,P2,ضبط سلامة البيانات عبر الخدمات؛ المنسق يعيد التشغيل كحل مؤقت.,REQ-NFR-025 | REQ-NFR-016 | REQ-NFR-037,,,,لا كيانات جديدة؛ حالة المستهلك (connected/lastError) تُكشف في /health.,DAR-15,REQ-NFR-016 | REQ-NFR-017 | REQ-NFR-025 | REQ-NFR-037,,docs/audit/12-failure-recovery.md:16 (2026-09-01; B6a-0201) | docs/audit/12-failure-recovery.md:20 (2026-09-01; B6a-0203) | docs/audit/17-maintainability.md:7 (2026-09-01; B6a-0240) | docs/audit/20-p0-p1-evidence-validation.md:252-253 (unknown; B6a-0288) | docs/audit/12-failure-recovery.md:20 (2026-09-01; B6a-0203) | docs/audit/17-maintainability.md:7 (2026-09-01; B6a-0240) | docs/audit/20-p0-p1-evidence-validation.md:252-253 (unknown; B6a-0288)
REQ-OPS-001,C10,ترحيل الأرصدة الافتتاحية لذمم العملاء بتاريخ قطع معتمد,INFERRED_NEEDS_APPROVAL,AI agent (لا اعتماد من المالك),Data cut-over & opening balances,المحاسب (توقيع الأرصدة) + مدير المالية (اعتماد تاريخ القطع),أن يعكس كشف حساب كل عميل ما كان مستحقًا عليه فعلًا قبل تشغيل ERP، دون ازدواج مع أي تاريخ مستورد.,"يُرحَّل الرصيد الافتتاحي لكل عميل (298 قيمة مستخرجة من ملف «حسابات العملاء») كقيد OPENING واحد في ledger_entries بعد استيراد العميل، بتاريخ occurredAt = تاريخ القطع المعتمد وبعملة مقررة، من ورقة أرصدة موقعة من المحاسب، مع مطابقة hash بين الورقة الموقعة والقيود المرحلة، وبدون مضاعفة أي تاريخ مستورد؛ رصيد أكبر عميل (كشف سلسلة بتنسيق مختلف، إجمالي 3,602,267.20 في الورقة) يُستبعد أو يُصحح يدويًا قبل الترحيل.",BR-OPS-25 | BR-OPS-26 | BR-OPS-27 | BR-OPS-28 | BR-OPS-46,ورقة أرصدة افتتاحية موقعة (عميل، رصيد، عملة، تاريخ القطع، hash الملف)؛ معرفات حسابات CRM المستوردة,قيد ledger_entries واحد refType=OPENING لكل عميل برصيد غير صفري؛ تقرير مطابقة (عدد/إجمالي/hash),اعتماد تاريخ القطع والعملة → استخراج الأرصدة → مراجعة وتوقيع المحاسب → استيراد/مطابقة العملاء → ترحيل OPENING بتاريخ القطع → تقرير مطابقة الإجمالي مع الورقة → اعتماد.,عميل غير مطابق أو غير مصنف: لا قيد ويُدرج في تقرير الاستثناءات؛ إعادة التشغيل لا تنشئ قيدًا ثانيًا؛ تصحيح رصيد بعد الترحيل بقيد تسوية معتمد لا بالحذف.,من يُعد الورقة ≠ من يوقعها (المحاسب) ≠ من يشغل الترحيل؛ اعتماد مدير المالية لتاريخ القطع.,AC-OPS-001-1: Given ورقة أرصدة موقعة لـN عميل مطابق برصيد غير صفري، When يُنفذ الترحيل، Then يوجد بالضبط N قيد OPENING ومجموع (مدين−دائن) يساوي إجمالي الورقة حتى القرش، وhash الورقة مسجل في تقرير التشغيل. | AC-OPS-001-2: Given تاريخ قطع معتمد D، When يُرحل أي قيد OPENING، Then تكون قيمة occurred_at = D وليس تاريخ التشغيل. | AC-OPS-001-3: Given تشغيل ثانٍ لنفس الورقة، When يكتمل، Then يكون عدد قيود OPENING الجديدة = 0. | AC-OPS-001-4: Given رصيد أكبر عميل غير معتمد في الورقة، When يُشغل الترحيل، Then لا يُنشأ له قيد ويظهر في تقرير الاستثناءات.,PARTIAL,PARTIAL,Unknown,لا شاشة لترحيل/اعتماد الأرصدة الافتتاحية (لا يوجد مسار HTTP؛ CSV العملاء لا يقبل عمود رصيد: [C] apps/crm/src/modules/accounts/accounts.service.ts:442),لا endpoint. المسار الوحيد حدث AccountCreated,"[B] apps/accounting/src/modules/saga-listener/saga-listener.service.ts:45,211-232 / [C] :51,218-239 ينشئ OPENING عند وجود opening_balance (idempotent). لكن المنشئ يرسل opening_balance: undefined ([B] apps/crm/src/modules/accounts/accounts.service.ts:238 / [C] :261) ومسار التأسيس لا يرسل الحقل ([B] customer-onboarding.service.ts:280 / [C] :284-290)؛ وسكربت الاستيراد [B][C] apps/crm/scripts/import-customers.ts:165-187 (متطابق) يكتب Account.openingBalance في CRM فقط دون أي حدث → لا قيد OPENING في Accounting.","[B][C] accounting LedgerEntry: occurredAt @default(now()) (cur schema.prisma:462) — لا يُمرر تاريخ القطع؛ @@unique([refType, refId]) (:469) يضمن قيدًا واحدًا؛ CRM Account.openingBalance Decimal(14,2) (cur crm schema.prisma:170)",crm.account.created (AccountCreated) — payload بلا قيمة رصيد فعلية,"saga-listener.service.spec.ts (spec exists, not run)؛ packages/import-kit/test/reconciliation.spec.ts لدالة reconcileMigrationData (SHA-256) غير مستدعاة من أي سكربت استيراد (grep) — ادعاء RTM «VERIFIED» (B5a-0061) غير مدعوم كاستخدام فعلي",آلية القيد موجودة لكن لا مسار يغذيها: الأرصدة محفوظة في CRM فقط (إن نُفذ الاستيراد) ولا تصل للأستاذ؛ لا تاريخ قطع، لا توقيع، لا مطابقة hash، لا عملة مقررة. كشوف العملاء وأعمار الديون ناقصة بمقدار الأرصدة السابقة.,ذمم مدينة مُقللة في كل كشف وتقرير ائتمان وتحصيل؛ قرارات ائتمان خاطئة؛ خطر ترحيل مزدوج إن أُصلح المسار دون ضبط.,P1,مال وسلامة بيانات: رصيد الذمم الافتتاحي غير موجود في الأستاذ.,REQ-OPS-002 | REQ-OPS-003 | REQ-OPS-005 | REQ-OPS-019 | DEC-OPS-01 | DEC-OPS-02,DEC-OPS-01 | DEC-OPS-02,ما تاريخ القطع والعملة؟ من يوقع ورقة الأرصدة؟ أي ورقة هي المرجع لرصيد أكبر عميل؟ وهل الأرصدة المكتوبة حاليًا في CRM (إن وجدت في الإنتاج) هي النسخة المعتمدة؟,DEPLOY-07,كيان «دفعة ترحيل افتتاحي» (cutover_batch: id، تاريخ القطع، العملة، hash الملف، الموقِّع، المعتمِد، الحالة DRAFT/SIGNED/POSTED) وسطر لكل عميل؛ قيد OPENING واحد لكل حساب (unique refType+refId قائم) بتاريخ occurredAt = تاريخ القطع ومرجع للدفعة؛ لا تعديل للقيد بعد الترحيل إلا بقيد تسوية؛ مصدر الحقيقة للرصيد = الأستاذ لا حقل CRM.openingBalance.,DAR-03 | DAR-04 | DAR-05 | DAR-06 | DAR-08 | DAR-10 | DAR-15 | DAR-20,REQ-OPS-008 | REQ-OPS-010 | REQ-R2R-016,,docs/audit/2026-09-18-company-workflows-vs-erp-ar.md:202-206 (2026-09-18; B3-0047) | docs/audit/2026-09-18-company-workflows-vs-erp-ar.md:206 (2026-09-18; B3-0048) | docs/ERP-DATA-GAP-ANALYSIS.md:45 (2026-09-01; B3-0091) | docs/ERP-CUSTOMER-IMPORT-RESULT.md:25-33 (2026-09-01; B3-0191) | docs/ERP-CUSTOMER-IMPORT-RESULT.md:112 (2026-09-01; B3-0198) | docs/REQUIREMENTS-TRACEABILITY-MATRIX.md:129 (unknown; B5a-0061) | docs/audit/2026-09-20-ab-data-pdf-review-ar.md:155-159 (2026-09-20; B3-0142) | Data/AB DATA/Nile ERP Gap Analysis.pdf:p.5-6 (2026-09-13; B3-0350)
REQ-OPS-002,C10,ملف «حسابات العملاء» هو المرجع الرئيسي لبيانات العملاء وأرصدتهم,OWNER_DECISION,owner (أكّده المالك 2026-09-02),Data cut-over & opening balances,المالك / المحاسب,تحديد مصدر واحد معتمد لبيانات العملاء الأساسية والأرصدة عند الانتقال.,ملف Excel «حسابات العملاء» (300 ورقة: فهرس «الرصيد» + ورقة لكل عميل) هو المرجع الرئيسي لحسابات العملاء، وهو نفسه مصدر import-customers.ts ولا مصدر آخر يُضاف.,BR-OPS-47,ملف Excel الأصلي (خارج النظام),JSON مستخرج (customers-extracted.json),استخراج خارج Node (Python/openpyxl) → JSON → سكربت الاستيراد.,ورقة بتنسيق مختلف (أكبر عميل) تُعالج يدويًا.,لا يوجد.,AC-OPS-002-1: Given تشغيل استيراد العملاء، When يُفحص تقرير التشغيل، Then يذكر مسار ملف المصدر وhash له ويطابق hash الملف المعتمد من المالك.,PARTIAL,PARTIAL,Unknown,—,—,[B][C] apps/crm/scripts/import-customers.ts:1-9 يوثق المصدر؛ لا تسجيل hash لملف المصدر في التقرير,—,—,لا اختبار. ملاحظة: الملف المستخرج (بيانات عملاء وأرصدة) محفوظ داخل git: [B][C] apps/crm/scripts/data/customers-extracted.json (أسماء ملفات فقط، لم يُفتح),المصدر معرّف لكن لا يُثبت hash المصدر في تقرير التشغيل، والبيانات المستخرجة مخزنة في المستودع.,صعوبة إثبات أن ما استُورد هو ما اعتمده المالك؛ تعرّض بيانات عملاء ومالية في git.,P2,ضبط وإثبات مصدر؛ يوجد بديل يدوي.,REQ-OPS-006,,هل تعتمد نسخة محددة من الملف (تاريخ/hash) كمرجع القطع؟,SEC-03,سجل مصدر الاستيراد: اسم الملف، hash، تاريخ النسخة، من سلمه؛ يرتبط بكل تشغيل استيراد.,DAR-03 | DAR-15 | DAR-17 | DAR-20,REQ-CRM-001 | REQ-OPS-001 | REQ-OPS-003,,docs/audit/customer-classification-rep-territory-2026-09-02.md:12-16 (2026-09-02; B1-0310)
REQ-OPS-003,C10,قواعد استيراد بيانات العملاء الأساسية (مطابقة تامة، لا تخمين، idempotent),DOCUMENTED_REQ,AI agent / auditor (وثائق المستودع),Data cut-over & opening balances,مشغل الاستيراد (تقني) بموافقة المالك,إدخال العملاء التاريخيين دون تكرار أو تصنيف مخترع أو كتابة فوق بيانات يدوية.,الاستيراد عبر import-kit: identify→normalize→validate→duplicate→match→create/update/skip→تقرير؛ dry-run افتراضي؛ المطابقة بـnameAr مطابقة تامة (لا تقريبية) ومستقلة عن نجاح التصنيف؛ النوع مطلوب فقط للإنشاء ولا يُخمن (غير المحسوم unresolved)؛ repId/territoryId تُعبأ فقط إن كانت null؛ إعادة التشغيل تنشئ صفر صفوف؛ الكود CUST-NNNN؛ مسار الاستيراد القديم منفصل بأكواد المصدر؛ منع التشغيل المتزامن وتمييز التقرير بين «غير محسوم» و«أنشأه تشغيل متزامن»؛ تشغيل dry-run ثم live ثم أرقام مطابقة.,BR-OPS-29 | BR-OPS-30 | BR-OPS-31 | BR-OPS-32 | BR-OPS-33,customers-extracted.json,Account في CRM + تقرير Markdown مطبوع,--dry-run (افتراضي) → مراجعة التقرير → --live → تحقق SQL (لا تكرار أسماء/أكواد).,نوع مفقود → unresolved؛ خطأ كتابة → unresolved ويستمر؛ لا قفل ضد التشغيل المتزامن (IMPORT-7).,التشغيل الحي بموافقة المالك (approved limited execution).,AC-OPS-003-1: Given تشغيلين متتاليين بنفس المصدر، When يكتمل الثاني، Then created = 0 ولا يوجد اسم أو كود عميل مكرر (GROUP BY = 0 صف). | AC-OPS-003-2: Given سجل بلا نوع ولا يطابق حسابًا قائمًا، When يُشغل الاستيراد، Then لا يُنشأ حساب ويُعد ضمن unresolved. | AC-OPS-003-3: Given حساب قائم repId غير فارغ، When يأتي المصدر بقيمة مختلفة، Then تبقى القيمة القائمة دون تغيير. | AC-OPS-003-4: Given تشغيلين متزامنين لنفس المصدر، When يكتملان، Then لا يوجد حساب مكرر ويُرفض أو يُقفل التشغيل الثاني.,PARTIAL,PARTIAL,Unknown,CSV منفصل في الواجهة (انظر REQ-OPS-009),— (سكربت CLI),"[B][C] apps/crm/scripts/import-customers.ts (متطابق): dry-run افتراضي :96؛ مطابقة تامة :140؛ unresolved عند نوع null في create :165-170؛ تعبئة null فقط :183-186؛ الكود من موضع السجل في المصفوفة generateCode :91,115 (IMPORT-5)؛ update يكتب openingBalance فوق القيمة القائمة دائمًا :180-187 (يخالف تعليق الملف «فقط إن كانت قيمة البذرة»)؛ لا قفل/تتبع تشغيل. packages/import-kit/src/runner.ts:72-151",CRM Account: code unique، nameAr unique (التحقق SQL في الوثائق),لا أحداث AccountCreated من السكربت (لا تبليغ للخدمات الأخرى),"packages/import-kit/test/csv.test.cjs وreconciliation.spec.ts فقط — لا spec للـrunner ولا للسكربت (spec exists for csv only, not run)",القواعد الأساسية منفذة؛ ناقص: قفل/تتبع التشغيل، كود مستقر غير معتمد على ترتيب الملف، تقرير مُثبت، اختبارات للـrunner، وكتابة openingBalance فوق قيم قائمة.,تشغيل متزامن أو إعادة ترتيب المصدر قد ينتج أكوادًا متعارضة؛ تعديل صامت لأرصدة CRM.,P2,سلامة بيانات أساسية مع وجود ضوابط جزئية وتشغيل يدوي محكوم.,REQ-OPS-002 | REQ-OPS-005 | DEC-OPS-03,DEC-OPS-02 | DEC-OPS-03,هل نُفذ import-customers.ts على قاعدة الإنتاج، ومتى، وبأي تقرير؟,,Account: code فريد ثابت من المصدر (لا من ترتيب الصفوف)، nameAr فريد، type NOT NULL بلا UNKNOWN؛ جدول import_runs (id، نوع، hash المصدر، الحالة، العدادات، المشغل) مع قفل استشاري لكل نوع استيراد.,DAR-03 | DAR-06 | DAR-07 | DAR-08 | DAR-10 | DAR-13 | DAR-15 | DAR-20,REQ-CRM-003 | REQ-CRM-015 | REQ-CRM-016 | REQ-OPS-004 | REQ-OPS-011,,docs/roadmap/2026-09-19-customer-field-execution-ar.md:36-37 (2026-09-19; B1-0245) | docs/audit/customer-classification-rep-territory-2026-09-02.md:71-74 (2026-09-02; B1-0315) | docs/ERP-DATA-GAP-ANALYSIS.md:41 (2026-09-01; B3-0089) | docs/ERP-DATA-CLOSURE-BASELINE.md:28 (2026-09-01; B3-0102) | docs/ERP-CUSTOMER-IMPORT-RESULT.md:3-9 (2026-09-01; B3-0188) | docs/ERP-CUSTOMER-IMPORT-RESULT.md:61 (2026-09-01; B3-0195) | docs/ERP-CUSTOMER-IMPORT-RESULT.md:65-91 (2026-09-01; B3-0196) | docs/ERP-CUSTOMER-IMPORT-RESULT.md:95-97 (2026-09-01; B3-0197) | docs/ERP-CUSTOMER-IMPORT-RESULT.md:118-125 (2026-09-01; B3-0200) | docs/audit/production-data-migration-preflight-2026-09-01.md:42-49 (2026-09-01; B3-0278) | docs/audit/production-data-migration-preflight-2026-09-01.md:59-71 (2026-09-01; B3-0281) | docs/audit/00-executive-summary.md:119 (2026-09-01; B6a-0038) | docs/audit/05-transactions-concurrency.md:70 (2026-09-01; B6a-0118) | docs/audit/05-transactions-concurrency.md:72 (2026-09-01; B6a-0119) | docs/audit/05-transactions-concurrency.md:118 (2026-09-01; B6a-0131) | docs/audit/09-performance.md:36 (2026-09-01; B6a-0181) | docs/audit/15-testing.md:55 (2026-09-01; B6a-0232) | docs/ERP-PRODUCTION-READINESS.md:8-8 (unknown; B6c-0038) | docs/ERP-PRODUCTION-READINESS.md:22-32 (unknown; B6c-0042) | docs/ERP-PRODUCTION-READINESS.md:88 (unknown; B6c-0050) | packages/import-kit/README.md:3-9 (unknown; B6c-0244) | packages/import-kit/README.md:30-34 (unknown; B6c-0245)
REQ-OPS-004,C10,إدراج هويات العملاء (816 اسمًا) إدراجًا فقط مع حجز البدائل,DOCUMENTED_REQ,AI agent (التنفيذ الإنتاجي أبلغ عنه QA),Data cut-over & opening balances,مشغل deploy على مضيف Docker,إضافة أسماء العملاء المعروفة بأمان دون عناوين أو أرصدة أو إسناد.,مستورد الهويات insert-only: 816 اسمًا مرشحًا ومصدرها فقط (لا عناوين/هواتف/أرصدة/أسعار/فواتير/إسناد مندوب)؛ النوع فقط من دلالة صريحة وإلا null (لا UNKNOWN ولا DOCTOR افتراضي)؛ قراءة كل الحسابات النشطة وغير النشطة؛ الأسماء البديلة المحتملة تُحجز لا تُدمج؛ إعادة حساب المطابقة داخل معاملة بعد قفل SHARE ROW EXCLUSIVE (مهلة قفل 5 ث، معاملة 120 ث)؛ تقارير JSONL خاصة (STARTED ثم مكتمل بالمعرفات وhash الحزمة)؛ التشغيل عبر deploy-customer-identities.sh COMMIT: معاينة ثم إدراج، يتوقف إن لم يجد حاوية crm واحدة بالضبط، لا migrations/seed/إعادة تشغيل، لا كلمات مرور في المحادثة.,BR-OPS-30 | BR-OPS-34 | BR-OPS-18,customer-identities-20260918*.json,Account جديدة + تقرير JSONL,تصدير الحزمة لمجلد خاص → معاينة → COMMIT → تقرير.,تعارض قفل → فشل آمن؛ انقطاع أثناء commit يُسوى بالأكواد الحتمية أو إعادة التشغيل؛ لا أحداث AccountCreated (لا تبليغ للخدمات).,—,AC-OPS-004-1: Given حزمة سبق إدراجها، When يُعاد التشغيل، Then عدد المدرج = 0. | AC-OPS-004-2: Given أكثر من حاوية crm، When يُشغل deploy-customer-identities.sh، Then يتوقف بخطأ دون كتابة. | AC-OPS-004-3: Given اسم بديل محتمل لعميل قائم، When يُشغل، Then يُحجز في التقرير ولا يُنشأ حساب.,IMPLEMENTED,IMPLEMENTED,Unknown,—,—,"[B][C] apps/crm/scripts/import-identities.cjs:51-53 (lock_timeout 5s، LOCK SHARE ROW EXCLUSIVE)، :80 تقرير 0600 بعلم wx؛ [B][C] scripts/deploy-customer-identities.sh:4,16-19 (حاوية واحدة وإلا exit 1)",CRM Account.type nullable حسب الوثيقة (لم يُتحقق من enum هنا),لا AccountCreated عمدًا,"[B][C] scripts/import-identities.test.cjs (spec exists, not run)",منفذ؛ نتيجة الإنتاج (142 مدرج، 237 بعد) مبلغ عنها فقط. لا أحداث لاحقة → الحسابات الجديدة لا تصل لأي خدمة تعتمد على AccountCreated.,حسابات بلا نوع (495) لا تصلح للبيع حتى التصنيف.,P3,أداة محكومة ومنفذة؛ المتبقي إثبات وتصنيف.,REQ-OPS-005,DEC-OPS-03,هل تؤكدون تنفيذ الدفعة على الإنتاج وتحتفظون بتقرير JSONL؟,,Account.type nullable حتى التصنيف مع حالة «بانتظار التصنيف» تمنع البيع؛ تقرير تشغيل محفوظ خارج المستودع مرتبط بـhash الحزمة.,DAR-08 | DAR-13 | DAR-14,REQ-CRM-004 | REQ-CRM-015 | REQ-OPS-003,,docs/audit/2026-09-20-ab-data-pdf-review-ar.md:122 (2026-09-20; B3-0136) | docs/CUSTOMER-IDENTITIES-IMPORT-20260918.md:121 (2026-09-18; B3-0213) | docs/CUSTOMER-IDENTITIES-IMPORT-20260918.md:125-127 (2026-09-18; B3-0214) | docs/CUSTOMER-IDENTITIES-IMPORT-20260918.md:131-133 (2026-09-18; B3-0215) | docs/CUSTOMER-IDENTITIES-IMPORT-20260918.md:137 (2026-09-18; B3-0216) | docs/CUSTOMER-IDENTITIES-IMPORT-20260918.md:141 (2026-09-18; B3-0218) | docs/CUSTOMER-IDENTITIES-IMPORT-20260918.md:143 (2026-09-18; B3-0219) | docs/CUSTOMER-IDENTITIES-IMPORT-20260918.md:149 (2026-09-18; B3-0221) | docs/CUSTOMER-IDENTITIES-IMPORT-20260918.md:153 (2026-09-18; B3-0222) | docs/CUSTOMER-IDENTITIES-IMPORT-20260918.md:157 (2026-09-18; B3-0224)
REQ-OPS-005,C10,تصنيف العملاء غير المحسومين وقرارات الأسماء البديلة وحسابات البذرة بواسطة الأعمال,INFERRED_NEEDS_APPROVAL,AI agent / auditor,Data cut-over & opening balances,مدير المبيعات,لا يمكن إنشاء/تشغيل عميل دون نوع حقيقي؛ التصنيف معرفة أعمال لا خوارزمية.,يصنف مدير المبيعات الأسماء غير المحسومة (250 من 298 في ملف الأرصدة؛ 496/495 في دفعة الهويات) وتُتخذ قرارات alias للأسماء المتقاربة ودمج/حذف 3 حسابات بذرة متقاربة، ثم يُعاد الاستيراد؛ أسعار 2026 عبر bulk-import ثم نشر، وإبقاء منتجات ما قبل الإطلاق غير نشطة؛ أدوار personas ومستخدمون حقيقيون وفحص SoD.,BR-OPS-30,ورقة تعبئة مرتبة بالرصيد,قيمة type لكل عميل + قائمة alias معتمدة,إرسال ورقة التصنيف → تعبئة مدير المبيعات → مراجعة → إعادة الاستيراد.,عميل لا يُعرف نوعه يبقى محجوزًا.,المصنِّف (مدير المبيعات) ≠ مشغل الاستيراد.,AC-OPS-005-1: Given ورقة تصنيف معتمدة، When يُعاد الاستيراد، Then عدد unresolved = عدد الصفوف الفارغة في الورقة فقط. | AC-OPS-005-2: Given قرار دمج حساب بذرة، When يُنفذ، Then لا يبقى حسابان لنفس العميل وتبقى معاملات الحساب المدموج قابلة للتتبع.,NOT_IMPLEMENTED,NOT_IMPLEMENTED,Unknown,لا شاشة تصنيف جماعي,—,الاستيراد يرفض الإنشاء بلا نوع ([B][C] import-customers.ts:165-170),—,—,—,التصنيف قرار بشري معلق؛ لا آلية دمج حسابات مكررة.,معظم العملاء التاريخيين خارج النظام أو بلا نوع → لا بيع ولا أرصدة.,P1,يعطل التشغيل اليومي وترحيل الأرصدة.,DEC-OPS-03,DEC-OPS-03,من يصنف العملاء ومتى؟ ما القرار في الحسابات الثلاثة المتقاربة؟,,جدول قرارات alias (اسم مصدر → حساب معتمد، المقرر، التاريخ)؛ دمج الحسابات بسجل تدقيق دون حذف المعاملات.,DAR-05 | DAR-12 | DAR-14 | DAR-20,REQ-CRM-017 | REQ-OPS-003 | REQ-OPS-004,,Data/AB DATA/Nile ERP Gap Analysis.pdf:p.5-6 (2026-09-13; B3-0350)
REQ-OPS-006,C10,فحص مسبق للبيانات الأساسية وبوابة ما قبل أي إضافة على الإنتاج,DOCUMENTED_REQ,AI agent,Data cut-over & opening balances,مشغل البيانات + المالك,منع أي كتابة على الإنتاج قبل مطابقة كاملة وموافقة ونسخة احتياطية.,أداة master-data-preflight محلية للقراءة فقط: تتطلب تصديرًا كاملًا حديثًا من الإنتاج يشمل غير النشط، ترفض تصديرًا ناقصًا أو IDs مفقودة/مكررة، تقرير بصلاحيات 0600 دون استبدال؛ نتائج REVIEW_MATCH/HOLD_MULTIPLE_MATCHES/HOLD_NO_EXACT_MATCH؛ عدم المطابقة لا يجيز إنشاء عميل؛ الأكواد التاريخية لا تُستخدم للدمج. قبل أي إضافة: اتصال مصرح أو تصدير كامل، حسم الفروع والتعارضات، تنفيذ APIs الإثراء الناقصة، لا seed قديم، لا تعديل للأسعار والضرائب والعمولات، نسخة احتياطية وسجل قبل/بعد وتنفيذ محدود ثم قراءة تحقق. ملفات الشركة (Excel/PDF) للفهم فقط دون نقل فواتير/أرصدة أو تعديل الإنتاج حتى تُفتح البوابة. حزمة البيانات الخاصة تُحفظ خارج Git.,BR-OPS-35 | BR-OPS-41 | BR-OPS-18,تصدير كامل من الإنتاج + حزمة الإثراء,تقرير مطابقة 0600,تصدير → preflight → مراجعة بشرية → بوابة (backup، سجل قبل/بعد) → تنفيذ محدود → تحقق.,تصدير ناقص → رفض.,موافقة المالك على التنفيذ المحدود.,AC-OPS-006-1: Given تصدير بدون الحسابات غير النشطة، When تُشغل الأداة، Then ترفض بخطأ ولا تنتج تقريرًا. | AC-OPS-006-2: Given سجل بلا مطابقة، When يُراجع التقرير، Then حالته HOLD_NO_EXACT_MATCH ولا يُنشأ أي حساب. | AC-OPS-006-3: Given ملف تقرير موجود، When تُعاد الكتابة، Then تفشل الأداة ولا تستبدل الملف.,PARTIAL,PARTIAL,Unknown,—,واجهات الإثراء (الأصناف البديلة/المستندات/ملف الشركة) غير منفذة حسب B3-0068,"[B][C] scripts/master-data-preflight.cjs:43,54,67 (حالات المطابقة، writeFileSync flag wx mode 0o600)",—,—,"[B][C] scripts/master-data-preflight.test.cjs (spec exists, not run)؛ ملاحظة: بيانات عملاء مستخرجة داخل git ([B][C] apps/crm/scripts/data/*.json، و Data/ — SEC-03) تخالف «خارج Git»",أداة الفحص منفذة؛ الإثراء نفسه غير منفذ (PREPARED_NOT_IMPORTED)؛ قاعدة «خارج Git» مخالفة فعليًا.,بيانات عملاء/أرصدة في المستودع؛ مجموعات البيانات الخمس غير مستوردة.,P2,ضبط وحماية بيانات؛ لا كتابة على الإنتاج حاليًا.,REQ-OPS-019 | REQ-OPS-025,,هل توافقون على إزالة ملفات البيانات من المستودع ونقلها لتخزين خاص؟,SEC-03,لا بيانات أعمال حقيقية في المستودع؛ تقارير المطابقة خارج git بصلاحيات مقيدة.,DAR-04 | DAR-06 | DAR-08 | DAR-13 | DAR-15,REQ-OPS-002 | REQ-OPS-019,,docs/audit/2026-09-18-company-workflows-vs-erp-ar.md:7 (2026-09-18; B3-0001) | docs/audit/2026-09-18-master-data-enrichment-ar.md:3 (2026-09-18; B3-0068) | docs/audit/2026-09-18-master-data-enrichment-ar.md:7 (2026-09-18; B3-0069) | docs/audit/2026-09-18-master-data-enrichment-ar.md:46-48 (2026-09-18; B3-0077) | docs/audit/2026-09-18-master-data-enrichment-ar.md:64-74 (2026-09-18; B3-0078) | docs/audit/2026-09-18-master-data-enrichment-ar.md:78-83 (2026-09-18; B3-0079) | docs/audit/2026-09-18-master-data-enrichment-ar.md:87 (2026-09-18; B3-0082)
REQ-OPS-007,C10,سلامة استيراد المنتجات (ذرية المكونات، عزل الصفوف، تحقق، كود خروج),INFERRED_NEEDS_APPROVAL,auditor,Data cut-over & opening balances,مشغل الاستيراد,ألا يترك الاستيراد منتجًا بلا مكونات أو يوقف دفعة كاملة بسبب صف واحد.,"استيراد المنتجات: إنشاء المنتج والمكونات في معاملة واحدة؛ حذف/إضافة المكونات ذريًا؛ خطأ صف لا يوقف الدفعة ويُسجل {sku, error}؛ ملخص ناجح/فاشل وexit code 1 عند أي فشل؛ تحقق قبل الكتابة؛ الأسعار القديمة لا تُستبدل؛ يفضل استخدام import-kit (تكافؤ dry-run/live وتقرير منظم).",BR-OPS-40,ملف منتجات مستخرج JSON,Product + ProductIngredient,dry-run → live → تحقق (0 SKU مكرر، 0 يتيم).,فشل صف → يُسجل ويستمر، exit 1.,—,AC-OPS-007-1: Given خطأ في صف واحد من 10، When يكتمل التشغيل، Then تُكتب 9 صفوف ويُطبع الخطأ للصف الفاشل ويخرج الأمر بكود 1. | AC-OPS-007-2: Given انقطاع أثناء استبدال مكونات منتج، When يُفحص المنتج، Then مكوناته إما القديمة كاملة أو الجديدة كاملة.,PARTIAL,PARTIAL,Unknown,—,—,[B][C] apps/products/scripts/import-products.ts (متطابق): replaceIngredients في معاملة :81-91؛ إنشاء المنتج+المكونات في $transaction ~:208؛ try/catch لكل صف ~:166-225؛ process.exitCode=1 :235؛ لا يستخدم runImport من import-kit,—,—,لا spec للسكربت,الذرية والعزل منفذان؛ لم يُنقل لـimport-kit (لا تقرير منظم موحد ولا تكافؤ dry-run).,منخفض حاليًا (8 منتجات).,P3,كفاءة/اتساق أدوات؛ المخاطر الأساسية عولجت.,,,,,ProductIngredient مرتبطة بالمنتج؛ استبدالها ذري؛ SKU فريد.,DAR-05 | DAR-06 | DAR-13 | DAR-15 | DAR-20,REQ-INV-061 | REQ-OPS-003,,"docs/AUDIT-REMEDIATION-STATUS-2026-09-25-ar.md:21 (2026-09-25; B1-0333) | docs/ERP-PRODUCT-IMPORT-RESULT.md:3,118 (2026-09-01; B3-0201) | docs/ERP-PRODUCT-IMPORT-RESULT.md:54-87 (2026-09-01; B3-0208) | docs/audit/production-data-migration-preflight-2026-09-01.md:75-82 (2026-09-01; B3-0282) | docs/audit/00-executive-summary.md:39 (2026-09-01; B6a-0014) | docs/audit/05-transactions-concurrency.md:102 (2026-09-01; B6a-0127) | docs/audit/05-transactions-concurrency.md:110 (2026-09-01; B6a-0129) | docs/audit/05-transactions-concurrency.md:114 (2026-09-01; B6a-0130) | docs/audit/05-transactions-concurrency.md:120 (2026-09-01; B6a-0132) | docs/audit/20-p0-p1-evidence-validation.md:319-321 (unknown; B6a-0295) | docs/audit/20-p0-p1-evidence-validation.md:324-326 (unknown; B6a-0296)"
REQ-OPS-008,C10,حزمة القطع التشغيلي: الجرد الافتتاحي بالتشغيلات وأسعار 2026 والأدوار,INFERRED_NEEDS_APPROVAL,AI agent,Data cut-over & opening balances,أمين المخزن + مسؤول الجودة + مدير المبيعات + مدير النظام,بدء التشغيل بمخزون فعلي مطابق للجرد وبأسعار سارية ومستخدمين حقيقيين.,حزمة القطع (Package B): جرد فعلي افتتاحي → استلامات بالتشغيلة وتاريخ الصلاحية → إفراج QC؛ أسعار 2026 عبر bulk-import ثم نشر؛ بذر أدوار الشخصيات العشر وتشغيل /sod/scan؛ توثيق النسخ الاحتياطي (Neon PITR + dump أسبوعي) وتدريب استعادة؛ سجل نشر؛ ثم تصنيف العملاء وأرصدة موقعة وتاريخ قطع (REQ-OPS-001/005).,BR-OPS-48,ورقة جرد موقعة بالتشغيلة/الصلاحية؛ قائمة أسعار 2026,أرصدة مخزون افتتاحية بحالة مفرج عنها؛ قائمة أسعار منشورة,جرد → استلام بضاعة (goods-receipt) بالتشغيلة → فحص QC → إفراج → مطابقة الكميات مع ورقة الجرد.,تشغيلة بلا صلاحية أو مرفوضة QC تبقى في الحجر.,من يعد الجرد ≠ من يدخل الاستلام ≠ من يفرج QC.,AC-OPS-008-1: Given ورقة جرد موقعة، When تُدخل الاستلامات الافتتاحية، Then مجموع الكميات لكل منتج/تشغيلة = الورقة، وكل حركة موسومة كمخزون افتتاحي بتاريخ القطع. | AC-OPS-008-2: Given تشغيلة لم تُفرج QC، When يحاول المستخدم حجزها، Then يُرفض.,PARTIAL,PARTIAL,Unknown,شاشات الاستلام وQC موجودة (لم تُفحص هنا بالتفصيل),"[B][C] POST /api/inventory/transactions/goods-receipt (transactions.controller.ts:23)؛ POST /api/products/batches/:id/qc و/release (batches.controller.ts:26,34)؛ POST /api/products/products/bulk-import و/import-prices (products.controller.ts:80,86) — كلها mounted وin_baseline حسب api-inventory.csv",لا نوع حركة/مرجع «مخزون افتتاحي» ولا ربط بتاريخ القطع (لم يُعثر على مرجع OPENING في inventory),—,—,—,المسارات العامة موجودة، لكن لا إجراء قطع موحد: لا وسم افتتاحي، لا مطابقة مع ورقة الجرد، لا تاريخ قطع؛ و«dump أسبوعي» هنا يخالف «nightly» في الدليل.,مخزون افتتاحي لا يمكن تمييزه عن المشتريات؛ تقييم مخزون وتكلفة مشكوك فيهما.,P1,مخزون وتقييم: لا تشغيل صحيح دون رصيد افتتاحي موثق.,REQ-OPS-001 | REQ-OPS-005 | DEC-OPS-01 | DEC-OPS-08,DEC-OPS-01 | DEC-OPS-08,هل سيُجرى جرد افتتاحي فعلي ومن يوقعه؟ ما مصدر تكلفة المخزون الافتتاحي؟,,حركة مخزون بمرجع OPENING_STOCK مرتبطة بدفعة القطع، بالتشغيلة والصلاحية والتكلفة؛ حالة QC قبل الإتاحة.,DAR-02 | DAR-03 | DAR-05 | DAR-14 | DAR-15 | DAR-19 | DAR-20,REQ-INV-017 | REQ-O2C-021 | REQ-OPS-001,,docs/audit/2026-09-20-ab-data-pdf-review-ar.md:155-159 (2026-09-20; B3-0142) | Data/AB DATA/Nile ERP Gap Analysis.pdf:p.5-6 (2026-09-13; B3-0350)
REQ-OPS-009,C10,معيار الاستيراد التشغيلي عبر CSV وقوالب الإدخال الرسمية,DOCUMENTED_REQ,AI agent,,مستخدمو الأعمال بصلاحيات الاستيراد,إدخال جماعي آمن للبيانات الأساسية من الشاشات بعقد بيانات موحد.,كل استيراد مؤهل: CSV UTF-8+BOM، تحقق رؤوس وصفوف، كشف تكرار داخل الملف، مطابقة بمفاتيح عمل لا IDs، سياسة create/update/skip صريحة، dry-run، نتيجة لكل صف وأخطاء برقم صف وعمود، صلاحية خادم، حدث تدقيق للتشغيل والتغييرات، حد حجم وعدد صفوف، حماية formula-injection، لا تعديل للحقائق المشتقة/المالية/التدقيقية. القوالب (import-templates) هي العقد الرسمي، مولّدة لا مُحررة يدويًا، templates:check ضمن lint؛ الاستخدام: تنزيل القالب → ملء → حفظ CSV UTF-8 → رفع → مراجعة المرفوض → تأكيد. التنفيذ على موجات (أساسية، تهيئة مضبوطة، مسودات، تقارير، تقوية).,BR-OPS-45,ملف CSV,تقرير صفوف مقبولة/مرفوضة,قالب → CSV → dry-run → مراجعة → تأكيد.,صف غير صالح يُرفض بسبب؛ الملف كله يُرفض إذا رؤوس مكررة.,صلاحية استيراد منفصلة لكل نطاق.,AC-OPS-009-1: Given ملف به صف صيغة تبدأ بـ=، When يُستورد، Then يُرفض الصف أو تُعقم القيمة. | AC-OPS-009-2: Given 1001 عميل في ملف، When يُرفع، Then يُرفض الملف برسالة الحد. | AC-OPS-009-3: Given dry-run، When يكتمل، Then لا تتغير أي صفوف ويُعرض لكل صف قرار وسبب.,PARTIAL,PARTIAL,Unknown,[C] apps/web/lib/import-templates.ts وimport-parsers (spec),[B] POST /api/crm/accounts/import (JSON) وprice-lists/:id/items/import وproducts/bulk-import وimport-prices وsales/orders/import؛ [C] إضافة accounts/import/file (dryRun)، price-lists/:id/items/import/file، uom/conversions/import/file (in_baseline=False),[C] apps/crm/src/modules/accounts/accounts.service.ts:426-535 (حد 1000 :441، أعمدة مسموحة :442، تكرار داخل الملف ومع القائم، dryRun)؛ [B] accounts.service.ts:403 importRows بلا dryRun؛ packages/import-kit/src/csv.ts (BOM، اقتباس، رؤوس مكررة :45). حماية formula-injection في الاستيراد: لم يُعثر عليها (grep وجد معالجة في التصدير فقط مثل price-lists.controller.ts),—,تدقيق التشغيل: لم يُتحقق,"[B][C] package.json lint يشمل generate-import-templates.cjs --check؛ apps/web/lib/import-templates.spec.ts، import-parsers.spec.ts (spec exists, not run)",المعيار مطبق جزئيًا (CRM/أسعار/وحدات في C)؛ dry-run غير موجود في B للعملاء؛ formula-injection وحدث تدقيق التشغيل غير مثبتين؛ القالب الرسمي للفريق لم يُستلم.,إدخال بيانات خاطئة جماعيًا أو بلا أثر تدقيقي.,P3,كفاءة إدخال مع ضوابط جزئية.,DEC-OPS-04 | DEC-OPS-16,DEC-OPS-04 | DEC-OPS-16,هل لديكم قالب Excel فعلي يستخدمه الفريق؟,,import_runs مع نتيجة كل صف؛ حدث تدقيق لكل تشغيل؛ مفاتيح عمل فريدة لكل كيان مستورد.,DAR-05 | DAR-06 | DAR-07 | DAR-08 | DAR-12 | DAR-13 | DAR-15 | DAR-20,REQ-CRM-014 | REQ-NFR-045 | REQ-OPS-003 | REQ-OPS-010 | REQ-R2R-058,,docs/IMPORT-TEMPLATES-AR.md:3-15 (unknown; B3-0227) | docs/IMPORT-TEMPLATES-AR.md:99-102 (unknown; B3-0236) | docs/IMPORT-TEMPLATES-AR.md:106-113 (unknown; B3-0237) | docs/phase1-master-data-data-io.md:122-125 (unknown; B3-0239) | docs/BACKEND-DATA-IO-STANDARD.md:17-27 (unknown; B3-0254) | docs/BACKEND-DATA-IO-STANDARD.md:106-121 (unknown; B3-0264) | docs/BACKEND-DATA-IO-STANDARD.md:156-169 (unknown; B3-0267) | docs/IMPORT-TEMPLATES-AR.md:89-95 (unknown; B3-0235)
REQ-OPS-010,C10,نطاق الاستيراد: لا استيراد للحقائق المالية والمخزنية والتدقيقية,DOCUMENTED_REQ,AI agent,Data cut-over & opening balances,مالك النظام,حماية الأستاذ والمخزون والتدقيق من الكتابة الجماعية الخارجة عن دورة العمل.,مصفوفة النطاق: YES للبيانات الأساسية (عملاء، Leads، منتجات، فئات، علامات، مصنعين، موردين، قوائم، وحدات، مخازن، مناطق شحن، موظفين، أقسام/فروع، حضور، عقود، تغطية المندوبين)؛ CONTROLLED لـCOA والضرائب وFX والأصول الثابتة وقواعد الحوافز وIAM؛ LIMITED للزيارات والتشغيلات والتسلسل والأمانة والمصروفات؛ DRAFT-ONLY لأوامر البيع والمشتريات؛ NO للمخزون والحركات والتحويلات والفواتير والمدفوعات والدفاتر والفترات والمطابقة والإشعارات الدائنة والرواتب ودفتر الحوافز والتدقيق. الأرصدة الافتتاحية مسار مضبوط منفصل (REQ-OPS-001).,BR-OPS-36,—,—,—,أي حاجة لاستيراد حقيقة مالية تمر بمسار قطع موقّع.,—,AC-OPS-010-1: Given محاولة رفع CSV يحوي عمود رصيد أو فاتورة، When يُعالج، Then يُرفض العمود/الملف. | AC-OPS-010-2: Given قائمة endpoints الاستيراد، When تُراجع، Then لا يوجد endpoint يكتب ledger_entries أو invoices أو payments أو stock مباشرة.,PARTIAL,PARTIAL,Unknown,—,api-inventory.csv: لا endpoint استيراد للفواتير/المدفوعات/الأستاذ/المخزون؛ استثناء: [B][C] POST /api/sales/orders/import (مسودات) و[C] bank-reconciliation/statements/import (mounted=False),"[C] accounts.service.ts:442 الأعمدة المسموحة بلا openingBalance؛ لكن سكربت CLI import-customers.ts:172,183 يكتب openingBalance (حقل مالي) خارج المصفوفة",—,—,—,المصفوفة محترمة في HTTP؛ سكربت CLI يكتب رصيدًا ماليًا في CRM خارج أي ضبط؛ تعارض نطاق الشحن/COA/الموظفين.,مصدر رصيد موازٍ غير مضبوط.,P2,ضبط مالي.,DEC-OPS-05,DEC-OPS-05,هل تعتمدون مصفوفة النطاق؟ وما قرار الشحن/COA/الموظفين؟,,لا عمود رصيد مالي في كيانات البيانات الأساسية يُعامل كمصدر حقيقة؛ الأرصدة في الأستاذ فقط.,DAR-04 | DAR-05 | DAR-08 | DAR-10 | DAR-12 | DAR-15 | DAR-18 | DAR-20,REQ-INH-067 | REQ-OPS-001 | REQ-OPS-009 | REQ-R2R-018,,docs/phase1-master-data-data-io.md:116 (unknown; B3-0238) | docs/phase1-master-data-data-io.md:181 (unknown; B3-0252) | docs/BACKEND-DATA-IO-STANDARD.md:50-102 (unknown; B3-0256)
REQ-OPS-011,C10,دقة dry-run: تمييز «سينشئ» من «سيفشل لنقص النوع»,OPTIONAL_IMPROVEMENT,AI agent (يتطلب موافقة قبل تغيير عقد import-kit),Data cut-over & opening balances,مشغل الاستيراد,أن تعكس أرقام المعاينة ما سيحدث فعلًا.,dry-run في import-kit لا يستدعي create/update فأرقامه «سيحاول» لا «سينجح»؛ يُضاف فحص ثالث «قابل للإنشاء إن لم يطابق» بعد matchExisting، بموافقة قبل تغيير العقد.,,—,تقرير dry-run بفئة «سيفشل»,—,—,موافقة على تغيير عقد import-kit.,AC-OPS-011-1: Given سجل بلا نوع ولا مطابقة، When dry-run، Then يُعد في «سيفشل/unresolved» لا في «سينشئ».,NOT_IMPLEMENTED,NOT_IMPLEMENTED,Unknown,—,—,[B][C] packages/import-kit/src/runner.ts:134-145 (dryRun يتخطى create/update),—,—,—,أرقام المعاينة متفائلة.,قرار تشغيل حي على أرقام مضللة.,P4,تحسين دقة تقرير.,,,,,—,DAR-15 | DAR-20,REQ-OPS-003,,"docs/ERP-CUSTOMER-IMPORT-RESULT.md:114 (2026-09-01; B3-0199) | docs/audit/production-data-migration-preflight-2026-09-01.md:58,95-97 (2026-09-01; B3-0280)"
REQ-OPS-012,C10,لا بيانات مختلقة ولا backfill تخميني ولا افتراض قاعدة فارغة,INFERRED_NEEDS_APPROVAL,AI agent,Data cut-over & opening balances,الجميع,ألا تختلط بيانات تجريبية أو مخمنة بالسجلات الحقيقية.,لا تعديل للسجلات الحالية ولا backfill تخميني للمحافظات/العناوين/تاريخ التعيين؛ لا ملء رجعي للحساب المالي للدفعات القديمة (financial_account_id nullable عمدًا)؛ لا اختراع موظفين أو رواتب؛ لا seed وهمي كبيانات إنتاج؛ قائمة فحص قبل الإنتاج (لا ترحيل هدّام، لا تكرار بيانات أساسية، لا FK مكسورة، لا يتيم، لا أسرار مضمنة، لا صلاحيات افتراضية غير آمنة)؛ لا تفترض قاعدة فارغة — يوجد استيراد حقيقي فافحص الإنتاج قبل أي ترحيل بيانات.,BR-OPS-37,—,—,—,تعارض: phase0 D6 «nullable ثم مطلوب» مقابل «لا ملء رجعي» (B4b-0244).,—,AC-OPS-012-1: Given ملف .env إنتاجي يحوي هوية البذرة، When يُشغل check-production-env.sh، Then يفشل. | AC-OPS-012-2: Given migration جديدة، When تُراجع، Then لا تحتوي UPDATE يملأ حقولًا تاريخية بقيم مخمنة دون قرار موثق.,PARTIAL,PARTIAL,Unknown,—,—,[B][C] scripts/check-production-env.sh:147-153 (يرفض هوية البذرة ENV-03)؛ سكربتات الاستيراد لا تخمن النوع,financial_account_id nullable (لم يُتحقق هنا من السطر),—,—,مطبق كمبدأ في السكربتات وفاحص البيئة؛ قائمة الفحص «كلها ✅» على قاعدة محلية فقط.,—,P2,سلامة بيانات؛ ضوابط جزئية.,,,,,حقول تاريخية غير معروفة تبقى NULL مع سبب؛ لا قيم افتراضية مخترعة.,DAR-04 | DAR-05 | DAR-06 | DAR-10 | DAR-18 | DAR-20,REQ-INH-048 | REQ-OPS-014,,docs/roadmap/2026-09-19-customer-field-execution-ar.md:35 (2026-09-19; B1-0244) | docs/ERP-EMPLOYEE-PAYROLL-DESIGN.md:67 (2026-09-01; B3-0186) | docs/audit/2026-09-20-phase0-discovery-audit-ar.md:496 (2026-09-20; B4b-0192) | docs/audit/2026-09-20-phase3-financial-accounts-report-ar.md:38 (2026-09-20; B4b-0244) | docs/ERP-PRODUCTION-READINESS.md:3-14 (unknown; B6c-0037) | docs/ERP-PRODUCTION-READINESS.md:14 (unknown; B6c-0041)
REQ-OPS-013,C10,جداول التسعير القديمة: لا ترحيل/حذف/reset قبل مراجعة الأعداد والقرار,OWNER_DECISION,owner (2026-09-25),Data cut-over & opening balances,المالك,منع فقد بيانات تسعير/عروض تاريخية قبل قرار واعٍ.,ممنوع أي migration أو حذف أو reset لجداول التسعير القديمة (price_rules، promotions، pricing_rules، promotion_redemptions)؛ أولًا تُشغل استعلامات عدّ للقراءة فقط على السيرفر ثم يُقرر: نقل أم بدء جديد.,BR-OPS-38,نتائج استعلام العد (الأعداد الخمسة),قرار ت-6,عدّ للقراءة فقط → عرض على المالك → قرار.,—,قرار المالك.,AC-OPS-013-1: Given أي migration جديدة لخدمة sales، When تُراجع، Then لا تحتوي DROP/TRUNCATE/DELETE على الجداول الأربعة.,IMPLEMENTED,IMPLEMENTED,Unknown,—,—,—,[B][C] لا DROP TABLE/TRUNCATE في apps/sales/prisma/migrations (grep),—,—,الحماية قائمة؛ القرار معلق بانتظار الأعداد.,نماذج تسعير موازية قائمة.,P3,بانتظار قرار؛ لا خطر فوري.,DEC-OPS-06,DEC-OPS-06,نتائج استعلام العد؟ نقل أم بدء جديد؟,,الجداول القديمة تبقى قابلة للقراءة حتى القرار.,DAR-04 | DAR-14 | DAR-17,REQ-O2C-011 | REQ-O2C-018,,"docs/DECISIONS-2026-09-25-ar.md:24,143 (2026-09-25; B1-0075)"
REQ-OPS-014,C10,قواعد الترحيلات الحاملة للبيانات (backfill، مطابقة، عكس لا حذف),INFERRED_NEEDS_APPROVAL,AI agent,Data cut-over & opening balances,المطور/المشغل بموافقة المالك,تغيير المخطط دون إفساد البيانات المالية التاريخية.,استراتيجية: لقطة → تقرير شذوذ → مخطط إضافي → backfill قابل للاستئناف → مطابقة/قراءة ظل → قطع؛ حفظ المبالغ والعملة والضريبة الأصلية؛ لا تخمين للحساب المالي التاريخي؛ عكس الحركات المرحلة بعمليات تعويضية لا بالحذف. أمثلة: إعادة تصنيف سجل التدقيق القديم حتميًا ووسم الباقي BACKFILLED دون مس الـpayload؛ D3: فحص عدد الفواتير بلا order_id قبل/بعد؛ قبل قيود الفرادة (ledger ref_type/ref_id، commission sourceEventId) فحص التكرارات في الإنتاج وتقرير عكس أثرها لا حذفها؛ ترحيل شيكات السداد الموجودة إلى أوراق مالية CLEARED مع الحفاظ على السداد؛ الترتيب D1→D2/D3→D4–D7→D8→D9–D11.,BR-OPS-39,—,تقارير قبل/بعد,—,تكرارات قائمة → عكس مالي موثق قبل القيد.,موافقة مالية على أي عكس.,AC-OPS-014-1: Given migration تضيف قيد فرادة، When تُجهز للنشر، Then يوجد استعلام فحص تكرار منفذ على نسخة الإنتاج ونتيجته صفر أو خطة عكس موقعة. | AC-OPS-014-2: Given migration backfill، When تُطبق، Then عدد الصفوف وإجمالي المبالغ قبل/بعد متطابقان ومسجلان.,PARTIAL,PARTIAL,Unknown,—,—,—,[B][C] apps/audit-aggregator/prisma/migrations/20260909120000_add_business_audit_matrix/migration.sql:30 (UPDATE result=BACKFILLED)؛ [C] apps/accounting/prisma/migrations/20260927210000_financial_instruments/migration.sql: إنشاء InstrumentStatus بلا INSERT للشيكات القائمة (ترحيل الشيكات غير منفذ)؛ لا سكربت فحص تكرارات قبل قيود الفرادة (حسب B6b-0028),—,"[B][C] scripts/phase-5-10-sql.test.cjs، customer-gifts-migration.test.cjs (spec exists, not run)",backfill التدقيق منفذ؛ ترحيل الشيكات وسكربت فحص التكرار غير منفذين؛ لا إطار backfill قابل للاستئناف.,شيكات قديمة خارج دورة الأوراق المالية؛ احتمال فشل migration فرادة على بيانات مكررة.,P1,سلامة بيانات مالية.,REQ-OPS-015 | REQ-OPS-018 | REQ-OPS-019,,هل توجد شيكات قائمة في المدفوعات يجب ترحيلها؟,DB-08,كل backfill مسجل (migration_runs: عدد قبل/بعد، مجموع قبل/بعد)؛ قيود الأستاذ لا تُحذف أبدًا.,DAR-04 | DAR-05 | DAR-06 | DAR-07 | DAR-08 | DAR-09 | DAR-10 | DAR-12 | DAR-13 | DAR-14 | DAR-20,REQ-OPS-012 | REQ-OPS-015,,docs/BUSINESS-AUDIT-MATRIX.md:251-256 (unknown; B4a-0100) | docs/audit/2026-09-20-phase0-discovery-audit-ar.md:494 (2026-09-20; B4b-0190) | docs/audit/2026-09-20-phase0-discovery-audit-ar.md:495 (2026-09-20; B4b-0191) | docs/PROMPT-P1-P3-IMPLEMENTATION.md:121 (unknown; B5a-0180) | docs/audit/production-program/PHASE-0-ARCHITECTURE.md:122-126 (2026-09-16; B6a-0329) | docs/audit/21-p0-p1-remediation.md:545-550 (2026-09-07; B6b-0028) | docs/audit/21-p0-p1-remediation.md:604-606 (2026-09-07; B6b-0032)
REQ-OPS-015,C10,حوكمة الترحيلات: إذن صريح من المالك، إضافية فقط، أمامية فقط,OWNER_DECISION,owner (2026-09-25) + unnamed owner (MIGRATIONS-ROUND2),,المالك يعتمد؛ المطور ينفذ,حماية قواعد الإنتاج من تغييرات هدّامة أو غير مصرح بها.,لا migration جديدة دون إذن صريح من صاحب النظام (تصاريح بالبنود مثل الجولة الثانية: ت-2، ت-3، ت-7→ت-9، ص-1، ص-2)؛ كل إضافة سكيما إضافية بالكامل دون حذف أو تعديل لبيانات قائمة؛ اختبار schema/migration على PostgreSQL حقيقي فوق بيانات قائمة والتأكد أن القديم لم يتغير قبل التنفيذ؛ كل تغيير يصل الإنتاج ملف SQL ملتزم في Git عبر migrate deploy؛ لا db push/migrate reset/migrate dev على الإنتاج (migrate dev على قاعدة تطوير منفصلة)؛ لا تعديل لـmigration تاريخية — التصحيح بـmigration أمامية؛ هجرات التسوية تُنشئ فقط ولا DROP/ALTER لكائن قائم دون مراجعة بشرية؛ لا عملية مدمّرة بدون موافقة صريحة.,BR-OPS-02 | BR-OPS-03 | BR-OPS-04 | BR-OPS-05,طلب تغيير مخطط,migration SQL ملتزمة,طلب → إذن المالك → migration إضافية → بوابات (schema، توافق) → اختبار على PG حقيقي ببيانات → دمج.,تغيير هدّام ضروري → يتطلب علامة مراجعة وموافقة صريحة.,المالك يأذن؛ المطور ينفذ؛ المراجع ≠ الكاتب.,AC-OPS-015-1: Given migration في PR تحتوي DROP COLUMN، When يعمل CI، Then يفشل ما لم تحمل علامة مراجعة مرتبطة بموافقة مسجلة. | AC-OPS-015-2: Given migration مطبقة على الإنتاج، When يُعدل ملفها، Then يفشل CI. | AC-OPS-015-3: Given migration جديدة، When تُطبق على نسخة ببيانات، Then md5 للجداول القديمة متطابق قبل/بعد.,PARTIAL,PARTIAL,Unknown,—,—,"[B][C] scripts/production-migrate.sh يستخدم migrate deploy فقط؛ [C] scripts/validate-migration-compatibility.cjs (regex لـDROP/TRUNCATE/RENAME/SET NOT NULL في الملفات المتغيرة، تجاوز بعلامة :12,59) — غير موجود في B؛ لا فحص لتعديل migration مطبقة (OPS-09)",مخالفة فعلية: 20260927120000_general_ledger عُدلت في 6 commits وسُجلت مطبقة بـ0 خطوات (DB-01),—,"[B][C] scripts/customer-gifts-migration.test.cjs وغيرها (spec exists, not run)",لا ضبط تقني لإذن المالك؛ بوابة الهدم في C فقط وقابلة للتجاوز بتعليق؛ لا كشف لتعديل migrations مطبقة — وحدث فعلًا.,اختلاف DDL الإنتاج عن المستودع؛ خطر فقد بيانات.,P1,سلامة بيانات الإنتاج.,REQ-OPS-016 | REQ-OPS-018 | REQ-OPS-019,DEC-OPS-14,من نفذ migrate resolve لـgeneral_ledger وsupplier_payments وبأي إذن؟,DB-01 | OPS-09,سجل اعتماد migrations (اسم، checksum، من أذن، تاريخ) يُقارن بـ_prisma_migrations؛ checksums المطبقة ثابتة.,DAR-04 | DAR-05 | DAR-06 | DAR-08 | DAR-14 | DAR-15,REQ-NFR-029 | REQ-OPS-016 | REQ-OPS-017,,docs/DECISIONS-2026-09-25-ar.md:62 (2026-09-25; B1-0088) | docs/audit/2026-09-20-phase0-discovery-audit-ar.md:497 (2026-09-20; B4b-0193) | docs/audit/2026-09-20-phase1-direct-invoice-report-ar.md:24-44 (2026-09-20; B4b-0223) | docs/audit/2026-09-18-branches-deploy-review-ar.md:82 (2026-09-18; B4b-0295) | docs/MIGRATIONS-ROUND2-2026-09-25-ar.md:3 (2026-09-25; B4b-0309) | docs/MIGRATIONS-ROUND2-2026-09-25-ar.md:4 (2026-09-25; B4b-0310) | docs/MIGRATIONS-ROUND2-2026-09-25-ar.md:4-12 (2026-09-25; B4b-0311) | docs/MIGRATIONS-ROUND2-2026-09-25-ar.md:30-35 (2026-09-25; B4b-0316) | docs/EMPTY-PAGES-DB-IMPACT-AR.md:259-284 (2026-09-15; B4b-0342) | docs/P0-IMPLEMENTATION-PLAN.md:11 (unknown; B5a-0095) | docs/FRONTEND-COVERAGE-AUDIT-AR.md:256-271 (2026-09-15; B5b-0110) | docs/ERP-PRODUCTION-READINESS.md:57-74 (unknown; B6c-0046) | docs/PRODUCTION-UPDATE-2026-09-20-ar.md:11-12 (2026-09-20; B6c-0092) | docs/SAFE-DEPLOY-AR.md:5-9 (2026-09-14; B6c-0124) | docs/SAFE-DEPLOY-AR.md:44-46 (2026-09-14; B6c-0127) | docs/PRODUCTION-UPDATE-2026-09-20-ar.md:16-27 (2026-09-20; B6c-0093)
REQ-OPS-016,C10,بوابة تطابق schema ↔ migrations ترفض النشر عند الانحراف,OWNER_DECISION,unnamed owner (قائمة Production ERP Enhancement Backlog، منقولة عبر مصفوفة تتبع AI),,المشغل,منع نشر كود يفترض أعمدة/جداول غير موجودة.,"بوابة db:migrate:check تقارن الهجرات بالـschema وتفشل عند missing table/column/enum أو extra column أو خطأ ترتيب؛ production-migrate.sh يطبقها قبل أي ترحيل ويخرج بـexit 3؛ إصلاح الانحراف شرط لأي نشر؛ قاعدة بُنيت بـdb push تُسجل هجراتها القديمة كمطبقة (migrate resolve --applied) دون حذف قاعدة. المطلوب أيضًا مطابقة schema وSQL والقاعدة الحية (enums، قيود، أنواع أعمدة)؛ المخاطر غير المغطاة: الأنواع الدقيقة (DECIMAL(14,2) مقابل (14,4))، بيانات الإنتاج، اختلاف إصدار PostgreSQL.",BR-OPS-06,schema.prisma + migrations,PASS أو exit 3,validate → migrate deploy.,انحراف → توقف قبل أي قاعدة.,—,AC-OPS-016-1: Given عمود في schema بلا migration، When يُشغل production-migrate.sh، Then يخرج بـ3 قبل تطبيق أي migration. | AC-OPS-016-2: Given قاعدة الإنتاج، When يُشغل prisma migrate diff مقابل الـschema، Then الفرق فارغ أو موثق.,IMPLEMENTED,IMPLEMENTED,Unknown,—,—,[B][C] scripts/production-migrate.sh:90-100 (exit 3)؛ scripts/validate-schema-migrations.cjs؛ package.json db:migrate:check,نتيجة منفذة: B تمر لكل الخدمات؛ C تفشل للمحاسبة (22 اختلافًا) → db-migrate يخرج 3 (DB-02، DEPLOY-05),—,CI يشغل البوابة (ci.yml) — لم يُشغل CI هنا,البوابة تعمل؛ لا تقارن بالقاعدة الحية؛ CURRENT محجوب بانحراف المحاسبة.,CURRENT غير قابل للنشر حتى إصلاح الانحراف.,P1,يحجب النشر ويحمي سلامة البيانات.,REQ-OPS-033,DEC-OPS-14,,DB-02 | DEPLOY-05,schema.prisma = migrations = قاعدة الإنتاج لكل خدمة؛ فحص دوري للانحراف الحي.,DAR-04 | DAR-05 | DAR-06 | DAR-08 | DAR-10 | DAR-14,REQ-NFR-029 | REQ-OPS-015 | REQ-OPS-017,,docs/audit/2026-09-20-backlog-traceability-ar.md:207 (2026-09-20; B4b-0112) | docs/audit/2026-09-20-backlog-traceability-ar.md:208 (2026-09-20; B4b-0113) | docs/audit/2026-09-20-phase0-discovery-audit-ar.md:181-210 (2026-09-20; B4b-0139) | docs/audit/2026-09-20-phase0-discovery-audit-ar.md:493 (2026-09-20; B4b-0189) | docs/audit/2026-09-20-phase0.5-implementation-report-ar.md:99-110 (2026-09-20; B4b-0210) | docs/audit/2026-09-18-branches-deploy-review-ar.md:70-80 (2026-09-18; B4b-0294) | docs/BATCH-REPORT-AR.md:49-64 (2026-09-13; B5b-0117) | docs/SAFE-DEPLOY-AR.md:11-28 (2026-09-14; B6c-0125) | docs/SAFE-DEPLOY-AR.md:30-50 (2026-09-14; B6c-0126) | docs/SAFE-DEPLOY-AR.md:113-136 (2026-09-14; B6c-0132) | docs/SAFE-DEPLOY-AR.md:147-181 (2026-09-14; B6c-0134) | docs/SAFE-DEPLOY-AR.md:183-188 (2026-09-14; B6c-0135)
REQ-OPS-017,C10,تنفيذ الترحيلات الإنتاجي عبر حاوية db-migrate لمرة واحدة,DOCUMENTED_REQ,AI agent,,المشغل,تطبيق الترحيلات مرة واحدة بترتيب محدد قبل تشغيل أي خدمة.,بدء التشغيل: redpanda سليم → db-migrate يشغل prisma migrate deploy للقواعد التسع بالترتيب iam→organization→products→inventory→crm→sales→accounting→incentives→audit ثم بذر صلاحيات IAM (RUN_IAM_SEED=true وإلا كل زر مقيد 403) حتى الاكتمال → تبدأ الخدمات التسع؛ أي فشل يوقف ما بعده ولا تبدأ الخدمات (فشل صاخب)؛ حاويات التطبيق لا تستدعي Prisma؛ لا تشغيل migration يدويًا ثم يكررها Compose؛ منح الصلاحيات الجديدة للأدوار بعد البذر.,BR-OPS-07 | BR-OPS-08 | BR-OPS-09,صورة migrate + *_DATABASE_URL,قواعد محدثة + كتالوج صلاحيات,كما في المتطلب.,exit≠0 → لا تشغيل خدمات؛ تشخيص يدوي.,—,AC-OPS-017-1: Given فشل migration المحاسبة، When يكتمل db-migrate، Then exit≠0 ولا تبدأ أي خدمة (مع up عادي)، ولا تُطبق migrations incentives/audit. | AC-OPS-017-2: Given تشغيل حاوية خدمة خارج compose، When تبدأ، Then لا تشغل prisma migrate.,PARTIAL,PARTIAL,Unknown,—,—,[B][C] scripts/production-migrate.sh:63-68 (رفض pooler exit 2)، :90-100، :118-126 (RUN_IAM_SEED)؛ docker-compose.production.yml depends_on service_completed_successfully (base:111-115 / cur:114-118) وcommand node dist/main.js,—,—,"[B][C] scripts/merge-launcher.test.js (spec exists, not run)؛ ثغرة: Dockerfile CMD الافتراضي «npx prisma migrate deploy && node» في كل الخدمات (مثال [C] apps/accounting/Dockerfile:29) و runbook SERVER-STEPS يستخدم --no-deps الذي يتجاوز depends_on",التصميم منفذ؛ يُتجاوز عمليًا بـ--no-deps، وCMD الصور يرحّل ذاتيًا خارج compose (OPS-10)؛ حاوية db-migrate في الإنتاج Exited(3).,ترحيلات غير مقصودة أو خدمات تعمل على مخطط غير مكتمل.,P1,سلامة البيانات وإتاحة النظام.,REQ-OPS-016,,,OPS-10 | OPS-11 | DEPLOY-05,_prisma_migrations لكل قاعدة متطابق مع المستودع؛ كتالوج الصلاحيات مبذور idempotent.,DAR-04 | DAR-05 | DAR-06 | DAR-07 | DAR-12 | DAR-14,REQ-OPS-016 | REQ-OPS-019,,docs/audit/2026-09-20-ab-data-pdf-review-ar.md:266 (2026-09-20; B3-0170) | docs/audit/2026-09-18-branches-deploy-review-ar.md:84-92 (2026-09-18; B4b-0296) | docs/P0-IMPLEMENTATION-PLAN.md:336 (2026-09-08; B5a-0135) | docs/audit/12-failure-recovery.md:18 (2026-09-01; B6a-0202) | docs/audit/13-deployment.md:5-7 (2026-09-01; B6a-0211) | docs/audit/21-p0-p1-remediation.md:350-356 (2026-09-07; B6b-0018) | docs/PRODUCTION-HOSTINGER.md:78-107 (unknown; B6c-0005) | docs/PRODUCTION-READINESS-P0.md:101-102 (2026-09-23; B6c-0078) | docs/PRODUCTION-UPDATE-2026-09-20-ar.md:3-6 (2026-09-20; B6c-0090) | docs/SAFE-DEPLOY-AR.md:62-80 (2026-09-14; B6c-0129) | docs/runbooks/alerts-and-metrics.md:49 (unknown; B6c-0155)
REQ-OPS-018,C10,تحقق على staging ببيانات مستعادة قبل الإنتاج,INFERRED_NEEDS_APPROVAL,AI agent / unknown (GO-LIVE report),,المشغل + مختبر الأعمال,كشف أخطاء الترحيل والسلوك على بيانات حقيقية قبل المساس بالإنتاج.,مراجعة/تطبيق ترحيلات الإصدار على staging ببيانات مطابقة (نسخة إنتاج مستعادة ومخففة) وبنفس إصدار PostgreSQL، ثم اختبارات ترحيل native وsmoke ومطابقة مالية (فواتير قديمة/جديدة، ضريبة 14٪، خصم، شحن، FEFO، تحصيل) وتشغيل compose إنتاجي كامل عبر الحاويات، قبل db-migrate الإنتاج؛ أي فشل أو هجرة جزئية يوقف النشر؛ قراءة SQL كل migration جديدة؛ التحقق من وجود الجداول الجديدة فعليًا (customer_contacts، support_categories، ticket_participants).,BR-OPS-49,نسخة إنتاج مستعادة,تقرير staging موقّع,استعادة → ترحيل → سيناريوهات → اعتماد.,فشل → لا نشر.,من ينفذ ≠ من يعتمد النتيجة.,AC-OPS-018-1: Given إصدار مرشح، When يُطلب نشره، Then يوجد تقرير staging لنفس الـcommit بتاريخ ≤ 7 أيام يغطي السيناريوهات المالية الست وكلها ناجحة. | AC-OPS-018-2: Given staging، When يُفحص، Then major version لـPostgreSQL = الإنتاج.,NOT_IMPLEMENTED,PARTIAL,Unknown,—,—,لا بيئة staging في المستودع؛ [C] ci.yml production-topology-artifacts + docker-compose.ci-production.yml (postgres:16 مؤقت، بيانات تركيبية) — ليس بيانات مستعادة ولا نفس الإصدار (الإنتاج PG18 حسب الأدلة),—,—,[B][C] scripts/verify-migrations-pg.cjs (PGlite 18.3 — 82 migration بلا فرق حسب B6c-0134، غير مشغل هنا),لا staging ببيانات حقيقية؛ اختبار CI في C تركيبي وعلى PG16.,أخطاء الترحيل تُكتشف على الإنتاج.,P1,سلامة بيانات الإنتاج.,REQ-OPS-019 | DEC-OPS-15,DEC-OPS-15,هل توجد بيئة staging؟ من يملكها؟,DEPLOY-13,—,DAR-04 | DAR-05 | DAR-08 | DAR-13 | DAR-14 | DAR-15,REQ-OPS-022,,docs/audit/2026-09-20-phase0.5-implementation-report-ar.md:174 (2026-09-20; B4b-0214) | docs/GO-LIVE-ACCEPTANCE-REPORT.md:30-31 (2026-09-24; B5a-0280) | docs/BATCH-REPORT-AR.md:88-93 (2026-09-13; B5b-0122) | docs/audit/production-program/PHASES-5-10-REPORT.md:140-142 (2026-09-16; B6a-0382) | docs/audit/production-program/PRE-PUSH-REVIEW.md:31-36 (2026-09-16; B6a-0393) | docs/PRODUCTION-UPDATE-2026-09-20-ar.md:29-42 (2026-09-20; B6c-0094) | docs/PRODUCTION-DEPLOY-COMBINED-2026-09-24-ar.md:67-82 (2026-09-24; B6c-0105) | docs/SAFE-DEPLOY-AR.md:52-60 (2026-09-14; B6c-0128) | docs/SAFE-DEPLOY-AR.md:138-145 (2026-09-14; B6c-0133) | QA-REPORTS/22-production-env-config-testing.md:31-32 (2026-09-21; B6c-0320)
REQ-OPS-019,C10,نسخة احتياطية إلزامية قبل أي ترحيل: Backup ← migrate ← verify,OWNER_DECISION,owner (2026-09-25 «بلا تفاوض»),Data cut-over & opening balances,المشغل,إمكانية استعادة حالة ما قبل التغيير.,النشر للإنتاج: Backup ← migrate ← verify بلا تفاوض. تفصيلًا (وثائق AI): pg_dump -Fc كامل للقواعد التسع (nile_organization) بـumask 077، فحص pg_restore --list، ملف SHA256SUMS؛ أول فشل يوقف ولا يُستخدم أرشيف جزئي؛ نسخ إلى تخزين مشفر معتمد خارج الـVPS؛ استعادة فعلية لكل القواعد التسع على staging معزولة ومطابقة الجداول والصفوف قبل دمج main (لأن Vercel قد ينشر الواجهة تلقائيًا) ولا نشر إن فشلت؛ نقطة استعادة قبل أي كتابة إنتاجية (بما فيها الاستيراد) والتراجع فقط بمعرفات التقرير بعد فحص المعاملات اللاحقة؛ backup موثوق مع اختبار استرجاع معزول قبل أي DDL؛ قبل تفعيل ميزات تعتمد ترحيلات (مثل تحويل المقترحات الميدانية، إعدادات AI) backup للقواعد المعنية.,BR-OPS-01 | BR-OPS-10 | BR-OPS-11,—,9 أرشيفات + SHA256SUMS + نسخة خارجية + تقرير استعادة,dump → list → sha → off-host → restore test → migrate → verify.,أي فشل → STOP.,المالك يأذن؛ المشغل ينفذ.,AC-OPS-019-1: Given نشر يتضمن migration، When يبدأ db-migrate، Then يوجد 9 أرشيفات بتاريخ اليوم و`sha256sum -c` ناجح ونسخة خارج المضيف. | AC-OPS-019-2: Given فشل dump قاعدة واحدة، When يستمر الإجراء، Then يتوقف النشر. | AC-OPS-019-3: Given أرشيفات النسخة، When تُستعاد على بيئة معزولة، Then أعداد الصفوف لكل جدول تطابق المصدر.,PARTIAL,PARTIAL,Unknown,—,—,[B] لا أتمتة: إجراء يدوي في docs/PRODUCTION-DEPLOY-COMBINED-2026-09-24-ar.md §1 وSERVER-STEPS؛ production-migrate.sh لا يأخذ نسخة. [C] scripts/deploy-production.sh:91-110 «Mandatory Neon snapshot» عبر Neon API (expires_at = +7 أيام :100) — يستهدف Neon بينما الأدلة تشير إلى nile-postgres محلي (OPS-01),—,—,—؛ ادعاء B6c-0302: نسخة ما قبل نشر 2026-09-22 (12 MB) محفوظة في /tmp على الـVPS — يخالف شرط النسخة الخارجية المشفرة,قرار المالك غير مفروض تقنيًا في B؛ في C مفروض لكن على المنصة الخاطئة؛ لا نسخة خارجية مثبتة ولا اختبار استعادة.,ترحيل فاشل بلا نقطة رجوع صالحة = فقد بيانات مالية.,P1,سلامة البيانات.,REQ-OPS-025 | DEC-OPS-07 | DEC-OPS-08,DEC-OPS-07 | DEC-OPS-08,أين تُحفظ نسخ ما قبل النشر؟ هل توجد نسخة خارج المضيف؟ من يتحقق منها؟,OPS-01 | OPS-04,سجل نسخ (backup_runs: وقت، قواعد، أحجام، checksums، موقع خارجي، نتيجة الاستعادة) مرتبط بكل نشر.,DAR-04 | DAR-05 | DAR-06 | DAR-08 | DAR-13 | DAR-14 | DAR-15 | DAR-20,REQ-OPS-020 | REQ-OPS-022,,docs/DECISIONS-2026-09-25-ar.md:111 (2026-09-25; B1-0100) | docs/roadmap/2026-09-19-customer-field-execution-ar.md:38-41 (2026-09-19; B1-0246) | docs/roadmap/2026-09-19-customer-field-execution-ar.md:70-71 (2026-09-19; B1-0263) | docs/CUSTOMER-IDENTITIES-IMPORT-20260918.md:145 (2026-09-18; B3-0220) | docs/audit/2026-09-18-branches-deploy-review-ar.md:190 (2026-09-18; B4b-0304) | docs/GO-LIVE-ACCEPTANCE-REPORT.md:26-29 (2026-09-24; B5a-0279) | docs/AI-PROVIDER-SETTINGS-ar.md:35-87 (unknown; B5b-0023) | docs/PRODUCTION-UPDATE-2026-09-20-ar.md:110-135 (2026-09-20; B6c-0097) | docs/PRODUCTION-DEPLOY-COMBINED-2026-09-24-ar.md:3 (2026-09-24; B6c-0101) | docs/PRODUCTION-DEPLOY-COMBINED-2026-09-24-ar.md:12-56 (2026-09-24; B6c-0103) | docs/PRODUCTION-DEPLOY-COMBINED-2026-09-24-ar.md:57-65 (2026-09-24; B6c-0104) | docs/SERVER-STEPS-2026-09-25-ar.md:14-16 (2026-09-25; B6c-0112) | QA-REPORTS/15-build-deployment-testing.md:46-47 (2026-09-21; B6c-0302)
REQ-OPS-020,C10,نسخ احتياطي مجدول تلقائي مع احتفاظ ونسخة خارجية وتنبيه,INFERRED_NEEDS_APPROVAL,AI agent (لا اعتماد مالك),,مالك النسخ الاحتياطي (غير محدد),حماية مستمرة للبيانات بين النشرات.,الأرقام كما وردت: (أ) PRODUCTION-READINESS-P0 l.104 و runbooks/disaster-recovery.md l.19-48: أساسي Neon PITR مستمر (WAL) للقواعد التسع بفترة احتفاظ «كما هي مضبوطة في لوحة Neon» (غير محددة)؛ ثانوي pg_dump -Fc ليلي لكل قاعدة عبر cron الساعة 02:30 يوميًا (30 2 * * *، المسار /opt/nile-pharma-erp/scripts/backup-nightly.sh) مع sha256 وrclone خارج المضيف والاحتفاظ 14 يوميًا / 8 أسبوعيًا / 6 شهريًا ونسخة .env خارجية مشفرة؛ (ب) alerts-and-metrics A7: تنبيه عند غياب ping النجاح حتى 03:30؛ (ج) B3-0142: «Neon PITR + dump أسبوعي» (يتعارض مع ليلي)؛ (د) B3-0359: «لا جدول نسخ موثق (افتراض PITR من Neon)». الحالة المعلنة: الليلي «specified but NOT deployed» (INFRA-BACKUP-2 OPEN) وNeon PITR هو التغطية الحقيقية الوحيدة. لا شيء من هذه الأرقام معتمد من المالك.,BR-OPS-12,—,dumps يومية + checksums + نسخة خارجية,cron → dump → sha → rclone → prune → ping.,فشل → ping /fail؛ تشغيل يدوي؛ الرجوع لـPITR.,—,AC-OPS-020-1: Given يوم تشغيل عادي، When تمر 03:30، Then يوجد dump لكل قاعدة من القواعد التسع بتاريخ اليوم ونسخته خارج المضيف وping نجاح مستلم. | AC-OPS-020-2: Given غياب ping حتى 03:30، When يُفحص نظام التنبيه، Then أُرسل تنبيه لمالك النسخ. | AC-OPS-020-3: Given يوم 15، When يُطبق prune، Then تبقى 14 نسخة يومية و8 أسبوعية و6 شهرية بالضبط (بعد اكتمال الدورة).,PARTIAL,PARTIAL,Unknown,—,—,[B][C] scripts/backup-nightly.sh (متطابق): :12 مسار cron /opt/nile-pharma-erp ≠ مسار التطبيق الفعلي /opt/codeandcanvas/apps/nile-pharma-erp؛ :28 BACKUP_DIR /var/backups/nile؛ :29-31 KEEP 14/8/6؛ :47 يتطلب pg_dump على المضيف (غير موجود حسب PRODUCTION-UPDATE-2026-09-20)؛ :72 pg_dump بـURL داخلي لشبكة Docker؛ :83-90 النسخة الخارجية اختيارية (تحذير فقط)؛ :38 ping اختياري,—,—,لا اختبار؛ التثبيت على المضيف Unknown (E6),السكربت موجود ولا يعمل كما هو على المضيف الفعلي؛ غير مثبت؛ PITR لا ينطبق على nile-postgres؛ أرقام الجدولة متعارضة (ليلي/أسبوعي).,لا نسخ آلي مثبت لقاعدة تحوي كل البيانات المالية.,P1,فقد بيانات محتمل.,DEC-OPS-07 | DEC-OPS-08 | REQ-OPS-025,DEC-OPS-07 | DEC-OPS-08,هل يوجد cron نسخ مثبت على السيرفر؟ أين تُحفظ النسخ وكم تُحفظ؟,OPS-04 | DEPLOY-07,—,DAR-02 | DAR-09 | DAR-13 | DAR-15 | DAR-18,REQ-OPS-019 | REQ-OPS-021,,docs/audit/2026-09-20-ab-data-pdf-review-ar.md:99-103 (2026-09-20; B3-0130) | docs/audit/00-executive-summary.md:85 (2026-09-01; B6a-0028) | docs/audit/14-backup-dr.md:5-7 (2026-09-01; B6a-0219) | docs/PRODUCTION-READINESS-P0.md:104 (2026-09-23; B6c-0080) | docs/PRODUCTION-READINESS-P0.md:177-186 (2026-09-23; B6c-0086) | docs/PRODUCTION-READINESS-P0.md:285-301 (2026-09-23; B6c-0088) | docs/runbooks/alerts-and-metrics.md:50 (unknown; B6c-0156) | docs/runbooks/disaster-recovery.md:19-26 (2026-09-23; B6c-0167) | docs/runbooks/disaster-recovery.md:28-48 (2026-09-23; B6c-0168) | docs/runbooks/disaster-recovery.md:50-53 (2026-09-23; B6c-0169) | docs/audit/2026-09-20-ab-data-pdf-review-ar.md:155-159 (2026-09-20; B3-0142) | Data/AB DATA/Nile ERP Architecture Description.pdf:p.6-7 (2026-09-13; B3-0359)
REQ-OPS-021,C10,أهداف RPO/RTO ومالك النسخ الاحتياطي (معلقة الاعتماد),INFERRED_NEEDS_APPROVAL,AI agent (لا اعتماد مالك مسجل),,المالك / مدير المالية,تحديد كم بيانات يمكن فقدها وكم وقت توقف مقبول، ومن المسؤول.,الأهداف كما وردت دون أي اعتماد: (1) Architecture Description PDF p.6-7 (2026-09-13، AI): RTO 15 دقيقة وRPO 0؛ (2) runbooks/disaster-recovery.md l.217-224 (2026-09-23، AI): استعادة+تحقق لكل قاعدة < 15 دقيقة؛ RTO كامل (9 قواعد + compose up + smoke) < 60 دقيقة (غير مقاس)؛ RPO مع Neon PITR < 5 دقائق؛ RPO مع dumps الليلية ≤ 24 ساعة + زمن الاكتشاف؛ (3) نفس الدليل l.87-116: RPO Neon «ثوانٍ إلى دقائق»؛ (4) DISASTER-RECOVERY-DRILL-REPORT l.52-63: «لا هدف RPO/RTO إنتاجي مذكور»؛ تعريفات: RTO = بدء الاستعادة→اكتمال التحقق، RPO = عمر النسخة، RTO الحادث الكامل = Σ RTO القواعد + زمن إعادة النشر؛ (5) ADR-12: من يملك النسخ وما الأهداف — مفتوح؛ (6) فترة احتفاظ Neon PITR غير معروفة. القياسات الوحيدة: 0.09–0.52 ثانية على قواعد تركيبية محلية.,BR-OPS-13,قرار المالك,أهداف معتمدة + مالك مسمى,—,—,اعتماد المالك.,AC-OPS-021-1: Given وثيقة أهداف DR، When تُراجع، Then تحمل RPO وRTO رقميين لكل من (قاعدة واحدة، كامل النظام) واسم المالك وتاريخ وتوقيع الاعتماد. | AC-OPS-021-2: Given تدريب استعادة كامل، When يكتمل، Then RTO المقاس ≤ الهدف المعتمد وإلا يُفتح بند معالجة.,NOT_IMPLEMENTED,NOT_IMPLEMENTED,Unknown,—,—,—,—,—,docs/dr-evidence.json: قياسات تركيبية فقط (accounting RTO 0.52 ث، audit 0.09 ث، RPO 0),أرقام متعارضة (RPO 0 مقابل < 5 دقائق مقابل ≤ 24 ساعة) وغير معتمدة؛ لا مالك.,لا معيار لقبول خطة النسخ أو الحكم على حادث.,P1,حوكمة استمرارية بيانات مالية.,DEC-OPS-08,DEC-OPS-08,ما RPO وRTO المقبولان لكم؟ من مالك النسخ الاحتياطي والاستعادة؟,OPS-04,—,DAR-02 | DAR-09 | DAR-13 | DAR-14 | DAR-15 | DAR-18,REQ-OPS-020 | REQ-OPS-022,,docs/DISASTER-RECOVERY-DRILL-REPORT.md:52-63 (2026-09-23; B6c-0163) | docs/runbooks/disaster-recovery.md:87-116 (2026-09-23; B6c-0172) | docs/runbooks/disaster-recovery.md:217-224 (2026-09-23; B6c-0178) | Data/AB DATA/Nile ERP Architecture Description.pdf:p.6-7 (2026-09-13; B3-0359)
REQ-OPS-022,C10,تدريبات الاستعادة الحقيقية وسلامة أدلتها,INFERRED_NEEDS_APPROVAL,AI agent,,المشغل + المالك,إثبات أن النسخ قابلة للاستعادة فعلًا.,"التدريب حقيقي: backup→restore→verify إلى هدف فارغ مؤكد قابل للتخلص، المصدر للقراءة فقط؛ تقرير يكتبه المحرك فقط بعد نجاح كل الفحوص ولا تقرير عند الفشل؛ التقرير السابق المحاكى (147,820 صفًا، RTO 1 ث، توقيع CFO/CISO) ملغى ولا يُستشهد به؛ بوابة go-live ترفض دليلًا أقدم من 92 يومًا؛ تدريب ربع سنوي وبعد أي migration تمس الجداول المالية على الأقل للمحاسبة والتدقيق على بيانات شبيهة بـstaging؛ تدريب كامل للقواعد التسع (pg_dump، RTO كامل شامل compose وsmoke) لم يُنفذ (INFRA-BACKUP-3)؛ تدريب VPS عبر dr-restore-drill-vps.sh في حاوية معزولة --network none ويقيس RPO عند تمرير مجلد نسخة؛ لا اعتبار لجاهزية DR دون استعادة فعلية موثقة؛ تنفيذ وتوثيق استعادة اختبارية مرة على الأقل مع تسجيل RTO/RPO المحققين.",BR-OPS-14 | BR-OPS-15,نسخة حقيقية,dr-evidence.json + RESTORE-DRILL-REPORT,—,فشل → لا تقرير PASS.,شاهد غير المنفذ (مقترح).,AC-OPS-022-1: Given آخر دليل DR، When تُشغل بوابة go-live، Then تفشل إن كان عمره > 92 يومًا أو بيئته synthetic. | AC-OPS-022-2: Given تدريب كامل على نسخة إنتاج، When يكتمل، Then تُسجل لكل قاعدة من التسع أعداد الصفوف والـchecksum وRTO وRPO وPASS.,PARTIAL,PARTIAL,Unknown,—,—,[B][C] scripts/dr-backup-restore-drill.cjs؛ scripts/dr-restore-drill-vps.sh:93 (--network none)، :189 (RPO من عمر nile_iam.dump)، :195 RESULT؛ scripts/go-live-acceptance-gate.cjs:113-125 (≤92 يومًا)؛ CI: [B] .github/workflows/ci.yml:130-138 تدريب على قاعدة accounting تركيبية (5 صفوف),—,—,docs/dr-evidence.json: تدريبان 2026-09-23 تركيبيان محليان (accounting 33 جدولًا/647 صفًا RTO 0.52 ث؛ audit 4/40 RTO 0.09 ث؛ RPO 0)؛ لا دليل على قاعدة إنتاج؛ البوابة لا تتحقق أن البيئة غير تركيبية,الأدوات موجودة؛ لا تدريب على نسخة إنتاج ولا للقواعد التسع؛ البوابة تقبل أدلة تركيبية؛ الدليل الحالي يصبح قديمًا بعد ~2026-12-24.,ثقة زائفة في القدرة على الاستعادة.,P1,استمرارية البيانات المالية.,REQ-OPS-021 | DEC-OPS-09,DEC-OPS-09,هل نُفذ dr-restore-drill-vps.sh على السيرفر؟ أين التقرير؟,OPS-04 | GOV-02,سجل تدريبات append-only (تاريخ، بيئة، قواعد، صفوف، checksums، RTO، RPO، المنفذ، الشاهد).,DAR-05 | DAR-06 | DAR-12 | DAR-13 | DAR-14 | DAR-15,REQ-OPS-019 | REQ-OPS-023,,docs/AUDIT-REMEDIATION-STATUS-2026-09-25-ar.md:26 (2026-09-25; B1-0338) | docs/GO-LIVE-ACCEPTANCE-REPORT.md:17 (2026-09-24; B5a-0273) | docs/audit/14-backup-dr.md:15 (2026-09-01; B6a-0220) | docs/audit/14-backup-dr.md:28 (2026-09-01; B6a-0222) | docs/audit/21-p0-p1-remediation.md:29-33 (2026-09-07; B6b-0003) | docs/PRODUCTION-READINESS-P0.md:103 (2026-09-23; B6c-0079) | docs/PRODUCTION-READINESS-P0.md:105 (2026-09-23; B6c-0081) | docs/SERVER-STEPS-2026-09-25-ar.md:69-80 (2026-09-25; B6c-0122) | docs/DISASTER-RECOVERY-DRILL-REPORT.md:12-51 (2026-09-23; B6c-0162) | docs/DISASTER-RECOVERY-DRILL-REPORT.md:65-75 (2026-09-23; B6c-0164) | docs/dr-evidence.json:1-46 (2026-09-23; B6c-0165) | docs/runbooks/disaster-recovery.md:226-236 (2026-09-23; B6c-0179)
REQ-OPS-023,C10,دليل الاستعادة والكوارث وصلاحية تنفيذه,INFERRED_NEEDS_APPROVAL,AI agent,,المشغل المخول + المالك,استعادة مضبوطة لا تزيد الضرر وتحفظ الأدلة.,نطاق DR: القواعد التسع، مكدس التطبيق على Hostinger، حالة Redpanda؛ لا أسرار في الدليل. مُطلقات: /health 503 مع قاعدة متوقفة > 5 دقائق، حادث المزود، تلف بيانات (مطابقة سيئة، سلسلة تدقيق مكسورة، حركات مالية مكررة)، فدية/DROP/DELETE جماعي (أوقف الكتابة أولًا)؛ سجل وقت الاكتشاف والقواعد المتأثرة وآخر وقت سليم. لا استعادة فوق القاعدة الحية: أوقف الخدمات الكاتبة، استعد إلى قاعدة جديدة، db-migrate عند الحاجة، احتفظ بالأصل التالف. قبل الحركة: أعداد الصفوف، سلسلة التدقيق (/api/audit/events/verify)، _prisma_migrations مكتمل، total = paidAmount + creditedAmount + outstanding لكل فاتورة، لا idempotency_key مكرر. ترقية القاعدة المستعادة فقط بعد أن يسجل المالك نقطة ووقت الاستعادة. تشغيل الخدمات ثم الويب أخيرًا ثم smoke. إغلاق: خط زمني وRTO/RPO المقاسان والسبب؛ نسخة الأصل التالف تُحذف بعد 30 يومًا من الإغلاق (أو حسب تجميد امتثال) بواسطة نفس المعتمِد. أسماء الأشخاص المخولين بالاستعادة.,BR-OPS-16 | BR-OPS-17,حادث,قاعدة مستعادة + سجل حادث,كما في المتطلب.,سلسلة تدقيق مكسورة → نقطة استعادة سيئة → نقطة أقدم.,المنفذ ≠ المالك المعتمد للترقية.,AC-OPS-023-1: Given قاعدة مستعادة، When يُطلب ترقيتها، Then لا تتم قبل تسجيل المالك لنقطة ووقت الاستعادة ونجاح فحوص السلامة الخمسة. | AC-OPS-023-2: Given دليل DR، When يُراجع، Then يذكر أسماء المخولين بالاستعادة ويستهدف منصة القاعدة الفعلية.,PARTIAL,PARTIAL,Unknown,—,/api/audit/events/verify (قائم حسب الدليل؛ لم يُتحقق هنا),docs/runbooks/disaster-recovery.md و docs/OPERATIONS-RUNBOOK.md:45-50 (متطابقان B/C) — مبنيان على Neon PITR وأسماء قواعد Neon,—,—,—,الدليل موجود لكنه يفترض Neon ولا يسمي المخولين؛ لا أداة لفحوص ما بعد الاستعادة.,استعادة بطيئة أو خاطئة وقت الحادث.,P2,ضبط تشغيلي؛ يوجد دليل جزئي.,DEC-OPS-07 | DEC-OPS-08,DEC-OPS-07,من المخول بتنفيذ الاستعادة وترقيتها؟,DEPLOY-16,—,DAR-06 | DAR-07 | DAR-08 | DAR-10 | DAR-12 | DAR-14 | DAR-15,REQ-OPS-022 | REQ-OPS-024 | REQ-SEC-045,,docs/audit/14-backup-dr.md:30 (2026-09-01; B6a-0224) | docs/OPERATIONS-RUNBOOK.md:45-50 (unknown; B6c-0147) | docs/runbooks/disaster-recovery.md:3-7 (2026-09-23; B6c-0166) | docs/runbooks/disaster-recovery.md:57-72 (2026-09-23; B6c-0170) | docs/runbooks/disaster-recovery.md:118-137 (2026-09-23; B6c-0173) | docs/runbooks/disaster-recovery.md:139-155 (2026-09-23; B6c-0174) | docs/runbooks/disaster-recovery.md:157-183 (2026-09-23; B6c-0175) | docs/runbooks/disaster-recovery.md:200-213 (2026-09-23; B6c-0177)
REQ-OPS-024,C10,سياسة الرجوع: الكود للخلف والمخطط للأمام,INFERRED_NEEDS_APPROVAL,AI agent,,المشغل,رجوع آمن دون إفساد البيانات.,الرجوع: إصلاح للأمام بـmigration جديدة (المفضل دائمًا)؛ استعادة النسخة فقط إذا الضرر في البيانات وبقرار تعافٍ صريح ومنسق؛ لا rollback تلقائي للقاعدة ولا migrate reset/db push؛ الكود للخلف بالـcommit وIMAGE_TAG/manifest السابق (يُحتفظ بالصور والنسخ)؛ العودة للكود القديم ليست مضمونة إن كُتبت سجلات بصيغ جديدة (مثل فواتير DEFERRED: صفر → آمن، أكبر → إصلاح للأمام)؛ فشل migration في منتصفها يعالج على staging بعد فحص _prisma_migrations.logs؛ دليل migrate status/resolve مع سلسلة تفويض ولقطة قبل الترحيل؛ لا إسقاط أعمدة/جداول أو trigger اللقطة؛ لا مسح outbox/inbox؛ rollback الكود لا يعيد الاتساق المالي تلقائيًا.,BR-OPS-22,—,—,—,—,قرار تعافٍ منسق.,AC-OPS-024-1: Given نشر فاشل بعد ترحيل إضافي، When يُنفذ الرجوع، Then تعود الصور للإصدار السابق ولا يُنفذ أي DDL على القاعدة. | AC-OPS-024-2: Given فواتير بحالة جديدة غير معروفة للكود القديم، When يُطلب الرجوع، Then يُمنع أو يُوثق مسار إصلاح للأمام.,PARTIAL,PARTIAL,Unknown,—,—,[B] يدوي: previous IMAGE_TAG (SERVER-STEPS)؛ [C] scripts/rollback-production.sh (manifest سابق، صور فقط) لكن :20 up --remove-orphans؛ لا دليل migrate resolve في المستودع رغم تنفيذه فعليًا (DB-01),—,—,—,سياسة واضحة؛ لا runbook لـresolve؛ أداة C تستخدم --remove-orphans الممنوع.,—,P2,ضبط تشغيلي.,REQ-OPS-027,,,OPS-02 | DB-01,سجل الإصدارات (manifest لكل نشر) والاحتفاظ بالصور السابقة.,DAR-03 | DAR-04 | DAR-07 | DAR-13 | DAR-14 | DAR-15 | DAR-18,REQ-NFR-014 | REQ-OPS-023 | REQ-OPS-030 | REQ-OPS-032,,docs/audit/00-executive-summary.md:89 (2026-09-01; B6a-0029) | docs/audit/12-failure-recovery.md:30 (2026-09-01; B6a-0208) | docs/audit/20-p0-p1-evidence-validation.md:224-225 (unknown; B6a-0286) | docs/audit/production-program/PHASES-0-4-REPORT.md:147-153 (2026-09-16; B6a-0350) | docs/audit/production-program/PHASES-5-10-REPORT.md:151-155 (2026-09-16; B6a-0388) | docs/PRODUCTION-UPDATE-2026-09-20-ar.md:188-210 (2026-09-20; B6c-0100) | docs/PRODUCTION-DEPLOY-COMBINED-2026-09-24-ar.md:112 (2026-09-24; B6c-0108) | docs/SERVER-STEPS-2026-09-25-ar.md:42-53 (2026-09-25; B6c-0114) | docs/SAFE-DEPLOY-AR.md:104-111 (2026-09-14; B6c-0131)
REQ-OPS-025,C10,تحديد منصة قاعدة الإنتاج والهدف بشكل قاطع قبل أي كتابة,INFERRED_NEEDS_APPROVAL,AI agent / auditor,,المشغل,ألا تُنفذ نسخة أو ترحيل أو استيراد على هدف خاطئ.,إذا تعذر تحديد الهدف إيجابيًا (إنتاج/فرع/نسخة): توقف؛ يلزم نسخ/استعادة قبل أي كتابة إنتاجية. الاتصال بقاعدة الإنتاج إجراء صعب العكس يتطلب تأكيدًا صريحًا. تعريف قاعدة الإنتاج (nile-postgres إن وجدت على الـVPS) يجب أن يكون موثقًا في git قبل النشر؛ إن كانت Neon: روابط direct (لا -pooler) وفحص 5432 قبل النشر. الوثائق والأدوات يجب أن تتفق على منصة واحدة وأسماء قواعد واحدة.,BR-OPS-18 | BR-OPS-07,—,تأكيد هوية الهدف,—,هدف غير محدد → STOP.,تأكيد صريح من المالك.,AC-OPS-025-1: Given سكربت نشر/نسخ/استيراد، When يبدأ، Then يطبع ويتحقق من هوية الهدف (مضيف، اسم القاعدة، system identifier) ويتوقف إن لم تطابق القيمة المعتمدة. | AC-OPS-025-2: Given المستودع، When يُفحص، Then يوجد تعريف خدمة PostgreSQL الإنتاجية (أو توثيق Neon) متسق مع compose والدليل.,PARTIAL,CONTRADICTED,Unknown,—,—,[B][C] docker-compose.production.yml بلا خدمة postgres وتعليقات «Neon direct connection string»؛ لا docker-compose.postgres.yml في أي snapshot (ARC-03/DEPLOY-01)؛ [C] scripts/deploy-production.sh:72-80 (nc إلى «Neon TCP 5432») و:91-110 (Neon API) بينما الأدلة التشغيلية DATABASE_URL=…@nile-postgres:5432 (runtime.txt)؛ [B][C] scripts/deploy-customer-identities.sh:16-19 يتوقف إن لم يجد حاوية واحدة (تطبيق جزئي للقاعدة),—,—,[C] scripts/merge-launcher.test.js:109-110 يؤكد «production talks to Neon» (حسب الملاحظات),الوثائق والأدوات تفترض Neon بينما الأدلة تشير لقاعدة محلية غير معرفة في git.,نسخ/ترحيل/استعادة على هدف خاطئ.,P1,سلامة البيانات.,DEC-OPS-07,DEC-OPS-07 | DEC-OPS-13,أين تعمل قاعدة الإنتاج فعلًا (nile-postgres PG18 أم Neon)؟ وما المنصة المستهدفة؟,ARC-03 | OPS-01 | DEPLOY-01 | DEPLOY-02,تعريف القاعدة (الصورة، الإصدار، الـvolume، الشبكة، أسماء القواعد التسع) في git؛ أسماء موحدة (nile_organization).,DAR-02 | DAR-09 | DAR-14 | DAR-15,REQ-OPS-019 | REQ-OPS-020,,docs/ERP-DATA-CLOSURE-BASELINE.md:9 (2026-09-01; B3-0098) | docs/ERP-DATA-CLOSURE-BASELINE.md:17 (2026-09-01; B3-0100) | docs/audit/2026-09-20-ab-data-pdf-review-ar.md:23 (2026-09-20; B3-0112) | docs/audit/production-data-migration-preflight-2026-09-01.md:86-93 (2026-09-01; B3-0283) | docs/audit/production-data-migration-preflight-2026-09-01.md:93 (2026-09-01; B3-0284) | docs/audit/2026-09-18-branches-deploy-review-ar.md:192 (2026-09-18; B4b-0305) | docs/PRODUCTION-HOSTINGER.md:109-131 (unknown; B6c-0006)
REQ-OPS-026,C10,طوبولوجيا الاستضافة: VPS واحد، مضيف عام واحد، منافذ الخلفية محلية,DOCUMENTED_REQ,AI agent,,المشغل,سطح هجوم أدنى ومسار وصول واحد واضح.,الإنتاج Hostinger KVM 8 (Ubuntu 24.04، Docker Compose) ويحل محل Railway؛ المتصفح يتحدث لمضيف واحد nile-erp.codeandcanvas.net عبر Nginx Proxy Manager TLS؛ الويب يعيد كتابة /api/* لأسماء الخدمات؛ منافذ الخلفية 127.0.0.1:3001-3009 فقط ولا منفذ خلفي من الإنترنت؛ مضيف لوحة واحد يوجه / فقط إلى nile-pharma-erp-web-1:3000 دون Custom Locations لـ/api؛ لوحة واحدة: self-host أو Vercel لا كلاهما؛ متغيرات *_URL التسعة مطلوبة وقت البناء، والبناء يفشل إن احتوت rewrites على localhost؛ لا أسرار في NEXT_PUBLIC_؛ مضيف API عام اختياري يحتاج تنسيق HLOS؛ إعادة بناء web فقط عند التغيير دون استبدال إنتاج أحدث بقاعدة أقدم.,BR-OPS-50,—,—,—,—,—,AC-OPS-026-1: Given المضيف، When يُفحص المنافذ المنشورة، Then منافذ 3001-3009 مربوطة على 127.0.0.1 فقط. | AC-OPS-026-2: Given بناء web بـ*_URL تشير لـlocalhost، When يُبنى، Then يفشل.,IMPLEMENTED,IMPLEMENTED,Unknown,—,—,[B] docker-compose.production.yml:236 (${BACKEND_BIND_IP:-127.0.0.1}:…)؛ [B] apps/web/Dockerfile:59-66 (رفض localhost في routes-manifest)؛ [C] نفس البنية بصور digest,—,—,"[B][C] scripts/merge-launcher.test.js (spec exists, not run)؛ apps/web/vercel.json ما زال موجودًا (هل Vercel حي؟ Unknown)",مطبق في الملفات؛ حالة Vercel الحية مجهولة.,لوحتان محتملتان بإصدارين.,P3,إعداد تشغيلي مطبق.,DEC-OPS-10,DEC-OPS-10,هل يوجد نشر Vercel حي للواجهة؟,DEPLOY-16,—,DAR-02 | DAR-07 | DAR-13,REQ-OPS-027,,docs/CUSTOMER-EXPORTS.md:31 (unknown; B3-0276) | docs/PRODUCTION-HOSTINGER.md:3-11 (unknown; B6c-0001) | docs/PRODUCTION-HOSTINGER.md:17-55 (unknown; B6c-0002) | docs/PRODUCTION-HOSTINGER.md:151-210 (unknown; B6c-0008) | docs/PRODUCTION-HOSTINGER.md:212-280 (unknown; B6c-0009) | docs/PRODUCTION-HOSTINGER.md:323-376 (unknown; B6c-0011) | README.md:103-128 (unknown; B6c-0195)
REQ-OPS-027,C10,التعايش مع بروكسي HLOS المشترك وأوامر Compose الممنوعة,INFERRED_NEEDS_APPROVAL,AI agent (قيد تشغيلي ملزم في الوثائق),,فريقا Nile وHLOS,ألا يُسقط نشر Nile نظام HLOS المجاور أو العكس.,nginx-proxy-manager مشروع Compose مستقل (/opt/codeandcanvas/proxy، 80/443، لوحة 127.0.0.1:81) متصل بـnile-pharma-erp_default وhlos-edge كشبكات external؛ ممنوع: إعادة إنشاء/نقل البروكسي، فصله عن hlos-edge، ربط خدمات Nile بـhlos-edge، حذف nile-pharma-erp_default، down -v (يحذف ناقل الأحداث)، -p/COMPOSE_PROJECT_NAME، network disconnect/rm/prune؛ down تجنّبه وأي down منسق؛ --remove-orphans وprune وتعديل Proxy Hosts/الشهادات تغييرات فريقين؛ up -d المسار المعتاد بـ--no-deps لعدم إعادة إنشاء redpanda؛ استخدام أسماء الحاويات لا IP؛ بعد أي تغيير بروكسي فحص https://hlos.codeandcanvas.net/api/health/ready و https://nile-erp.codeandcanvas.net/login؛ استجابة 502 حسب السيناريو؛ تأكيد ملكية البروكسي وعقد الشبكة مع HLOS؛ هذا الملف مقدم على PRODUCTION-HOSTINGER عند التعارض.,BR-OPS-19 | BR-OPS-20,—,—,—,502 على Nile فقط: network connect → nginx -t → reload وإبلاغ HLOS؛ 502 على HLOS: إبلاغ HLOS.,تنسيق الفريقين.,AC-OPS-027-1: Given سكربت نشر/رجوع، When يُفحص، Then لا يحتوي --remove-orphans أو down أو -p. | AC-OPS-027-2: Given أي تغيير بروكسي، When يكتمل، Then ينجح curl للنطاقين (exit 0).,IMPLEMENTED,CONTRADICTED,Unknown,—,—,[B][C] scripts/merge-launcher.test.js:180-272 (منع hlos، network_mode host، 80/443 في ملف compose)؛ [C] scripts/deploy-production.sh:140 و scripts/rollback-production.sh:20 «up -d --no-build --remove-orphans» (يخالف القاعدة؛ قد يحذف nile-postgres إن حمل label المشروع — OPS-02)؛ [C] production-deploy.yml يفحص /login فقط لا HLOS,—,—,"merge-launcher.test.js (spec exists, not run)",B يلتزم (إجراء يدوي)؛ C يخالف القاعدة في أدوات الأتمتة.,انقطاع كامل محتمل لـNile و/أو HLOS.,P1,يعطل التشغيل اليومي.,,,هل nile-postgres يحمل label مشروع nile-pharma-erp؟,OPS-02 | DEPLOY-03,—,DAR-07 | DAR-13,REQ-OPS-030,,docs/audit/2026-09-18-branches-deploy-review-ar.md:194 (2026-09-18; B4b-0306) | docs/GO-LIVE-ACCEPTANCE-REPORT.md:32-33 (2026-09-24; B5a-0281) | docs/PRODUCTION-HOSTINGER.md:57-67 (unknown; B6c-0003) | docs/PRODUCTION-HOSTINGER.md:519-536 (unknown; B6c-0018) | docs/PRODUCTION-DEPLOY-COMBINED-2026-09-24-ar.md:5-10 (2026-09-24; B6c-0102) | docs/SERVER-STEPS-2026-09-25-ar.md:3-10 (2026-09-25; B6c-0110) | docs/SHARED-PROXY-NETWORKS-AR.md:1-6 (2026-09-20; B6c-0136) | docs/SHARED-PROXY-NETWORKS-AR.md:10-77 (2026-09-20; B6c-0137) | docs/SHARED-PROXY-NETWORKS-AR.md:81-87 (2026-09-20; B6c-0138) | docs/SHARED-PROXY-NETWORKS-AR.md:91-104 (2026-09-20; B6c-0139) | docs/SHARED-PROXY-NETWORKS-AR.md:108-136 (2026-09-20; B6c-0140) | docs/SHARED-PROXY-NETWORKS-AR.md:140-159 (2026-09-20; B6c-0141) | docs/SHARED-PROXY-NETWORKS-AR.md:163-173 (2026-09-20; B6c-0142) | docs/OPERATIONS-RUNBOOK.md:3-18 (unknown; B6c-0143)
REQ-OPS-028,C10,إعداد بيئة الإنتاج والأسرار,DOCUMENTED_REQ,AI agent / QA,,المشغل,منع تشغيل الإنتاج بأسرار ضعيفة أو هويات تجريبية أو عناوين خاطئة.,make-production-env.sh يكتب .env بصلاحية 600 ويرفض الاستبدال ويولد فقط أسرار JWT وEVENT_SIGNATURE_PEPPER ولا يولد SIGNATURE_PEPPER أبدًا (يُسترجع من النشر السابق)؛ check-production-env.sh يفشل عند: متغير ناقص/FILL-ME/بيانات dev/سر < 43 حرفًا/أسرار مشتركة/URL قاعدة غير postgresql أو localhost/CORS wildcard/ملف ليس 600، ويطبع الأسماء فقط؛ يرفض هوية البذرة المحلية وكلمتها؛ صفحة الدخول لا تملأ بريد البذرة في production؛ متغيرات *_URL التسعة (منها AUDIT_URL) موثقة في .env.example؛ مضيف الإنتاج: .env 600، /etc/nile-pharma/deploy.env 600 لا يُلتزم؛ كل تغيير سلوكي خلف flag بيئة موثق.,BR-OPS-21,—,.env,make → check → deploy.,تحذير عند غياب sslmode=require وعند pooler.,—,AC-OPS-028-1: Given .env بصلاحية 644، When يُشغل check-production-env.sh، Then يفشل (لا مجرد تحذير). | AC-OPS-028-2: Given سر بطول 42، When يُفحص، Then FAIL ولا تُطبع قيمته.,PARTIAL,PARTIAL,Unknown,—,—,[B][C] scripts/check-production-env.sh:75-79 (≥43)، :122-123 (WARN sslmode — يفترض Neon)، :147-153 (البذرة FAIL)، :159-160 (صلاحية ≠600 → WARN فقط، يخالف الوثيقة)؛ make-production-env.sh,—,—,—,الفحص قائم؛ صلاحية الملف تحذير لا فشل؛ فحص sslmode موجه لـNeon.,—,P2,ضبط أمني تشغيلي.,DEC-OPS-07,,,OPS-13,—,DAR-05 | DAR-06 | DAR-07 | DAR-12 | DAR-14,REQ-NFR-004 | REQ-OPS-030 | REQ-R2R-035 | REQ-SEC-058,,docs/QA-DECISIONS-AR.md:37-39 (2026-09-21; B1-0189) | docs/PROMPT-P1-P3-IMPLEMENTATION.md:338 (unknown; B5a-0235) | docs/audit/02-architecture.md:16 (2026-09-01; B6a-0054) | docs/audit/13-deployment.md:21 (2026-09-01; B6a-0213) | docs/audit/13-deployment.md:23 (2026-09-01; B6a-0214) | docs/audit/22-production-remediation-master-plan.md:272-286 (2026-09-13; B6b-0107) | docs/PRODUCTION-HOSTINGER.md:413-436 (unknown; B6c-0014) | docs/PRODUCTION-LAST-MILE.md:29-42 (unknown; B6c-0032)
REQ-OPS-029,C10,بوابة الإصدار واعتماد النشر (CI أخضر، موافقة بشرية، لا دفع مباشر لـmain),OWNER_DECISION,unnamed owner (CI شامل؛ تصريح الدفع لفرع arena) + owner (إذن commit ونشر),,المالك + المشغل,ألا يصل للإنتاج إلا كود مختبر ومعتمد.,CI شامل (build-and-test، audit-e2e، web-auth-e2e، smoke بـKafka حقيقي، بوابة compose) وبوابة إصدار = بناء كامل 16/16 بما فيه web + lint + typecheck + اختبارات + bring-up للترحيلات؛ CI أخضر شرط للنشر؛ اختبارات التكامل والتزامن تعمل بلا تخطٍ صامت؛ لا خدمات «خضراء» بصفر اختبارات؛ التغييرات على فرع ثم PR إلى main بعد الموافقة؛ commit ونشر بإذن المالك (تصريح 2026-09-16: push لفرع arena لا main ولا نشر)؛ موافقة المشغلين المسؤولين على نافذة التغيير؛ بيئة GitHub production بمراجعين مطلوبين؛ نتائج go-live الآلية ليست توقيع إنتاج (لا CFO/CISO/SRE وقعوا)؛ ترشيح الإنتاج يتطلب كل بوابات P0 خضراء وبوابات P1 أو مؤجلة بتخفيف وقرارات ADR موقعة وإجراء تراجع ومسار تصعيد؛ تقييم الجاهزية لكل طبقة على حدة (محلي ≠ إنتاج)؛ تجميد ميزات غير مرتبطة أثناء بنود P0 المفتوحة؛ لا نشر بالقائمة القديمة دون مراجعة؛ لا credentials في Git.,BR-OPS-23 | BR-OPS-24,commit مرشح,موافقة نشر مسجلة,PR → CI → مراجعة → دمج → موافقة بيئة production → نشر.,CI أحمر → لا نشر.,المطور ≠ المعتمد للنشر.,AC-OPS-029-1: Given commit على main بـCI فاشل، When يُطلب النشر، Then لا يبدأ. | AC-OPS-029-2: Given نجاح CI، When يبدأ workflow النشر، Then يتوقف بانتظار موافقة مراجع مسمى ويُسجل اسمه في سجل النشر. | AC-OPS-029-3: Given فشل النشر البعيد، When ينتهي workflow، Then يظهر فاشلًا.,PARTIAL,PARTIAL,Unknown,—,—,"[B] .github/workflows/ci.yml بلا مرحلة نشر (نشر يدوي، لا ربط تقني بين CI والنشر)؛ [C] .github/workflows/production-deploy.yml:10,26 (workflow_run عند نجاح CI على main) و:28 environment (مراجعون غير مرئيين — OPS-07)، :113 «…; rm -f» يخفي فشل النشر (OPS-05)؛ CI في C لا يكتمل (production-topology.test.cjs:26 SyntaxError — OPS-03)",—,—,ci.yml (لم يُشغل)؛ لا سجل تشغيل CI متاح,لا ربط ملزم في B؛ في C ربط آلي لكن الموافقة غير مثبتة والفشل مخفي والـpipeline لا يكتمل؛ ادعاءات «بناء أخضر» متعارضة.,نشر كود غير مختبر أو ظهور نشر فاشل كناجح.,P1,ضبط التغيير على نظام مالي.,REQ-OPS-030 | DEC-OPS-09 | DEC-OPS-11,DEC-OPS-09 | DEC-OPS-11,هل بيئة GitHub production مضبوطة بمراجعين؟ من يملك إذن النشر؟,OPS-03 | OPS-05 | OPS-07 | GOV-02,سجل نشر: commit، نتيجة CI، المعتمد، الوقت، النتيجة.,DAR-04 | DAR-05 | DAR-06 | DAR-07 | DAR-12 | DAR-14 | DAR-15,REQ-NFR-037 | REQ-OPS-030 | REQ-OPS-032,,"docs/REQUESTS-2026-09-25-ar.md:288-294 (2026-09-25; B1-0179) | docs/P1-WAVE1-CONFLICT-INTEGRATION-REPORT.md:12-30 (2026-09-24; B2-0203) | docs/P1-WAVE1-CONTINUATION-REPORT.md:84-91,118,176 (2026-09-24; B2-0221) | docs/audit/2026-09-20-backlog-traceability-ar.md:214 (2026-09-20; B4b-0119) | docs/audit/2026-09-18-branches-deploy-review-ar.md:5-7 (2026-09-18; B4b-0285) | docs/audit/2026-09-18-branches-deploy-review-ar.md:155-165 (2026-09-18; B4b-0301) | docs/audit/2026-09-18-branches-deploy-review-ar.md:167-179 (2026-09-18; B4b-0302) | docs/audit/2026-09-18-branches-deploy-review-ar.md:200 (2026-09-18; B4b-0308) | docs/REQUIREMENTS-TRACEABILITY-MATRIX.md:117 (unknown; B5a-0056) | docs/P0-ACCOUNTING-MEGA-WAVE.md:24-26 (unknown; B5a-0244) | docs/ACCOUNTING-AUDIT-2026-09-28-IMPLEMENTATION.md:50 (2026-09-28; B5a-0267) | docs/GO-LIVE-ACCEPTANCE-REPORT.md:1-9 (2026-09-24; B5a-0268) | docs/GO-LIVE-ACCEPTANCE-REPORT.md:34 (2026-09-24; B5a-0282) | docs/audit/00-executive-summary.md:25 (2026-09-01; B6a-0012) | docs/audit/00-executive-summary.md:131-139 (2026-09-01; B6a-0043) | docs/audit/01-system-inventory.md:16-18 (2026-09-01; B6a-0046) | docs/audit/13-deployment.md:37 (2026-09-01; B6a-0217) | docs/audit/production-program/PRE-PUSH-REVIEW.md:3 (2026-09-16; B6a-0389) | docs/audit/production-program/PRE-PUSH-REVIEW.md:27 (2026-09-16; B6a-0392) | docs/audit/21-p0-p1-remediation.md:5-43 (2026-09-07; B6b-0001) | docs/audit/21-p0-p1-remediation.md:1316-1388 (2026-09-07; B6b-0063) | docs/audit/21-p0-p1-remediation.md:1392-1429 (2026-09-07; B6b-0064) | docs/audit/21-p0-p1-remediation.md:1575-1597 (2026-09-07; B6b-0068) | docs/audit/22-production-remediation-master-plan.md:403-405 (2026-09-13; B6b-0123) | docs/audit/22-production-remediation-master-plan.md:420 (2026-09-13; B6b-0133) | docs/audit/22-production-remediation-master-plan.md:424 (2026-09-13; B6b-0137) | docs/audit/22-production-remediation-master-plan.md:430-438 (2026-09-13; B6b-0138) | docs/audit/22-production-remediation-master-plan.md:440-442 (2026-09-13; B6b-0139) | docs/PRODUCTION-LAST-MILE.md:5-27 (unknown; B6c-0031) | docs/ERP-PRODUCTION-READINESS.md:41-43 (unknown; B6c-0044) | docs/ERP-PRODUCTION-READINESS.md:45-55 (unknown; B6c-0045) | docs/ERP-PRODUCTION-READINESS.md:76-80 (unknown; B6c-0047) | docs/PRODUCTION-READINESS-P0.md:5-10 (2026-09-23; B6c-0051) | docs/PRODUCTION-READINESS-P0.md:65-70 (2026-09-23; B6c-0054) | PRODUCTION_HARDENING.md:85-106 (unknown; B6c-0205) | PRODUCTION_HARDENING.md:108-118 (unknown; B6c-0206)"
REQ-OPS-030,C10,بناء غير قابل للتغيير في CI ونشر بالـdigest مع سجل إصدارات,INFERRED_NEEDS_APPROVAL,AI agent,,المشغل,معرفة ما يعمل في الإنتاج بدقة وإمكانية الرجوع إليه.,الإنتاج ينشر من digests غير قابلة للتغيير والمضيف لا يبني صورًا (البناء والنشر في CI؛ Hostinger يسحب ويرحّل وينشر ويتحقق ويرجع فقط)؛ deploy-production.sh: قفل، preflight، تحقق وجود الصور بالـdigest، اتصال القاعدة، حفظ manifest، نقطة استعادة قبل الترحيل، pull، db-migrate (فشل → توقف بلا إعادة تشغيل)، up -d --no-build، health+smoke، حفظ سجل التدقيق، رجوع آلي عند الفشل؛ المضيف يحتفظ بـ.deploy/active-release.json وreleases/<sha>.json وdeployment-history.jsonl وneon-snapshot-*.json ولا تُحذف الإصدارات النشطة/السابقة؛ بيئة البناء تسمح بمحركات Prisma أو تخزنها مسبقًا مع بوابة CI تبني الصور بـPrisma generate حقيقي.,BR-OPS-51,release manifest,نشر + سجل,كما في المتطلب.,فشل ترحيل → توقف؛ فشل بعد النشر → رجوع للـmanifest السابق.,—,AC-OPS-030-1: Given نشر ناجح، When يُفحص المضيف، Then active-release.json يحوي digest كل صورة ويطابق الحاويات العاملة. | AC-OPS-030-2: Given المضيف، When يُفحص سجل الأوامر، Then لا docker build في مسار النشر.,NOT_IMPLEMENTED,PARTIAL,Unknown,—,—,"[B] بناء على المضيف بوسم قابل للتغيير nile-pharma-erp/<svc>:${IMAGE_TAG:-prod}؛ [C] docker-compose.production.yml بصور ${<SVC>_IMAGE:?} وscripts/deploy-production.sh:8-9,84-110,138-142 وimmutable-docker-release.yml؛ لكن pipeline لا يكتمل (OPS-03) والـsmoke بلا env (OPS-06)",—,—,—؛ الحاويات الحالية بوسم release-89c2c31 محلي وملف env /tmp/nile-recovery-release.env (DEPLOY-06),C صمم المسار لكنه غير قابل للتشغيل؛ الإنتاج الفعلي غير قابل لإعادة الإنتاج من أي مسار موثق.,لا يمكن إثبات أي كود يعمل في الإنتاج.,P1,سلامة التغيير وقابلية التدقيق.,DEC-OPS-12 | REQ-OPS-029,DEC-OPS-12,كيف بُنيت ونُشرت الحاويات الحالية في 2026-09-29؟,OPS-03 | OPS-06 | DEPLOY-06,manifest لكل إصدار (sha، digests، وقت، منفذ، نتيجة) محفوظ append-only.,DAR-02 | DAR-04 | DAR-12 | DAR-14 | DAR-15,REQ-OPS-024 | REQ-OPS-029,,docs/audit/13-deployment.md:31 (2026-09-01; B6a-0215) | docs/audit/21-p0-p1-remediation.md:1496-1499 (2026-09-07; B6b-0067) | docs/PRODUCTION-HOSTINGER.md:540-565 (unknown; B6c-0019) | docs/PRODUCTION-HOSTINGER.md:567-592 (unknown; B6c-0020) | docs/PRODUCTION-HOSTINGER.md:594-640 (unknown; B6c-0021) | docs/PRODUCTION-LAST-MILE.md:1-3 (unknown; B6c-0030) | docs/PRODUCTION-LAST-MILE.md:44-62 (unknown; B6c-0033) | docs/PRODUCTION-LAST-MILE.md:64-72 (unknown; B6c-0034) | docs/PRODUCTION-LAST-MILE.md:86-88 (unknown; B6c-0036) | QA-REPORTS/15-build-deployment-testing.md:4-15 (2026-09-21; B6c-0297) | QA-REPORTS/15-build-deployment-testing.md:24-29 (2026-09-21; B6c-0299) | QA-REPORTS/15-build-deployment-testing.md:31-44 (2026-09-21; B6c-0300) | docs/PRODUCTION-LAST-MILE.md:74-84 (unknown; B6c-0035)
REQ-OPS-031,C10,نشر وسيط الأحداث: تثبيت الصورة، وحدة تخزين دائمة، لا downgrade,INFERRED_NEEDS_APPROVAL,AI agent / auditor,,المشغل,عدم فقد الأحداث المالية عند إعادة إنشاء الوسيط أو ترقيته.,وسيط Kafka/Redpanda في الإنتاج بوحدة تخزين دائمة (/var/lib/redpanda/data) تبقى بعد استبدال الحاوية (يُتحقق منها)؛ الصورة مثبتة v26.1.14 ثم بالـdigest (لا latest)، ممنوع النزول لنسخة أقدم وv26.1.14 مسموح فقط إن كانت العاملة أقدم أو مساوية؛ لا recreate للوسيط في النشر الروتيني (--no-deps)؛ Dockerfile redpanda:latest الخامل مرشح للحذف؛ قرار استضافة الوسيط (ذاتي/مُدار) مفتوح.,BR-OPS-43,—,—,—,—,—,AC-OPS-031-1: Given استبدال حاوية redpanda، When تعود، Then الرسائل/المواضيع السابقة موجودة. | AC-OPS-031-2: Given ملف .env الإنتاج، When يُفحص REDPANDA_IMAGE، Then يحوي @sha256 ولا يساوي latest.,IMPLEMENTED,IMPLEMENTED,Unknown,—,—,"[B] docker-compose.production.yml:133 (افتراضي v26.1.14)، :160,438 volume redpanda_data؛ [C] REDPANDA_IMAGE مطلوب (cur:136)؛ apps/redpanda/Dockerfile FROM latest غير مستخدم",—,—,—؛ الحاوية الحية كانت من latest حتى 2026-09-25 (SERVER-STEPS §5) — الحالة الحالية Unknown,مطبق في الملفات؛ صورة الوسيط الحية مجهولة.,—,P2,موثوقية الأحداث مع تطبيق في الملفات.,DEC-OPS-13,DEC-OPS-13,ما صورة redpanda العاملة الآن؟,DEPLOY-20,—,DAR-02 | DAR-07 | DAR-14 | DAR-15,REQ-NFR-017,,"docs/P1-BUSINESS-DECISION-PACK.md:399 (2026-09-24; B2-0084) | docs/P1-AUDIT.md:202-203 (2026-09-24; B2-0143) | docs/P1-WAVE1-CONTINUATION-REPORT.md:67,213 (2026-09-24; B2-0217) | docs/P1-WAVE1-IMPLEMENTATION-NOTES.md:234-245 (2026-09-24; B2-0237) | Data/01a0d00e-7cd7-7063-a453-1a409dad01c2.patch:1-30 (only) (2026-09-24; B3-0312) | docs/audit/00-executive-summary.md:21 (2026-09-01; B6a-0008) | docs/audit/02-architecture.md:26 (2026-09-01; B6a-0058) | docs/audit/12-failure-recovery.md:28 (2026-09-01; B6a-0207) | docs/audit/20-p0-p1-evidence-validation.md:245-247 (unknown; B6a-0287) | docs/audit/21-p0-p1-remediation.md:22-28 (2026-09-07; B6b-0002) | docs/audit/21-p0-p1-remediation.md:1118-1169 (2026-09-07; B6b-0057) | docs/audit/22-production-remediation-master-plan.md:100-101 (2026-09-13; B6b-0085) | docs/PRODUCTION-HOSTINGER.md:659-669 (unknown; B6c-0025) | docs/PRODUCTION-READINESS-P0.md:106 (2026-09-23; B6c-0082) | docs/SERVER-STEPS-2026-09-25-ar.md:84-101 (2026-09-25; B6c-0123)"
REQ-OPS-032,C10,تحقق ما بعد النشر (صحة، دخول، سيناريوهات أعمال، HLOS),INFERRED_NEEDS_APPROVAL,AI agent,,المشغل + مختبر الأعمال,اكتشاف فشل النشر فورًا قبل أن يكتشفه المستخدمون.,بعد النشر: /health للخدمات التسع؛ /login محليًا وعلنيًا؛ صحة HLOS وشبكتي البروكسي؛ لا migration فاشلة/معلقة والجداول الجديدة موجودة؛ test:smoke على staging وفتح شاشات التسعير بلا 500؛ سيناريوهات من الواجهة (فاتورة مباشرة، تحصيل مركزي، سحب/إيداع صندوق، تسوية رصيد) على staging؛ في الإنتاج مطابقة الأستاذ وإجمالي الفاتورة مع الخصم والضريبة والشحن دون إنشاء معاملات تجريبية حقيقية بلا موافقة مالية؛ نشر منتج outbox والـdispatcher معًا وفحص outbox/status والوسيط (HTTP 201 ليس دليل اكتمال).,BR-OPS-44 | BR-OPS-20,—,تقرير تحقق,—,فشل → رجوع.,موافقة مالية لأي معاملة اختبار على الإنتاج.,AC-OPS-032-1: Given نشر مكتمل، When يُشغل التحقق، Then 9/9 health = 200 و/login العلني 200 وHLOS ready 200. | AC-OPS-032-2: Given الحاجة لمعاملة اختبار على الإنتاج، When تُنشأ، Then توجد موافقة مالية مسجلة مسبقًا.,PARTIAL,PARTIAL,Unknown,—,—,[B] يدوي (runbooks)؛ [C] scripts/production-http-smoke.sh:17 (compose بلا env → فشل interpolation محتمل OPS-06)، يفحص /login و127.0.0.1:3001-3009/health فقط,—,—,—,لا تحقق أعمال آلي؛ smoke C قد يفشل ذاتيًا.,—,P2,ضبط تشغيلي.,REQ-OPS-018,,,OPS-06,—,DAR-04 | DAR-05 | DAR-07 | DAR-08 | DAR-13 | DAR-14,REQ-NFR-014 | REQ-OPS-024 | REQ-OPS-029,,docs/audit/production-program/PHASES-5-10-REPORT.md:143 (2026-09-16; B6a-0383) | docs/PRODUCTION-UPDATE-2026-09-20-ar.md:172-184 (2026-09-20; B6c-0099) | docs/PRODUCTION-DEPLOY-COMBINED-2026-09-24-ar.md:100-110 (2026-09-24; B6c-0107) | docs/SAFE-DEPLOY-AR.md:82-102 (2026-09-14; B6c-0130)
REQ-OPS-033,C10,اكتشاف حالة الإنتاج للقراءة فقط وجمع الأدلة قبل أي تغيير,INFERRED_NEEDS_APPROVAL,AI agent / auditor,,شخص موثوق بصلاحية السيرفر,بناء القرار على حالة الإنتاج الفعلية لا على ادعاءات.,الخطوة 0 للقراءة فقط: _prisma_migrations والهجرات المعلقة/الفاشلة، أحجام الجداول المتأثرة، أطول استعلام قبل أي ALTER (القفل اللحظي في وقت هدوء؛ ALTER TYPE ADD VALUE يتطلب PG ≥ 12)؛ جمع مخرجات VPS (HEAD/status/diff/stash list، compose ps وdigests، صلاحيات) مع حجب الأسرار وبيانات العملاء، لا pop للـstash، لا طباعة .env؛ مراجعة status/checksums/drift ثم تطبيق الناقص المراجَع؛ التقارير السابقة دليل لا سلطة؛ التحقق المحلي والإنتاجي حقيقتان منفصلتان؛ حل الاتصال بالإنتاج قبل اعتبار أي نتيجة متحققًا منها إنتاجيًا.,BR-OPS-52,—,حزمة أدلة,—,—,المنفذ موثوق ومسمى.,AC-OPS-033-1: Given طلب نشر أو ترحيل، When يُراجع، Then مرفق به مخرجات _prisma_migrations لكل قاعدة بتاريخ ≤ 24 ساعة دون أسرار.,NOT_VERIFIED (إجراء تشغيلي على السيرفر؛ لا أداة في المستودع ولا أدلة تشغيل),NOT_VERIFIED (إجراء تشغيلي على السيرفر؛ لا أداة في المستودع ولا أدلة تشغيل),Unknown,—,—,إجراءات موثقة في docs/PRODUCTION-UPDATE-2026-09-20-ar.md §0 و docs/audit/2026-09-18-branches-deploy-review-ar.md؛ لا سكربت اكتشاف,—,—,—,حالة الإنتاج (الهجرات المطبقة، الصور، الحاويات المتوقفة، resolve يدوي) غير مثبتة؛ ادعاءات متعارضة (transfers لم تُطبق على Neon، customer_profile مجهولة).,قرارات نشر على افتراضات.,P1,يحجب أي تحقق إنتاجي.,DEC-OPS-14,DEC-OPS-14,هل يمكن تزويدنا بمخرجات E1–E9 للقراءة فقط؟,OPS-11 | DEPLOY-06,—,DAR-05 | DAR-06 | DAR-08 | DAR-13 | DAR-14 | DAR-15 | DAR-17,REQ-NFR-038 | REQ-OPS-016,,"docs/roadmap/2026-09-19-customer-field-execution-ar.md:42,77 (2026-09-19; B1-0247) | docs/roadmap/2026-09-19-customer-field-execution-ar.md:64-66 (2026-09-19; B1-0261) | docs/audit/customer-classification-rep-territory-2026-09-02.md:8 (2026-09-02; B1-0318) | docs/ERP-DATA-GAP-ANALYSIS.md:31 (2026-09-01; B3-0087) | docs/ERP-DATA-CLOSURE-BASELINE.md:43 (2026-09-01; B3-0107) | docs/ERP-CUSTOMER-IMPORT-RESULT.md:11-13,144 (2026-09-01; B3-0189) | docs/audit/production-data-migration-preflight-2026-09-01.md:36 (2026-09-01; B3-0277) | docs/audit/production-data-migration-preflight-2026-09-01.md:101-102 (2026-09-01; B3-0285) | docs/audit/2026-09-18-branches-deploy-review-ar.md:11 (2026-09-18; B4b-0286) | docs/audit/2026-09-18-branches-deploy-review-ar.md:181-190 (2026-09-18; B4b-0303) | docs/audit/2026-09-18-branches-deploy-review-ar.md:196 (2026-09-18; B4b-0307) | docs/audit/14-backup-dr.md:29 (2026-09-01; B6a-0223) | docs/PRODUCTION-UPDATE-2026-09-20-ar.md:44-62 (2026-09-20; B6c-0095) | docs/PRODUCTION-UPDATE-2026-09-20-ar.md:66-106 (2026-09-20; B6c-0096)"
REQ-OPS-034,C10,تثبيت المهام المجدولة على الخادم (تفريغ طابور الإشعارات) ومراقبتها,DOCUMENTED_REQ,AI agent,,المشغل,أن تعمل المهام الدورية فعليًا في الإنتاج.,POST /api/iam/notifications/dispatch يُنادى من مجدول على الخادم كل دقيقة (آمن عند التكرار) مع مراقبة GET channels وqueue-stats؛ جدولة النداء (cron/systemd) متبقية خارج الكود. المهام الداخلية (تسوية Accounting 02:00 وSales 03:00 عبر @nile/scheduler بقفل استشاري وjob_runs) منفذة داخل الخدمات.,,—,—,—,—,—,AC-OPS-034-1: Given الخادم، When يُفحص crontab/systemd timers، Then يوجد نداء dispatch كل دقيقة بهوية خدمة لا مستخدم بشري. | AC-OPS-034-2: Given توقف النداء 10 دقائق، When تُفحص queue-stats، Then يُطلق تنبيه.,PARTIAL,PARTIAL,Unknown,—,[B][C] POST /api/iam/notifications/dispatch (notifications.controller.ts:84، صلاحية notifications.send),لا تعريف جدولة في المستودع,—,—,—,الجدولة الخارجية غير معرفة؛ هوية الخدمة للنداء غير محددة.,إشعارات عالقة.,P3,كفاءة.,,,,,—,DAR-06 | DAR-08,REQ-NFR-032,,docs/audit/2026-09-20-ab-data-pdf-review-ar.md:263 (2026-09-20; B3-0168) | docs/NOTIFICATIONS-PROVIDERS-AR.md:144-154 (2026-09-14; B5b-0014)
REQ-OPS-035,C10,دقة توثيق النشر والطوبولوجيا,OPTIONAL_IMPROVEMENT,AI agent,,المشغلون,ألا يتسبب التوثيق القديم في أوامر خاطئة على الإنتاج.,README يعكس الطوبولوجيا الفعلية ومتغيرات URL والمواضيع؛ ملاحظات تشغيلية حرجة (نقطة فشل الوسيط، مسار الإسقاط الصامت)؛ DEPLOYMENT-TOPOLOGY.md (الحاويات، المنافذ)؛ README لـaudit-aggregator والويب؛ ربط بنود DOC-01..06؛ حذف الوثائق المخترعة من التقارير.,,—,—,—,—,—,AC-OPS-035-1: Given كل وثيقة نشر، When تُقارن بملف compose الإنتاجي، Then لا تذكر منصة أو قاعدة أو أمر يخالفه.,PARTIAL,PARTIAL,Unknown,—,—,PRODUCTION-HOSTINGER.md وREADME وlocal-development.md متعارضة (Neon/لا Postgres/بناء على المضيف),—,—,—,تعارضات قائمة (DEPLOY-16).,أخطاء تشغيل.,P3,وثائق.,DEC-OPS-07 | DEC-OPS-12,DEC-OPS-07,,DEPLOY-16,—,DAR-03 | DAR-09 | DAR-12 | DAR-13 | DAR-14,,,docs/audit/22-production-remediation-master-plan.md:209-224 (2026-09-13; B6b-0103) | docs/audit/22-production-remediation-master-plan.md:226-236 (2026-09-13; B6b-0104) | docs/audit/22-production-remediation-master-plan.md:238-254 (2026-09-13; B6b-0105) | docs/audit/22-production-remediation-master-plan.md:256-270 (2026-09-13; B6b-0106) | docs/audit/22-production-remediation-master-plan.md:288-307 (2026-09-13; B6b-0108) | QA-REPORTS/22-production-env-config-testing.md:4-6 (2026-09-21; B6c-0316)
REQ-OPS-036,C10,لا تعديل يدوي مباشر لصفوف قاعدة الإنتاج في التشغيل,DOCUMENTED_REQ,company file (الدليل التشغيلي),,المشغلون والدعم,كل تصحيح يمر عبر منطق الأعمال وسجل التدقيق.,لا يُعدل صف الطلب أو الحجز مباشرة في القاعدة؛ تُستخدم نقاط إلغاء/إعادة محاولة محمية.,BR-OPS-42,—,—,—,—,—,AC-OPS-036-1: Given مستخدم قاعدة الإنتاج المستخدم للدعم، When يُفحص، Then لا يملك UPDATE/DELETE على جداول الطلبات والحجوزات والأستاذ.,NOT_IMPLEMENTED,NOT_IMPLEMENTED,Unknown,—,نقاط إلغاء/إعادة محاولة موجودة (لم تُفحص هنا),لا فصل أدوار قاعدة بيانات في compose (DATABASE_URL واحد لكل خدمة بصلاحيات كاملة)؛ حدث فعلًا تعديل يدوي لـ_prisma_migrations (DB-01),—,—,—,قاعدة إجرائية بلا ضبط تقني؛ تدخلات يدوية حدثت.,تغيير بيانات مالية بلا أثر تدقيقي.,P2,ضبط.,,,من يملك صلاحية SQL المباشرة على الإنتاج؟,DB-01,دور قاعدة بيانات للقراءة فقط للدعم؛ دور التطبيق منفصل عن دور الترحيل.,DAR-04 | DAR-09 | DAR-16,REQ-OPS-015,,docs/audit/22-production-remediation-master-plan.md:43-44 (2026-09-13; B6b-0083)
REQ-OPS-037,C10,تشغيل حاويات الإنتاج بمستخدم غير root,INFERRED_NEEDS_APPROVAL,AI agent,OPS_DEPLOY,مسؤول التشغيل/DevOps (يُحدَّد),تقليل أثر أي اختراق لحاوية خدمة على المضيف المشترك (VPS واحد مع HLOS).,كل صورة إنتاج (الخدمات التسع والويب وdb-migrate) تعمل بمستخدم غير root (USER node أو مكافئ) مع صلاحيات ملفات مضبوطة لمجلدات الكتابة (مثل UPLOAD_DIR)، ويُتحقق من ذلك في CI قبل النشر.,,,,,فشل صلاحيات الكتابة بعد التغيير → رجوع للصورة السابقة بالـdigest (REQ-OPS-024).,لا ينطبق,AC-OPS-037-1: بافتراض أي صورة إنتاج مبنية في CI، عندما يُفحص Config.User، فإنه ليس فارغًا ولا root ولا 0. | AC-OPS-037-2: بافتراض نشر على staging بالصور الجديدة، عندما تُشغَّل فحوص الصحة وسيناريو رفع إثبات تسليم، فإن الكل ينجح دون أخطاء صلاحيات ملفات.,NOT_IMPLEMENTED,NOT_IMPLEMENTED,Unknown,,,"لا توجد تعليمة USER في أي apps/*/Dockerfile (22 ملفًا في B وC)؛ apps/sales/Dockerfile:18,25 [C] (node:20-slim runner بلا USER)؛ docs/PRODUCTION-HOSTINGER.md:670-673 [C] يقر بالتأجيل",,,لا يوجد,كل الصور تعمل كـroot؛ التغيير مؤجل لعدم توفر بيئة اختبار Docker.,اختراق خدمة واحدة يمنح صلاحيات root داخل الحاوية على مضيف مشترك.,P2,ضعف ضبط أمني؛ لا أثر مباشر على المال/المخزون.,DEC-OPS-15,,هل تتوفر بيئة staging بـDocker لاختبار التحويل لـnon-root قبل الإنتاج؟,,—,DAR-14,REQ-NFR-005 | REQ-OPS-018 | REQ-OPS-030,,docs/PRODUCTION-HOSTINGER.md:670-673 (unknown; B6c-0026)
