req_id,title_ar,process,approvals_sod,business_rules,ui,api,service,schema,events,tests,data_requirement_ar,dar,dar_titles,acceptance_criteria,status_baseline,status_current,priority
REQ-O2C-001,تسعير سطور الأمر من الكتالوج على الخادم ومنع القيم المالية من المتصفح,Order-to-Cash / Pricing & Discount,لا اعتماد؛ تجاوز السعر في الاستيراد فقط بصلاحية sales.orders.import.override.,BR-O2C-01 | BR-O2C-02 | BR-O2C-03,[B+C] apps/web/app/dashboard/orders/new/page.tsx (يرسل discountPct مع السطر),[B] apps/sales/src/modules/orders/orders.controller.ts:100 POST /orders؛ [C] apps/sales/src/modules/orders/orders.controller.ts:116,[B] apps/sales/src/modules/orders/orders.service.ts:536-555 (رفض غير النشط 543)؛ [C] apps/sales/src/modules/orders/orders.service.ts:571-589 (573 رفض، 578 السعر المرجعي)؛ نشر الكتالوج [B] apps/products/src/modules/products/products.controller.ts:87 / [C] :97,"[B+C] apps/sales/prisma/schema.prisma:114 SalesOrderLine(unitPrice,taxPct,discountPct)، 540 ProductPrice",products.price.changed → إسقاط product_prices في Sales,"[B+C] orders.service.spec.ts (spec exists, not run)",سطر الأمر يحفظ unitPrice وtaxPct من الكتالوج مع مصدر السعر؛ product_prices مفتاحه productId وبه publicPrice وisActive وتاريخ آخر تحديث؛ لا حقل مالي يقبل قيمة من العميل دون سياسة.,DAR-03,ملكية بيانات صريحة ونظام سجل (SoR) لكل كيان، وتحقق المراجع بين الخدمات عند الكتابة + إسقاطات مرجعية + مطابقة دورية,AC-O2C-001-1: بافتراض منتج سعر جمهوره 100 في الكتالوج، عندما يرسل المتصل unitPrice=1 مع السطر، فإن السطر المحفوظ سعره 100 بالضبط. | AC-O2C-001-2: بافتراض منتج isActive=false، عندما يُنشأ أمر يحويه، فإن الطلب يُرفض برسالة «unavailable for sale» ولا يُحفظ أي أمر. | AC-O2C-001-3: بافتراض نشر تغيير سعر عبر publish-price-catalog، عندما يُنشأ أمر جديد، فإن سعر السطر يساوي السعر الجديد خلال دورة نشر واحدة.,PARTIAL,PARTIAL,P1
REQ-O2C-002,حساب إجماليات السطر والضريبة والتقريب العشري الدقيق,Order-to-Cash / Pricing & Discount,—,BR-O2C-04 | BR-O2C-05 | BR-O2C-06,—,POST /orders، POST /accounting/invoices,[B+C] apps/sales/src/modules/pricing/pricing.service.ts:49-75 (Decimal لكل سطر)؛ الفاتورة المباشرة [B] apps/accounting/src/modules/invoices/invoices.service.ts:630-660 / [C] apps/accounting/src/modules/invoices/invoices.service.ts:657-687 تستخدم round2 على Number (apps/accounting/src/common/money.ts:23-25),[B+C] apps/sales/src/modules/orders/dto/create-order.dto.ts:10-12 (4/2/2 خانات),OrderCreated، StockReserveRequested (invoice_lines),"[B+C] pricing.service.spec.ts (spec exists, not run)","المبالغ Decimal(14,2) والأسعار Decimal(14,4) والنسب Decimal(5,2)؛ قيد: grandTotal = Σ lineTotal + shippingFee.",DAR-04 | DAR-10,دفتر أستاذ عام موحد واحد داخل nile_accounting: جدولا قيود بشكل واحد، محرك ترحيل واحد، قواعد ترحيل (posting rules) وحسابات رقابية للدفاتر الفرعية | العملات والدقة والتقريب والترقيم: عملة على كل مستند مالي، دقة موحدة لأسعار الصرف، قاعدة تقريب واحدة Decimal، ترقيم تسلسلي لكل سلسلة داخل المعاملة,AC-O2C-002-1: بافتراض سطر 3 × 19.99 بضريبة 14% بلا خصم، عندما يُحسب الأمر، فإن الصافي 59.97 والضريبة 8.40 والإجمالي 68.37. | AC-O2C-002-2: بافتراض أمر من عدة سطور، عندما يُحفظ، فإن grandTotal = subtotal + taxTotal + shippingFee = مجموع lineTotal + الشحن بفرق صفر. | AC-O2C-002-3: بافتراض فاتورة مباشرة بنفس السطور، عندما تُصدر، فإن إجمالياتها تساوي إجماليات الأمر المكافئ حتى القرش.,PARTIAL,PARTIAL,P2
REQ-O2C-003,توثيق أساس كل سعر (قبل/بعد الضريبة) ومعالجة السعر الشامل,Order-to-Cash / Pricing & Discount,اعتماد المحاسب لقاعدة التحويل.,BR-O2C-05,—,—,[B+C] apps/sales/src/modules/pricing/pricing.service.ts:49-75 (الضريبة تُضاف دائمًا فوق الصافي),[B+C] apps/sales/prisma/schema.prisma:540 ProductPrice بلا حقل أساس السعر,—,—,ProductPrice/PriceListItem يحمل priceBasis (NET|GROSS) إلزاميًا وtaxPct المعتمد للصنف مع سجل تغيير.,DAR-05 | DAR-10,ربط الدفاتر الفرعية (AR/AP/الخزينة/المخزون/الرواتب/المصروفات/العمولات) بالقيود عبر source_type/source_id ومراجع عكسية، وتسويات رقابية | العملات والدقة والتقريب والترقيم: عملة على كل مستند مالي، دقة موحدة لأسعار الصرف، قاعدة تقريب واحدة Decimal، ترقيم تسلسلي لكل سلسلة داخل المعاملة,"AC-O2C-003-1: بافتراض سعر شامل 2,244 ج.م بضريبة 14%، عندما يُستورد كسعر شامل، فإن السعر قبل الضريبة المخزن 1,968.42 وإجمالي الفاتورة للسطر 2,244.00 لا 2,558.16. | AC-O2C-003-2: بافتراض صف استيراد بلا تحديد أساس السعر، عندما يُتحقق منه، فإن الصف يُرفض برسالة تحدد الحقل الناقص.",NOT_IMPLEMENTED,NOT_IMPLEMENTED,P1
REQ-O2C-004,آلة حالات أمر البيع متسقة وفصل أبعاد الحالة (مستند/تنفيذ/تسوية),Order-to-Cash,—,BR-O2C-07 | BR-O2C-08,[B+C] apps/web/app/dashboard/orders/page.tsx (عمودا حالة الشحن والدفع مشتقان في الواجهة),—,[B+C] apps/sales/src/modules/saga/saga.orchestrator.ts:336 (ALLOCATED غير شرطي)، 387 (ALLOCATION_FAILED غير شرطي)، 482 (PAID غير شرطي)، 406-432 INVOICED شرطي,[B+C] apps/sales/prisma/schema.prisma:15 enum OrderStatus (عمود حالة واحد),StockReserved، InvoiceGenerated، PaymentReceived، PaymentReversed,"[B+C] saga.orchestrator.spec.ts (spec exists, not run)",SalesOrder: documentStatus، fulfilmentStatus، settlementStatus كحقول منفصلة بقيود انتقال؛ كل انتقال بتحديث شرطي على الحالة السابقة مع سجل تدقيق.,DAR-04 | DAR-05 | DAR-07 | DAR-08 | DAR-09 | DAR-12,دفتر أستاذ عام موحد واحد داخل nile_accounting: جدولا قيود بشكل واحد، محرك ترحيل واحد، قواعد ترحيل (posting rules) وحسابات رقابية للدفاتر الفرعية | ربط الدفاتر الفرعية (AR/AP/الخزينة/المخزون/الرواتب/المصروفات/العمولات) بالقيود عبر source_type/source_id ومراجع عكسية، وتسويات رقابية | Outbox لكل حدث يغيّر الحالة + Inbox معاملاتي للمستهلكين + مفتاح idempotency لكل أمر كتابة | إطار تسويات رقابية عبر القواعد (الائتمان↔AR، المخزون↔GL، دفتر المورد↔AP، الخزينة↔GL، المبيعات↔الفواتير) | سياسة موحدة لحالات المستندات والإلغاء والعكس والإشعارات الدائنة وقفل الفترات على مستوى الترحيل | سجل تدقيق: الأحداث المركزية كسجل أعمال، وسجل تعديلات داخل المعاملة مع before/after، منع التعديل بالصلاحيات، إخفاء البيانات الحساسة,AC-O2C-004-1: بافتراض أمر DELIVERED آجل، عندما يصل PaymentReceived بـfully_paid، فإن الحالة اللوجستية تبقى DELIVERED وتصبح حالة التسوية PAID. | AC-O2C-004-2: بافتراض أمر CANCELLED، عندما يصل StockReserved متأخر، فإن الحالة تبقى CANCELLED ويُصدر أمر تحرير للحجز. | AC-O2C-004-3: بافتراض أي أمر، عندما يُستعلم عن حالته، فإن الاستجابة تتضمن حقولًا منفصلة للمستند والتنفيذ والتسوية.,PARTIAL,PARTIAL,P1
REQ-O2C-005,المسار الكامل O2C من الأمر حتى التحصيل والعمولة متسق عبر الخدمات,Order-to-Cash,اعتماد القيمة؛ تجاوز ائتمان (C6).,BR-O2C-80,[B+C] apps/web/app/dashboard/orders، shipping، invoices، collection,انظر REQ-O2C-001..062,[B+C] apps/sales/src/modules/saga/saga.orchestrator.ts:121-530؛ [B] apps/accounting/src/modules/saga-listener/saga-listener.service.ts:95 / [C] apps/accounting/src/modules/saga-listener/saga-listener.service.ts:102 onStockReserved,—,سلسلة الأحداث في notes/sales-crm-incentives.md §3.2,"[B+C] saga.orchestrator.spec.ts (spec exists, not run)؛ لا smoke موسّع",معرف ارتباط واحد (correlationId) يربط الأمر والحجز والفاتورة والدفعات والعمولة؛ مراجع منطقية بين قواعد البيانات تحتاج تسوية دورية.,DAR-04 | DAR-05 | DAR-06 | DAR-07 | DAR-08 | DAR-11,دفتر أستاذ عام موحد واحد داخل nile_accounting: جدولا قيود بشكل واحد، محرك ترحيل واحد، قواعد ترحيل (posting rules) وحسابات رقابية للدفاتر الفرعية | ربط الدفاتر الفرعية (AR/AP/الخزينة/المخزون/الرواتب/المصروفات/العمولات) بالقيود عبر source_type/source_id ومراجع عكسية، وتسويات رقابية | قيود سلامة داخل كل مجال: CHECK للكميات والمبالغ، enums/CHECK للحالات، UNIQUE لمفاتيح الأعمال (X1–X4) | Outbox لكل حدث يغيّر الحالة + Inbox معاملاتي للمستهلكين + مفتاح idempotency لكل أمر كتابة | إطار تسويات رقابية عبر القواعد (الائتمان↔AR، المخزون↔GL، دفتر المورد↔AP، الخزينة↔GL، المبيعات↔الفواتير) | تتبع شامل: correlation_id ومعرّف المستند المصدر على كل حركة وقيد، وسلسلة الدفعة الدوائية من الاستلام حتى العميل,AC-O2C-005-1: بافتراض أمر 10 علب لعميل له حد ائتمان كاف، عندما يمر بالمسار كاملًا حتى التحصيل الكامل، فإن المخزون ينقص 10 مرة واحدة وتوجد فاتورة واحدة ودفعة واحدة وقيد عمولة PENDING واحد. | AC-O2C-005-2: بافتراض نفس المسار، عندما تُعاد كل الأحداث مرة ثانية، فإن لا أثر مكررًا في أي خدمة. | AC-O2C-005-3: بافتراض اختبار دخان شامل، عندما يُشغل على بيئة staging، فإن كل خطوة تسجل حدث تدقيق ومعرف ارتباط واحد.,PARTIAL,PARTIAL,P1
REQ-O2C-006,تنسيق Saga الأمر بلا 2PC مع idempotency وتعويض,Order-to-Cash,—,BR-O2C-80 | BR-O2C-81,—,[B+C] GET /api/sales/sagas/stalled، /sagas/:orderId,[B+C] apps/sales/src/modules/saga/saga.orchestrator.ts:55-93 (PrismaProcessedEventStore)، 328-331 (فحص الخطوة)، 352-378 persistAllocations (createMany بلا قيد فريد، خارج معاملة تحديث الخطوة),[B+C] apps/sales/prisma/schema.prisma:149 OrderLineAllocation بلا unique؛ processed_events؛ لا جدول outbox في Sales,sales.* و inventory.stock.reserve-requested نشر مباشر بعد commit,"[B+C] saga.orchestrator.spec.ts (spec exists, not run)","OrderSaga(orderId PK، step، lastError، attempts، updatedAt)؛ outbox_events في Sales؛ order_line_allocations unique(orderLineId, batchId, reservationId)؛ processed_events(eventId PK) في نفس معاملة الأثر.",DAR-03 | DAR-06 | DAR-07,ملكية بيانات صريحة ونظام سجل (SoR) لكل كيان، وتحقق المراجع بين الخدمات عند الكتابة + إسقاطات مرجعية + مطابقة دورية | قيود سلامة داخل كل مجال: CHECK للكميات والمبالغ، enums/CHECK للحالات، UNIQUE لمفاتيح الأعمال (X1–X4) | Outbox لكل حدث يغيّر الحالة + Inbox معاملاتي للمستهلكين + مفتاح idempotency لكل أمر كتابة,AC-O2C-006-1: بافتراض حدث StockReserved مُعاد تسليمه، عندما يُعالج مرتين، فإن عدد صفوف order_line_allocations للأمر لا يتغير. | AC-O2C-006-2: بافتراض توقف الوسيط بعد commit الأمر، عندما يعود، فإن الحدث يُنشر من outbox دون تدخل يدوي خلال 5 دقائق. | AC-O2C-006-3: بافتراض انهيار المستهلك بين المعالجة وتسجيل processed_events، عندما يُعاد التسليم، فإن الأثر المالي لا يتكرر.,PARTIAL,PARTIAL,P1
REQ-O2C-007,اعتماد أوامر البيع حسب القيمة مع فصل المهام,Order-to-Cash,SoD: المعتمد ≠ المنشئ إلا .any؛ تجاوز الائتمان (C6) لا يجب أن يتخطى الاعتماد إلا بقرار.,BR-O2C-13 | BR-O2C-14,[B+C] apps/web/app/dashboard/approvals,"[B] apps/sales/src/modules/orders/orders.controller.ts:167,177 / [C] apps/sales/src/modules/orders/orders.controller.ts:183,193",[B] apps/sales/src/modules/orders/orders.service.ts:612 (needsApproval)، 1147 decide / [C] apps/sales/src/modules/orders/orders.service.ts:642، 1177,[B+C] apps/sales/prisma/schema.prisma:222 OrderApproval,sales.order.approved/rejected,"[B+C] orders.service.spec.ts (spec exists, not run)",OrderApproval(orderId، level، approverId، decision، reason، decidedAt) مع قيد approverId ≠ createdBy.,DAR-04,دفتر أستاذ عام موحد واحد داخل nile_accounting: جدولا قيود بشكل واحد، محرك ترحيل واحد، قواعد ترحيل (posting rules) وحسابات رقابية للدفاتر الفرعية,"AC-O2C-007-1: بافتراض أمر بإجمالي 100,000.00 ج.م، عندما يُنشأ، فإن حالته PENDING_APPROVAL ولا يُرسل StockReserveRequested. | AC-O2C-007-2: بافتراض منشئ الأمر يملك sales.orders.approve، عندما يحاول اعتماد أمره، فإن الطلب يُرفض 403. | AC-O2C-007-3: بافتراض أمر على CREDIT_HOLD بقيمة 150,000، عندما يُتجاوز الحجز الائتماني، فإن الأمر يمر بالاعتماد أو يُسجل أن التجاوز يغطيه حسب DEC-O2C-21.",IMPLEMENTED,IMPLEMENTED,P2
REQ-O2C-008,عتبة اعتماد قابلة للضبط ومتعددة المستويات بدل الثابت في الكود,Order-to-Cash,تعديل الإعداد بصلاحية إدارية وتدقيق.,BR-O2C-13,—,[B+C] GET /orders/config يعرض الثابت ([B] apps/sales/src/modules/orders/orders.service.ts:141-153 / [C] apps/sales/src/modules/orders/orders.service.ts:156-168),[B+C] apps/sales/src/modules/orders/orders.service.ts:20 const APPROVAL_THRESHOLD = 100000,[B+C] apps/sales/prisma/schema.prisma:240 pricing_rules.approval_threshold مزروع وغير مقروء,—,—,SalesSetting(key، value، validFrom، changedBy) أو ApprovalLevel(minAmount، permission) بإصدارات.,DAR-12,سجل تدقيق: الأحداث المركزية كسجل أعمال، وسجل تعديلات داخل المعاملة مع before/after، منع التعديل بالصلاحيات، إخفاء البيانات الحساسة,"AC-O2C-008-1: بافتراض تعديل العتبة إلى 50,000 بمستخدم مصرح، عندما يُنشأ أمر 60,000، فإن حالته PENDING_APPROVAL دون نشر كود. | AC-O2C-008-2: بافتراض تعديل العتبة، عندما يُراجع سجل التدقيق، فإن القيمة السابقة والجديدة والمنفّذ مسجلة.",NOT_IMPLEMENTED,NOT_IMPLEMENTED,P3
REQ-O2C-009,حوكمة الخصم عند إنشاء الأمر والفاتورة: سقف واعتماد ورفض 100%,Order-to-Cash / Pricing & Discount,المعتمد ≠ المنشئ؛ مستويات حسب DEC-O2C-03.,BR-O2C-15 | BR-O2C-16 | BR-O2C-17 | BR-O2C-18 | BR-O2C-20 | BR-O2C-48,[B+C] apps/web/app/dashboard/orders/new/page.tsx:242 (سقف 30% في الواجهة فقط),POST /orders، POST /orders/import، POST /accounting/invoices,[B] apps/sales/src/modules/orders/dto/create-order.dto.ts:12 @Max(100) ولا فحص في apps/sales/src/modules/orders/orders.service.ts:520-612؛ [C] apps/sales/src/modules/orders/orders.service.ts:556-570 (≥100 رفض، > أعلى مستوى في المصفوفة 403، >12 يتطلب sales.discounts.approve)؛ الفاتورة المباشرة [B] apps/accounting/src/modules/invoices/invoices.service.ts:638-646 / [C] apps/accounting/src/modules/invoices/invoices.service.ts:665-673 (حتى 100% بلا سقف),[B+C] apps/sales/prisma/schema.prisma:240 PricingRule، 294 DiscountApprovalLevel,sales.discount.overridden (تدقيق فقط),"[B+C] orders.discount-governance.characterization.spec.ts (spec exists, not run)",سطر الأمر/الفاتورة يحفظ discountPct ومصدره (افتراضي/سياسة/يدوي) والسياسة المطبقة؛ OrderApproval بسبب DISCOUNT؛ سياسة الخصم (حد أدنى، حد اعتماد، حد أقصى، نطاق) بإصدارات.,DAR-07,Outbox لكل حدث يغيّر الحالة + Inbox معاملاتي للمستهلكين + مفتاح idempotency لكل أمر كتابة,"AC-O2C-009-1: بافتراض مندوب بلا صلاحيات إضافية، عندما يطلب خصم 100% على أمر 600,000، فإن الطلب يُرفض ولا يُنشأ أمر. | AC-O2C-009-2: بافتراض حد المندوب 3% والحد الأقصى 15%، عندما يطلب 10%، فإن الأمر يُنشأ بحالة PENDING_APPROVAL وسبب DISCOUNT_EXCEEDS_POLICY. | AC-O2C-009-3: بافتراض فاتورة مباشرة ببند خصم 50% من مستخدم حده 12%، عندما تُصدر، فإنها تُرفض أو تُحال للاعتماد بنفس قواعد الأمر. | AC-O2C-009-4: بافتراض أمرين متطابقين بخصم 0% و90%، عندما يُنشآن، فإن مستوى رقابة الثاني ≥ الأول.",CONTRADICTED,PARTIAL,P1
REQ-O2C-010,مصفوفة حدود وصلاحيات الخصم حسب الدور ملزمة ومربوطة بـIAM,Order-to-Cash / Pricing & Discount,تعديل المصفوفة بـsales.discounts.matrix.manage.,BR-O2C-19,[B+C] apps/web/app/dashboard/discounts/page.tsx (848 سطرًا),[B+C] GET/PUT /api/sales/discounts/approval-matrix,"[B+C] apps/sales/src/modules/discounts/discounts.service.ts:72-86,257-277 (assertWithinMatrix على السياسات فقط)؛ [C] apps/sales/src/modules/orders/orders.service.ts:560-564 يستخدم أعلى قيمة فقط",[B+C] apps/sales/prisma/schema.prisma:294 DiscountApprovalLevel(roleLabel نص حر)، @@unique([roleLabel]) :302,—,"[B+C] discounts.service.spec.ts (spec exists, not run)",DiscountApprovalLevel(levelCode، permissionCode FK منطقي إلى IAM، maxDiscountPct، isActive، version).,DAR-12,سجل تدقيق: الأحداث المركزية كسجل أعمال، وسجل تعديلات داخل المعاملة مع before/after، منع التعديل بالصلاحيات، إخفاء البيانات الحساسة,AC-O2C-010-1: بافتراض مستخدم يملك صلاحية مستوى «مدير منطقة» فقط، عندما يطلب خصم 6%، فإن الأمر يُحال للاعتماد. | AC-O2C-010-2: بافتراض مستوى في المصفوفة باسم دور غير موجود، عندما يُحفظ، فإن الحفظ يُرفض. | AC-O2C-010-3: بافتراض تعديل حد مستوى، عندما يُراجع التدقيق، فإن القيمة السابقة والجديدة والمنفّذ مسجلة.,PARTIAL,PARTIAL,P1
REQ-O2C-011,توثيق إعادة استخدام جدول PricingRule كمخزن لسياسات الخصم,Order-to-Cash / Pricing & Discount,قرار المالك لأي حذف.,BR-O2C-21,—,/api/sales/discounts,[B+C] apps/sales/src/modules/discounts/discounts.service.ts:16؛ [B] apps/sales/src/modules/orders/orders.service.ts:879 / [C] apps/sales/src/modules/orders/orders.service.ts:909,[B+C] apps/sales/prisma/schema.prisma:240,—,—,إعادة تسمية منطقية (discount_policies) أو وصف في القاموس؛ لا حذف دون ترحيل.,DAR-04 | DAR-20,دفتر أستاذ عام موحد واحد داخل nile_accounting: جدولا قيود بشكل واحد، محرك ترحيل واحد، قواعد ترحيل (posting rules) وحسابات رقابية للدفاتر الفرعية | ترحيل البيانات الافتتاحية وتاريخ القطع: دفعة افتتاحية معتمدة بتوقيع وhash، قيود افتتاحية بتاريخ القطع,AC-O2C-011-1: بافتراض قاموس البيانات، عندما يُراجع جدول pricing_rules، فإنه يصف استخدامه الفعلي (سياسات الخصم) والمستهلكين (الاستيراد). | AC-O2C-011-2: بافتراض migration يحذف pricing_rules، عندما يُراجع، فإنه يُرفض ما لم يرتبط بقرار DEC-O2C-04.,PARTIAL,PARTIAL,P3
REQ-O2C-012,خصم العميل الافتراضي وقائمة أسعاره على ملف العميل تُستهلك عند البيع,Order-to-Cash / Pricing & Discount,تعديل خصم العميل بصلاحية وتدقيق.,BR-O2C-20,[B+C] apps/web/app/dashboard/orders/new/page.tsx (12 افتراضي),POST /orders,[B+C] apps/sales/src/modules/orders/orders.service.ts:24-25 DEFAULT_COMMERCIAL_DISCOUNT_PCT=12 ثابت؛ [C] apps/crm/src/modules/accounts/customer-onboarding.service.ts:216-217 يخزن priceListId/pricingDiscountPct,[C] apps/crm/prisma/schema.prisma:179-180 (migration 20260928133000)؛ [B] لا حقول,[C] crm.account.* يحمل الحقول,—,Account.priceListId وpricingDiscountPct بسريان وتاريخ تعديل؛ لقطة على كل مستند.,DAR-07,Outbox لكل حدث يغيّر الحالة + Inbox معاملاتي للمستهلكين + مفتاح idempotency لكل أمر كتابة,AC-O2C-012-1: بافتراض عميل pricingDiscountPct=8، عندما يُنشأ له أمر بلا خصم صريح، فإن خصم السطر 8% لا 12%. | AC-O2C-012-2: بافتراض عميل مرتبط بقائمة أسعار سعر الصنف فيها 90، عندما يُنشأ أمر، فإن سعر السطر 90 ومصدره القائمة. | AC-O2C-012-3: بافتراض تعديل خصم العميل، عندما تُفتح فاتورة قديمة، فإن خصمها لم يتغير.,PARTIAL,PARTIAL,P2
REQ-O2C-013,قوائم أسعار حسب العميل/الشريحة بسريان وشرائح كمية وأولوية تحديد السعر عند البيع,Order-to-Cash / Pricing & Discount,تعديل القوائم بصلاحية.,BR-O2C-24,[B+C] apps/web/app/dashboard/price-lists/page.tsx (إدارة فقط),[B+C] /api/products/price-lists* (لا تستهلكها Sales)؛ لا /pricing/quote,[B+C] apps/sales/src/modules/orders/orders.service.ts يسعّر من product_prices فقط ([C] :578)؛ price-rules.engine لا يستدعيه إلا خدمته,[B+C] apps/products/prisma/schema.prisma PriceList(customerSegment)، PriceListItem بلا validFrom/To ولا minQty,—,"[B+C] price-rules.engine.spec.ts (spec exists, not run)",PriceList(code unique، kind، segment FK إلى قائمة مرجعية واحدة، validFrom، validTo)؛ PriceListItem(listId، productId، minQty، price) unique(listId، productId، minQty)؛ Account.priceListId.,DAR-03 | DAR-06 | DAR-08,ملكية بيانات صريحة ونظام سجل (SoR) لكل كيان، وتحقق المراجع بين الخدمات عند الكتابة + إسقاطات مرجعية + مطابقة دورية | قيود سلامة داخل كل مجال: CHECK للكميات والمبالغ، enums/CHECK للحالات، UNIQUE لمفاتيح الأعمال (X1–X4) | إطار تسويات رقابية عبر القواعد (الائتمان↔AR، المخزون↔GL، دفتر المورد↔AP، الخزينة↔GL، المبيعات↔الفواتير),AC-O2C-013-1: بافتراض قائمة عميل وقائمة شريحة للصنف نفسه، عندما يُسعّر الأمر، فإن السعر من قائمة العميل. | AC-O2C-013-2: بافتراض بندين minQty 1 و10، عندما تكون الكمية 12، فإن السعر من بند 10. | AC-O2C-013-3: بافتراض بند انتهى سريانه أمس، عندما يُسعّر أمر اليوم، فإن البند لا يُستخدم.,NOT_IMPLEMENTED,NOT_IMPLEMENTED,P2
REQ-O2C-014,لقطة مصدر السعر والسياسة والقاعدة على الأمر والفاتورة,Order-to-Cash / Pricing & Discount,—,BR-O2C-25,—,—,—,[B+C] apps/sales/prisma/schema.prisma:114 SalesOrderLine (unitPrice فقط)؛ invoice_lines بلا مصدر,StockReserveRequested يحمل invoice_lines,—,أعمدة لقطة على SalesOrderLine وInvoiceLine: priceSource، priceListId، priceListItemId، policyId، ruleId، ruleTermsJson، isBonus.,DAR-15,نسخ احتياطي وPITR واستعادة خارج المضيف بأهداف RPO/RTO معتمدة وتمارين استعادة دورية,AC-O2C-014-1: بافتراض أمر سُعّر من قائمة ثم عُدّل سعر القائمة، عندما يُفتح الأمر، فإن سعره ومصدره كما وقت الإنشاء. | AC-O2C-014-2: بافتراض فاتورة طُبقت عليها قاعدة، عندما تُعدّل القاعدة، فإن صورة الشروط على الفاتورة لا تتغير.,NOT_IMPLEMENTED,NOT_IMPLEMENTED,P2
REQ-O2C-015,إدارة قوائم الأسعار والكتالوج (تعديل، استيراد CSV، تعديل جماعي، نسخ، سجل تغيير، تقرير الخصومات),Order-to-Cash / Pricing & Discount,صلاحية products.price-lists.manage.,BR-O2C-26 | BR-O2C-27,[B+C] apps/web/app/dashboard/price-lists/page.tsx (1352 سطرًا),[B] apps/products/src/modules/price-lists/price-lists.controller.ts:17-38 (import بصلاحية products.products.import) / [C] :32-75 (import + import/file),[B+C] apps/products/src/modules/price-lists (bulk-adjust، import),[B+C] apps/products/prisma/schema.prisma PriceList/PriceListItem,products.price.changed,"[B+C] price-lists spec (spec exists, not run)",PriceListItem unique(listId، productId)؛ سجل تغيير (itemId، oldPrice، newPrice، actorId، at، source=import/manual).,DAR-03 | DAR-06 | DAR-10 | DAR-13 | DAR-15 | DAR-20,ملكية بيانات صريحة ونظام سجل (SoR) لكل كيان، وتحقق المراجع بين الخدمات عند الكتابة + إسقاطات مرجعية + مطابقة دورية | قيود سلامة داخل كل مجال: CHECK للكميات والمبالغ، enums/CHECK للحالات، UNIQUE لمفاتيح الأعمال (X1–X4) | العملات والدقة والتقريب والترقيم: عملة على كل مستند مالي، دقة موحدة لأسعار الصرف، قاعدة تقريب واحدة Decimal، ترقيم تسلسلي لكل سلسلة داخل المعاملة | نموذج تقارير على مرحلتين: تجميعات SQL داخل الخدمة الآن، ثم read model للتقارير عند الحاجة؛ القوائم المالية من GL فقط | نسخ احتياطي وPITR واستعادة خارج المضيف بأهداف RPO/RTO معتمدة وتمارين استعادة دورية | ترحيل البيانات الافتتاحية وتاريخ القطع: دفعة افتتاحية معتمدة بتوقيع وhash، قيود افتتاحية بتاريخ القطع,AC-O2C-015-1: بافتراض ملف به SKU غير معروف، عندما يُرفع بوضع dry-run، فإن التقرير يذكر رقم السطر ولا يُكتب شيء. | AC-O2C-015-2: بافتراض استيراد قائمة لا يحوي صنفًا موجودًا، عندما يُطبق، فإن الصنف الغائب يبقى في القائمة. | AC-O2C-015-3: بافتراض تعديل سعر بند، عندما يُعرض سجل التغيير، فإنه يذكر السعر السابق والجديد والمنفّذ.,PARTIAL,PARTIAL,P3
REQ-O2C-016,تدقيق تغيير سعر المنتج وتكلفته بمستوى CRITICAL مع القيمة السابقة,Order-to-Cash / Pricing & Discount,—,BR-O2C-27,[B+C] apps/web/app/dashboard/audit,—,[B+C] apps/products/src/modules/products/products.service.ts:87-100 (ProductPriceChanged بـprevious_price),—,products.price.changed (بلا outbox، INV-03),"spec exists, not run",سجل تغيير أسعار/تكلفة append-only بالقيمة السابقة.,DAR-07 | DAR-12 | DAR-19,Outbox لكل حدث يغيّر الحالة + Inbox معاملاتي للمستهلكين + مفتاح idempotency لكل أمر كتابة | سجل تدقيق: الأحداث المركزية كسجل أعمال، وسجل تعديلات داخل المعاملة مع before/after، منع التعديل بالصلاحيات، إخفاء البيانات الحساسة | تقييم المخزون ودفتر المخزون: طبقات تكلفة تغطي كل الحركات (أو متوسط مرجح)، استهلاك مسجل، ربط بـGL,"AC-O2C-016-1: بافتراض تعديل publicPrice من 2,550 إلى 2,700، عندما يُفتح سجل التدقيق، فإن الحدث CRITICAL ويحمل 2,550 و2,700 والمنفّذ. | AC-O2C-016-2: بافتراض تعديل تكلفة منتج، عندما يُفتح السجل، فإن الحدث يحمل التكلفة السابقة.",PARTIAL,PARTIAL,P2
REQ-O2C-017,تطبيق قاعدة تسعير/عرض واحدة على المستند مع خصم يدوي داخل الحد وأهلية القاعدة,Order-to-Cash / Pricing & Discount,صلاحية تطبيق القاعدة.,BR-O2C-28 | BR-O2C-29,[B+C] apps/web/app/dashboard/pricing-rules، promotions (إعداد ومحاكاة)؛ لا قائمة قواعد في apps/web/app/dashboard/invoices/new,/api/sales/pricing/rules*، /api/sales/promotions* (simulate فقط),[B+C] price-rules.engine وpromotions.engine لا يستهلكهما إلا خدماتهما (SAL-14),[B+C] apps/sales/prisma/schema.prisma Promotion، PromotionRedemption، PriceRule,—,"[B+C] promotions.engine.spec.ts (spec exists, not run)",Invoice/SalesOrder.appliedRuleId (واحد فقط) + لقطة شروط؛ PriceRule(eligibility: customer/segment، productScope، validFrom/To، usageLimit).,DAR-15,نسخ احتياطي وPITR واستعادة خارج المضيف بأهداف RPO/RTO معتمدة وتمارين استعادة دورية,AC-O2C-017-1: بافتراض قاعدتين ساريتين للعميل، عندما يحاول المستخدم تطبيقهما معًا، فإن الطلب يُرفض. | AC-O2C-017-2: بافتراض قاعدة لشريحة «صيدليات»، عندما تُعرض القائمة لعميل «موزع»، فإن القاعدة لا تظهر. | AC-O2C-017-3: بافتراض قاعدة مطبقة وخصم يدوي 2% وحد المستخدم 3%، عندما تُصدر الفاتورة، فإنها تُقبل؛ و4% تُرفض/تحال.,NOT_IMPLEMENTED,NOT_IMPLEMENTED,P2
REQ-O2C-018,إعادة تنظيم شاشات التسعير إلى تابتين وإزالة المحرك غير المتصل دون حذف بيانات,Order-to-Cash / Pricing & Discount,قرار المالك قبل أي حذف بيانات.,BR-O2C-30,[B+C] صفحات منفصلة apps/web/app/dashboard/pricing-rules (653)، discounts (848)، promotions (647)، price-lists (1352) — ليست Placeholder,—,—,price_rules، promotions، pricing_rules، promotion_redemptions قائمة,—,—,لا حذف؛ علم isLegacy/archivedAt على الجداول المزالة من الواجهة.,DAR-09 | DAR-19,سياسة موحدة لحالات المستندات والإلغاء والعكس والإشعارات الدائنة وقفل الفترات على مستوى الترحيل | تقييم المخزون ودفتر المخزون: طبقات تكلفة تغطي كل الحركات (أو متوسط مرجح)، استهلاك مسجل، ربط بـGL,AC-O2C-018-1: بافتراض الإصدار الجديد، عندما يفتح المستخدم التسعير، فإنه يرى تابتين فقط. | AC-O2C-018-2: بافتراض جداول price_rules/promotions القديمة، عندما يُنشر الإصدار، فإن عدد صفوفها قبل وبعد متساوٍ.,NOT_IMPLEMENTED,NOT_IMPLEMENTED,P3
REQ-O2C-019,بونص الكمية كسطر مجاني مستقل يتولد آليًا ويُحجز ويُصرف من المخزون,Order-to-Cash / Pricing & Discount,تطبيق القاعدة بصلاحية.,BR-O2C-31 | BR-O2C-32,—,—,[B+C] apps/sales/src/modules/saga/saga.orchestrator.ts:352-378 persistAllocations يفترض سطرًا واحدًا لكل صنف,[B+C] لا lineType/isBonus في apps/sales/prisma/schema.prisma:114 ولا في InvoiceLine,—,—,SalesOrderLine/InvoiceLine.lineType (PAID|BONUS|SAMPLE)، sourceRuleId؛ allocations لكل سطر لا لكل صنف؛ PriceRule.buyQuantity/freeQuantity/giftProductIds.,DAR-03 | DAR-19,ملكية بيانات صريحة ونظام سجل (SoR) لكل كيان، وتحقق المراجع بين الخدمات عند الكتابة + إسقاطات مرجعية + مطابقة دورية | تقييم المخزون ودفتر المخزون: طبقات تكلفة تغطي كل الحركات (أو متوسط مرجح)، استهلاك مسجل، ربط بـGL,AC-O2C-019-1: بافتراض قاعدة 10+2 لنفس الصنف، عندما يُنشأ أمر 10، فإن الأمر يحوي سطر بونص 2 بسعر 0 والمصروف 12 والمسعّر 10 فقط. | AC-O2C-019-2: بافتراض بونص من صنف آخر، عندما يُشحن الأمر، فإن تشغيلة سطر البونص مخصصة FEFO ومسجلة على الفاتورة. | AC-O2C-019-3: بافتراض محاولة إضافة سطر بونص يدوي، عندما يُحفظ، فإن الطلب يُرفض.,NOT_IMPLEMENTED,NOT_IMPLEMENTED,P1
REQ-O2C-020,بونص بالقيمة: بضاعة مجانية بمبلغ ثابت مخزن على القاعدة,Order-to-Cash / Pricing & Discount,—,BR-O2C-33 | BR-O2C-34,—,—,—,لا حقل bonusValue على القاعدة,—,—,"PriceRule.bonusValue Decimal(14,2)، eligibleProductIds؛ سطر BONUS بمرجع القاعدة.",DAR-03 | DAR-10,ملكية بيانات صريحة ونظام سجل (SoR) لكل كيان، وتحقق المراجع بين الخدمات عند الكتابة + إسقاطات مرجعية + مطابقة دورية | العملات والدقة والتقريب والترقيم: عملة على كل مستند مالي، دقة موحدة لأسعار الصرف، قاعدة تقريب واحدة Decimal، ترقيم تسلسلي لكل سلسلة داخل المعاملة,"AC-O2C-020-1: بافتراض قاعدة bonusValue=1,000، عندما تُختار أصناف بسعر جمهور 1,200، فإن الطلب يُرفض. | AC-O2C-020-2: بافتراض قاعدة bonusValue=1,000 على أمر صافيه 50,000 أو 80,000، عندما تُطبق، فإن قيمة البونص 1,000 في الحالتين.",NOT_IMPLEMENTED,NOT_IMPLEMENTED,P2
REQ-O2C-021,أسعار البيع المعتمدة الحالية محمّلة في الكتالوج بمصدر معتمد,Order-to-Cash / Pricing & Discount,اعتماد المالك/المالية للأسعار.,BR-O2C-27,—,POST /products/publish-price-catalog,—,products seed,—,—,ProductPrice بمصدر (sourceDocument، approvedBy، approvedAt).,DAR-03,ملكية بيانات صريحة ونظام سجل (SoR) لكل كيان، وتحقق المراجع بين الخدمات عند الكتابة + إسقاطات مرجعية + مطابقة دورية,"AC-O2C-021-1: بافتراض قرار باعتماد سعر Proxeed Plus 2,550، عندما يُنشأ أمر بعد الاستيراد، فإن سعر السطر 2,550. | AC-O2C-021-2: بافتراض سجل تغيير الأسعار، عندما يُراجع، فإن لكل سعر مصدره وتاريخ اعتماده.",NOT_VERIFIED (أسعار قاعدة الإنتاج غير مرئية؛ الـseed يحمل أسعارًا قديمة ≈ ثلث الحالية),NOT_VERIFIED (نفس السبب),P1
REQ-O2C-022,إلغاء أمر البيع قبل الشحن مع تحرير الحجز وإبطال الفاتورة غير المدفوعة,Order-to-Cash,مالك الأمر أو .any.,BR-O2C-09 | BR-O2C-10 | BR-O2C-11 | BR-O2C-12,[B+C] apps/web/app/dashboard/orders/page.tsx (إلغاء بسبب),[B] apps/sales/src/modules/orders/orders.controller.ts:215 / [C] apps/sales/src/modules/orders/orders.controller.ts:231,[B] apps/sales/src/modules/orders/orders.service.ts:1283-1310 / [C] apps/sales/src/modules/orders/orders.service.ts:1313-1342؛ [B] apps/accounting/src/modules/invoices/invoices.service.ts:1129 / [C] apps/accounting/src/modules/invoices/invoices.service.ts:1170 voidForCancelledOrder,[B+C] cancelled_orders (apps/accounting/prisma/schema.prisma CancelledOrder),sales.order.cancelled → Inventory/Accounting,"[B+C] orders.service.spec.ts، saga-listener.service.spec.ts (spec exists, not run)",SalesOrder.cancelledAt/By/Reason إلزامية عند CANCELLED؛ CancelledOrder(orderId PK) في Accounting؛ إصدار أمر تحرير idempotent في Inventory.,DAR-05 | DAR-07 | DAR-09 | DAR-14 | DAR-15,ربط الدفاتر الفرعية (AR/AP/الخزينة/المخزون/الرواتب/المصروفات/العمولات) بالقيود عبر source_type/source_id ومراجع عكسية، وتسويات رقابية | Outbox لكل حدث يغيّر الحالة + Inbox معاملاتي للمستهلكين + مفتاح idempotency لكل أمر كتابة | سياسة موحدة لحالات المستندات والإلغاء والعكس والإشعارات الدائنة وقفل الفترات على مستوى الترحيل | حوكمة الترحيل: expand/contract، منع تعديل migration مطبقة، بوابة checksum مقابل الإنتاج، مصفوفة توافق إصدار التطبيق مع الـschema، كشف drift | نسخ احتياطي وPITR واستعادة خارج المضيف بأهداف RPO/RTO معتمدة وتمارين استعادة دورية,AC-O2C-022-1: بافتراض أمر ALLOCATED بلا فاتورة، عندما يُلغى بسبب، فإن الحجز يُحرر ولا تُصدر فاتورة لاحقًا. | AC-O2C-022-2: بافتراض أمر INVOICED بلا تحصيل، عندما يُلغى، فإن الفاتورة CANCELLED بقيد معاكس. | AC-O2C-022-3: بافتراض أمر DELIVERED، عندما يُطلب إلغاؤه، فإن الطلب يُرفض ويوجه للمرتجع. | AC-O2C-022-4: بافتراض إلغاء أثناء ALLOCATING ثم وصول StockReserved، عندما يُعالج، فإن الأمر يبقى CANCELLED والحجز يُحرر.,PARTIAL,PARTIAL,P1
REQ-O2C-023,إعادة محاولة التخصيص للأوامر الفاشلة على نفس الأمر,Order-to-Cash,sales.orders.approve.,BR-O2C-74,—,[B] apps/sales/src/modules/orders/orders.controller.ts:146 / [C] apps/sales/src/modules/orders/orders.controller.ts:162,[B] apps/sales/src/modules/orders/orders.service.ts:1094-1101 / [C] apps/sales/src/modules/orders/orders.service.ts:1124-1131؛ [B+C] apps/sales/src/modules/saga/saga.orchestrator.ts:121-321 startAllocation,OrderSaga,inventory.stock.reserve-requested,"[B+C] orders.service.spec.ts (spec exists, not run)",OrderSaga.lastError/attempts لكل محاولة.,DAR-07 | DAR-14,Outbox لكل حدث يغيّر الحالة + Inbox معاملاتي للمستهلكين + مفتاح idempotency لكل أمر كتابة | حوكمة الترحيل: expand/contract، منع تعديل migration مطبقة، بوابة checksum مقابل الإنتاج، مصفوفة توافق إصدار التطبيق مع الـschema، كشف drift,AC-O2C-023-1: بافتراض أمر ALLOCATION_FAILED، عندما يُعاد المحاولة، فإن الأمر نفسه ينتقل إلى ALLOCATING ولا يُنشأ أمر جديد. | AC-O2C-023-2: بافتراض أمر APPROVED وخطوة saga CREATED منذ 30 دقيقة، عندما يستدعي المدير الاسترداد، فإن التخصيص يبدأ.,PARTIAL,PARTIAL,P2
REQ-O2C-024,رصد الأوامر العالقة وتنبيه عمرها وإجراءات تعافٍ موثقة,Order-to-Cash,—,BR-O2C-75,—,[B+C] GET /api/sales/sagas/stalled,[B+C] apps/sales/src/modules/saga/saga-monitor.service.ts:20-27 (أقدم من 15 دقيقة),OrderSaga (step، updatedAt) بلا lastError,—,—,OrderSaga.lastError، lastErrorAt.,DAR-07 | DAR-13,Outbox لكل حدث يغيّر الحالة + Inbox معاملاتي للمستهلكين + مفتاح idempotency لكل أمر كتابة | نموذج تقارير على مرحلتين: تجميعات SQL داخل الخدمة الآن، ثم read model للتقارير عند الحاجة؛ القوائم المالية من GL فقط,AC-O2C-024-1: بافتراض أمر ALLOCATING منذ 20 دقيقة، عندما تُفتح شاشة العالقة، فإنه يظهر بعمره وآخر خطأ. | AC-O2C-024-2: بافتراض 50 أمرًا متروكًا في اختبار تحمل، عندما يعمل الماسح، فإنها تُستعاد أو تُبلغ كلها.,PARTIAL,PARTIAL,P2
REQ-O2C-025,منع تكرار أمر البيع وترقيمه الفريد تحت التزامن,Order-to-Cash,—,BR-O2C-72,[B+C] الواجهة تولد المفتاح,POST /orders (Idempotency-Key),[B] apps/sales/src/modules/orders/orders.service.ts:575-599، 617 / [C] apps/sales/src/modules/orders/orders.service.ts:605-636، 647,[B+C] apps/sales/prisma/schema.prisma:94 visitId @unique، 99 idempotencyKey @unique,—,"[B+C] orders.service.spec.ts (spec exists, not run)",sales_orders.idempotency_key unique nullable، visit_id unique nullable، order_number unique.,DAR-06 | DAR-07 | DAR-10,قيود سلامة داخل كل مجال: CHECK للكميات والمبالغ، enums/CHECK للحالات، UNIQUE لمفاتيح الأعمال (X1–X4) | Outbox لكل حدث يغيّر الحالة + Inbox معاملاتي للمستهلكين + مفتاح idempotency لكل أمر كتابة | العملات والدقة والتقريب والترقيم: عملة على كل مستند مالي، دقة موحدة لأسعار الصرف، قاعدة تقريب واحدة Decimal، ترقيم تسلسلي لكل سلسلة داخل المعاملة,AC-O2C-025-1: بافتراض طلبين متزامنين بنفس Idempotency-Key، عندما يُعالجان، فإن أمرًا واحدًا يُنشأ ويعيد الثاني نفس الأمر. | AC-O2C-025-2: بافتراض نفس المفتاح بكمية مختلفة، عندما يُرسل، فإن الرد 409.,IMPLEMENTED,IMPLEMENTED,P3
REQ-O2C-026,التحقق من ملكية العميل وعلاقة الزيارة قبل إنشاء الأمر (fail-closed),Order-to-Cash,—,BR-O2C-73,—,POST /orders,[B] apps/sales/src/modules/orders/orders.service.ts:199 lookupCrmAccount / [C] apps/sales/src/modules/orders/orders.service.ts:214-221,—,HTTP متزامن,"[B+C] orders.service.spec.ts (spec exists, not run)",مرجع accountId منطقي إلى CRM؛ isActive يُفحص.,DAR-03,ملكية بيانات صريحة ونظام سجل (SoR) لكل كيان، وتحقق المراجع بين الخدمات عند الكتابة + إسقاطات مرجعية + مطابقة دورية,AC-O2C-026-1: بافتراض مندوب غير مسند للعميل، عندما ينشئ أمرًا، فإن الطلب يُرفض 403. | AC-O2C-026-2: بافتراض CRM متوقف، عندما يُنشأ أمر، فإن الطلب يفشل ولا يُنشأ أمر.,IMPLEMENTED,IMPLEMENTED,P2
REQ-O2C-027,استيراد أوامر البيع من ملف كمسودات ثم إرسالها للمسار الطبيعي,Order-to-Cash,تجاوز السعر بـsales.orders.import.override.,BR-O2C-21 | BR-O2C-22 | BR-O2C-23,[B+C] apps/web/app/dashboard/orders/page.tsx (استيراد + قالب),"[B] apps/sales/src/modules/orders/orders.controller.ts:123,157 / [C] apps/sales/src/modules/orders/orders.controller.ts:139,173","[B] apps/sales/src/modules/orders/orders.service.ts:821-1027 (سقف 879-880,946)، submit 1057 / [C] apps/sales/src/modules/orders/orders.service.ts:851-1057 (909-910,976)، submit 1087",SalesOrder status DRAFT,—,"[B+C] orders.import.spec.ts (spec exists, not run)",SalesOrder.source (MANUAL|IMPORT|FIELD)، importBatchId، externalRef unique(accountId، externalRef).,DAR-03 | DAR-04 | DAR-05 | DAR-06 | DAR-15 | DAR-20,ملكية بيانات صريحة ونظام سجل (SoR) لكل كيان، وتحقق المراجع بين الخدمات عند الكتابة + إسقاطات مرجعية + مطابقة دورية | دفتر أستاذ عام موحد واحد داخل nile_accounting: جدولا قيود بشكل واحد، محرك ترحيل واحد، قواعد ترحيل (posting rules) وحسابات رقابية للدفاتر الفرعية | ربط الدفاتر الفرعية (AR/AP/الخزينة/المخزون/الرواتب/المصروفات/العمولات) بالقيود عبر source_type/source_id ومراجع عكسية، وتسويات رقابية | قيود سلامة داخل كل مجال: CHECK للكميات والمبالغ، enums/CHECK للحالات، UNIQUE لمفاتيح الأعمال (X1–X4) | نسخ احتياطي وPITR واستعادة خارج المضيف بأهداف RPO/RTO معتمدة وتمارين استعادة دورية | ترحيل البيانات الافتتاحية وتاريخ القطع: دفعة افتتاحية معتمدة بتوقيع وhash، قيود افتتاحية بتاريخ القطع,AC-O2C-027-1: بافتراض ملف به صفان لنفس العميل ونفس order ref، عندما يُستورد، فإن أمرًا واحدًا بسطرين يُنشأ بحالة DRAFT. | AC-O2C-027-2: بافتراض مسودة بخصم 20% وسياسة 12%، عندما تُرسل، فإنها تُرفض أو تُحال للاعتماد بنفس قواعد الإنشاء. | AC-O2C-027-3: بافتراض تغير سعر الكتالوج بعد الاستيراد، عندما تُرسل المسودة، فإن السعر يُعاد احتسابه.,PARTIAL,PARTIAL,P2
REQ-O2C-028,تحديد التشغيلة وتاريخ الصلاحية عند إنشاء الأمر (#10) دون كسر FEFO,Order-to-Cash,sales.orders.batch.override.,BR-O2C-76,[B+C] apps/web/app/dashboard/orders/new/page.tsx (requestedBatchId),POST /orders,[B] apps/sales/src/modules/orders/orders.service.ts:533-535 / [C] apps/sales/src/modules/orders/orders.service.ts:548-551؛ [B+C] apps/sales/src/modules/orders/dto/create-order.dto.ts:15-21,[B+C] apps/sales/prisma/schema.prisma:114 SalesOrderLine.requestedBatchId؛ invoice_lines batch/expiry,StockReserveRequested,"[B+C] batch-policy.spec.ts (spec exists, not run)",SalesOrderLine.requestedBatchId، overrideReason، overrideBy.,DAR-03 | DAR-12,ملكية بيانات صريحة ونظام سجل (SoR) لكل كيان، وتحقق المراجع بين الخدمات عند الكتابة + إسقاطات مرجعية + مطابقة دورية | سجل تدقيق: الأحداث المركزية كسجل أعمال، وسجل تعديلات داخل المعاملة مع before/after، منع التعديل بالصلاحيات، إخفاء البيانات الحساسة,AC-O2C-028-1: بافتراض مستخدم بلا صلاحية التجاوز، عندما يحدد تشغيلة، فإن الطلب يُرفض 403. | AC-O2C-028-2: بافتراض مستخدم مصرح يحدد تشغيلة بسبب، عندما يُحجز، فإن التخصيص من تلك التشغيلة فقط ويُسجل حدث تدقيق بالسبب.,PARTIAL,PARTIAL,P3
REQ-O2C-029,مفهوم الفاتورة الموحد: الفاتورة وثيقة البيع في الواجهة ونوعها عدسة عرض,Order-to-Cash / Invoicing,—,BR-O2C-51,[B+C] apps/web/app/dashboard/invoices، invoices/new، invoices/[id]/page.tsx:221 (عدسة receipt),—,[B+C] documentType يُخزن خلفيًا ([B] apps/accounting/src/modules/invoices/invoices.service.ts:629 / [C] apps/accounting/src/modules/invoices/invoices.service.ts:656),[B] apps/accounting/prisma/schema.prisma:73 / [C] apps/accounting/prisma/schema.prisma:73 enum InvoiceDocumentType,—,—,Invoice.documentType (TAX_INVOICE|NORMAL_INVOICE|RECEIPT_FORM) — قرار: لقطة أم عدسة.,DAR-03 | DAR-13,ملكية بيانات صريحة ونظام سجل (SoR) لكل كيان، وتحقق المراجع بين الخدمات عند الكتابة + إسقاطات مرجعية + مطابقة دورية | نموذج تقارير على مرحلتين: تجميعات SQL داخل الخدمة الآن، ثم read model للتقارير عند الحاجة؛ القوائم المالية من GL فقط,AC-O2C-029-1: بافتراض فاتورة واحدة، عندما تُطبع بالعدسات الثلاث، فإن الإجمالي متطابق والعدسة الاستلامية بلا أسعار بيع. | AC-O2C-029-2: بافتراض المستخدم في لوحة التحكم، عندما يختار «فاتورة جديدة»، فإنه يصل إلى /dashboard/invoices/new.,IMPLEMENTED,IMPLEMENTED,P3
REQ-O2C-030,فاتورة مباشرة بدون أمر بيع ببنود وتشغيلة وصلاحية وصرف مخزون,Order-to-Cash / Invoicing,خصم البند يخضع لـREQ-O2C-009.,BR-O2C-47 | BR-O2C-49,[B+C] apps/web/app/dashboard/invoices/new/page.tsx,[B] apps/accounting/src/modules/invoices/invoices.controller.ts:46 / [C] apps/accounting/src/modules/invoices/invoices.controller.ts:62 POST /accounting/invoices,[B] apps/accounting/src/modules/invoices/invoices.service.ts:557-850 (issueDirectStock 302-314) / [C] apps/accounting/src/modules/invoices/invoices.service.ts:584-905 (304-316),[B] apps/accounting/prisma/schema.prisma:102 / [C] :116 Invoice.orderId String? @unique؛ InvoiceLine، InvoiceLineBatch,finance.invoice.generated (order_id=null),"[B+C] direct-invoice.spec.ts (spec exists, not run)",Invoice.orderId nullable unique؛ InvoiceLine(productId، gs1Code، qty، price، discount، tax، total)؛ InvoiceLineBatch(batchId، expiry، qty).,DAR-03 | DAR-06,ملكية بيانات صريحة ونظام سجل (SoR) لكل كيان، وتحقق المراجع بين الخدمات عند الكتابة + إسقاطات مرجعية + مطابقة دورية | قيود سلامة داخل كل مجال: CHECK للكميات والمبالغ، enums/CHECK للحالات، UNIQUE لمفاتيح الأعمال (X1–X4),AC-O2C-030-1: بافتراض فاتورة مباشرة بصنف وتشغيلة، عندما تُصدر، فإن رصيد التشغيلة ينقص بالكمية ولا يوجد orderId. | AC-O2C-030-2: بافتراض تشغيلة منتهية، عندما تُختار، فإن الإصدار يُرفض. | AC-O2C-030-3: بافتراض دفعة على فاتورة مباشرة، عندما تُسجل، فإن تعرض العميل في Sales ينخفض بنفس المبلغ.,IMPLEMENTED,IMPLEMENTED,P1
REQ-O2C-031,إجماليات الفاتورة من الخادم وإصدار غير مكرر (idempotent),Order-to-Cash / Invoicing,—,BR-O2C-49 | BR-O2C-50,[B+C] المفتاح يُولد في النموذج,POST /invoices,[B] apps/accounting/src/modules/invoices/invoices.service.ts:427-510 generate (P2002 → الفائز 503-506)، 557-640 replay / [C] apps/accounting/src/modules/invoices/invoices.service.ts:440-537 (530-533)، 584-667,[B+C] Invoice.orderId @unique، idempotencyKey @unique,finance.invoice.generated (نشر مباشر بلا outbox),"[B+C] direct-invoice.spec.ts، invoices.service.spec.ts (spec exists, not run)",invoices.order_id unique nullable، idempotency_key unique nullable.,DAR-06 | DAR-07 | DAR-14,قيود سلامة داخل كل مجال: CHECK للكميات والمبالغ، enums/CHECK للحالات، UNIQUE لمفاتيح الأعمال (X1–X4) | Outbox لكل حدث يغيّر الحالة + Inbox معاملاتي للمستهلكين + مفتاح idempotency لكل أمر كتابة | حوكمة الترحيل: expand/contract، منع تعديل migration مطبقة، بوابة checksum مقابل الإنتاج، مصفوفة توافق إصدار التطبيق مع الـschema، كشف drift,AC-O2C-031-1: بافتراض 16 تسليمًا متزامنًا لـStockReserved لنفس الأمر، عندما تُعالج، فإن فاتورة واحدة تُنشأ وكل الطلبات تعيدها بلا 500. | AC-O2C-031-2: بافتراض DTO يحمل total=1، عندما تُصدر الفاتورة، فإن الإجمالي المحفوظ = مجموع البنود.,IMPLEMENTED,IMPLEMENTED,P3
REQ-O2C-032,توقيت إصدار فاتورة الأمر عند الحجز (ADR-3) وعدد الفواتير لكل أمر,Order-to-Cash / Invoicing,—,BR-O2C-52,—,—,[B] apps/accounting/src/modules/saga-listener/saga-listener.service.ts:95 / [C] apps/accounting/src/modules/saga-listener/saga-listener.service.ts:102 onStockReserved؛ [B] apps/accounting/src/modules/invoices/invoices.service.ts:427-487 / [C] apps/accounting/src/modules/invoices/invoices.service.ts:440-500,Invoice.orderId unique,inventory.stock.reserved → finance.invoice.generated,"[B+C] saga-listener.service.spec.ts (spec exists, not run)",Invoice.orderId unique (يتغير إن تقرر تعدد الفواتير إلى invoice_order_links).,DAR-06 | DAR-07 | DAR-15,قيود سلامة داخل كل مجال: CHECK للكميات والمبالغ، enums/CHECK للحالات، UNIQUE لمفاتيح الأعمال (X1–X4) | Outbox لكل حدث يغيّر الحالة + Inbox معاملاتي للمستهلكين + مفتاح idempotency لكل أمر كتابة | نسخ احتياطي وPITR واستعادة خارج المضيف بأهداف RPO/RTO معتمدة وتمارين استعادة دورية,AC-O2C-032-1: بافتراض أمر حُجز، عندما يصل StockReserved لـAccounting، فإن فاتورة واحدة تُصدر خلال دقيقة والأمر INVOICED. | AC-O2C-032-2: بافتراض أمر ALLOCATED منذ 73 ساعة بلا فاتورة، عندما تعمل مهمة الرصد، فإنه يظهر كتنبيه.,IMPLEMENTED,IMPLEMENTED,P2
REQ-O2C-033,فواتير المسار تحمل بنودًا (لا رأس فقط),Order-to-Cash / Invoicing,—,,[B+C] apps/web/app/dashboard/invoices/[id],—,[B] apps/accounting/src/modules/invoices/invoices.service.ts:427-500 / [C] apps/accounting/src/modules/invoices/invoices.service.ts:440-520 (invoice_lines + invoice_line_batches),InvoiceLine، InvoiceLineBatch,StockReserveRequested.invoice_lines,"spec exists, not run",InvoiceLine إلزامي لكل فاتورة غير ملغاة بما فيها البديلة.,DAR-07,Outbox لكل حدث يغيّر الحالة + Inbox معاملاتي للمستهلكين + مفتاح idempotency لكل أمر كتابة,AC-O2C-033-1: بافتراض أمر بسطرين، عندما تُصدر فاتورته، فإن الفاتورة تحوي سطرين بتشغيلاتهما.,IMPLEMENTED,IMPLEMENTED,P3
REQ-O2C-035,شروط سداد لكل عميل (افتراضها من الشريحة) وحالة البيع الآجل DEFERRED,Order-to-Cash / Invoicing,تعديل شروط العميل بصلاحية.,BR-O2C-53 | BR-O2C-59,[B+C] apps/web/app/dashboard/invoices/new (اختيار الشروط),POST /invoices (paymentTerms),"[B+C] apps/accounting/src/common/commercial-terms.ts:13 PAYMENT_TERMS؛ [C] apps/accounting/src/modules/invoices/invoices.service.ts:738-746,821-823؛ فواتير الأوامر net-30 ثابت [B] apps/accounting/src/modules/invoices/invoices.service.ts:487 / [C] apps/accounting/src/modules/invoices/invoices.service.ts:500",[B] apps/accounting/prisma/schema.prisma:155 / [C] :169 Invoice.creditPeriodDays؛ enum InvoiceStatus يضم DEFERRED؛ لا شروط على العميل في CRM,—,"[B+C] direct-invoice.spec.ts (spec exists, not run)",Account.paymentTerms (أو SegmentTerms)؛ Invoice.paymentTerms/creditPeriodDays/dueDate إلزامية.,DAR-05 | DAR-09,ربط الدفاتر الفرعية (AR/AP/الخزينة/المخزون/الرواتب/المصروفات/العمولات) بالقيود عبر source_type/source_id ومراجع عكسية، وتسويات رقابية | سياسة موحدة لحالات المستندات والإلغاء والعكس والإشعارات الدائنة وقفل الفترات على مستوى الترحيل,AC-O2C-035-1: بافتراض عميل NET_60، عندما تُصدر فاتورة أمره، فإن dueDate = الإصدار + 60 يومًا وحالتها DEFERRED. | AC-O2C-035-2: بافتراض فاتورة DEFERRED، عندما يُسجل تحصيل جزئي، فإن حالتها PARTIAL.,PARTIAL,PARTIAL,P2
REQ-O2C-036,منع توليد فاتورة بعميل مجهول أو إجمالي صفر من حدث ناقص,Order-to-Cash / Invoicing,—,BR-O2C-55,—,—,"[B] apps/accounting/src/modules/saga-listener/saga-listener.service.ts:132 / [C] apps/accounting/src/modules/saga-listener/saga-listener.service.ts:139,144 (accountId ?? 'unknown'، total ?? 0)",—,inventory.stock.reserved,—,Invoice.accountId NOT NULL ويُتحقق من وجوده؛ total > 0 لغير الملغاة.,DAR-07,Outbox لكل حدث يغيّر الحالة + Inbox معاملاتي للمستهلكين + مفتاح idempotency لكل أمر كتابة,AC-O2C-036-1: بافتراض StockReserved بلا account_id، عندما يُعالج، فإن لا فاتورة تُنشأ ويُسجل تنبيه. | AC-O2C-036-2: بافتراض استعلام فواتير account_id='unknown'، عندما يُشغل بعد التصحيح، فإن النتيجة صفر.,NOT_IMPLEMENTED,NOT_IMPLEMENTED,P1
REQ-O2C-037,إلغاء/إبطال الفاتورة بقيد معاكس ورفضه عند وجود مدفوعات أو إشعارات,Order-to-Cash / Invoicing,صلاحية مستقلة؛ إعادة الإصدار تحتاج اعتمادًا ثانيًا (مقترح).,BR-O2C-56 | BR-O2C-12,[B+C] apps/web/app/dashboard/invoices/[id],"[B] apps/accounting/src/modules/invoices/invoices.controller.ts:54,57 / [C] apps/accounting/src/modules/invoices/invoices.controller.ts:70,73","[B] apps/accounting/src/modules/invoices/invoices.service.ts:1083,1177 cancel/cancelInTx، 959 reissue / [C] apps/accounting/src/modules/invoices/invoices.service.ts:1124,1218، 986",[B] apps/accounting/prisma/schema.prisma:165 / [C] :179 cancelledBy…؛ ledger_entries INVOICE_CANCELLATION,finance.invoice.cancelled (نشر مباشر),"[B+C] invoices.service.spec.ts (spec exists, not run)",Invoice.cancelledAt/By/Reason؛ ledger_entries unique(refType، refId)؛ replacementOfId مع بنود منسوخة.,DAR-04 | DAR-05 | DAR-06 | DAR-09 | DAR-14,دفتر أستاذ عام موحد واحد داخل nile_accounting: جدولا قيود بشكل واحد، محرك ترحيل واحد، قواعد ترحيل (posting rules) وحسابات رقابية للدفاتر الفرعية | ربط الدفاتر الفرعية (AR/AP/الخزينة/المخزون/الرواتب/المصروفات/العمولات) بالقيود عبر source_type/source_id ومراجع عكسية، وتسويات رقابية | قيود سلامة داخل كل مجال: CHECK للكميات والمبالغ، enums/CHECK للحالات، UNIQUE لمفاتيح الأعمال (X1–X4) | سياسة موحدة لحالات المستندات والإلغاء والعكس والإشعارات الدائنة وقفل الفترات على مستوى الترحيل | حوكمة الترحيل: expand/contract، منع تعديل migration مطبقة، بوابة checksum مقابل الإنتاج، مصفوفة توافق إصدار التطبيق مع الـschema، كشف drift,AC-O2C-037-1: بافتراض فاتورة UNPAID بلا إشعارات، عندما تُلغى بسبب، فإن حالتها CANCELLED ويوجد قيد CREDIT بقيمتها والقيد الأصلي باق. | AC-O2C-037-2: بافتراض فاتورة PARTIAL، عندما يُطلب إلغاؤها، فإن الطلب يُرفض. | AC-O2C-037-3: بافتراض فاتورة ملغاة، عندما يُطلب إلغاؤها ثانية، فإن الرد 409.,IMPLEMENTED,IMPLEMENTED,P2
REQ-O2C-038,منع إحياء فاتورة ملغاة (لا دفع/عكس/مرتجع عليها),Order-to-Cash / Invoicing,—,BR-O2C-57,—,POST /payments، /payments/:id/reverse,"[B] apps/accounting/src/modules/payments/payments.service.ts:131,373 / [C] apps/accounting/src/modules/payments/payments.service.ts:143,389",—,—,"spec exists, not run",Invoice.status CANCELLED نهائي (CHECK على الانتقالات).,DAR-05 | DAR-06 | DAR-09,ربط الدفاتر الفرعية (AR/AP/الخزينة/المخزون/الرواتب/المصروفات/العمولات) بالقيود عبر source_type/source_id ومراجع عكسية، وتسويات رقابية | قيود سلامة داخل كل مجال: CHECK للكميات والمبالغ، enums/CHECK للحالات، UNIQUE لمفاتيح الأعمال (X1–X4) | سياسة موحدة لحالات المستندات والإلغاء والعكس والإشعارات الدائنة وقفل الفترات على مستوى الترحيل,AC-O2C-038-1: بافتراض فاتورة CANCELLED، عندما تُسجل دفعة عليها، فإن الرد 400 «Invoice is cancelled». | AC-O2C-038-2: بافتراض فاتورة CANCELLED، عندما يُطلب عكس دفعة سابقة عليها، فإن الرد 409.,IMPLEMENTED,IMPLEMENTED,P3
REQ-O2C-039,التحصيل عملية مستقلة عن إصدار الفاتورة وتسليمها,Order-to-Cash / Collection & Cash application,—,,—,—,[B] apps/sales/src/modules/orders/orders.service.ts:1205 / [C] apps/sales/src/modules/orders/orders.service.ts:1235 SHIPPABLE_FROM يضم ALLOCATED/INVOICED,—,—,—,—,DAR-05 | DAR-09,ربط الدفاتر الفرعية (AR/AP/الخزينة/المخزون/الرواتب/المصروفات/العمولات) بالقيود عبر source_type/source_id ومراجع عكسية، وتسويات رقابية | سياسة موحدة لحالات المستندات والإلغاء والعكس والإشعارات الدائنة وقفل الفترات على مستوى الترحيل,AC-O2C-039-1: بافتراض فاتورة آجلة غير مدفوعة، عندما يُشحن أمرها ويُسلّم، فإن العملية تنجح دون تحصيل.,IMPLEMENTED,IMPLEMENTED,P4
REQ-O2C-040,تسجيل التحصيل الكامل/الجزئي وحالات الفاتورة والمستحق ورفض الدفع الزائد,Order-to-Cash / Collection & Cash application,—,BR-O2C-58 | BR-O2C-59,[B+C] apps/web/app/dashboard/collection، invoices/[id],[B] apps/accounting/src/modules/payments/payments.controller.ts:40 / [C] apps/accounting/src/modules/payments/payments.controller.ts:53 POST /accounting/payments,[B] apps/accounting/src/modules/payments/payments.service.ts:128-195، 138 (رفض الزائد)، 704 settleInvoice / [C] apps/accounting/src/modules/payments/payments.service.ts:140-200، 150، 722؛ [C] GL postArPayment داخل المعاملة 183-187,[B+C] apps/accounting/prisma/schema.prisma Payment، Invoice.paidAmount/creditedAmount؛ enum InvoiceStatus,finance.payment.received (outbox),"[B+C] payments.service.spec.ts (spec exists, not run)","Payment(invoiceId nullable، amount Decimal(14,2) > 0، method، reference، receivedAt، actorId)؛ Invoice.paidAmount + creditedAmount ≤ total (CHECK).",DAR-03 | DAR-04 | DAR-05 | DAR-06 | DAR-08 | DAR-09 | DAR-10,ملكية بيانات صريحة ونظام سجل (SoR) لكل كيان، وتحقق المراجع بين الخدمات عند الكتابة + إسقاطات مرجعية + مطابقة دورية | دفتر أستاذ عام موحد واحد داخل nile_accounting: جدولا قيود بشكل واحد، محرك ترحيل واحد، قواعد ترحيل (posting rules) وحسابات رقابية للدفاتر الفرعية | ربط الدفاتر الفرعية (AR/AP/الخزينة/المخزون/الرواتب/المصروفات/العمولات) بالقيود عبر source_type/source_id ومراجع عكسية، وتسويات رقابية | قيود سلامة داخل كل مجال: CHECK للكميات والمبالغ، enums/CHECK للحالات، UNIQUE لمفاتيح الأعمال (X1–X4) | إطار تسويات رقابية عبر القواعد (الائتمان↔AR، المخزون↔GL، دفتر المورد↔AP، الخزينة↔GL، المبيعات↔الفواتير) | سياسة موحدة لحالات المستندات والإلغاء والعكس والإشعارات الدائنة وقفل الفترات على مستوى الترحيل | العملات والدقة والتقريب والترقيم: عملة على كل مستند مالي، دقة موحدة لأسعار الصرف، قاعدة تقريب واحدة Decimal، ترقيم تسلسلي لكل سلسلة داخل المعاملة,"AC-O2C-040-1: بافتراض فاتورة 100.00، عندما تُسجل دفعة 100.01، فإنها تُرفض. | AC-O2C-040-2: بافتراض فاتورة 1,000 عليها إشعار دائن 200، عندما تُسجل دفعة 800، فإن حالتها PAID والمستحق 0. | AC-O2C-040-3: بافتراض دفعة 300 على فاتورة 1,000، عندما تُسجل، فإن الحالة PARTIAL والمستحق 700.",IMPLEMENTED,PARTIAL,P1
REQ-O2C-041,عدم تكرار تسجيل الدفعة عند إعادة الإرسال (idempotency),Order-to-Cash / Collection & Cash application,—,BR-O2C-60,—,POST /payments,[B] apps/accounting/src/modules/payments/payments.service.ts:124-301 assertSamePayment / [C] apps/accounting/src/modules/payments/payments.service.ts:136-317,[B] apps/accounting/prisma/schema.prisma:310 / [C] :380 Payment.idempotencyKey @unique,outbox,"[B+C] payments.audit-chain.integration.spec.ts (spec exists, not run)",payments.idempotency_key unique NOT NULL.,DAR-04 | DAR-05 | DAR-06 | DAR-07,دفتر أستاذ عام موحد واحد داخل nile_accounting: جدولا قيود بشكل واحد، محرك ترحيل واحد، قواعد ترحيل (posting rules) وحسابات رقابية للدفاتر الفرعية | ربط الدفاتر الفرعية (AR/AP/الخزينة/المخزون/الرواتب/المصروفات/العمولات) بالقيود عبر source_type/source_id ومراجع عكسية، وتسويات رقابية | قيود سلامة داخل كل مجال: CHECK للكميات والمبالغ، enums/CHECK للحالات، UNIQUE لمفاتيح الأعمال (X1–X4) | Outbox لكل حدث يغيّر الحالة + Inbox معاملاتي للمستهلكين + مفتاح idempotency لكل أمر كتابة,AC-O2C-041-1: بافتراض دفعة 300 بمفتاح K، عندما تُرسل مرتين متزامنتين، فإن paidAmount يزيد 300 مرة واحدة. | AC-O2C-041-2: بافتراض نفس المفتاح K بمبلغ 400، عندما يُرسل، فإن الرد 409. | AC-O2C-041-3: بافتراض تقرير التسوية الليلي، عندما يُشغل، فإن استعلام تكرار idempotency_key يعيد 0 صفوف.,IMPLEMENTED,IMPLEMENTED,P1
REQ-O2C-042,ذرية التحصيل: الدفعة والتسوية والقيد والخزينة والأحداث في معاملة واحدة,Order-to-Cash / Collection & Cash application,—,BR-O2C-61,—,POST /payments، /payments/allocations,[B] apps/accounting/src/modules/payments/payments.service.ts:279-280 (Serializable)، 585-609 / [C] apps/accounting/src/modules/payments/payments.service.ts:295-296، 603-627؛ [C] GL داخل المعاملة 183-187 (مسار الفاتورة فقط),—,outbox_events,"spec exists, not run",outbox_events(eventId unique)؛ financial_account_entries بمفتاح مصدر فريد.,DAR-04 | DAR-05 | DAR-06 | DAR-07 | DAR-08 | DAR-12,دفتر أستاذ عام موحد واحد داخل nile_accounting: جدولا قيود بشكل واحد، محرك ترحيل واحد، قواعد ترحيل (posting rules) وحسابات رقابية للدفاتر الفرعية | ربط الدفاتر الفرعية (AR/AP/الخزينة/المخزون/الرواتب/المصروفات/العمولات) بالقيود عبر source_type/source_id ومراجع عكسية، وتسويات رقابية | قيود سلامة داخل كل مجال: CHECK للكميات والمبالغ، enums/CHECK للحالات، UNIQUE لمفاتيح الأعمال (X1–X4) | Outbox لكل حدث يغيّر الحالة + Inbox معاملاتي للمستهلكين + مفتاح idempotency لكل أمر كتابة | إطار تسويات رقابية عبر القواعد (الائتمان↔AR، المخزون↔GL، دفتر المورد↔AP، الخزينة↔GL، المبيعات↔الفواتير) | سجل تدقيق: الأحداث المركزية كسجل أعمال، وسجل تعديلات داخل المعاملة مع before/after، منع التعديل بالصلاحيات، إخفاء البيانات الحساسة,AC-O2C-042-1: بافتراض فشل كتابة قيد الخزينة، عندما تُسجل دفعة، فإن لا دفعة ولا تحديث فاتورة يبقى. | AC-O2C-042-2: بافتراض تحصيل على 3 فواتير، عندما يكتمل، فإن 3 أحداث PaymentReceived تُكتب في outbox بنفس المعاملة.,IMPLEMENTED,PARTIAL,P1
REQ-O2C-043,تحصيل على مستوى حساب العميل وتوزيعه على عدة فواتير مع رصيد غير موزع,Order-to-Cash / Collection & Cash application,—,BR-O2C-62,[B+C] apps/web/app/dashboard/collection (منتقي الحساب؛ التوزيع API فقط),[B] apps/accounting/src/modules/payments/payments.controller.ts:50 / [C] apps/accounting/src/modules/payments/payments.controller.ts:63 POST /payments/allocations؛ GET /collection/unallocated-credit,[B] apps/accounting/src/modules/payments/payments.service.ts:510-620 / [C] apps/accounting/src/modules/payments/payments.service.ts:528-708,"[B] apps/accounting/prisma/schema.prisma:1082-1094 / [C] :1269-1281 PaymentAllocation @@unique([paymentId, invoiceId])",PaymentReceived لكل فاتورة,"[B+C] payments.service.spec.ts (spec exists, not run)",Payment.invoiceId nullable؛ PaymentAllocation(paymentId، invoiceId، amount) unique؛ Payment.receivedAt.,DAR-05 | DAR-06 | DAR-09,ربط الدفاتر الفرعية (AR/AP/الخزينة/المخزون/الرواتب/المصروفات/العمولات) بالقيود عبر source_type/source_id ومراجع عكسية، وتسويات رقابية | قيود سلامة داخل كل مجال: CHECK للكميات والمبالغ، enums/CHECK للحالات، UNIQUE لمفاتيح الأعمال (X1–X4) | سياسة موحدة لحالات المستندات والإلغاء والعكس والإشعارات الدائنة وقفل الفترات على مستوى الترحيل,"AC-O2C-043-1: بافتراض شيك 900 على فاتورتين 500 و400، عندما يُسجل، فإن دفعة واحدة وتخصيصين وكلا الفاتورتين PAID. | AC-O2C-043-2: بافتراض دفعة 1,000 على فاتورة 700، عندما تُسجل كتحصيل حساب، فإن الرصيد غير الموزع 300. | AC-O2C-043-3: بافتراض نفس السند، عندما يُعكس، فإن الفاتورتين تعودان UNPAID والرصيد غير الموزع 0.",PARTIAL,PARTIAL,P1
REQ-O2C-044,عكس/تصحيح الدفعة بقيد مقابل بسبب لا بحذف,Order-to-Cash / Collection & Cash application,صلاحية مستقلة.,BR-O2C-63,[B+C] apps/web/app/dashboard/collection,[B] apps/accounting/src/modules/payments/payments.controller.ts:54 / [C] apps/accounting/src/modules/payments/payments.controller.ts:67,[B] apps/accounting/src/modules/payments/payments.service.ts:351-404 / [C] apps/accounting/src/modules/payments/payments.service.ts:367-422,[B] apps/accounting/prisma/schema.prisma:363 / [C] :433 Payment.reversed*,finance.payment.reversed (outbox),"[B+C] payments.service.spec.ts (spec exists, not run)",Payment.reversedAt/By/Reason؛ financial_account_entries عكسية بمرجع الدفعة.,DAR-03 | DAR-04 | DAR-05 | DAR-09 | DAR-14,ملكية بيانات صريحة ونظام سجل (SoR) لكل كيان، وتحقق المراجع بين الخدمات عند الكتابة + إسقاطات مرجعية + مطابقة دورية | دفتر أستاذ عام موحد واحد داخل nile_accounting: جدولا قيود بشكل واحد، محرك ترحيل واحد، قواعد ترحيل (posting rules) وحسابات رقابية للدفاتر الفرعية | ربط الدفاتر الفرعية (AR/AP/الخزينة/المخزون/الرواتب/المصروفات/العمولات) بالقيود عبر source_type/source_id ومراجع عكسية، وتسويات رقابية | سياسة موحدة لحالات المستندات والإلغاء والعكس والإشعارات الدائنة وقفل الفترات على مستوى الترحيل | حوكمة الترحيل: expand/contract، منع تعديل migration مطبقة، بوابة checksum مقابل الإنتاج، مصفوفة توافق إصدار التطبيق مع الـschema، كشف drift,AC-O2C-044-1: بافتراض دفعة نقدية 500 إلى خزينة، عندما تُعكس، فإن رصيد الخزينة ينقص 500 والفاتورة تعود لحالتها السابقة. | AC-O2C-044-2: بافتراض دفعة تحت الحساب موزعة، عندما تُعكس، فإن كل التوزيعات تُفك. | AC-O2C-044-3: بافتراض عكس بلا سبب، عندما يُرسل، فإنه يُرفض.,PARTIAL,PARTIAL,P1
REQ-O2C-045,دورة حياة الشيك/الورقة المالية وعواقب الارتداد,Order-to-Cash / Collection & Cash application,—,BR-O2C-64 | BR-O2C-65,[B+C] apps/web/app/dashboard/collection (الشيكات),[B] apps/accounting/src/modules/payments/payments.controller.ts:52 / [C] apps/accounting/src/modules/payments/payments.controller.ts:65,[B] apps/accounting/src/modules/payments/payments.service.ts:427-458 / [C] apps/accounting/src/modules/payments/payments.service.ts:445-476؛ [B+C] apps/sales/src/modules/saga/saga.orchestrator.ts:508-530 onPaymentReversed؛ [C] apps/accounting/src/modules/instruments (غير مسجل في app.module),[B] apps/accounting/prisma/schema.prisma:348-349 / [C] :418-419 checkStatus/checkDueDate؛ [C] FinancialInstrument :330,finance.payment.reversed + payment.failed (outbox),"[B+C] payments.service.spec.ts (spec exists, not run)",FinancialInstrument(type، number، bank، dueDate، status، history[]) مرتبط بالدفعة؛ انتقالات مقيدة؛ مفتاح idempotency instrument:<id>.,DAR-04 | DAR-05 | DAR-06 | DAR-07 | DAR-09,دفتر أستاذ عام موحد واحد داخل nile_accounting: جدولا قيود بشكل واحد، محرك ترحيل واحد، قواعد ترحيل (posting rules) وحسابات رقابية للدفاتر الفرعية | ربط الدفاتر الفرعية (AR/AP/الخزينة/المخزون/الرواتب/المصروفات/العمولات) بالقيود عبر source_type/source_id ومراجع عكسية، وتسويات رقابية | قيود سلامة داخل كل مجال: CHECK للكميات والمبالغ، enums/CHECK للحالات، UNIQUE لمفاتيح الأعمال (X1–X4) | Outbox لكل حدث يغيّر الحالة + Inbox معاملاتي للمستهلكين + مفتاح idempotency لكل أمر كتابة | سياسة موحدة لحالات المستندات والإلغاء والعكس والإشعارات الدائنة وقفل الفترات على مستوى الترحيل,AC-O2C-045-1: بافتراض شيك 900 موزع على فاتورتين ثم يرتد، عندما يُسجل الارتداد، فإن الفاتورتين تعودان لحالتهما والعمولة تُعكس مرة واحدة. | AC-O2C-045-2: بافتراض شيك CLEARED، عندما يُفتح رصيد البنك، فإن المبلغ ظاهر فيه. | AC-O2C-045-3: بافتراض ارتداد مسجل مرتين، عندما يُعالج، فإن الأثر مرة واحدة.,PARTIAL,PARTIAL,P1
REQ-O2C-046,تسجيل المحصِّل وأداة الدفع ومرجعها وتاريخ استحقاق الشيك على كل تحصيل,Order-to-Cash / Collection & Cash application,—,BR-O2C-79,[B+C] apps/web/app/dashboard/collection,POST /payments,[B] apps/accounting/src/modules/payments/payments.service.ts:124 / [C] apps/accounting/src/modules/payments/payments.service.ts:136 (checkNumber/checkBank/checkDueDate، actorId),[B] apps/accounting/prisma/schema.prisma:348-349 / [C] :418-419,—,—,Payment.collectorId، instrumentRef، receivedAt.,DAR-03 | DAR-05,ملكية بيانات صريحة ونظام سجل (SoR) لكل كيان، وتحقق المراجع بين الخدمات عند الكتابة + إسقاطات مرجعية + مطابقة دورية | ربط الدفاتر الفرعية (AR/AP/الخزينة/المخزون/الرواتب/المصروفات/العمولات) بالقيود عبر source_type/source_id ومراجع عكسية، وتسويات رقابية,AC-O2C-046-1: بافتراض تحصيل بشيك، عندما يُحفظ بلا رقم أو تاريخ استحقاق، فإنه يُرفض. | AC-O2C-046-2: بافتراض محصل غير المندوب البائع، عندما يُسجل التحصيل، فإن تقرير التحصيل بالمحصل يظهره مستقلًا عن المندوب.,PARTIAL,PARTIAL,P2
REQ-O2C-047,كشف حساب العميل والرصيد الجاري الموحد,Order-to-Cash / Collection & Cash application,accounting.ledger.read + ملكية.,BR-O2C-66 | BR-O2C-67,[B+C] apps/web/app/dashboard/receivables، كشف الحساب,"[B+C] apps/accounting/src/modules/ledger/ledger.controller.ts:10,19 GET /ledger/:accountId، /balance",رصيد مشتق في الاستعلام (Invoice + Account.openingBalance),[B] apps/accounting/prisma/schema.prisma:381 / [C] :452 LedgerEntry,—,"spec exists, not run",LedgerEntry(accountId، refType، refId، debit، credit، at) unique(refType، refId)؛ نقطة رصيد مرحل (checkpoint).,DAR-04 | DAR-05 | DAR-06 | DAR-20,دفتر أستاذ عام موحد واحد داخل nile_accounting: جدولا قيود بشكل واحد، محرك ترحيل واحد، قواعد ترحيل (posting rules) وحسابات رقابية للدفاتر الفرعية | ربط الدفاتر الفرعية (AR/AP/الخزينة/المخزون/الرواتب/المصروفات/العمولات) بالقيود عبر source_type/source_id ومراجع عكسية، وتسويات رقابية | قيود سلامة داخل كل مجال: CHECK للكميات والمبالغ، enums/CHECK للحالات، UNIQUE لمفاتيح الأعمال (X1–X4) | ترحيل البيانات الافتتاحية وتاريخ القطع: دفعة افتتاحية معتمدة بتوقيع وhash، قيود افتتاحية بتاريخ القطع,"AC-O2C-047-1: بافتراض عميل رصيده الافتتاحي 1,000 وفاتورة 500 وتحصيل 300، عندما يُطلب الكشف، فإن الرصيد الختامي 1,200. | AC-O2C-047-2: بافتراض فترة بلا حركة، عندما يُطلب الكشف، فإن الرصيد المرحل يظهر كاملًا. | AC-O2C-047-3: بافتراض تعذر الوصول لخدمة المحاسبة، عندما يُفتح الكشف، فإن رسالة خطأ تظهر ولا يُعرض 0.",PARTIAL,PARTIAL,P2
REQ-O2C-048,تقارير أعمار الذمم والمتأخرات حسب المندوب والشريحة,Order-to-Cash / Collection & Cash application,accounting.collection.read + تقييد نطاق المندوب.,BR-O2C-69,[B+C] apps/web/app/dashboard/overdue، receivables، collection,[B+C] apps/accounting/src/modules/collection/collection.controller.ts:20 by-rep، 27 rep-collections، 50 aging، 58 outstanding-by-account,—,[B+C] CollectionMetric (ميت),—,—,Invoice.dueDate إلزامي؛ Account.segment مرجعي.,DAR-03 | DAR-05 | DAR-13,ملكية بيانات صريحة ونظام سجل (SoR) لكل كيان، وتحقق المراجع بين الخدمات عند الكتابة + إسقاطات مرجعية + مطابقة دورية | ربط الدفاتر الفرعية (AR/AP/الخزينة/المخزون/الرواتب/المصروفات/العمولات) بالقيود عبر source_type/source_id ومراجع عكسية، وتسويات رقابية | نموذج تقارير على مرحلتين: تجميعات SQL داخل الخدمة الآن، ثم read model للتقارير عند الحاجة؛ القوائم المالية من GL فقط,AC-O2C-048-1: بافتراض فاتورة استحقت منذ 45 يومًا، عندما يُشغل تقرير الأعمار، فإنها في شريحة 31-60. | AC-O2C-048-2: بافتراض مندوبين، عندما يُشغل تقرير المتأخرات بالشريحة، فإن الإجماليات حسب AccountType تطابق مجموع الفواتير.,PARTIAL,PARTIAL,P3
REQ-O2C-049,قيد دفتر العملاء غير مكرر لنفس المرجع عند إعادة تسليم الحدث,Order-to-Cash / Collection & Cash application,—,BR-O2C-68,—,—,—,"[B] apps/accounting/prisma/schema.prisma:398 / [C] :469 @@unique([refType, refId])",—,"spec exists, not run",ledger_entries unique(ref_type، ref_id).,DAR-03 | DAR-04 | DAR-05 | DAR-06 | DAR-07,ملكية بيانات صريحة ونظام سجل (SoR) لكل كيان، وتحقق المراجع بين الخدمات عند الكتابة + إسقاطات مرجعية + مطابقة دورية | دفتر أستاذ عام موحد واحد داخل nile_accounting: جدولا قيود بشكل واحد، محرك ترحيل واحد، قواعد ترحيل (posting rules) وحسابات رقابية للدفاتر الفرعية | ربط الدفاتر الفرعية (AR/AP/الخزينة/المخزون/الرواتب/المصروفات/العمولات) بالقيود عبر source_type/source_id ومراجع عكسية، وتسويات رقابية | قيود سلامة داخل كل مجال: CHECK للكميات والمبالغ، enums/CHECK للحالات، UNIQUE لمفاتيح الأعمال (X1–X4) | Outbox لكل حدث يغيّر الحالة + Inbox معاملاتي للمستهلكين + مفتاح idempotency لكل أمر كتابة,AC-O2C-049-1: بافتراض حدث فاتورة مُعاد تسليمه، عندما يُعالج، فإن قيدًا واحدًا فقط للفاتورة في ledger_entries.,IMPLEMENTED,IMPLEMENTED,P2
REQ-O2C-050,تحويل مقترحات الطلب/التحصيل الميدانية إلى أمر/تحصيل مخصص ذريًا وidempotent,Order-to-Cash / Collection & Cash application,المحول ≠ مقدم المقترح.,BR-O2C-70 | BR-O2C-71,[B+C] صفحات field-sales,[B] apps/accounting/src/modules/payments/payments.controller.ts:35 / [C] apps/accounting/src/modules/payments/payments.controller.ts:48 POST /payments/from-field-proposal؛ [B] apps/sales/src/modules/orders/orders.controller.ts:98 / [C] apps/sales/src/modules/orders/orders.controller.ts:114 POST /orders/from-field-proposal,[B] apps/accounting/src/modules/payments/payments.service.ts:188 / [C] apps/accounting/src/modules/payments/payments.service.ts:204؛ [B] apps/sales/src/modules/orders/orders.service.ts:500 / [C] apps/sales/src/modules/orders/orders.service.ts:515,field_collection_postings,—,"spec exists, not run",field_collection_postings(proposalId، invoiceId) unique؛ convertedId في CRM.,DAR-04 | DAR-05 | DAR-06 | DAR-07 | DAR-12,دفتر أستاذ عام موحد واحد داخل nile_accounting: جدولا قيود بشكل واحد، محرك ترحيل واحد، قواعد ترحيل (posting rules) وحسابات رقابية للدفاتر الفرعية | ربط الدفاتر الفرعية (AR/AP/الخزينة/المخزون/الرواتب/المصروفات/العمولات) بالقيود عبر source_type/source_id ومراجع عكسية، وتسويات رقابية | قيود سلامة داخل كل مجال: CHECK للكميات والمبالغ، enums/CHECK للحالات، UNIQUE لمفاتيح الأعمال (X1–X4) | Outbox لكل حدث يغيّر الحالة + Inbox معاملاتي للمستهلكين + مفتاح idempotency لكل أمر كتابة | سجل تدقيق: الأحداث المركزية كسجل أعمال، وسجل تعديلات داخل المعاملة مع before/after، منع التعديل بالصلاحيات، إخفاء البيانات الحساسة,AC-O2C-050-1: بافتراض مقترح تحصيل على فاتورتين، عندما يُحول مرتين، فإن دفعتين فقط (واحدة لكل فاتورة) توجدان. | AC-O2C-050-2: بافتراض مهلة أثناء التحويل، عندما يُعاد، فإن نفس المعرفات تُستخدم ولا سجل مكرر. | AC-O2C-050-3: بافتراض مقدم المقترح، عندما يحاول تحويله، فإن الطلب يُرفض.,PARTIAL,PARTIAL,P2
REQ-O2C-051,سجل المبيعات الشهري (فاتورة، عميل، مندوب، حالة سداد، كميات وصلاحية لكل صنف),Order-to-Cash / Invoicing,نطاق المندوب.,,[B+C] apps/web/app/dashboard/invoices,[B] apps/accounting/src/modules/invoices/invoices.controller.ts:13 GET /invoices / [C] apps/accounting/src/modules/invoices/invoices.controller.ts:15 GET /invoices/export,—,[B] apps/accounting/prisma/schema.prisma:113 / [C] :127 Invoice.repId,—,—,Invoice.repId إلزامي؛ InvoiceLine.expiryDate.,DAR-03 | DAR-05 | DAR-13,ملكية بيانات صريحة ونظام سجل (SoR) لكل كيان، وتحقق المراجع بين الخدمات عند الكتابة + إسقاطات مرجعية + مطابقة دورية | ربط الدفاتر الفرعية (AR/AP/الخزينة/المخزون/الرواتب/المصروفات/العمولات) بالقيود عبر source_type/source_id ومراجع عكسية، وتسويات رقابية | نموذج تقارير على مرحلتين: تجميعات SQL داخل الخدمة الآن، ثم read model للتقارير عند الحاجة؛ القوائم المالية من GL فقط,AC-O2C-051-1: بافتراض شهر به 50 فاتورة، عندما يُصدّر السجل، فإن 50 صفًا بنفس أعمدة سجل الشركة وإجمالي يطابق مجموع الفواتير.,PARTIAL,PARTIAL,P3
REQ-O2C-052,تعريفة شحن ثابتة لكل طلب حسب المنطقة واتجاه الرحلة,Order-to-Cash / Shipping & POD,—,BR-O2C-35 | BR-O2C-36 | BR-O2C-37,[B+C] apps/web/app/dashboard/orders/new، invoices/new,[B+C] POST /api/sales/shipping/quote؛ /api/accounting/invoices/shipping/quote,"[B] apps/sales/src/modules/shipping/shipping.service.ts:130-228 (override 154,189,201؛ fee 213) / [C] apps/sales/src/modules/shipping/shipping.service.ts:150-248 (174,209,221؛ 233)",[B+C] shipping_zones/shipping_rates/shipping_zone_areas (migration 20260923110000_add_shipping_tariffs),—,"[B+C] shipping.service.spec.ts (spec exists, not run)",shipping_rates(zoneId، validFrom، validTo، oneWayFee، roundTripFee) unique(zoneId، validFrom).,DAR-06,قيود سلامة داخل كل مجال: CHECK للكميات والمبالغ، enums/CHECK للحالات، UNIQUE لمفاتيح الأعمال (X1–X4),AC-O2C-052-1: بافتراض عنوان في Z5 ذهاب فقط، عندما يُطلب quote، فإن الرسوم 109. | AC-O2C-052-2: بافتراض عنوان في العاصمة الإدارية، عندما يُطلب quote، فإن المنطقة Z3 لا Z1. | AC-O2C-052-3: بافتراض مدينة غير مربوطة بلا سبب، عندما يُطلب quote، فإن الطلب يُرفض.,IMPLEMENTED,IMPLEMENTED,P3
REQ-O2C-053,لقطة تسعير الشحن على الأمر والفاتورة وإصدارات التعريفة دون إعادة تسعير تاريخي,Order-to-Cash / Shipping & POD,—,BR-O2C-38 | BR-O2C-39,—,POST /orders، POST /invoices؛ [C] GET /shipping/catalog/export.csv,[B] apps/sales/src/modules/orders/orders.service.ts:608 / [C] apps/sales/src/modules/orders/orders.service.ts:638-674؛ apps/sales/src/modules/shipping/shipping.service.ts:83-84 (الإصدار الساري),"[B+C] apps/sales/prisma/schema.prisma:71-83؛ [B] apps/accounting/prisma/schema.prisma:120-132 / [C] :134-146؛ @@unique([zoneId, validFrom]) apps/sales/prisma/schema.prisma:629",StockReserveRequested يحمل لقطة الشحن,"[B+C] shipping.service.spec.ts؛ [C] shipping.controller.spec.ts (spec exists, not run)",أعمدة اللقطة على المستندين؛ shipping_rates بإصدارات.,DAR-07 | DAR-08,Outbox لكل حدث يغيّر الحالة + Inbox معاملاتي للمستهلكين + مفتاح idempotency لكل أمر كتابة | إطار تسويات رقابية عبر القواعد (الائتمان↔AR، المخزون↔GL، دفتر المورد↔AP، الخزينة↔GL، المبيعات↔الفواتير),AC-O2C-053-1: بافتراض أمر بشحن 109 ثم إصدار تعريفة جديدة 120، عندما يُفتح الأمر وفاتورته، فإن الرسوم 109. | AC-O2C-053-2: بافتراض تصدير الكتالوج، عندما يُطلب CSV، فإنه يحوي التعريفة السارية فقط.,IMPLEMENTED,IMPLEMENTED,P3
REQ-O2C-054,قواعد الشحن والتسليم وصرف المخزون عند الشحن ومنع الشحن المزدوج,Order-to-Cash / Shipping & POD,—,BR-O2C-40,[B+C] apps/web/app/dashboard/shipping/page.tsx,"[B] apps/sales/src/modules/orders/orders.controller.ts:197,206 / [C] apps/sales/src/modules/orders/orders.controller.ts:213,222",[B] apps/sales/src/modules/orders/orders.service.ts:1205-1260 / [C] apps/sales/src/modules/orders/orders.service.ts:1235-1294؛ [C] apps/inventory/src/modules/allocation/reservation.listener.ts:72-80؛ apps/sales/src/modules/shipments/shipments.service.ts:156-192 upsert,[B+C] apps/sales/prisma/schema.prisma:666 OrderShipment,sales.order.marked-shipped/delivered,"[B+C] orders.service.spec.ts، shipments.service.spec.ts (spec exists, not run)",OrderShipment(orderId unique) بحالة مقيدة بحالة الأمر.,DAR-04 | DAR-06,دفتر أستاذ عام موحد واحد داخل nile_accounting: جدولا قيود بشكل واحد، محرك ترحيل واحد، قواعد ترحيل (posting rules) وحسابات رقابية للدفاتر الفرعية | قيود سلامة داخل كل مجال: CHECK للكميات والمبالغ، enums/CHECK للحالات، UNIQUE لمفاتيح الأعمال (X1–X4),AC-O2C-054-1: بافتراض أمر ALLOCATED، عندما يُشحن مرتين متزامنتين، فإن المخزون يُصرف مرة واحدة والثاني يُرفض. | AC-O2C-054-2: بافتراض أمر غير SHIPPED، عندما يُطلب تسليمه، فإن الرد 400.,IMPLEMENTED,IMPLEMENTED,P2
REQ-O2C-055,منع شحن تشغيلة مسحوبة/محجورة مع تعليق الأمر,Order-to-Cash / Shipping & POD,sales.orders.recall-hold.release.,BR-O2C-41,[B+C] apps/web/app/dashboard/recalls,POST /orders/:id/ship,[B+C] apps/sales/src/modules/traceability/traceability.service.ts:204-217 assertShippable؛ [B] apps/sales/src/modules/orders/orders.service.ts:1212-1221 / [C] apps/sales/src/modules/orders/orders.service.ts:1242-1251,blocked_batches، order_recall_holds,quality.* → blocked_batches,"[B+C] traceability.service.spec.ts (spec exists, not run)",blocked_batches(batchId PK)؛ order_recall_holds(orderId، batchId) unique.,DAR-03 | DAR-06 | DAR-09 | DAR-11,ملكية بيانات صريحة ونظام سجل (SoR) لكل كيان، وتحقق المراجع بين الخدمات عند الكتابة + إسقاطات مرجعية + مطابقة دورية | قيود سلامة داخل كل مجال: CHECK للكميات والمبالغ، enums/CHECK للحالات، UNIQUE لمفاتيح الأعمال (X1–X4) | سياسة موحدة لحالات المستندات والإلغاء والعكس والإشعارات الدائنة وقفل الفترات على مستوى الترحيل | تتبع شامل: correlation_id ومعرّف المستند المصدر على كل حركة وقيد، وسلسلة الدفعة الدوائية من الاستلام حتى العميل,AC-O2C-055-1: بافتراض تشغيلة مستدعاة في تخصيص أمر، عندما يُطلب شحنه، فإن الرد 409 والأمر ON_HOLD_RECALL.,IMPLEMENTED,IMPLEMENTED,P1
REQ-O2C-056,إثبات الاستلام بتوقيع العميل (إلزامي) وصورة اختيارية مع تخزين محفوظ,Order-to-Cash / Shipping & POD,—,BR-O2C-42,[B+C] apps/web/app/dashboard/shipping/page.tsx:900 (إلزام في الواجهة فقط),[B+C] POST/GET /shipments/:orderId/pod/:kind,[B+C] apps/sales/src/modules/shipments/shipments.service.ts:94-133 capturePod (101 حدود الحجم)؛ [B] apps/sales/src/modules/orders/orders.service.ts:1243-1265 / [C] apps/sales/src/modules/orders/orders.service.ts:1273-1294 deliver لا يفحص التوقيع,[B+C] apps/sales/prisma/schema.prisma:685 podSignatureKey,—,"[B+C] shipments.pod.spec.ts (spec exists, not run)",OrderShipment.podSignatureKey NOT NULL عند DELIVERED؛ تخزين كائنات بإصدارات.,DAR-12 | DAR-15 | DAR-18,سجل تدقيق: الأحداث المركزية كسجل أعمال، وسجل تعديلات داخل المعاملة مع before/after، منع التعديل بالصلاحيات، إخفاء البيانات الحساسة | نسخ احتياطي وPITR واستعادة خارج المضيف بأهداف RPO/RTO معتمدة وتمارين استعادة دورية | تصنيف البيانات الحساسة والاحتفاظ والحذف: رواتب، PII، بيانات بنكية؛ سياسات احتفاظ لكل فئة,AC-O2C-056-1: بافتراض أمر SHIPPED بلا توقيع، عندما يُستدعى POST /orders/:id/deliver مباشرة، فإن الرد 400. | AC-O2C-056-2: بافتراض توقيع 3MB، عندما يُرفع، فإنه يُرفض. | AC-O2C-056-3: بافتراض إعادة إنشاء حاوية Sales، عندما يُطلب توقيع سابق، فإنه متاح.,PARTIAL,PARTIAL,P2
REQ-O2C-057,قائمة تجهيز لكل أمر من الحجز بترتيب FEFO والموقع,Order-to-Cash / Shipping & POD,—,BR-O2C-43,—,—,—,[B+C] لا نموذج PickList (grep),—,—,PickList(orderId، status)، PickListLine(batchId، locationId، qty، pickedQty).,DAR-03 | DAR-08 | DAR-09,ملكية بيانات صريحة ونظام سجل (SoR) لكل كيان، وتحقق المراجع بين الخدمات عند الكتابة + إسقاطات مرجعية + مطابقة دورية | إطار تسويات رقابية عبر القواعد (الائتمان↔AR، المخزون↔GL، دفتر المورد↔AP، الخزينة↔GL، المبيعات↔الفواتير) | سياسة موحدة لحالات المستندات والإلغاء والعكس والإشعارات الدائنة وقفل الفترات على مستوى الترحيل,AC-O2C-057-1: بافتراض أمر حُجز من تشغيلتين، عندما تُطبع قائمة التجهيز، فإنها تعرض التشغيلتين بترتيب انتهاء الصلاحية ومواقعهما. | AC-O2C-057-2: بافتراض نقص وحدتين عند التأكيد، عندما يُؤكد، فإن طلب تسوية يُنشأ ويُحرر حجز وحدتين.,NOT_IMPLEMENTED,NOT_IMPLEMENTED,P3
REQ-O2C-058,رحلات توزيع ومركبات ومحطات تسليم وقاعدة التبريد,Order-to-Cash / Shipping & POD,—,BR-O2C-44,—,—,—,[B+C] لا Vehicle/Trip/DeliveryStop (grep),—,—,Vehicle(isRefrigerated، capacity)، Trip(status)، TripStop(orderId، recipient، signatureKey، geo).,DAR-12,سجل تدقيق: الأحداث المركزية كسجل أعمال، وسجل تعديلات داخل المعاملة مع before/after، منع التعديل بالصلاحيات، إخفاء البيانات الحساسة,AC-O2C-058-1: بافتراض مركبة غير مبردة وأمر به منتج requiresCold، عندما يُضاف للرحلة، فإن الرد 409. | AC-O2C-058-2: بافتراض رحلة بثلاثة أوامر أحدها محظور، عندما تُرسل، فإن أمرين يُشحنان والثالث يُعلق.,NOT_IMPLEMENTED,NOT_IMPLEMENTED,P2
REQ-O2C-059,الشحن الجزئي والطلبية المؤجلة على نفس الأمر,Order-to-Cash / Shipping & POD,—,BR-O2C-45,—,—,[B+C] التخصيص كل-أو-لا-شيء,[B+C] apps/sales/prisma/schema.prisma:15 لا PARTIALLY_SHIPPED,—,—,SalesOrderLine.shippedQty، backorderQty؛ شحنات متعددة لكل أمر.,DAR-07,Outbox لكل حدث يغيّر الحالة + Inbox معاملاتي للمستهلكين + مفتاح idempotency لكل أمر كتابة,AC-O2C-059-1: بافتراض أمر 10 والمتاح 6، عندما يُشحن جزئيًا، فإن الحالة PARTIALLY_SHIPPED والباقي 4 محجوز على نفس الأمر.,NOT_IMPLEMENTED,NOT_IMPLEMENTED,P3
REQ-O2C-060,تحصيل نقدي على رحلة العودة للشحنة مستقل عن المرتجع,Order-to-Cash / Shipping & POD,—,BR-O2C-46,[B+C] apps/web/app/dashboard/shipping,[B+C] POST /shipments/:orderId/return-leg,[B+C] apps/sales/src/modules/shipments/shipments.service.ts:201-275؛ [B] apps/accounting/src/modules/payments/payments.service.ts:235 / [C] apps/accounting/src/modules/payments/payments.service.ts:251 recordShipmentReturn,"[B+C] apps/sales/prisma/schema.prisma:750 @@unique([shipmentId, type])",sales.shipping.return.cash-received,"[B+C] shipments.service.spec.ts (spec exists, not run)",ShipmentLeg unique(shipmentId، type)؛ payments unique(source_type، source_id).,DAR-05 | DAR-06 | DAR-07 | DAR-12,ربط الدفاتر الفرعية (AR/AP/الخزينة/المخزون/الرواتب/المصروفات/العمولات) بالقيود عبر source_type/source_id ومراجع عكسية، وتسويات رقابية | قيود سلامة داخل كل مجال: CHECK للكميات والمبالغ، enums/CHECK للحالات، UNIQUE لمفاتيح الأعمال (X1–X4) | Outbox لكل حدث يغيّر الحالة + Inbox معاملاتي للمستهلكين + مفتاح idempotency لكل أمر كتابة | سجل تدقيق: الأحداث المركزية كسجل أعمال، وسجل تعديلات داخل المعاملة مع before/after، منع التعديل بالصلاحيات، إخفاء البيانات الحساسة,AC-O2C-060-1: بافتراض شحنة ROUND_TRIP عادت بـ500، عندما تُسجل، فإن دفعة 500 تُنشأ والـleg FINANCE_POSTED ولا حركة مخزون.,IMPLEMENTED,IMPLEMENTED,P3
REQ-O2C-061,أحداث تدقيق عمليات الأمر والشحن والخصم بمستويات خطورة,Order-to-Cash,—,BR-O2C-77,[B+C] apps/web/app/dashboard/audit,—,[B] apps/sales/src/modules/orders/orders.service.ts:772 / [C] apps/sales/src/modules/orders/orders.service.ts:794-812 DiscountOverridden لكل سطر بخصم > 0,audit_logs + audit-aggregator,sales.*,"[B+C] orders.service.spec.ts، traceability.service.spec.ts (spec exists, not run)",audit_logs(entity، entityId، action، severity، actorId، before، after، reason، correlationId) append-only.,DAR-07 | DAR-09 | DAR-11 | DAR-12,Outbox لكل حدث يغيّر الحالة + Inbox معاملاتي للمستهلكين + مفتاح idempotency لكل أمر كتابة | سياسة موحدة لحالات المستندات والإلغاء والعكس والإشعارات الدائنة وقفل الفترات على مستوى الترحيل | تتبع شامل: correlation_id ومعرّف المستند المصدر على كل حركة وقيد، وسلسلة الدفعة الدوائية من الاستلام حتى العميل | سجل تدقيق: الأحداث المركزية كسجل أعمال، وسجل تعديلات داخل المعاملة مع before/after، منع التعديل بالصلاحيات، إخفاء البيانات الحساسة,AC-O2C-061-1: بافتراض إلغاء أمر بسبب، عندما يُفتح سجل التدقيق، فإن حدث OrderCancelled بمستوى HIGH يحمل السبب والفاعل. | AC-O2C-061-2: بافتراض أمر بخصم افتراضي 12% فقط، عندما يُنشأ، فإن لا حدث DiscountOverridden.,PARTIAL,PARTIAL,P2
REQ-O2C-062,أحداث تدقيق الفوترة والتحصيل بمستويات خطورة,Order-to-Cash / Collection & Cash application,—,BR-O2C-78,[B+C] apps/web/app/dashboard/audit,—,"[B] apps/accounting/src/modules/payments/payments.service.ts:128-195 / [C] apps/accounting/src/modules/payments/payments.service.ts:140-200 (تدقيق داخل المعاملة)؛ InvoiceGenerated/Cancelled نشر مباشر [C] apps/accounting/src/modules/invoices/invoices.service.ts:543,1237",audit_logs,finance.*,"spec exists, not run",كما في REQ-O2C-061.,DAR-05 | DAR-07 | DAR-09 | DAR-12,ربط الدفاتر الفرعية (AR/AP/الخزينة/المخزون/الرواتب/المصروفات/العمولات) بالقيود عبر source_type/source_id ومراجع عكسية، وتسويات رقابية | Outbox لكل حدث يغيّر الحالة + Inbox معاملاتي للمستهلكين + مفتاح idempotency لكل أمر كتابة | سياسة موحدة لحالات المستندات والإلغاء والعكس والإشعارات الدائنة وقفل الفترات على مستوى الترحيل | سجل تدقيق: الأحداث المركزية كسجل أعمال، وسجل تعديلات داخل المعاملة مع before/after، منع التعديل بالصلاحيات، إخفاء البيانات الحساسة,AC-O2C-062-1: بافتراض عكس دفعة بسبب، عندما يُفتح السجل، فإن حدث PaymentReversed CRITICAL يحمل السبب والفاعل. | AC-O2C-062-2: بافتراض فشل كتابة التدقيق، عندما تُسجل دفعة، فإن الدفعة لا تُحفظ (التدقيق في نفس المعاملة).,PARTIAL,PARTIAL,P2
REQ-CRM-001,سجل عملاء موحّد (Customer Master) بديل لنموذج الـ356 شيت,Customer master & Field Sales,—,BR-CRM-03 | BR-CRM-04 | BR-CRM-15,[B+C] apps/web/app/dashboard/accounts/page.tsx، apps/web/components/party-profile.tsx,[B+C] GET/POST /api/crm/accounts (accounts.controller.ts [C]:34-69 / [B]:17-52),[B+C] apps/crm/src/modules/accounts/customer-onboarding.service.ts:171-311 ([B] حتى 309),[B+C] apps/crm/prisma/schema.prisma model Account ([C]:132-204، [B]:132-199),crm.account.created عبر customer_event_outbox (apps/crm/src/modules/accounts/customer-onboarding.service.ts [C]:283-298),"customer-onboarding.spec.ts، accounts.service.spec.ts (spec exists, not run)","Account(id UUID PK, code UNIQUE, nameAr UNIQUE حاليًا, type NOT NULL enum, repId/territoryId مراجع منطقية بلا FK عبر الخدمات, isActive, createdAt)؛ كل الخدمات تشير إلى account_id؛ لا حذف فعلي.",DAR-03 | DAR-06 | DAR-15 | DAR-20,ملكية بيانات صريحة ونظام سجل (SoR) لكل كيان، وتحقق المراجع بين الخدمات عند الكتابة + إسقاطات مرجعية + مطابقة دورية | قيود سلامة داخل كل مجال: CHECK للكميات والمبالغ، enums/CHECK للحالات، UNIQUE لمفاتيح الأعمال (X1–X4) | نسخ احتياطي وPITR واستعادة خارج المضيف بأهداف RPO/RTO معتمدة وتمارين استعادة دورية | ترحيل البيانات الافتتاحية وتاريخ القطع: دفعة افتتاحية معتمدة بتوقيع وhash، قيود افتتاحية بتاريخ القطع,AC-CRM-001-1: بفرض عميل مُنشأ في CRM، عندما يُنشأ له أمر بيع وفاتورة وزيارة، فإن الثلاثة تحمل نفس account_id ولا يوجد سجل عميل مكرر في أي خدمة أخرى. | AC-CRM-001-2: بفرض استيراد الليجر القديم، عندما يُقارن عدد العملاء الفريدين في المصدر بعدد Accounts المنشأة، فإن الفرق صفر أو مفسَّر بقائمة معلّقة موثقة.,IMPLEMENTED,IMPLEMENTED,P1
REQ-CRM-002,تأسيس العميل بالبيانات الأساسية فقط دون أرصدة أو مؤشرات,Customer master & Field Sales,إسناد العميل لمندوب غير المنفذ يتطلب crm.accounts.manage.any,BR-CRM-01 | BR-CRM-02 | BR-CRM-05 | BR-CRM-06 | BR-CRM-07,[B+C] apps/web/components/customers/create-customer-modal.tsx (لا حقول رصيد/كود),[C] accounts.controller.ts:69 POST /accounts @Permissions(crm.accounts.create)؛ [B] :52,[C] apps/crm/src/modules/accounts/customer-onboarding.service.ts:171-311 (repId/manage.any 172-179، idempotency 183-201، tx 203-300، P2002→409 301-308)؛ [B] apps/crm/src/modules/accounts/customer-onboarding.service.ts:171-309؛ DTO [B+C] apps/crm/src/modules/accounts/dto/onboard-customer.dto.ts:42-71,[B+C] apps/crm/prisma/schema.prisma CustomerCreationRequest، CustomerEventOutbox؛ migration 20260919120000_customer_onboarding,crm.account.created (outbox relay customer-outbox.service.ts:29-70) — يستهلكه Accounting saga-listener,"customer-onboarding.spec.ts (spec exists, not run)","CustomerCreationRequest(id=requestId PK, actorId, payloadHash, accountId UNIQUE FK RESTRICT)؛ CustomerEventOutbox(id=event_id PK, topic, envelope, attempts, lockedUntil, lockToken, sentAt)؛ accounts.credit_limit DEFAULT 0 ولا يُكتب من التأسيس؛ audit_logs append-only.",DAR-06 | DAR-07 | DAR-12 | DAR-20,قيود سلامة داخل كل مجال: CHECK للكميات والمبالغ، enums/CHECK للحالات، UNIQUE لمفاتيح الأعمال (X1–X4) | Outbox لكل حدث يغيّر الحالة + Inbox معاملاتي للمستهلكين + مفتاح idempotency لكل أمر كتابة | سجل تدقيق: الأحداث المركزية كسجل أعمال، وسجل تعديلات داخل المعاملة مع before/after، منع التعديل بالصلاحيات، إخفاء البيانات الحساسة | ترحيل البيانات الافتتاحية وتاريخ القطع: دفعة افتتاحية معتمدة بتوقيع وhash، قيود افتتاحية بتاريخ القطع,AC-CRM-002-1: بفرض طلب إنشاء يحتوي openingBalance أو code، عندما يُرسل إلى POST /api/crm/accounts، فإن الاستجابة 400 ولا يُنشأ أي صف في accounts. | AC-CRM-002-2: بفرض طلب إنشاء ناجح بـrequestId=X، عندما يُعاد نفس الطلب حرفيًا من نفس المستخدم، فإن الاستجابة تعيد نفس id وcode ولا يزيد عدد الحسابات. | AC-CRM-002-3: بفرض نفس requestId=X ببيانات مختلفة، عندما يُرسل، فإن الاستجابة 409. | AC-CRM-002-4: بفرض إنشاء ناجح، عندما تُفحص قاعدة البيانات، فإن هناك صفًا واحدًا لكل من customer_assignments (PRIMARY) وcustomer_addresses (is_primary) وaudit_logs (CUSTOMER_CREATED) وcustomer_event_outbox، وcredit_limit=0.,IMPLEMENTED,IMPLEMENTED,P2
REQ-CRM-003,كود العميل يولّده الخادم (sequence) وغير قابل للتعديل,Customer master & Field Sales,—,BR-CRM-01,,POST /accounts بلا code (onboard-customer.dto.ts [B+C]:42-71)؛ UpdateAccountDto بلا code [C]:21-35,[B+C] apps/crm/prisma/migrations/20260919120000_customer_onboarding/migration.sql:2-15 (CREATE SEQUENCE customer_code_seq، next_customer_code، DEFAULT),"[C] apps/crm/prisma/schema.prisma:134 code @unique @default(dbgenerated(""next_customer_code()""))",,"scripts/customer-onboarding-migration.test.cjs (spec exists, not run)",accounts.code UNIQUE NOT NULL DEFAULT next_customer_code()؛ sequence customer_code_seq؛ code غير قابل للتحديث (يُفضل trigger أو صلاحية DB تمنع UPDATE).,DAR-06 | DAR-10,قيود سلامة داخل كل مجال: CHECK للكميات والمبالغ، enums/CHECK للحالات، UNIQUE لمفاتيح الأعمال (X1–X4) | العملات والدقة والتقريب والترقيم: عملة على كل مستند مالي، دقة موحدة لأسعار الصرف، قاعدة تقريب واحدة Decimal، ترقيم تسلسلي لكل سلسلة داخل المعاملة,AC-CRM-003-1: بفرض إنشاء عميلين متزامنين عبر واجهة التأسيس، عندما ينتهي الطلبان، فإن لهما كودين مختلفين بصيغة CUS ولا خطأ تصادم. | AC-CRM-003-2: بفرض محاولة تعديل code عبر PATCH /accounts/:id، عندما يُرسل الحقل، فإن الطلب يُرفض 400 ويبقى الكود كما هو. | AC-CRM-003-3: بفرض استيراد CSV، عندما يحتوي الملف عمود code، فإن السلوك يتبع قرار DEC-CRM-04 (حاليًا يُقبل الكود من الملف).,PARTIAL,PARTIAL,P3
REQ-CRM-004,"تصنيف نوع العميل إلزامي بست قيم ولا نوع ""غير مصنف""",Customer master & Field Sales,—,BR-CRM-03 | BR-CRM-34,[B+C] create-customer-modal.tsx (قائمة الأنواع),DTO IsIn الست [B+C] onboard-customer.dto.ts:46؛ فلتر النوع apps/crm/src/modules/accounts/accounts.service.ts [C]:65-67,سكربت الاستيراد يرفض غير المصنف [B+C] apps/crm/scripts/import-customers.ts:164 و import-identities.cjs:40 (HOLD_UNKNOWN_TYPE),[B+C] apps/crm/prisma/schema.prisma:15-22 enum AccountType؛ migration 20260902070606_add_account_type_chains,,"accounts.service.spec.ts (spec exists, not run)",accounts.type NOT NULL enum AccountType (6 قيم)؛ تغيير النوع يُسجل في audit before/after؛ لا قيمة افتراضية في DB.,DAR-12,سجل تدقيق: الأحداث المركزية كسجل أعمال، وسجل تعديلات داخل المعاملة مع before/after، منع التعديل بالصلاحيات، إخفاء البيانات الحساسة,"AC-CRM-004-1: بفرض طلب إنشاء بنوع غير ضمن القيم الست، عندما يُرسل، فإن الاستجابة 400. | AC-CRM-004-2: بفرض ملف استيراد بصف بلا عمود type، عندما يُستورد، فإن الصف يُرفض بسبب ""تصنيف غير محسوم"" ولا يُنشأ بنوع افتراضي. | AC-CRM-004-3: بفرض قاعدة البيانات، عندما يُستعلم عن accounts.type، فإن عدد الصفوف بقيمة خارج القيم الست = 0.",PARTIAL,PARTIAL,P2
REQ-CRM-005,منع تكرار العميل (الاسم العربي فريد) حتى تحت التزامن,Customer master & Field Sales,—,BR-CRM-04,,POST /accounts، PATCH /accounts/:id، POST /accounts/import,"[C] apps/crm/src/modules/accounts/customer-onboarding.service.ts:301-308 (P2002→409)؛ [C] apps/crm/src/modules/accounts/accounts.service.ts:221-256 (فحص مسبق + P2002)، 336-338 (update)، 498-506 (import)؛ [B] apps/crm/src/modules/accounts/accounts.service.ts:198-233, 314",[B+C] apps/crm/prisma/migrations/20260909102000_accounts_name_ar_unique/migration.sql:13 (UNIQUE name_ar)؛ [C] apps/crm/prisma/schema.prisma:141,,"accounts.service.spec.ts؛ docs/audit/load-test-* (spec exists, not run)","UNIQUE(accounts.name_ar) — يُقترح عمود مُطبَّع name_ar_normalized (توحيد Unicode/المسافات) بقيد فريد؛ أي قرار بديل (name_ar, territory_id) يتطلب هجرة.",DAR-04 | DAR-06,دفتر أستاذ عام موحد واحد داخل nile_accounting: جدولا قيود بشكل واحد، محرك ترحيل واحد، قواعد ترحيل (posting rules) وحسابات رقابية للدفاتر الفرعية | قيود سلامة داخل كل مجال: CHECK للكميات والمبالغ، enums/CHECK للحالات، UNIQUE لمفاتيح الأعمال (X1–X4),"AC-CRM-005-1: بفرض 32 طلب إنشاء متزامنًا بنفس nameAr، عندما تنتهي، فإن حسابًا واحدًا فقط يُنشأ وتعود البقية 409. | AC-CRM-005-2: بفرض تعديل اسم عميل إلى اسم عميل آخر قائم عبر PATCH، عندما يُرسل، فإن الاستجابة 409 ""اسم العميل مستخدم بالفعل"". | AC-CRM-005-3: بفرض ملف استيراد يحوي اسمًا موجودًا، عندما يُستورد، فإن الصف يظهر في skipped بسبب ""موجود مسبقًا"".",IMPLEMENTED,IMPLEMENTED,P1
REQ-CRM-006,عنوان كتابي منظم وإحداثيات صحيحة ورابط خرائط للعميل,Customer master & Field Sales,المندوب المسؤول أو SUPER_ADMIN فقط,BR-CRM-08 | BR-CRM-09 | BR-CRM-11,[B+C] apps/web/components/customer-contact-profile.tsx:267 (رابط الخريطة)، apps/web/components/customers/location-picker.tsx:14-17، create-customer-modal.tsx:296 (GOVERNORATES),PATCH /accounts/:id/profile [C] accounts.controller.ts:132-135 / [B]:103,[B+C] apps/crm/src/modules/accounts/customer-profile.service.ts:14-103 (ملكية 31-32، إصدار 33-41، Serializable 96),[B+C] apps/crm/prisma/schema.prisma Account governorate..longitude/profileVersion ([C]:153-168)؛ migration 20260916121000_customer_profile:6 (account_location_check)؛ 20260919120000:35 (customer_address_coordinates),,"customer-profile.service.spec.ts؛ apps/web/lib/customer-onboarding.spec.ts (spec exists, not run)","accounts: governorate, district, street, building, floor, address_details, latitude/longitude DECIMAL(9,6) مع CHECK (كلاهما أو لا شيء، ضمن المدى)، profile_version INT؛ customer_addresses بمؤشر فريد جزئي لعنوان رئيسي واحد لكل عميل؛ قائمة محافظات/مدن مرجعية مقترحة.",DAR-03 | DAR-04 | DAR-05 | DAR-06 | DAR-10 | DAR-12 | DAR-15,ملكية بيانات صريحة ونظام سجل (SoR) لكل كيان، وتحقق المراجع بين الخدمات عند الكتابة + إسقاطات مرجعية + مطابقة دورية | دفتر أستاذ عام موحد واحد داخل nile_accounting: جدولا قيود بشكل واحد، محرك ترحيل واحد، قواعد ترحيل (posting rules) وحسابات رقابية للدفاتر الفرعية | ربط الدفاتر الفرعية (AR/AP/الخزينة/المخزون/الرواتب/المصروفات/العمولات) بالقيود عبر source_type/source_id ومراجع عكسية، وتسويات رقابية | قيود سلامة داخل كل مجال: CHECK للكميات والمبالغ، enums/CHECK للحالات، UNIQUE لمفاتيح الأعمال (X1–X4) | العملات والدقة والتقريب والترقيم: عملة على كل مستند مالي، دقة موحدة لأسعار الصرف، قاعدة تقريب واحدة Decimal، ترقيم تسلسلي لكل سلسلة داخل المعاملة | سجل تدقيق: الأحداث المركزية كسجل أعمال، وسجل تعديلات داخل المعاملة مع before/after، منع التعديل بالصلاحيات، إخفاء البيانات الحساسة | نسخ احتياطي وPITR واستعادة خارج المضيف بأهداف RPO/RTO معتمدة وتمارين استعادة دورية,"AC-CRM-006-1: بفرض إرسال latitude دون longitude، عندما يُحفظ الملف، فإن الاستجابة 400 ولا يتغير profileVersion. | AC-CRM-006-2: بفرض مستخدمين فتحا الملف بالإصدار 3، عندما يحفظ الأول ثم الثاني، فإن الثاني يتلقى 409. | AC-CRM-006-3: بفرض عميل بإحداثيات مسجلة، عندما يُفتح ملفه، فإن رابط الخريطة يساوي https://www.google.com/maps/search/?api=1&query=<lat>,<lng>. | AC-CRM-006-4: بفرض نموذج الإنشاء لم يُختر فيه موقع، عندما يُحفظ، فإن latitude/longitude فارغان (لا تُحفظ نقطة القاهرة الافتراضية).",IMPLEMENTED,IMPLEMENTED,P3
REQ-CRM-007,أرقام تواصل متعددة للعميل بصفات قابلة للتوسعة,Customer master & Field Sales,كما في REQ-CRM-006,BR-CRM-10,[B+C] apps/web/components/customer-contact-profile.tsx,PATCH /accounts/:id/profile,[B+C] customer-profile.service.ts:48-60,[B+C] apps/crm/prisma/schema.prisma model CustomerContact ([C]:519-534، [B]:492),,"customer-profile.service.spec.ts (spec exists, not run)","customer_contacts(id, account_id FK RESTRICT, name, phone, role TEXT, is_active)؛ لا حذف فعلي.",DAR-03,ملكية بيانات صريحة ونظام سجل (SoR) لكل كيان، وتحقق المراجع بين الخدمات عند الكتابة + إسقاطات مرجعية + مطابقة دورية,"AC-CRM-007-1: بفرض عميل له 2 جهة اتصال، عندما يُحفظ الملف بقائمة من 3، فإن 2 صفين يصبحان is_active=false و3 صفوف جديدة نشطة وتعرض القراءة 3 فقط. | AC-CRM-007-2: بفرض صفة جديدة ""مدير الفرع""، عندما تُدخل، فإن الحفظ ينجح دون أي تغيير في الكود أو الهجرة.",IMPLEMENTED,IMPLEMENTED,P4
REQ-CRM-008,الحالة الإدارية للعميل يدوية ولا تتغير تلقائيًا بانخفاض الشراء,Customer master & Field Sales,المالك أو crm.accounts.manage.any,BR-CRM-13 | BR-CRM-16,[B+C] apps/web/app/dashboard/accounts/page.tsx (عمود الحالة، إجراء الأرشفة),DELETE /accounts/:id، PATCH /accounts/:id,[C] apps/crm/src/modules/accounts/accounts.service.ts:365-389 (archive)، 154-177 (summary يقرأ فقط)؛ [B] apps/crm/src/modules/accounts/accounts.service.ts:342-366,[B+C] apps/crm/prisma/schema.prisma accounts.is_active,,"accounts.service.spec.ts (spec exists, not run)",accounts.is_active BOOLEAN NOT NULL؛ كل تغيير يُسجل before/after؛ يُقترح حقل سبب الإيقاف وتاريخه.,DAR-03 | DAR-12 | DAR-13,ملكية بيانات صريحة ونظام سجل (SoR) لكل كيان، وتحقق المراجع بين الخدمات عند الكتابة + إسقاطات مرجعية + مطابقة دورية | سجل تدقيق: الأحداث المركزية كسجل أعمال، وسجل تعديلات داخل المعاملة مع before/after، منع التعديل بالصلاحيات، إخفاء البيانات الحساسة | نموذج تقارير على مرحلتين: تجميعات SQL داخل الخدمة الآن، ثم read model للتقارير عند الحاجة؛ القوائم المالية من GL فقط,"AC-CRM-008-1: بفرض عميل نشط بلا زيارات أو أوامر لـ90 يومًا، عندما تمر المهام الليلية، فإن isActive يبقى true ويظهر فقط ضمن مؤشر ""بلا زيارة"". | AC-CRM-008-2: بفرض أرشفة عميل، عندما تُنفذ DELETE /accounts/:id، فإن الصف يبقى بـis_active=false ويُسجل ACCOUNT_ARCHIVED في audit_logs. | AC-CRM-008-3: بفرض عميل غير نشط، عندما يُنشأ له أمر بيع، فإن السلوك يتبع DEC-CRM-07 (حاليًا يُقبل الأمر).",IMPLEMENTED,IMPLEMENTED,P2
REQ-CRM-009,تعديل بيانات العميل الأساسية بعد الإنشاء مع تدقيق,Customer master & Field Sales,المالك أو crm.accounts.manage.any؛ إعادة الإسناد تحتاج manage.any,BR-CRM-37,[B+C] apps/web/components/party-master-edit.tsx,PATCH /accounts/:id [C] accounts.controller.ts:102-113 / [B]:73,[C] apps/crm/src/modules/accounts/accounts.service.ts:310-357؛ [B] apps/crm/src/modules/accounts/accounts.service.ts:287-334,—,,"accounts.service.spec.ts (spec exists, not run)","audit_logs(before/after, reason_code) لكل تعديل؛ يُقترح استخدام profile_version لكل تعديلات الملف.",DAR-12,سجل تدقيق: الأحداث المركزية كسجل أعمال، وسجل تعديلات داخل المعاملة مع before/after، منع التعديل بالصلاحيات، إخفاء البيانات الحساسة,AC-CRM-009-1: بفرض عميل، عندما يعدّل المندوب المسؤول هاتفه، فإن audit_logs يحوي ACCOUNT_UPDATED بقيمة الهاتف قبل وبعد. | AC-CRM-009-2: بفرض مندوب غير مسؤول عن العميل، عندما يحاول التعديل، فإن الاستجابة 403.,IMPLEMENTED,IMPLEMENTED,P3
REQ-CRM-010,ملاحظات العميل المؤرخة بالكاتب والإصدار,Customer master & Field Sales,تعديل ملاحظة غيرك يتطلب crm.accounts.manage.any,BR-CRM-12,,POST /accounts/:id/notes، PATCH /accounts/:id/notes/:noteId ([C] accounts.controller.ts:127-130 / [B]:98-100),[B+C] apps/crm/src/modules/accounts/customer-notes.service.ts:30-53 (ملكية/إصدار)، 71-88 (audit)؛ findOne take 50 [C] apps/crm/src/modules/accounts/accounts.service.ts:191,[B+C] apps/crm/prisma/schema.prisma model CustomerNote ([C]:614-626),,"customer-notes.spec.ts (spec exists, not run)","customer_notes(id, account_id FK RESTRICT, content, created_by, updated_by, version, timestamps)؛ audit before/after.",DAR-12,سجل تدقيق: الأحداث المركزية كسجل أعمال، وسجل تعديلات داخل المعاملة مع before/after، منع التعديل بالصلاحيات، إخفاء البيانات الحساسة,AC-CRM-010-1: بفرض ملاحظة كتبها مندوب A، عندما يحاول مندوب B (مسؤول مشارك) تعديلها، فإن الاستجابة 403. | AC-CRM-010-2: بفرض تعديل ملاحظة بإصدار قديم، عندما يُرسل، فإن الاستجابة 409 ولا يتغير المحتوى. | AC-CRM-010-3: بفرض عميل له 60 ملاحظة، عندما تُفتح تفاصيله، فإن آخر 50 فقط تُعرض مرتبة تنازليًا.,IMPLEMENTED,IMPLEMENTED,P4
REQ-CRM-011,إعادة إسناد العميل للمندوب مع حفظ تاريخ المسؤولية,Customer master & Field Sales,manage.any فقط,BR-CRM-14,[B+C] apps/web/app/dashboard/accounts/page.tsx (تغيير المندوب/إجراء جماعي),"PATCH /accounts/:id و POST /accounts/bulk مع repId ([C] accounts.controller.ts:73-83,102-113)؛ POST /field-sales/assignments",[B+C] apps/crm/src/modules/accounts/customer-onboarding.service.ts:68-158 (reassign)؛ مسار بديل apps/crm/src/modules/field-sales/field-sales.service.ts:1086-1140 (createAssignment),[B+C] apps/crm/prisma/schema.prisma model CustomerAssignment ([C]:309-327),لا حدث نطاق؛ audit_logs محلي فقط,"customer-onboarding.spec.ts، field-sales.service.spec.ts (spec exists, not run)","customer_assignments(account_id, rep_id, role PRIMARY|BACKUP, territory_id, starts_at, ends_at, assigned_by)؛ يُقترح قيد استبعاد (EXCLUDE) يمنع تداخل PRIMARY زمنيًا لنفس العميل؛ Account.rep_id إسقاط (projection) للإسناد الحالي.",DAR-03 | DAR-04 | DAR-12 | DAR-15,ملكية بيانات صريحة ونظام سجل (SoR) لكل كيان، وتحقق المراجع بين الخدمات عند الكتابة + إسقاطات مرجعية + مطابقة دورية | دفتر أستاذ عام موحد واحد داخل nile_accounting: جدولا قيود بشكل واحد، محرك ترحيل واحد، قواعد ترحيل (posting rules) وحسابات رقابية للدفاتر الفرعية | سجل تدقيق: الأحداث المركزية كسجل أعمال، وسجل تعديلات داخل المعاملة مع before/after، منع التعديل بالصلاحيات، إخفاء البيانات الحساسة | نسخ احتياطي وPITR واستعادة خارج المضيف بأهداف RPO/RTO معتمدة وتمارين استعادة دورية,AC-CRM-011-1: بفرض عميل بإسناد PRIMARY للمندوب A، عندما يُعاد إسناده لـB، فإن إسناد A يُغلق endsAt=الآن ويُنشأ إسناد B، ويحوي audit_logs before.repId=A. | AC-CRM-011-2: بفرض إسناد PRIMARY مستقبلي للعميل، عندما تُطلب إعادة الإسناد، فإن الاستجابة 409 ولا يتغير شيء. | AC-CRM-011-3: بفرض إسناد BACKUP قائم، عندما يُعاد إسناد PRIMARY، فإن BACKUP يبقى دون تغيير.,PARTIAL,PARTIAL,P2
REQ-CRM-012,ترميز المندوب/المنطقة للعميل ودعم العملاء بلا مندوب (توصيل مباشر/شحن),Customer master & Field Sales,manage.any,BR-CRM-07 | BR-CRM-15,,"POST /accounts يشترط repId نشطًا في IAM ([B+C] apps/crm/src/modules/accounts/customer-onboarding.service.ts:36-67, 202)؛ لا API لتعيين Account.territoryId (UpdateAccountDto بلا territoryId)",territoryId يُكتب فقط من الاستيراد ([C] apps/crm/src/modules/accounts/accounts.service.ts:512) أو CustomerAssignment.territoryId (apps/crm/src/modules/field-sales/field-sales.service.ts:1086-1140)؛ سكربت import-customers.ts يخزن Employee id في repId (apps/crm/scripts/import-customers.ts:40),"[B+C] apps/crm/prisma/schema.prisma accounts.territory_id, rep_id (مراجع منطقية)",TerritoryAssigned يصدر من Organization لتعيين مندوب لمنطقة وليس لعميل (apps/organization/src/modules/territories/territories.service.ts:59-72),—,قناة خدمة العميل (FIELD_REP | DIRECT_DELIVERY | SHIPPING | NATIONAL_CHAIN) كحقل مرجعي؛ rep_id يشير دائمًا لمعرّف IAM؛ territory_id مرجع لكتالوج Organization مع سجل تغيير.,DAR-03 | DAR-07,ملكية بيانات صريحة ونظام سجل (SoR) لكل كيان، وتحقق المراجع بين الخدمات عند الكتابة + إسقاطات مرجعية + مطابقة دورية | Outbox لكل حدث يغيّر الحالة + Inbox معاملاتي للمستهلكين + مفتاح idempotency لكل أمر كتابة,AC-CRM-012-1: بفرض عميل من فئة C (بلا مندوب)، عندما يُؤسس، فإن النظام يسمح بحفظه دون اختلاق مندوب وفق القرار DEC-CRM-08. | AC-CRM-012-2: بفرض تعيين منطقة لعميل، عندما يُحفظ، فإن territory_id يُخزن ويُسجل حدث/تدقيق بالقيمة السابقة واللاحقة.,PARTIAL,PARTIAL,P2
REQ-CRM-013,صفحة العميل 360,Customer master & Field Sales,كل قسم بصلاحيته,,"[B+C] apps/web/app/dashboard/accounts/[id]/page.tsx → apps/web/components/party-profile.tsx:32-39,58-61؛ apps/web/app/dashboard/accounts/page.tsx:170-261 (الأعمدة)، 85 (noVisitSince)",GET /accounts/:id (+ واجهات sales/accounting/inventory/organization),[C] apps/crm/src/modules/accounts/accounts.service.ts:184-219 (findOne),—,,—,لا تخزين جديد؛ يعتمد على account_id في كل الخدمات؛ يتطلب واجهات قراءة مرقّمة لكل قسم.,DAR-18,تصنيف البيانات الحساسة والاحتفاظ والحذف: رواتب، PII، بيانات بنكية؛ سياسات احتفاظ لكل فئة,"AC-CRM-013-1: بفرض مستخدم يملك crm.accounts.read دون accounting.ledger.read، عندما يفتح صفحة العميل، فإن قسم الرصيد وكشف الحساب يعرضان رسالة صلاحية ولا تُستدعى واجهة الدفتر. | AC-CRM-013-2: بفرض عميل رصيده من الدفتر = X، عندما تُفتح صفحته، فإن الرصيد المعروض = X (وليس مجموع قائمة فواتير محدودة). | AC-CRM-013-3: بفرض فلتر ""بلا زيارة منذ 60 يومًا""، عندما يُطبق، فإن كل العملاء المعروضين ليس لهم زيارة visitDate ≥ اليوم-60.",IMPLEMENTED,IMPLEMENTED,P3
REQ-CRM-014,قائمة/تصدير العملاء يحترم الفلاتر ونطاق ملكية المستخدم,Customer master & Field Sales,غير الإداري مقيد بعملائه,BR-CRM-15,[B+C] apps/web/app/dashboard/accounts/page.tsx:85 (لا يرسل الفارغ),[C] GET /accounts/export (accounts.controller.ts:20-33)؛ [B] لا يوجد export في الخادم,[C] apps/crm/src/modules/accounts/accounts.service.ts:58-122 (تطبيع 71-75، take 200 :120)، 126-143 (exportRows)؛ [B] apps/crm/src/modules/accounts/accounts.service.ts:57-121 (تطبيع 70-74، take 200 :119),—,,"scripts/customer-exports.test.cjs، accounts.service.spec.ts (spec exists, not run)",استعلامات مرقّمة (keyset) مع count منفصل؛ نطاق الملكية مشتق من customer_assignments النشطة.,DAR-17,فهارس مبنية على أنماط الاستعلام (X6–X15) مشروطة بقياسات EXPLAIN/pg_stat_statements,AC-CRM-014-1: بفرض مندوب له 30 عميلًا، عندما يصدّر بلا فلاتر، فإن الملف يحوي 30 صفًا فقط من عملائه. | AC-CRM-014-2: بفرض طلب بـnoVisitSince=undefined (نصًا)، عندما يُرسل، فإن الاستجابة 200 بنفس نتيجة عدم الفلترة. | AC-CRM-014-3: بفرض 250 عميلًا مطابقًا، عندما تُعرض القائمة، فإن الواجهة تبيّن أن العرض جزئي (200) ولا تعرض 200 كإجمالي.,PARTIAL,PARTIAL,P3
REQ-CRM-015,استيراد هويات العملاء التاريخية بقيم افتراضية آمنة,Customer master — data migration,QUESTION: من يعتمد ملف المرشحين قبل التشغيل؟,BR-CRM-35 | BR-CRM-34,,,[B+C] apps/crm/scripts/import-identities.cjs:17 (MD26)، 40 (HOLD_UNKNOWN_TYPE)، 59-62 (repId/territory null، أرصدة 0)؛ scripts/deploy-customer-identities.sh,—,لا AccountCreated من السكربت,"scripts/import-identities.test.cjs (cur فقط) (spec exists, not run)",سجل تشغيل الاستيراد (batch id، عدد، أكواد) للمطابقة؛ أكواد MD26 فريدة.,DAR-06 | DAR-08 | DAR-20,قيود سلامة داخل كل مجال: CHECK للكميات والمبالغ، enums/CHECK للحالات، UNIQUE لمفاتيح الأعمال (X1–X4) | إطار تسويات رقابية عبر القواعد (الائتمان↔AR، المخزون↔GL، دفتر المورد↔AP، الخزينة↔GL، المبيعات↔الفواتير) | ترحيل البيانات الافتتاحية وتاريخ القطع: دفعة افتتاحية معتمدة بتوقيع وhash، قيود افتتاحية بتاريخ القطع,AC-CRM-015-1: بفرض تشغيل الاستيراد، عندما ينتهي، فإن كل حساب جديد له rep_id=NULL وterritory_id=NULL وopening_balance=0 وcredit_limit=0. | AC-CRM-015-2: بفرض إعادة تشغيل نفس الملف، عندما ينتهي، فإن عدد الحسابات لا يزيد. | AC-CRM-015-3: بفرض مندوب، عندما يعرض قائمة عملائه، فإن الحسابات المستوردة غير المسندة لا تظهر له.,IMPLEMENTED,IMPLEMENTED,P2
REQ-CRM-016,استيراد العملاء من ملف داخل التطبيق (create-only),Customer master & Field Sales,—,BR-CRM-03 | BR-CRM-04,[B+C] apps/web/app/dashboard/accounts/page.tsx (استيراد/قوالب IMPORT_TEMPLATES),[B+C] POST /accounts/import؛ [C] POST /accounts/import/file?dryRun (accounts.controller.ts:85-100),[C] apps/crm/src/modules/accounts/accounts.service.ts:426-546 (repId=actorId :517، type افتراضي :461)؛ [B] apps/crm/src/modules/accounts/accounts.service.ts:403-500 (بلا dryRun),—,لا AccountCreated ولا assignment,"accounts.service.spec.ts (spec exists, not run)",كل صف مستورد يمر بنفس معاملة التأسيس (Assignment + Outbox + Audit)؛ سجل دفعة استيراد (batch) مع رقم السطر.,DAR-05 | DAR-06 | DAR-07 | DAR-12 | DAR-20,ربط الدفاتر الفرعية (AR/AP/الخزينة/المخزون/الرواتب/المصروفات/العمولات) بالقيود عبر source_type/source_id ومراجع عكسية، وتسويات رقابية | قيود سلامة داخل كل مجال: CHECK للكميات والمبالغ، enums/CHECK للحالات، UNIQUE لمفاتيح الأعمال (X1–X4) | Outbox لكل حدث يغيّر الحالة + Inbox معاملاتي للمستهلكين + مفتاح idempotency لكل أمر كتابة | سجل تدقيق: الأحداث المركزية كسجل أعمال، وسجل تعديلات داخل المعاملة مع before/after، منع التعديل بالصلاحيات، إخفاء البيانات الحساسة | ترحيل البيانات الافتتاحية وتاريخ القطع: دفعة افتتاحية معتمدة بتوقيع وhash، قيود افتتاحية بتاريخ القطع,"AC-CRM-016-1: بفرض ملف فيه صف بكود موجود، عندما يُستورد، فإن الصف في skipped بسبب ""موجود مسبقًا"" ولا يُحدّث الحساب القائم. | AC-CRM-016-2: بفرض dryRun=true، عندما يُستورد الملف، فإن عدد الحسابات في DB لا يتغير ويعود تقرير بما كان سيُنشأ. | AC-CRM-016-3: بفرض استيراد ناجح، عندما يُفحص الحساب الجديد، فإن له إسناد PRIMARY وصف outbox AccountCreated (المطلوب) — حاليًا يفشل.",PARTIAL,PARTIAL,P2
REQ-CRM-017,مراجعة مرشحي العملاء التاريخيين قبل الاعتماد,Customer master — data migration,QUESTION: من يوقّع على قرارات المراجعة؟,BR-CRM-34,,,[B+C] scripts/export-customer-review.cjs؛ apps/crm/scripts/data/* (بيانات — لم تُفتح),,,"scripts/customer-review.test.cjs (spec exists, not run)",جدول/ملف قرارات مراجعة بمفتاح المرشح وقرار المراجع وتاريخه؛ لا يدخل الإنتاج قبل القرار.,DAR-06 | DAR-10,قيود سلامة داخل كل مجال: CHECK للكميات والمبالغ، enums/CHECK للحالات، UNIQUE لمفاتيح الأعمال (X1–X4) | العملات والدقة والتقريب والترقيم: عملة على كل مستند مالي، دقة موحدة لأسعار الصرف، قاعدة تقريب واحدة Decimal، ترقيم تسلسلي لكل سلسلة داخل المعاملة,AC-CRM-017-1: بفرض اسم يظهر بعنوانين، عندما يُشغّل التجميع، فإن الاسم يظهر في ملف مراجعة الهوية بحالة معلق ولا يُنشأ له حساب. | AC-CRM-017-2: بفرض ملف المراجعة، عندما يُفتح في Excel، فإن النص العربي يظهر صحيحًا (BOM) وكل صف له عمود قرار.,IMPLEMENTED,IMPLEMENTED,P2
REQ-CRM-018,دورة العملاء المحتملين (Lead): تأهيل/تحويل/خسارة,Lead → Customer,—,BR-CRM-17,[B+C] apps/web/app/dashboard/leads/page.tsx:159 (التحويل يتطلب accountId),GET/POST /leads، PATCH /leads/:id/status؛ [C] PATCH /leads/:id,[C] apps/crm/src/modules/leads/leads.service.ts:68-80 (بلا take)، 131-184 (انتقالات، سبب الخسارة 160-165)؛ [B] leads.service.ts:67-79، 88-140 (LOST نهائي، بلا سبب),[C] apps/crm/prisma/schema.prisma:408-442 (+ migration 20260927120000_lead_management)؛ [B] :403-413,,"leads.service.spec.ts (spec exists, not run)","leads(status enum, account_id FK nullable, lost_reason إلزامي عند LOST (CHECK مقترح), qualified_at/converted_at/converted_by_id/lost_at)؛ فهارس (rep_id,status).",DAR-05 | DAR-06,ربط الدفاتر الفرعية (AR/AP/الخزينة/المخزون/الرواتب/المصروفات/العمولات) بالقيود عبر source_type/source_id ومراجع عكسية، وتسويات رقابية | قيود سلامة داخل كل مجال: CHECK للكميات والمبالغ، enums/CHECK للحالات، UNIQUE لمفاتيح الأعمال (X1–X4),AC-CRM-018-1: بفرض Lead بلا accountId، عندما يُطلب تحويله CONVERTED، فإن الاستجابة 400. | AC-CRM-018-2: بفرض Lead، عندما يُغلق LOST بلا سبب، فإن الاستجابة 400. | AC-CRM-018-3: بفرض مندوب، عندما يعرض القائمة، فإن الفرص المعروضة إما repId=هو أو مرتبطة بعميل مسند له، والقائمة مرقمة (≤ حد الصفحة).,PARTIAL,PARTIAL,P3
REQ-CRM-019,تذاكر خدمة العملاء بـSLA حسب الأولوية وبلا نجاح وهمي,Customer support,QUESTION: هل يجوز لنفس المستخدم فتح وإغلاق التذكرة؟,BR-CRM-18 | BR-CRM-22,[B+C] apps/web/app/dashboard/support/page.tsx,POST/GET /support/tickets، PATCH /support/tickets/:id/status، GET /tickets/sla-stats (support.controller.ts:28-69؛ تستخدم صلاحيات crm.accounts.*),[B+C] apps/crm/src/modules/support/support.service.ts:31-36 (SLA)، 174-266 (إنشاء بلا mock، رقم TKT-سنة-UUID8 :203)، 334-387 (انتقالات)، 390-438 (findAll بلا take)، 454-479 (SLA في الذاكرة),[B+C] apps/crm/prisma/schema.prisma model SupportTicket ([C]:473-512),,"support.service.spec.ts، support-safety.spec.ts (spec exists, not run)","support_tickets(ticket_number UNIQUE, account_id FK RESTRICT, visit_id FK SET NULL, priority, status, sla_due_at, resolved_at, is_sla_breached)؛ فهارس status/priority/is_sla_breached موجودة؛ يُقترح سجل تغييرات الحالة.",DAR-06 | DAR-09,قيود سلامة داخل كل مجال: CHECK للكميات والمبالغ، enums/CHECK للحالات، UNIQUE لمفاتيح الأعمال (X1–X4) | سياسة موحدة لحالات المستندات والإلغاء والعكس والإشعارات الدائنة وقفل الفترات على مستوى الترحيل,AC-CRM-019-1: بفرض فشل قاعدة البيانات، عندما تُنشأ تذكرة، فإن الاستجابة خطأ 5xx ولا يُعاد رقم تذكرة. | AC-CRM-019-2: بفرض تذكرة CRITICAL أُنشئت الساعة 10:00، عندما تُحل 12:30، فإن is_sla_breached=true. | AC-CRM-019-3: بفرض 1000 تذكرة، عندما تُطلب القائمة، فإن الاستجابة ≤500 صف وإحصاءات SLA تُحسب بتجميع في DB.,PARTIAL,PARTIAL,P2
REQ-CRM-020,مسؤولون ومتابعون متعددون على تذكرة خدمة العملاء,Customer support,—,BR-CRM-21,[B+C] apps/web/app/dashboard/support/page.tsx (درج التذكرة),POST /support/tickets,[B+C] apps/crm/src/modules/support/support.service.ts:148-172 (buildParticipants)، 236-243 (معاملة),[B+C] apps/crm/prisma/schema.prisma model TicketParticipant ([C]:553-568)؛ migration 20260916121000:34 (CHECK),,"support-safety.spec.ts (6 حالات موثقة كفاشلة سابقًا؛ spec exists, not run)","ticket_participants(ticket_id FK RESTRICT, user_id مرجع IAM, role CHECK IN (ASSIGNEE,WATCHER)) UNIQUE(ticket_id,user_id,role).",DAR-03 | DAR-04 | DAR-05 | DAR-06,ملكية بيانات صريحة ونظام سجل (SoR) لكل كيان، وتحقق المراجع بين الخدمات عند الكتابة + إسقاطات مرجعية + مطابقة دورية | دفتر أستاذ عام موحد واحد داخل nile_accounting: جدولا قيود بشكل واحد، محرك ترحيل واحد، قواعد ترحيل (posting rules) وحسابات رقابية للدفاتر الفرعية | ربط الدفاتر الفرعية (AR/AP/الخزينة/المخزون/الرواتب/المصروفات/العمولات) بالقيود عبر source_type/source_id ومراجع عكسية، وتسويات رقابية | قيود سلامة داخل كل مجال: CHECK للكميات والمبالغ، enums/CHECK للحالات، UNIQUE لمفاتيح الأعمال (X1–X4),AC-CRM-020-1: بفرض نفس المستخدم في المسؤولين والمتابعين، عندما تُنشأ التذكرة، فإن له صفًا واحدًا بدور ASSIGNEE. | AC-CRM-020-2: بفرض معرّف مستخدم غير موجود في IAM، عندما تُنشأ التذكرة، فإن الاستجابة 400 ولا تُنشأ التذكرة. | AC-CRM-020-3: بفرض فشل إدخال المشاركين، عندما تُنشأ التذكرة، فإن التذكرة لا تُحفظ (rollback).,PARTIAL,PARTIAL,P3
REQ-CRM-021,بيانات الطرف ورقم التواصل في التذكرة مع تحقق المدخلات,Customer support,—,BR-CRM-19,,"DTO [B+C] apps/crm/src/modules/support/dto/create-ticket.dto.ts:36,83,93,109,118",[B+C] apps/crm/src/modules/support/support.service.ts:218,"[B+C] apps/crm/prisma/schema.prisma support_tickets.party_details, contact_name, contact_phone",,,support_tickets.party_details TEXT ≤500؛ contact_name NOT NULL.,DAR-03,ملكية بيانات صريحة ونظام سجل (SoR) لكل كيان، وتحقق المراجع بين الخدمات عند الكتابة + إسقاطات مرجعية + مطابقة دورية,AC-CRM-021-1: بفرض partyDetails بطول 501، عندما تُنشأ التذكرة، فإن الاستجابة 400. | AC-CRM-021-2: بفرض تذكرة مع partyDetails، عندما تُقرأ، فإن الحقل يظهر ولا يغيّر بيانات العميل الرئيسية.,IMPLEMENTED,IMPLEMENTED,P4
REQ-CRM-022,تصنيفات شكاوى يضيفها المستخدم دون حذف,Customer support,QUESTION: من يحق له إدارة التصنيفات؟ حاليًا أي حامل crm.accounts.manage,BR-CRM-19 | BR-CRM-20,[B+C] شاشة إدارة التصنيفات (apps/web/app/dashboard/support/page.tsx),GET/POST /support/categories، PATCH /support/categories/:id (support.controller.ts:82-101، crm.accounts.manage),[B+C] apps/crm/src/modules/support/support.service.ts:110-146 (resolveCategory)، 269-332,[B+C] apps/crm/prisma/schema.prisma model SupportCategory name @unique ([C]:539-548)؛ enum TicketCategory + CUSTOM,,"support-categories.spec.ts، support-safety.spec.ts (spec exists, not run)","support_categories(id, name UNIQUE, is_active)؛ support_tickets.custom_category_id FK SET NULL؛ لا حذف.",DAR-06,قيود سلامة داخل كل مجال: CHECK للكميات والمبالغ، enums/CHECK للحالات، UNIQUE لمفاتيح الأعمال (X1–X4),"AC-CRM-022-1: بفرض تصنيف مخصص موقوف، عندما تُنشأ تذكرة به، فإن الاستجابة 400 ولا تُنشأ تذكرة. | AC-CRM-022-2: بفرض تصنيف ""Billing"" قائم، عندما يُضاف "" Billing ""، فإن الاستجابة 409. | AC-CRM-022-3: بفرض أي تصنيف، عندما يُطلب DELETE، فإن المسار غير موجود (404/405).",IMPLEMENTED,IMPLEMENTED,P3
REQ-CRM-023,"تبويب ""مصروفات وهدايا"" في ملف كل عميل",Customer master — 360,اعتماد الهدايا ضمن C7,,"[B+C] apps/web/components/party-profile.tsx:38 (قسم ""هدايا العميل"")",Organization GET customer-gifts?accountId,[B+C] apps/organization/src/modules/customer-gifts/customer-gifts.service.ts:45 (productId مرجع فقط),[B+C] apps/organization/prisma/migrations/20260925120000_customer_gifts (customer_gifts/customer_gift_lines),,,customer_gift_lines.product_id + warehouse_id + batch_id + source (STOCK|DAMAGED) مع رابط لحركة مخزون؛ account_id على الرأس.,DAR-05,ربط الدفاتر الفرعية (AR/AP/الخزينة/المخزون/الرواتب/المصروفات/العمولات) بالقيود عبر source_type/source_id ومراجع عكسية، وتسويات رقابية,AC-CRM-023-1: بفرض هدية معتمدة مرتبطة بالعميل A بتاريخ ونوع وقيمة، عندما تُفتح صفحة العميل A، فإن التبويب يعرضها بهذه الحقول. | AC-CRM-023-2: بفرض هدية مصدرها المخزون، عندما تُعتمد/تُصرف، فإن حركة مخزون صادرة تُسجل للصنف والكمية (أو من مخزن التالف) — المطلوب.,PARTIAL,PARTIAL,P2
REQ-CRM-024,المبيعات الميدانية تعيد استخدام كيانات ERP دون تكرار,Field Sales,—,,[B+C] apps/web/app/dashboard/field-sales/* (13 شاشة),field-sales.controller.ts، operations.controller.ts,[B+C] apps/crm/src/modules/field-sales/field-sales.service.ts، apps/crm/src/modules/field-operations/operations.service.ts,"[B+C] apps/crm/prisma/schema.prisma (VisitPlan, Visit, CustomerAssignment, FollowUp, CustomerInteraction, VisitProductDiscussion, RepTarget, FieldProposal)",لا أحداث من وحدة الميدان (فقط crm.visit.logged من المسار القديم),"field-sales.service.spec.ts، operations.spec.ts (spec exists, not run)",مراجع منطقية عبر الخدمات بلا FK: visits.order_id، field_proposals.converted_id، visit_product_discussions.product_id، rep_targets.rep_id — تحتاج مطابقة دورية.,DAR-03 | DAR-05 | DAR-06 | DAR-08 | DAR-13,ملكية بيانات صريحة ونظام سجل (SoR) لكل كيان، وتحقق المراجع بين الخدمات عند الكتابة + إسقاطات مرجعية + مطابقة دورية | ربط الدفاتر الفرعية (AR/AP/الخزينة/المخزون/الرواتب/المصروفات/العمولات) بالقيود عبر source_type/source_id ومراجع عكسية، وتسويات رقابية | قيود سلامة داخل كل مجال: CHECK للكميات والمبالغ، enums/CHECK للحالات، UNIQUE لمفاتيح الأعمال (X1–X4) | إطار تسويات رقابية عبر القواعد (الائتمان↔AR، المخزون↔GL، دفتر المورد↔AP، الخزينة↔GL، المبيعات↔الفواتير) | نموذج تقارير على مرحلتين: تجميعات SQL داخل الخدمة الآن، ثم read model للتقارير عند الحاجة؛ القوائم المالية من GL فقط,AC-CRM-024-1: بفرض مخطط قاعدة CRM، عندما يُفحص، فإن لا جداول منتجات أو أوامر بيع أو فواتير داخل nile_crm (مراجع id فقط). | AC-CRM-024-2: بفرض تنفيذ مسار القبول الثمانية خطوات بمستخدمين حقيقيين، عندما يكتمل، فإن الأمر في Sales يحمل visit_id الزيارة والخط الزمني للعميل يعرض الزيارة والمكالمة والأمر.,IMPLEMENTED,IMPLEMENTED,P3
REQ-CRM-025,خطط الزيارات اليومية بمحطات مرتبة وعناوين مسجلة,Field Sales — planning,المدير ينشئ وينشر؛ لا اعتماد ثانٍ,BR-CRM-23 | BR-CRM-24,[B+C] apps/web/app/dashboard/field-sales/plans، routes، calendar,POST/GET /field-sales/plans، PATCH /plans/:id/status (field-sales.controller.ts:144-166),[B+C] apps/crm/src/modules/field-sales/field-sales.service.ts:914-973 (createPlan)، 975-1032 (انتقالات)، 475-507 (نفس يوم القاهرة)، 509-513 (عنوان+snapshot)، 1351-1364 (نشر قبل التنفيذ)، 1377-1399 (تعارض),"[B+C] apps/crm/prisma/schema.prisma VisitPlan ([C]:206-225)، Visit @@unique([planId,accountId])، address_id FK RESTRICT (migration 20260919150000:44)",,"field-sales.service.spec.ts (spec exists, not run)","visit_plans(plan_number UNIQUE, plan_date, rep_id, status enum, created_by)؛ visits(plan_id FK, account_id FK, address_id FK RESTRICT, address_snapshot JSONB, scheduled_at, expected_duration_mins, sequence) UNIQUE(plan_id, account_id).",DAR-06 | DAR-09 | DAR-10 | DAR-15,قيود سلامة داخل كل مجال: CHECK للكميات والمبالغ، enums/CHECK للحالات، UNIQUE لمفاتيح الأعمال (X1–X4) | سياسة موحدة لحالات المستندات والإلغاء والعكس والإشعارات الدائنة وقفل الفترات على مستوى الترحيل | العملات والدقة والتقريب والترقيم: عملة على كل مستند مالي، دقة موحدة لأسعار الصرف، قاعدة تقريب واحدة Decimal، ترقيم تسلسلي لكل سلسلة داخل المعاملة | نسخ احتياطي وPITR واستعادة خارج المضيف بأهداف RPO/RTO معتمدة وتمارين استعادة دورية,"AC-CRM-025-1: بفرض خطة فيها نفس العميل مرتين، عندما تُنشأ، فإن الاستجابة 409. | AC-CRM-025-2: بفرض زيارتين للمندوب متداخلتين زمنيًا، عندما تُضاف الثانية، فإن الاستجابة 400. | AC-CRM-025-3: بفرض خطة DRAFT، عندما يحاول المندوب بدء زيارة منها، فإن الاستجابة 400 ""يجب نشر خطة الزيارات"". | AC-CRM-025-4: بفرض تغيير عنوان العميل بعد إنشاء الزيارة، عندما تُعرض الزيارة، فإن address_snapshot يبقى بالعنوان القديم.",IMPLEMENTED,IMPLEMENTED,P3
REQ-CRM-026,قواعد ضبط خط السير: اعتماد، توليد من التكرار، فوات تلقائي، مسافة,Field Sales — planning,اعتماد المشرف للخطة (غير منفذ),BR-CRM-24,,POST /field-sales/assignments/:id/next-visit (field-sales.controller.ts:215),[B+C] apps/crm/src/modules/field-sales/field-sales.service.ts:1146-1208 (توليد يدوي idempotent بـrecurrenceKey)؛ لا مهمة MISSED مجدولة ولا حساب مسافة (grep في apps/crm/src),[B+C] apps/crm/prisma/schema.prisma CustomerAssignment.visit_every_days، Visit.recurrence_key UNIQUE,,"field-sales.service.spec.ts (spec exists, not run)",visits.check_in_distance_m، visit_plans.approved_by/approved_at، مهمة مجدولة مسجلة في job_runs.,DAR-05 | DAR-06,ربط الدفاتر الفرعية (AR/AP/الخزينة/المخزون/الرواتب/المصروفات/العمولات) بالقيود عبر source_type/source_id ومراجع عكسية، وتسويات رقابية | قيود سلامة داخل كل مجال: CHECK للكميات والمبالغ، enums/CHECK للحالات، UNIQUE لمفاتيح الأعمال (X1–X4),"AC-CRM-026-1: بفرض زيارة PLANNED لم تبدأ حتى 23:30 بتوقيت القاهرة، عندما تعمل المهمة المجدولة، فإن حالتها MISSED بسبب ""لم تُنفذ"". | AC-CRM-026-2: بفرض عميل بإحداثيات وcheck-in يبعد 450م، عندما تبدأ الزيارة، فإن المسافة تُخزن ويظهر تحذير ويُعلّم للمراجعة. | AC-CRM-026-3: بفرض إسناد بتكرار 14 يومًا، عندما يُطلب توليد الزيارة التالية مرتين، فإن زيارة واحدة فقط تُنشأ.",PARTIAL,PARTIAL,P2
REQ-CRM-027,"مؤشرات التغطية (مخطط/فعلي) ومساحة ""يومي/مهامي"" للمندوب",Field Sales — monitoring,المندوب يرى نفسه فقط ما لم يملك read.any,,"[B+C] apps/web/app/dashboard/field-sales/my-day، performance، reports؛ apps/web/lib/field-sales-metrics.ts (""غير قابل للحساب"")؛ apps/web/app/dashboard/tasks/page.tsx (صندوق اعتمادات، ليس placeholder)",GET /field-sales/dashboard، /my-day، /field-operations/report,[B+C] apps/crm/src/modules/field-sales/field-sales.service.ts:233-370 (dashboard/myDay)؛ apps/crm/src/modules/field-operations/operations.service.ts:82-199 (report)؛ [C] apps/crm/src/modules/accounts/accounts.service.ts:154-177 (summary 30 يومًا),,,"apps/web/lib/field-sales-metrics.spec.ts (spec exists, not run)","مؤشرات محسوبة من visits(status, scheduled_at, rep_id) — فهارس موجودة؛ إضافة area/district موحد على Account إن لزم التقرير.",DAR-05 | DAR-06 | DAR-13,ربط الدفاتر الفرعية (AR/AP/الخزينة/المخزون/الرواتب/المصروفات/العمولات) بالقيود عبر source_type/source_id ومراجع عكسية، وتسويات رقابية | قيود سلامة داخل كل مجال: CHECK للكميات والمبالغ، enums/CHECK للحالات، UNIQUE لمفاتيح الأعمال (X1–X4) | نموذج تقارير على مرحلتين: تجميعات SQL داخل الخدمة الآن، ثم read model للتقارير عند الحاجة؛ القوائم المالية من GL فقط,"AC-CRM-027-1: بفرض 10 زيارات مخططة نُفذ منها 7، عندما يُعرض مؤشر التغطية لليوم، فإن القيمة 70% والفائتة 3 قابلة للنقر إلى السجل. | AC-CRM-027-2: بفرض يوم بلا زيارات مخططة، عندما يُعرض المؤشر، فإن القيمة ""غير قابل للحساب"" لا 0% ولا خطأ. | AC-CRM-027-3: بفرض مندوب بلا read.any، عندما يطلب dashboard لمندوب آخر، فإن النتائج تخصه هو فقط.",PARTIAL,PARTIAL,P3
REQ-CRM-028,آلة حالات الزيارة الميدانية,Field Sales — execution,المندوب المنفذ أو من له read.any,BR-CRM-25,[B+C] apps/web/app/dashboard/field-sales/my-day/page.tsx، visits/cancel-visit-modal.tsx,POST /field-sales/visits/:id/start|complete|cancel|missed (field-sales.controller.ts:94-142),[B+C] apps/crm/src/modules/field-sales/field-sales.service.ts:572-606 (start)، 645-767 (complete)، 769-785 (cancel)، 814-912 (missed),[B+C] apps/crm/prisma/schema.prisma enum FieldVisitStatus ([C]:33-40)، Visit ([C]:227-307),"لا حدث نطاقي؛ audit_logs VISIT_CHECKED_IN/OUT (apps/crm/src/modules/field-sales/field-sales.service.ts:603,764)","field-sales.service.spec.ts (spec exists, not run)",visits.status enum، cancel_reason/missed_reason أعمدة مستقلة بدل notes؛ سجل انتقالات (visit_status_history) مقترح.,DAR-05 | DAR-06 | DAR-07 | DAR-09,ربط الدفاتر الفرعية (AR/AP/الخزينة/المخزون/الرواتب/المصروفات/العمولات) بالقيود عبر source_type/source_id ومراجع عكسية، وتسويات رقابية | قيود سلامة داخل كل مجال: CHECK للكميات والمبالغ، enums/CHECK للحالات، UNIQUE لمفاتيح الأعمال (X1–X4) | Outbox لكل حدث يغيّر الحالة + Inbox معاملاتي للمستهلكين + مفتاح idempotency لكل أمر كتابة | سياسة موحدة لحالات المستندات والإلغاء والعكس والإشعارات الدائنة وقفل الفترات على مستوى الترحيل,AC-CRM-028-1: بفرض زيارة COMPLETED، عندما يُطلب إلغاؤها، فإن الاستجابة 400. | AC-CRM-028-2: بفرض طلبي بدء متزامنين لنفس الزيارة، عندما ينتهيان، فإن actual_start واحد وصف تدقيق VISIT_CHECKED_IN واحد. | AC-CRM-028-3: بفرض زيارة مُلغاة أو فائتة، عندما يُفحص audit_logs، فإن هناك سجل بالانتقال والسبب والمستخدم (المطلوب).,PARTIAL,PARTIAL,P3
REQ-CRM-029,سياسة GPS للزيارة: موقع أو استثناء مسبب، ولا يُعد إثباتًا غير قابل للتزييف,Field Sales — execution,المراجع ≠ المنفذ (check-in/out/rep),BR-CRM-26 | BR-CRM-27,[B+C] apps/web/lib/visit-location.ts:6-13 (enableHighAccuracy، maximumAge 0، 12s، 7 منازل),start/complete؛ POST /field-operations/visits/:id/gps-review,[B+C] apps/crm/src/modules/field-sales/field-sales.service.ts:515-526 (gpsData؛ 5 دقائق :521؛ locationVerified=false)، 659-675 (أوقات الخادم)؛ apps/crm/src/modules/field-operations/operations.service.ts:333-358 (مراجعة مستقلة),[B+C] apps/crm/prisma/schema.prisma Visit start/end Gps* + gps_review_* ([C]:232-246),,"field-sales.service.spec.ts، operations.spec.ts (spec exists, not run)","visits: start/end_latitude/longitude DECIMAL(10,7)، *_gps_accuracy، *_gps_captured_at، *_location_source، *_gps_exception، gps_review_status/by/note، checked_in_by/out_by، actual_start/end (خادم).",DAR-05 | DAR-06 | DAR-10,ربط الدفاتر الفرعية (AR/AP/الخزينة/المخزون/الرواتب/المصروفات/العمولات) بالقيود عبر source_type/source_id ومراجع عكسية، وتسويات رقابية | قيود سلامة داخل كل مجال: CHECK للكميات والمبالغ، enums/CHECK للحالات، UNIQUE لمفاتيح الأعمال (X1–X4) | العملات والدقة والتقريب والترقيم: عملة على كل مستند مالي، دقة موحدة لأسعار الصرف، قاعدة تقريب واحدة Decimal، ترقيم تسلسلي لكل سلسلة داخل المعاملة,AC-CRM-029-1: بفرض capturedAt أقدم بـ6 دقائق، عندما تُبدأ الزيارة، فإن الاستجابة 400. | AC-CRM-029-2: بفرض بدء باستثناء GPS، عندما يُحفظ، فإن location_verified=false وgps_review_status=PENDING. | AC-CRM-029-3: بفرض المندوب نفسه يملك crm.field-sales.review، عندما يراجع استثناء زيارته، فإن الاستجابة 403. | AC-CRM-029-4: بفرض سبب استثناء أقل من 10 أحرف، عندما يُرسل، فإن الطلب يُرفض (المطلوب حسب QA).,IMPLEMENTED,IMPLEMENTED,P3
REQ-CRM-030,تسليم الزيارة إلى أمر البيع: الأمر يُنشأ من الزيارة ويُتحقق منه في Sales,Field Sales → Order-to-Cash,—,BR-CRM-28 | BR-CRM-29,[B+C] apps/web/app/dashboard/orders/new/page.tsx (visitId),POST /field-sales/visits/:id/link-order، /complete؛ Sales GET /api/orders/:id,[B+C] apps/crm/src/modules/field-sales/field-sales.service.ts:140-174 (verifyOrderForVisit)، 608-634، 787-812؛ apps/crm/src/modules/visits/visits.service.ts:99-102,[B+C] apps/crm/prisma/schema.prisma visits.order_id (مرجع منطقي)؛ sales_orders.visit_id,,"field-sales.service.spec.ts، visits.service.spec.ts (spec exists, not run)",sales_orders.visit_id ⇄ visits.order_id (مرجعان منطقيان)؛ يُقترح مطابقة دورية بينهما.,DAR-03 | DAR-08,ملكية بيانات صريحة ونظام سجل (SoR) لكل كيان، وتحقق المراجع بين الخدمات عند الكتابة + إسقاطات مرجعية + مطابقة دورية | إطار تسويات رقابية عبر القواعد (الائتمان↔AR، المخزون↔GL، دفتر المورد↔AP، الخزينة↔GL، المبيعات↔الفواتير),AC-CRM-030-1: بفرض أمر Sales بلا visit_id أو بـvisit_id مختلف، عندما يُربط بالزيارة، فإن الاستجابة 400 ولا يتغير visits.order_id. | AC-CRM-030-2: بفرض Sales غير متاح، عندما تُكمل الزيارة بنتيجة ORDER_CREATED، فإن الاستجابة 502 وتبقى الزيارة IN_PROGRESS. | AC-CRM-030-3: بفرض POST /crm/visits بنتيجة ORDER_PLACED، عندما يُرسل، فإن الاستجابة 400.,IMPLEMENTED,IMPLEMENTED,P2
REQ-CRM-031,المتابعات بعد الزيارة: حالات وتأخر مشتق وموعد مستقبلي,Field Sales — execution,المسند إليه أو manage,BR-CRM-36,[B+C] apps/web/app/dashboard/field-sales/follow-ups,GET/POST /field-sales/follow-ups، PATCH complete|cancel,[B+C] apps/crm/src/modules/field-sales/field-sales.service.ts:670-673، 750-763، 1261-1349,[B+C] apps/crm/prisma/schema.prisma FollowUp ([C]:329-348),,"field-sales.service.spec.ts (spec exists, not run)","follow_ups(status enum, due_at, assigned_to, visit_id FK SET NULL, completed_at)؛ فهرس (assigned_to, due_at).",DAR-07 | DAR-09 | DAR-17,Outbox لكل حدث يغيّر الحالة + Inbox معاملاتي للمستهلكين + مفتاح idempotency لكل أمر كتابة | سياسة موحدة لحالات المستندات والإلغاء والعكس والإشعارات الدائنة وقفل الفترات على مستوى الترحيل | فهارس مبنية على أنماط الاستعلام (X6–X15) مشروطة بقياسات EXPLAIN/pg_stat_statements,AC-CRM-031-1: بفرض followUpDate في الماضي، عندما تُكمل الزيارة، فإن الاستجابة 400. | AC-CRM-031-2: بفرض متابعة OPEN تجاوز dueAt، عندما تُطلب overdue=true، فإن المتابعة تظهر دون تغيير حالتها المخزنة.,IMPLEMENTED,IMPLEMENTED,P4
REQ-CRM-032,اقتراح طلب لصيدلية من زيارة طبيب ولا يصبح بيعًا إلا بتأكيد ومراجعة,Field Sales → Order-to-Cash,المنشئ ≠ المراجع؛ التحويل من نفس المراجع ويحتاج sales.orders.create(.any),BR-CRM-31,"[B+C] apps/web/app/dashboard/field-sales/proposals؛ apps/web/components/field-sales/proposal-workspace.tsx:39,87,179 (sessionStorage لكل مستخدم)",POST/PUT /field-operations/proposals، /:id/review، /:id/convert؛ Sales POST /orders/from-field-proposal ([C] orders.controller.ts:114 / [B]:98),[B+C] apps/crm/src/modules/field-operations/operations.service.ts:443-518 (submit)، 580-618 (review)، 519-579 (convert)؛ [C] apps/sales/src/modules/orders/orders.service.ts:515-533 / [B]:500-518,[B+C] apps/crm/prisma/schema.prisma FieldProposal ([C]:663-683),—,"operations.spec.ts (spec exists, not run)","field_proposals(id = مفتاح idempotency, visit_id FK, account_id FK (المشتري), kind CHECK IN (ORDER,COLLECTION), status CHECK, version, created_by, reviewed_by, buyer_confirmation, converted_id)؛ sales_orders.idempotency_key = proposal id.",DAR-05 | DAR-06 | DAR-07,ربط الدفاتر الفرعية (AR/AP/الخزينة/المخزون/الرواتب/المصروفات/العمولات) بالقيود عبر source_type/source_id ومراجع عكسية، وتسويات رقابية | قيود سلامة داخل كل مجال: CHECK للكميات والمبالغ، enums/CHECK للحالات، UNIQUE لمفاتيح الأعمال (X1–X4) | Outbox لكل حدث يغيّر الحالة + Inbox معاملاتي للمستهلكين + مفتاح idempotency لكل أمر كتابة,AC-CRM-032-1: بفرض مقترح أنشأه المندوب A، عندما يحاول A اعتماده، فإن الاستجابة 403. | AC-CRM-032-2: بفرض مقترح معتمد من زيارة طبيب لصيدلية B، عندما يُحوّل، فإن أمرًا واحدًا يُنشأ لـB بـrep_id=A وvisit_id=NULL. | AC-CRM-032-3: بفرض مهلة أثناء التحويل، عندما يُعاد التحويل بنفس المقترح، فإن عدد الأوامر يبقى واحدًا. | AC-CRM-032-4: بفرض FIELD_PROPOSAL_CONVERSION_ENABLED=false، عندما يُطلب التحويل، فإن الاستجابة 503 ولا يُنشأ أمر.,IMPLEMENTED,IMPLEMENTED,P2
REQ-CRM-033,تأجيل الزيارة بطلب منفصل يقبله المندوب صراحة,Field Sales — execution,القرار للمندوب صاحب الزيارة فقط,BR-CRM-32,[B+C] apps/web/app/dashboard/field-sales/reschedules، visits/reschedule-modal.tsx,POST /field-operations/visits/:id/reschedule، /reschedules/:id/decision,[B+C] apps/crm/src/modules/field-operations/operations.service.ts:200-254، 266-332؛ apps/crm/src/modules/field-sales/field-sales.service.ts:815 (missed يرفض rescheduledAt),[B+C] apps/crm/prisma/schema.prisma VisitRescheduleRequest ([C]:649-662) visit_id/replacement_id UNIQUE,,"operations.spec.ts (spec exists, not run)","visit_reschedule_requests(visit_id UNIQUE, proposed_at, reason, status CHECK (PENDING,ACCEPTED,DISMISSED) مقترح, decided_by, replacement_id UNIQUE).",DAR-05 | DAR-06 | DAR-12 | DAR-15,ربط الدفاتر الفرعية (AR/AP/الخزينة/المخزون/الرواتب/المصروفات/العمولات) بالقيود عبر source_type/source_id ومراجع عكسية، وتسويات رقابية | قيود سلامة داخل كل مجال: CHECK للكميات والمبالغ، enums/CHECK للحالات، UNIQUE لمفاتيح الأعمال (X1–X4) | سجل تدقيق: الأحداث المركزية كسجل أعمال، وسجل تعديلات داخل المعاملة مع before/after، منع التعديل بالصلاحيات، إخفاء البيانات الحساسة | نسخ احتياطي وPITR واستعادة خارج المضيف بأهداف RPO/RTO معتمدة وتمارين استعادة دورية,AC-CRM-033-1: بفرض طلب تأجيل من المشرف، عندما يفتح المندوب يومه، فإن الزيارة البديلة غير موجودة حتى يقبل. | AC-CRM-033-2: بفرض قبول التأجيل، عندما تُنشأ البديلة، فإن plan_id=NULL وrescheduled_from_id=الأصل. | AC-CRM-033-3: بفرض مشرف، عندما يحاول قبول الطلب، فإن الاستجابة 403.,IMPLEMENTED,IMPLEMENTED,P4
REQ-CRM-034,مسودات الزيارة دون اتصال: حفظ عند انقطاع الشبكة فقط ومزامنة صريحة,Field Sales — execution,—,BR-CRM-33,[B+C] apps/web/lib/visit-drafts.ts:1-40؛ apps/web/public/offline.html؛ apps/web/public/sw.js:18 (تجاوز /api/)؛ my-day/page.tsx:283,,,,,"apps/web/lib/visit-drafts.spec.ts، offline-page.spec.ts (spec exists, not run)",visits: client_captured_at مقابل server_received_at، علم synced_late؛ لا تخزين على الخادم للمسودات.,DAR-03,ملكية بيانات صريحة ونظام سجل (SoR) لكل كيان، وتحقق المراجع بين الخدمات عند الكتابة + إسقاطات مرجعية + مطابقة دورية,AC-CRM-034-1: بفرض استجابة 400 من الخادم، عندما يُحفظ الإتمام، فإن لا مسودة تُنشأ. | AC-CRM-034-2: بفرض عودة الاتصال، عندما يحدث حدث online، فإن لا طلب يُرسل تلقائيًا ويظهر تذكير فقط. | AC-CRM-034-3: بفرض service worker، عندما يُطلب /api/*، فإن الاستجابة لا تأتي من الكاش.,IMPLEMENTED,IMPLEMENTED,P2
REQ-CRM-035,المراحل 3-4 للعمل دون اتصال (كاش قراءة محدود وصندوق أوامر موقّع),Field Sales — execution,,,sw.js يستبعد /api/ ([B+C] apps/web/public/sw.js:18),,,,,,لا يوجد على الخادم سوى مفتاح idempotency لكل أمر.,DAR-07 | DAR-11,Outbox لكل حدث يغيّر الحالة + Inbox معاملاتي للمستهلكين + مفتاح idempotency لكل أمر كتابة | تتبع شامل: correlation_id ومعرّف المستند المصدر على كل حركة وقيد، وسلسلة الدفعة الدوائية من الاستلام حتى العميل,AC-CRM-035-1: بفرض قائمة أسعار مخزنة منذ 10 دقائق ولا اتصال، عندما تُفتح، فإن تظهر مع شارة تاريخ الكاش. | AC-CRM-035-2: بفرض رصيد مخزون، عندما لا يوجد اتصال، فإن لا قيمة مخزنة تُعرض.,NOT_IMPLEMENTED,NOT_IMPLEMENTED,P4
REQ-CRM-036,التحقق عند إتمام الزيارة: نتيجة + خطوة تالية أو سبب إغلاق، وترتيب التحقق,Field Sales — execution,—,BR-CRM-30 | BR-CRM-28,[B+C] apps/web/app/dashboard/field-sales/my-day/page.tsx:145-171 (النتيجة + الخطوة/السبب معًا),POST /field-sales/visits/:id/complete,[B+C] apps/crm/src/modules/field-sales/field-sales.service.ts:608-643 (نتيجة/أمر/متابعة/خطوة)، 645-767 (claim :689-705)، 176-213 (منتجات),,,"field-sales.service.spec.ts، QA-REPORTS/01 (spec exists, not run)",visits.result enum، next_action، notes، follow_up_date؛ CHECK مقترح: status=COMPLETED ⇒ result NOT NULL.,DAR-05 | DAR-06,ربط الدفاتر الفرعية (AR/AP/الخزينة/المخزون/الرواتب/المصروفات/العمولات) بالقيود عبر source_type/source_id ومراجع عكسية، وتسويات رقابية | قيود سلامة داخل كل مجال: CHECK للكميات والمبالغ، enums/CHECK للحالات، UNIQUE لمفاتيح الأعمال (X1–X4),"AC-CRM-036-1: بفرض إتمام بلا nextAction ولا notes، عندما يُرسل، فإن الاستجابة 400 ""يجب تحديد الخطوة التالية أو سبب إغلاق الزيارة"". | AC-CRM-036-2: بفرض نتيجة FOLLOW_UP_REQUIRED بلا موعد، عندما تُرسل، فإن الاستجابة 400. | AC-CRM-036-3: بفرض خدمة Products غير متاحة ومناقشة منتج، عندما تُرسل، فإن الاستجابة 502/503 وتبقى الزيارة IN_PROGRESS. | AC-CRM-036-4: بفرض طلبي إتمام متزامنين، عندما ينتهيان، فإن متابعة واحدة فقط تُنشأ.",IMPLEMENTED,IMPLEMENTED,P3
REQ-CRM-037,تحرير وأرشفة جميع عناوين العميل مع الحفاظ على اللقطات السابقة,Customer master & Field Sales,,,[B+C] apps/web/components/customers/add-visit-address.tsx,POST /accounts/:id/addresses فقط,[B+C] apps/crm/src/modules/accounts/customer-onboarding.service.ts:160-169 (إضافة فقط),[B+C] apps/crm/prisma/schema.prisma CustomerAddress بلا is_active,,,customer_addresses.is_active/archived_at؛ FK من visits RESTRICT يمنع الحذف.,DAR-15,نسخ احتياطي وPITR واستعادة خارج المضيف بأهداف RPO/RTO معتمدة وتمارين استعادة دورية,AC-CRM-037-1: بفرض عنوان زيارة مستخدم في زيارات سابقة، عندما يُؤرشف، فإن الزيارات السابقة تحتفظ بلقطتها ولا يظهر العنوان في اختيار زيارة جديدة.,PARTIAL,PARTIAL,P4
REQ-CRM-038,تعميم الملاحظات المؤرخة على الخطة والزيارة والأمر والدفعة,Customer master & Field Sales,,,,,visits.notes/visit_plans.notes نص حر يُلحق به ([B+C] apps/crm/src/modules/field-sales/field-sales.service.ts:781-783، 1027-1029),,,,"جدول ملاحظات عام (entity_type, entity_id, content, created_by, version).",DAR-05,ربط الدفاتر الفرعية (AR/AP/الخزينة/المخزون/الرواتب/المصروفات/العمولات) بالقيود عبر source_type/source_id ومراجع عكسية، وتسويات رقابية,AC-CRM-038-1: بفرض ملاحظة ثانية على زيارة، عندما تُضاف، فإن الأولى تبقى مع كاتبها ووقتها ولا يُستبدل النص.,NOT_IMPLEMENTED,NOT_IMPLEMENTED,P4
REQ-P2P-001,طلب الشراء الداخلي واعتماده وتحويله إلى أمر شراء,Procure-to-Pay,المعتمد ≠ طالب الشراء,,[B][C] apps/web/app/dashboard/purchase-requests/page.tsx (6 أسطر، PlaceholderPage),لا يوجد route (pkg/api-inventory.csv),لا يوجد,لا موديل PurchaseRequest في schema_base/schema_cur,لا يوجد,لا يوجد,PurchaseRequest(id، number فريد سنوي، requesterId، status enum، reason) وPurchaseRequestLine(productId، requestedQty، approvedQty، estUnitPrice)؛ FK اختياري من PurchaseOrder إلى PurchaseRequest؛ سجل تدقيق لكل انتقال.,DAR-03 | DAR-06 | DAR-09 | DAR-10 | DAR-12 | DAR-15 | DAR-18,ملكية بيانات صريحة ونظام سجل (SoR) لكل كيان، وتحقق المراجع بين الخدمات عند الكتابة + إسقاطات مرجعية + مطابقة دورية | قيود سلامة داخل كل مجال: CHECK للكميات والمبالغ، enums/CHECK للحالات، UNIQUE لمفاتيح الأعمال (X1–X4) | سياسة موحدة لحالات المستندات والإلغاء والعكس والإشعارات الدائنة وقفل الفترات على مستوى الترحيل | العملات والدقة والتقريب والترقيم: عملة على كل مستند مالي، دقة موحدة لأسعار الصرف، قاعدة تقريب واحدة Decimal، ترقيم تسلسلي لكل سلسلة داخل المعاملة | سجل تدقيق: الأحداث المركزية كسجل أعمال، وسجل تعديلات داخل المعاملة مع before/after، منع التعديل بالصلاحيات، إخفاء البيانات الحساسة | نسخ احتياطي وPITR واستعادة خارج المضيف بأهداف RPO/RTO معتمدة وتمارين استعادة دورية | تصنيف البيانات الحساسة والاحتفاظ والحذف: رواتب، PII، بيانات بنكية؛ سياسات احتفاظ لكل فئة,بافتراض طلب شراء بحالة SUBMITTED أنشأه المستخدم (أ)، عندما يحاول (أ) اعتماده، فإن النظام يرفض العملية بخطأ فصل مهام ولا تتغير الحالة. | بافتراض طلب معتمد بكمية 100، عندما يُحوَّل إلى أمر شراء، فإن أمر الشراء يحمل مرجع الطلب ويصبح الطلب CONVERTED ولا يمكن تحويله مرة ثانية. | بافتراض طلب مرفوض، عندما يُعرض، فإن سبب الرفض واسم الرافض وتاريخه يظهران في سجل التدقيق.,NOT_IMPLEMENTED,NOT_IMPLEMENTED,P3
REQ-P2P-002,إنشاء أمر الشراء مقصور على SUPER_ADMIN وترقيمه من الخادم PO-YYYY-NNNN,Procure-to-Pay,مرتبط بتعارض الاعتماد DEC-P2P-02,BR-P2P-01 | BR-P2P-02,"[C] apps/web/app/dashboard/purchase-orders/page.tsx:59,198 (زر الإنشاء لـSUPER_ADMIN فقط)",POST /api/accounting/matching/purchase-orders [B][C] matching.controller.ts:34 (accounting.matching.manage),[B] apps/accounting/src/modules/matching/matching.service.ts:91-127 (poNumber من العميل + فحص تكرار)؛ [C] apps/accounting/src/modules/matching/matching.service.ts:100-126 (فحص SUPER_ADMIN :101-103، document_sequences مع GREATEST فوق الأرقام القديمة :109-126),"DocumentSequence(name,year,lastValue)؛ PurchaseOrder.poNumber unique [B][C]",لا حدث PurchaseOrderCreated [B][C],"spec exists, not run: apps/accounting/src/modules/matching/matching.service.spec.ts","DocumentSequence فريد (name, year) مع تحديث ذري؛ PurchaseOrder.poNumber UNIQUE NOT NULL؛ createdById NOT NULL؛ سجل تدقيق PO_CREATED.",DAR-06 | DAR-10 | DAR-12,قيود سلامة داخل كل مجال: CHECK للكميات والمبالغ، enums/CHECK للحالات، UNIQUE لمفاتيح الأعمال (X1–X4) | العملات والدقة والتقريب والترقيم: عملة على كل مستند مالي، دقة موحدة لأسعار الصرف، قاعدة تقريب واحدة Decimal، ترقيم تسلسلي لكل سلسلة داخل المعاملة | سجل تدقيق: الأحداث المركزية كسجل أعمال، وسجل تعديلات داخل المعاملة مع before/after، منع التعديل بالصلاحيات، إخفاء البيانات الحساسة,بافتراض مستخدم يملك accounting.matching.manage وليس SUPER_ADMIN، عندما يرسل POST /api/accounting/matching/purchase-orders، فإن الاستجابة 403 ولا يُنشأ أمر. | بافتراض وجود أمر قديم برقم PO-2026-0007 وعدم وجود تسلسل، عندما ينشئ SUPER_ADMIN أمرًا جديدًا، فإن رقمه PO-2026-0008. | بافتراض طلبين متزامنين لإنشاء أمرين، عندما يكتملان، فإن الرقمين مختلفان ومتتاليان دون فجوة تكرار.,NOT_IMPLEMENTED,IMPLEMENTED,P2
REQ-P2P-003,دورة اعتماد أمر الشراء بفصل المهام (المعتمد ≠ المنشئ) وحد قيمة,Procure-to-Pay,SOD: approver ≠ createdById؛ null createdById ← 403,BR-P2P-03 | BR-P2P-04,[B][C] apps/web/app/dashboard/purchase-orders/page.tsx (أزرار submit/approve/reject/cancel),[B][C] matching.controller.ts:89 submit، :95 approve، :101 reject (accounting.matching.approve)، :111 cancel,[B] apps/accounting/src/modules/matching/matching.service.ts:117 (DRAFT)، :186-229 (SoD :200-210)، :231-263 reject؛ [C] apps/accounting/src/modules/matching/matching.service.ts:148 (status:'APPROVED' عند الإنشاء)، :218-261 كود الاعتماد باقٍ لكن لا يصل إليه أمر جديد,PurchaseOrder.status/createdById/approvedBy/approvedAt [B][C]؛ لا حقل حد اعتماد ولا totalEgp,لا أحداث PurchaseOrderApproved/Cancelled [B][C],"spec exists, not run: matching.service.spec.ts",PurchaseOrder: status enum بانتقالات مقيدة، createdById NOT NULL، approvedBy/approvedAt، rejectReason، cancelReason؛ قيد CHECK approvedBy <> createdById؛ إعداد PO_APPROVAL_THRESHOLD بعملة الأساس؛ AuditLog لكل انتقال.,DAR-04 | DAR-05 | DAR-06 | DAR-09 | DAR-10 | DAR-12 | DAR-15,دفتر أستاذ عام موحد واحد داخل nile_accounting: جدولا قيود بشكل واحد، محرك ترحيل واحد، قواعد ترحيل (posting rules) وحسابات رقابية للدفاتر الفرعية | ربط الدفاتر الفرعية (AR/AP/الخزينة/المخزون/الرواتب/المصروفات/العمولات) بالقيود عبر source_type/source_id ومراجع عكسية، وتسويات رقابية | قيود سلامة داخل كل مجال: CHECK للكميات والمبالغ، enums/CHECK للحالات، UNIQUE لمفاتيح الأعمال (X1–X4) | سياسة موحدة لحالات المستندات والإلغاء والعكس والإشعارات الدائنة وقفل الفترات على مستوى الترحيل | العملات والدقة والتقريب والترقيم: عملة على كل مستند مالي، دقة موحدة لأسعار الصرف، قاعدة تقريب واحدة Decimal، ترقيم تسلسلي لكل سلسلة داخل المعاملة | سجل تدقيق: الأحداث المركزية كسجل أعمال، وسجل تعديلات داخل المعاملة مع before/after، منع التعديل بالصلاحيات، إخفاء البيانات الحساسة | نسخ احتياطي وPITR واستعادة خارج المضيف بأهداف RPO/RTO معتمدة وتمارين استعادة دورية,بافتراض أمر PENDING_APPROVAL أنشأه (أ)، عندما يعتمده (أ)، فإن الاستجابة 403 ويبقى الأمر PENDING_APPROVAL. | بافتراض أمر جديد، عندما يُحفظ، فإن حالته DRAFT ولا يمكن تسجيل فاتورة مورد عليه (409) حتى يُعتمد. | بافتراض حد اعتماد مهيأ بقيمة X، عندما يُعتمد أمر قيمته > X بمستخدم لا يملك صلاحية الحد الأعلى، فإن الاعتماد يُرفض. | بافتراض أمر مرفوض، عندما يُعرض سجل التدقيق، فإن PO_REJECTED يظهر مع السبب والفاعل.,PARTIAL,CONTRADICTED,P1
REQ-P2P-004,بيانات أمر الشراء الدولي: العملة وسعر الصرف وشروط التسليم والدفع وعنوان التسليم وبيانات السطر,Procure-to-Pay,حد الاعتماد يُقارن بالمعادل بالجنيه (DEC-P2P-13),BR-P2P-37,[B][C] purchase-orders/page.tsx نموذج بلا عملة/Incoterm,[B][C] apps/accounting/src/modules/matching/dto/create-po.dto.ts (لا currency/incoterm/fxRate/paymentTerms),[C] apps/accounting/src/modules/matching/matching.service.ts:128-150 لا يقرأ عملة,[B][C] PurchaseOrder.currency موجود (افتراضي EGP) بلا incoterm/paymentTerms/fxRateAtCreation/deliveryAddress؛ PurchaseOrderLine بلا uom/expectedBatch,,,"PurchaseOrder: currency FK→Currency NOT NULL، fxRateAtCreation DECIMAL(18,6) >0، incoterm enum، paymentTermCode، documentDate، requestedDeliveryDate، shippingMethod، deliveryAddress؛ PurchaseOrderLine: uomId، unitPrice DECIMAL(18,4) بالعملة، expectedBatchNo nullable؛ المبالغ Decimal لا float.",DAR-05 | DAR-10 | DAR-15,ربط الدفاتر الفرعية (AR/AP/الخزينة/المخزون/الرواتب/المصروفات/العمولات) بالقيود عبر source_type/source_id ومراجع عكسية، وتسويات رقابية | العملات والدقة والتقريب والترقيم: عملة على كل مستند مالي، دقة موحدة لأسعار الصرف، قاعدة تقريب واحدة Decimal، ترقيم تسلسلي لكل سلسلة داخل المعاملة | نسخ احتياطي وPITR واستعادة خارج المضيف بأهداف RPO/RTO معتمدة وتمارين استعادة دورية,"بافتراض أمر شراء باليورو بسطر 100 وحدة × 2.50 EUR وسعر صرف 52.10، عندما يُحفظ، فإن currency=EUR وtotal=250.00 EUR ويُحفظ المعادل 13,025.00 EGP. | بافتراض أمر بعملة EUR، عندما تُسجل عليه فاتورة بعملة USD، فإن المطابقة تُنتج استثناء عملة ولا تُعتمد للدفع. | بافتراض أمر شراء، عندما يُعرض أو يُطبع، فإن Incoterm وشروط الدفع وعنوان التسليم تظهر كما أُدخلت.",PARTIAL,PARTIAL,P1
REQ-P2P-005,دورة حياة أمر الشراء بعد الاعتماد: الإرسال للمورد، الإغلاق، قواعد الإلغاء، والأحداث,Procure-to-Pay,الإلغاء/الإغلاق القسري بسبب إلزامي وسجل تدقيق,BR-P2P-05,[B][C] purchase-orders/page.tsx (إلغاء؛ لا إرسال/إغلاق),[B][C] matching.controller.ts:111 cancel؛ لا PATCH/send/close,[B] apps/accounting/src/modules/matching/matching.service.ts:265-290 (إلغاء من DRAFT/PENDING/APPROVED فقط)؛ [C] apps/accounting/src/modules/matching/matching.service.ts:297-325 (+ SUPER_ADMIN فقط :298-300),POStatus بلا SENT_TO_SUPPLIER/CLOSED [B][C],لا outbox لأوامر الشراء [B][C],"spec exists, not run: matching.service.spec.ts","POStatus يضم SENT_TO_SUPPLIER وCLOSED؛ sentAt/sentBy، closedAt/closedBy/closeReason؛ جدول انتقالات مسموحة؛ outbox event لكل انتقال بمفتاح (poId, transition).",DAR-07 | DAR-09 | DAR-14 | DAR-15,Outbox لكل حدث يغيّر الحالة + Inbox معاملاتي للمستهلكين + مفتاح idempotency لكل أمر كتابة | سياسة موحدة لحالات المستندات والإلغاء والعكس والإشعارات الدائنة وقفل الفترات على مستوى الترحيل | حوكمة الترحيل: expand/contract، منع تعديل migration مطبقة، بوابة checksum مقابل الإنتاج، مصفوفة توافق إصدار التطبيق مع الـschema، كشف drift | نسخ احتياطي وPITR واستعادة خارج المضيف بأهداف RPO/RTO معتمدة وتمارين استعادة دورية,بافتراض أمر PARTIALLY_RECEIVED، عندما يُطلب إلغاؤه، فإن الاستجابة 409 ويبقى الأمر كما هو. | بافتراض أمر APPROVED، عندما يُعلَّم مرسلًا للمورد، فإن الحالة SENT_TO_SUPPLIER ويُسجل تاريخ الإرسال والفاعل. | بافتراض أمر FULLY_RECEIVED وفواتيره معتمدة، عندما يُغلق، فإن الحالة CLOSED ولا تُقبل عليه فواتير جديدة. | بافتراض اعتماد أمر، عندما تكتمل المعاملة، فإن حدث PurchaseOrderApproved يُكتب في outbox مرة واحدة.,PARTIAL,PARTIAL,P3
REQ-P2P-006,أمر الشراء سجل فقط: الاستلام الفعلي هو المرجع، وربطه بأمر الشراء اختياري ولا يمنع الاستلام,Procure-to-Pay,—,BR-P2P-06 | BR-P2P-10,[C] apps/web/components/receive-stock-modal.tsx:71-75 (جلب الأوامر لا يعطل الاستلام)، :165، :178-179,POST /api/inventory/transactions/goods-receipt [B][C] transactions.controller.ts:23,[C] apps/inventory/src/modules/transactions/dto/goods-receipt.dto.ts:18-20؛ apps/accounting/src/modules/saga-listener/saga-listener.service.ts:340-356 (الإسقاط بعد قيد المستحق)؛ [B] DTO بلا مرجع أمر,[C] PurchaseOrderReceipt,GoodsReceived + purchase_order_id/purchase_order_line_id [C],"spec exists, not run: saga-listener.service.spec.ts",حدث GoodsReceived بحقول اختيارية purchase_order_id/purchase_order_line_id (كلاهما أو لا شيء)؛ جدول استثناءات ربط (eventId، reason، createdAt) بدل log فقط.,DAR-03 | DAR-04 | DAR-07,ملكية بيانات صريحة ونظام سجل (SoR) لكل كيان، وتحقق المراجع بين الخدمات عند الكتابة + إسقاطات مرجعية + مطابقة دورية | دفتر أستاذ عام موحد واحد داخل nile_accounting: جدولا قيود بشكل واحد، محرك ترحيل واحد، قواعد ترحيل (posting rules) وحسابات رقابية للدفاتر الفرعية | Outbox لكل حدث يغيّر الحالة + Inbox معاملاتي للمستهلكين + مفتاح idempotency لكل أمر كتابة,بافتراض استلام بلا مرجع أمر شراء، عندما يُرسل، فإن الاستلام والمستحق يُسجلان والأمر لا يتغير. | بافتراض استلام بمرجع أمر دون مرجع السطر، عندما يُرسل من الواجهة، فإن الواجهة تطلب السطر أو إفراغ المرجع. | بافتراض مرجع سطر لمنتج مختلف، عندما يُعالج الحدث، فإن الاستلام يبقى مسجلًا ولا يزيد receivedQty ويظهر الاستثناء PRODUCT_MISMATCH في تقرير.,PARTIAL,IMPLEMENTED,P2
REQ-P2P-007,تحديث كميات الاستلام على أمر الشراء من أحداث الاستلام الفعلية مرة واحدة واشتقاق الحالة,Procure-to-Pay,—,BR-P2P-07 | BR-P2P-08 | BR-P2P-09 | BR-P2P-10,[C] receive-stock-modal.tsx:72 (يجلب status=APPROVED فقط)؛ purchase-orders/page.tsx (receivedPct/زيادة توريد),GET /api/accounting/matching/purchase-orders/:id [B][C] matching.controller.ts:63,[B] لا كاتب لـreceivedQty؛ [C] apps/accounting/src/modules/matching/matching.service.ts:951-1030 (eventId فريد، فحص المنتج/المورد :983-988، الحالة :1014-1021)؛ apps/accounting/src/modules/saga-listener/saga-listener.service.ts:342-356 تُستدعى بعد قيد GL في خطوة مستقلة,[C] PurchaseOrderReceipt(eventId unique)؛ PurchaseOrderLine.receivedQty [B][C],GoodsReceived [C] بمراجع الأمر,"spec exists, not run: matching.service.spec.ts, saga-listener.service.spec.ts",PurchaseOrderReceipt(eventId UNIQUE، poId، poLineId، productId، supplierId، batchId، qty DECIMAL>0، actorId، receivedAt)؛ receivedQty = Σ receipts (قابل للتحقق بتسوية)؛ علامة appliedToCancelledPo؛ AuditLog لكل تطبيق/رفض.,DAR-03 | DAR-04 | DAR-06 | DAR-07 | DAR-08 | DAR-09 | DAR-10 | DAR-12 | DAR-13,ملكية بيانات صريحة ونظام سجل (SoR) لكل كيان، وتحقق المراجع بين الخدمات عند الكتابة + إسقاطات مرجعية + مطابقة دورية | دفتر أستاذ عام موحد واحد داخل nile_accounting: جدولا قيود بشكل واحد، محرك ترحيل واحد، قواعد ترحيل (posting rules) وحسابات رقابية للدفاتر الفرعية | قيود سلامة داخل كل مجال: CHECK للكميات والمبالغ، enums/CHECK للحالات، UNIQUE لمفاتيح الأعمال (X1–X4) | Outbox لكل حدث يغيّر الحالة + Inbox معاملاتي للمستهلكين + مفتاح idempotency لكل أمر كتابة | إطار تسويات رقابية عبر القواعد (الائتمان↔AR، المخزون↔GL، دفتر المورد↔AP، الخزينة↔GL، المبيعات↔الفواتير) | سياسة موحدة لحالات المستندات والإلغاء والعكس والإشعارات الدائنة وقفل الفترات على مستوى الترحيل | العملات والدقة والتقريب والترقيم: عملة على كل مستند مالي، دقة موحدة لأسعار الصرف، قاعدة تقريب واحدة Decimal، ترقيم تسلسلي لكل سلسلة داخل المعاملة | سجل تدقيق: الأحداث المركزية كسجل أعمال، وسجل تعديلات داخل المعاملة مع before/after، منع التعديل بالصلاحيات، إخفاء البيانات الحساسة | نموذج تقارير على مرحلتين: تجميعات SQL داخل الخدمة الآن، ثم read model للتقارير عند الحاجة؛ القوائم المالية من GL فقط,بافتراض أمر بسطر 100 وحدة، عندما يصل استلامان 60 ثم 40 مرتبطان بالسطر، فإن الحالة تصبح PARTIALLY_RECEIVED ثم FULLY_RECEIVED وreceivedQty=100. | بافتراض حدث GoodsReceived طُبق، عندما يُعاد تسليمه بنفس event_id، فإن receivedQty لا يتغير ويوجد صف PurchaseOrderReceipt واحد. | بافتراض أمر PARTIALLY_RECEIVED، عندما يفتح أمين المخزن نافذة الاستلام، فإن الأمر يظهر في قائمة الأوامر القابلة للربط. | بافتراض استلامين متزامنين على نفس السطر بكميتي 30 و20، عندما يكتملان، فإن receivedQty يزيد بـ50 بالضبط.,NOT_IMPLEMENTED,PARTIAL,P1
REQ-P2P-008,إذن استلام (GRN) مرقم مرتبط بسطر أمر الشراء والتشغيلة بكميات مستلمة/مقبولة/مرفوضة ومفتاح idempotency,Procure-to-Pay,—,,[B][C] نافذة الاستلام سطر واحد/تشغيلة واحدة,POST goods-receipt بلا مفتاح idempotency [B][C],[C] apps/accounting/src/modules/matching/matching.service.ts:951-1030 PurchaseOrderReceipt لكل حدث بلا رقم ولا مقبول/مرفوض,VendorInvoice.grnNumber نص حر [B][C]؛ لا GoodsReceiptNote,,—,GoodsReceiptNote(number UNIQUE، supplierId، poId?، shipmentId?، receivedAt، idempotencyKey UNIQUE) وGRNLine(poLineId?، batchId، receivedQty، acceptedQty، rejectedQty، CHECK accepted+rejected<=received)؛ VendorInvoiceLine.grnLineId FK. (ملكية الحركة المادية: C4),DAR-03 | DAR-05 | DAR-06 | DAR-07,ملكية بيانات صريحة ونظام سجل (SoR) لكل كيان، وتحقق المراجع بين الخدمات عند الكتابة + إسقاطات مرجعية + مطابقة دورية | ربط الدفاتر الفرعية (AR/AP/الخزينة/المخزون/الرواتب/المصروفات/العمولات) بالقيود عبر source_type/source_id ومراجع عكسية، وتسويات رقابية | قيود سلامة داخل كل مجال: CHECK للكميات والمبالغ، enums/CHECK للحالات، UNIQUE لمفاتيح الأعمال (X1–X4) | Outbox لكل حدث يغيّر الحالة + Inbox معاملاتي للمستهلكين + مفتاح idempotency لكل أمر كتابة,بافتراض طلب استلام بمفتاح idempotency K، عندما يُرسل مرتين، فإن GRN واحدًا وحركة مخزون واحدة وقيد مستحق واحد تُنشأ. | بافتراض سطر أمر 100 وحدة استُلم على تشغيلتين 70 و30، عندما يُحفظ GRN، فإن له بندين مرتبطين بنفس سطر الأمر. | بافتراض فاتورة مورد، عندما تُسجل، فإن مرجع GRN يُختار من قائمة GRN فعلية لا نص حر.,NOT_IMPLEMENTED,PARTIAL,P2
REQ-P2P-009,تسجيل فاتورة المورد بنوعها وعملتها وسعر صرفها واستحقاقها وحالة سدادها,Procure-to-Pay,createdById يُسجل لفصل مهام الاستثناء,BR-P2P-04,[B][C] purchase-orders/page.tsx (تسجيل الفاتورة من تفاصيل الأمر),POST /api/accounting/matching/vendor-invoices [B][C] matching.controller.ts:69,[B] apps/accounting/src/modules/matching/matching.service.ts:313-410 (EGP فقط)؛ [C] apps/accounting/src/modules/matching/matching.service.ts:348-432 (currency/exchangeRate/baseTotal :385-404),"VendorInvoice unique(supplierId,invoiceNumber)، dueDate، taxAmount، currency [B][C]؛ exchangeRate/baseTotal [C]؛ لا type/attachment/paidAmount/paymentStatus",لا حدث SupplierInvoiceCreated,"spec exists, not run: matching.service.spec.ts","VendorInvoice: type enum، currency FK، exchangeRate>0، baseTotal، attachmentUrl، paidAmount DECIMAL >=0 و<= total، paymentStatus enum، createdById NOT NULL؛ UNIQUE(supplierId, invoiceNumber)؛ المبالغ Decimal(18,2).",DAR-03 | DAR-05 | DAR-06 | DAR-08 | DAR-09 | DAR-10,ملكية بيانات صريحة ونظام سجل (SoR) لكل كيان، وتحقق المراجع بين الخدمات عند الكتابة + إسقاطات مرجعية + مطابقة دورية | ربط الدفاتر الفرعية (AR/AP/الخزينة/المخزون/الرواتب/المصروفات/العمولات) بالقيود عبر source_type/source_id ومراجع عكسية، وتسويات رقابية | قيود سلامة داخل كل مجال: CHECK للكميات والمبالغ، enums/CHECK للحالات، UNIQUE لمفاتيح الأعمال (X1–X4) | إطار تسويات رقابية عبر القواعد (الائتمان↔AR، المخزون↔GL، دفتر المورد↔AP، الخزينة↔GL، المبيعات↔الفواتير) | سياسة موحدة لحالات المستندات والإلغاء والعكس والإشعارات الدائنة وقفل الفترات على مستوى الترحيل | العملات والدقة والتقريب والترقيم: عملة على كل مستند مالي، دقة موحدة لأسعار الصرف، قاعدة تقريب واحدة Decimal، ترقيم تسلسلي لكل سلسلة داخل المعاملة,"بافتراض فاتورة رقم 123 مسجلة للمورد أ، عندما تُسجل فاتورة 123 للمورد أ مرة أخرى، فإن الاستجابة 409. | بافتراض فاتورة نوعها FREIGHT من وكيل شحن بلا أمر شراء، عندما تُسجل، فإنها لا تُعامل كفاتورة بضاعة بلا استلام وتُوجَّه لمسار اعتماد الخدمات. | بافتراض فاتورة بـ1,000 EUR وسعر 52.00، عندما تُحفظ، فإن baseTotal=52,000.00 EGP وحالة السداد UNPAID. | بافتراض فاتورة مسددة جزئيًا 400 من 1,000، عندما تُعرض، فإن حالة السداد PARTIAL والمتبقي 600.",PARTIAL,PARTIAL,P1
REQ-P2P-010,مطابقة ثلاثية حقيقية: المفوتر تراكميًا ≤ المستلم فعلًا، والسعر ≤ سعر الأمر، مع فحص المورد والعملة والوحدة,Procure-to-Pay,الاستثناءات في REQ-P2P-011,BR-P2P-11 | BR-P2P-12 | BR-P2P-13 | BR-P2P-14,[C] apps/web/app/dashboard/matching/page.tsx (PO/GRN/Invoice)؛ [B][C] purchase-orders/page.tsx (UNDER_BILLED),"GET /api/accounting/matching/matches، /discrepancies [B][C] matching.controller.ts:22,28",[B] apps/accounting/src/modules/matching/matching.service.ts:24 (UNVERIFIED_FREE_TEXT)، :604 (receivedQtyTotal = orderedQtyTotal)؛ [C] apps/accounting/src/modules/matching/matching.service.ts:25 (INVENTORY_RECEIPT_PROJECTION)، :474-495 (بلا أمر ← UNMATCHED_GRN)، :583-597 (مقارنة بالمستلم الفعلي)، :644,ThreeWayMatch، VendorInvoiceLine، PurchaseOrderLine.receivedQty [B][C],,"spec exists, not run: matching.service.spec.ts",ThreeWayMatch: المبالغ والكميات Decimal، receivedQtyTotal من Σ PurchaseOrderReceipt، grnVerification enum، discrepancyDetails منظمة بالنوع؛ قيد: لا أكثر من مطابقة نشطة لكل فاتورة؛ ربط مرتجع المورد بالأمر لإعادة الحساب.,DAR-04 | DAR-07 | DAR-08 | DAR-10,دفتر أستاذ عام موحد واحد داخل nile_accounting: جدولا قيود بشكل واحد، محرك ترحيل واحد، قواعد ترحيل (posting rules) وحسابات رقابية للدفاتر الفرعية | Outbox لكل حدث يغيّر الحالة + Inbox معاملاتي للمستهلكين + مفتاح idempotency لكل أمر كتابة | إطار تسويات رقابية عبر القواعد (الائتمان↔AR، المخزون↔GL، دفتر المورد↔AP، الخزينة↔GL، المبيعات↔الفواتير) | العملات والدقة والتقريب والترقيم: عملة على كل مستند مالي، دقة موحدة لأسعار الصرف، قاعدة تقريب واحدة Decimal، ترقيم تسلسلي لكل سلسلة داخل المعاملة,بافتراض أمر باليورو بـ100 وحدة واستلام فعلي 60، عندما تُسجل فاتورة بـ100، فإن المطابقة QUANTITY_MISMATCH بفرق 40 والفاتورة EXCEPTION_PENDING والعملة EUR محفوظة. | بافتراض فاتورة أولى بـ60 معتمدة على استلام 60، عندما تُسجل فاتورة ثانية بـ60 على نفس الأمر، فإن الثانية تُرفض للدفع (المفوتر التراكمي 120 > المستلم 60). | بافتراض فاتورة بسعر وحدة 2.60 وسعر الأمر 2.50، عندما تُطابق، فإن الحالة PRICE_MISMATCH. | بافتراض استلام 100 وفاتورة بـ80، عندما تُطابق، فإنها MATCHED مع بند UNDER_BILLED معلوماتي بفرق 20.,PARTIAL,PARTIAL,P1
REQ-P2P-011,إدارة استثناءات المطابقة: اعتماد استثنائي أو رفض بسبب، من مستوى المدير المالي، بشخص غير منشئ المستندات,Procure-to-Pay,approver ≠ VendorInvoice.createdById؛ null ← 403,BR-P2P-15 | BR-P2P-16,[C] apps/web/app/dashboard/matching/page.tsx (اعتماد/رفض بسبب، accounting.matching.override)؛ [B] لا شاشة مطابقة,"POST matches/:id/override، matches/:id/reject [B][C] matching.controller.ts:122,132 (accounting.matching.override)",[B] apps/accounting/src/modules/matching/matching.service.ts:641-727 (SoD :649-660)، :729-783؛ [C] apps/accounting/src/modules/matching/matching.service.ts:681-760 (SoD :689-700)، :769-808 (الرفض لا يفحص وجود سداد),ThreeWayMatch.approvedBy/approvalReason، VendorInvoice.createdById [B][C],,"spec exists, not run: matching.service.spec.ts",ThreeWayMatch: decision enum، decidedBy NOT NULL عند القرار، reason NOT NULL، decidedAt؛ CHECK decidedBy <> vendorInvoice.createdById (تطبيقيًا)؛ AuditLog غير قابل للتعديل.,DAR-05 | DAR-06 | DAR-08 | DAR-12,ربط الدفاتر الفرعية (AR/AP/الخزينة/المخزون/الرواتب/المصروفات/العمولات) بالقيود عبر source_type/source_id ومراجع عكسية، وتسويات رقابية | قيود سلامة داخل كل مجال: CHECK للكميات والمبالغ، enums/CHECK للحالات، UNIQUE لمفاتيح الأعمال (X1–X4) | إطار تسويات رقابية عبر القواعد (الائتمان↔AR، المخزون↔GL، دفتر المورد↔AP، الخزينة↔GL، المبيعات↔الفواتير) | سجل تدقيق: الأحداث المركزية كسجل أعمال، وسجل تعديلات داخل المعاملة مع before/after، منع التعديل بالصلاحيات، إخفاء البيانات الحساسة,بافتراض استثناء على فاتورة سجلها (أ)، عندما يعتمده (أ)، فإن الاستجابة 403. | بافتراض مستخدم لا يملك صلاحية الاستثناءات، عندما يفتح شاشة المطابقة، فإن أزرار الاعتماد/الرفض لا تظهر والـAPI يرد 403. | بافتراض فاتورة عليها سداد غير معكوس، عندما يُطلب رفض مطابقتها، فإن العملية تُرفض بـ409. | بافتراض اعتماد استثناء، عندما يُراجع سجل التدقيق، فإن MATCH_EXCEPTION_APPROVED يظهر بالسبب والفاعل والوقت.,PARTIAL,PARTIAL,P2
REQ-P2P-012,التزام المورد (AP) يُنشأ عند الاستلام الفعلي للبضاعة,Procure-to-Pay,—,BR-P2P-17 | BR-P2P-18,[B][C] supplier-accounts/page.tsx، payables/page.tsx (الرصيد من الدفتر),"GET /api/accounting/supplier-ledger/:supplierId(/balance) [B][C] supplier-ledger.controller.ts:40,42",[B] apps/accounting/src/modules/saga-listener/saga-listener.service.ts:290-294؛ [C] apps/accounting/src/modules/saga-listener/saga-listener.service.ts:318-337 (قيد الدفتر :330 ثم GL :334-337 في خطوة منفصلة)؛ apps/accounting/src/modules/supplier-ledger/supplier-ledger.service.ts:29-41 [B][C],"SupplierLedgerEntry(refType,refId unique) [B][C]",GoodsReceived (inventory) [B][C],"spec exists, not run: saga-listener.service.spec.ts, supplier-ledger.service.spec.ts","SupplierLedgerEntry: UNIQUE(refType, refId)، side، amount Decimal>0، currency، amountFx/fxRate عند العملة الأجنبية، occurredAt؛ غير قابل للتعديل/الحذف (append-only)؛ ربط اختياري vendorInvoiceId للتسوية بين المستلم والمفوتر.",DAR-04 | DAR-05 | DAR-06 | DAR-07 | DAR-08 | DAR-10,دفتر أستاذ عام موحد واحد داخل nile_accounting: جدولا قيود بشكل واحد، محرك ترحيل واحد، قواعد ترحيل (posting rules) وحسابات رقابية للدفاتر الفرعية | ربط الدفاتر الفرعية (AR/AP/الخزينة/المخزون/الرواتب/المصروفات/العمولات) بالقيود عبر source_type/source_id ومراجع عكسية، وتسويات رقابية | قيود سلامة داخل كل مجال: CHECK للكميات والمبالغ، enums/CHECK للحالات، UNIQUE لمفاتيح الأعمال (X1–X4) | Outbox لكل حدث يغيّر الحالة + Inbox معاملاتي للمستهلكين + مفتاح idempotency لكل أمر كتابة | إطار تسويات رقابية عبر القواعد (الائتمان↔AR، المخزون↔GL، دفتر المورد↔AP، الخزينة↔GL، المبيعات↔الفواتير) | العملات والدقة والتقريب والترقيم: عملة على كل مستند مالي، دقة موحدة لأسعار الصرف، قاعدة تقريب واحدة Decimal، ترقيم تسلسلي لكل سلسلة داخل المعاملة,"بافتراض استلام 100 وحدة × 25.00 من المورد أ، عندما يُعالج الحدث، فإن رصيد المورد أ يزيد 2,500.00 بقيد RECEIPT مرجعه event_id. | بافتراض نفس الحدث أُعيد تسليمه، عندما يُعالج، فإن رصيد المورد لا يتغير. | بافتراض فاتورة مورد معتمدة للدفع، عندما تُعتمد، فإن رصيد دفتر المورد لا يتغير (المستحق من الاستلام وحده) ويظهر الفرق بين المستلم والمفوتر في تقرير.",IMPLEMENTED,IMPLEMENTED,P1
REQ-P2P-013,منع تكرار قيود دفتر المورد عند إعادة تسليم الأحداث أو التزامن,Procure-to-Pay,—,BR-P2P-18,,,[B][C] apps/accounting/src/modules/supplier-ledger/supplier-ledger.service.ts:29-41 (runInInboxTransaction)، :375-387 (recordOnce),"[B][C] SupplierLedgerEntry @@unique([refType, refId])",,"spec exists, not run: supplier-ledger.service.spec.ts","UNIQUE(refType, refId) على SupplierLedgerEntry؛ جدول inbox(eventId PK) في نفس قاعدة الدفتر؛ تحقق تطابق (supplierId, amount, side) للصفوف القديمة.",DAR-03 | DAR-04 | DAR-05 | DAR-06 | DAR-07 | DAR-20,ملكية بيانات صريحة ونظام سجل (SoR) لكل كيان، وتحقق المراجع بين الخدمات عند الكتابة + إسقاطات مرجعية + مطابقة دورية | دفتر أستاذ عام موحد واحد داخل nile_accounting: جدولا قيود بشكل واحد، محرك ترحيل واحد، قواعد ترحيل (posting rules) وحسابات رقابية للدفاتر الفرعية | ربط الدفاتر الفرعية (AR/AP/الخزينة/المخزون/الرواتب/المصروفات/العمولات) بالقيود عبر source_type/source_id ومراجع عكسية، وتسويات رقابية | قيود سلامة داخل كل مجال: CHECK للكميات والمبالغ، enums/CHECK للحالات، UNIQUE لمفاتيح الأعمال (X1–X4) | Outbox لكل حدث يغيّر الحالة + Inbox معاملاتي للمستهلكين + مفتاح idempotency لكل أمر كتابة | ترحيل البيانات الافتتاحية وتاريخ القطع: دفعة افتتاحية معتمدة بتوقيع وhash، قيود افتتاحية بتاريخ القطع,بافتراض معالجتين متزامنتين لنفس event_id، عندما تكتملان، فإن صف SupplierLedgerEntry واحدًا موجود. | بافتراض صف قديم بنفس المرجع ومبلغ مختلف، عندما يصل الحدث، فإن المعالجة تُرفض بتعارض هوية ولا يُنشأ صف جديد.,IMPLEMENTED,IMPLEMENTED,P1
REQ-P2P-014,مرتجع المورد يخفض مستحقات المورد ويُدقَّق,Procure-to-Pay,—,BR-P2P-19,,POST /api/inventory/transactions/supplier-return [B][C] transactions.controller.ts:31,[B] apps/accounting/src/modules/saga-listener/saga-listener.service.ts:298-302؛ [C] apps/accounting/src/modules/saga-listener/saga-listener.service.ts:361-370,,inventory SupplierReturnCreated [B][C],"spec exists, not run: saga-listener.service.spec.ts","SupplierReturn: supplierId، poId?/poLineId?، vendorInvoiceId?، batchId، qty، value، reason؛ قيد دفتر فريد (SUPPLIER_RETURN, eventId).",DAR-03 | DAR-04 | DAR-05 | DAR-06 | DAR-07 | DAR-08 | DAR-12,ملكية بيانات صريحة ونظام سجل (SoR) لكل كيان، وتحقق المراجع بين الخدمات عند الكتابة + إسقاطات مرجعية + مطابقة دورية | دفتر أستاذ عام موحد واحد داخل nile_accounting: جدولا قيود بشكل واحد، محرك ترحيل واحد، قواعد ترحيل (posting rules) وحسابات رقابية للدفاتر الفرعية | ربط الدفاتر الفرعية (AR/AP/الخزينة/المخزون/الرواتب/المصروفات/العمولات) بالقيود عبر source_type/source_id ومراجع عكسية، وتسويات رقابية | قيود سلامة داخل كل مجال: CHECK للكميات والمبالغ، enums/CHECK للحالات، UNIQUE لمفاتيح الأعمال (X1–X4) | Outbox لكل حدث يغيّر الحالة + Inbox معاملاتي للمستهلكين + مفتاح idempotency لكل أمر كتابة | إطار تسويات رقابية عبر القواعد (الائتمان↔AR، المخزون↔GL، دفتر المورد↔AP، الخزينة↔GL، المبيعات↔الفواتير) | سجل تدقيق: الأحداث المركزية كسجل أعمال، وسجل تعديلات داخل المعاملة مع before/after، منع التعديل بالصلاحيات، إخفاء البيانات الحساسة,"بافتراض رصيد المورد 10,000 ومرتجع بقيمة 1,500، عندما يُعالج الحدث، فإن الرصيد 8,500 بقيد SUPPLIER_RETURN. | بافتراض مرتجع على أمر شراء مطابق، عندما يُقيد، فإن المطابقة تُعاد وتظهر الفاتورة كمفوترة بأكثر من المستلم الصافي. | بافتراض مرتجع مورد، عندما يُراجع سجل التدقيق، فإن حدث SupplierReturnCreated يظهر بمستوى HIGH.",PARTIAL,PARTIAL,P2
REQ-P2P-015,مطالبات الموردين/الناقلين عن التالف: دورة مستقلة دون خصم تلقائي من فاتورة المورد,Procure-to-Pay,منشئ المطالبة ≠ معتمد التسوية (مقترح),BR-P2P-20 | BR-P2P-21,لا شاشة [B][C],لا route [B][C],لا يوجد (grep SupplierClaim في apps/*/src [B][C] = لا نتائج),لا SupplierClaim في schema_base/schema_cur,,—,SupplierClaim(number UNIQUE، counterpartyType SUPPLIER|CARRIER، counterpartyId، sourceReceipt/batch، qty، amount Decimal، currency، status enum، decidedBy، settlementRef UNIQUE nullable)؛ قيد تسوية واحد لكل مطالبة؛ AuditLog.,DAR-04 | DAR-06 | DAR-08 | DAR-09 | DAR-10 | DAR-12,دفتر أستاذ عام موحد واحد داخل nile_accounting: جدولا قيود بشكل واحد، محرك ترحيل واحد، قواعد ترحيل (posting rules) وحسابات رقابية للدفاتر الفرعية | قيود سلامة داخل كل مجال: CHECK للكميات والمبالغ، enums/CHECK للحالات، UNIQUE لمفاتيح الأعمال (X1–X4) | إطار تسويات رقابية عبر القواعد (الائتمان↔AR، المخزون↔GL، دفتر المورد↔AP، الخزينة↔GL، المبيعات↔الفواتير) | سياسة موحدة لحالات المستندات والإلغاء والعكس والإشعارات الدائنة وقفل الفترات على مستوى الترحيل | العملات والدقة والتقريب والترقيم: عملة على كل مستند مالي، دقة موحدة لأسعار الصرف، قاعدة تقريب واحدة Decimal، ترقيم تسلسلي لكل سلسلة داخل المعاملة | سجل تدقيق: الأحداث المركزية كسجل أعمال، وسجل تعديلات داخل المعاملة مع before/after، منع التعديل بالصلاحيات، إخفاء البيانات الحساسة,"بافتراض مطالبة Submitted بقيمة 3,000 على المورد أ، عندما تُنشأ، فإن رصيد المورد وفاتورته لا يتغيران. | بافتراض مطالبة Accepted، عندما تُسوى بإشعار دائن، فإن رصيد المورد ينقص 3,000 مرة واحدة وتصبح الحالة SETTLED. | بافتراض مطالبة Accepted ولا مسار تسوية متاح، عندما تُعرض، فإن حالتها APPROVED_PENDING_SETTLEMENT ولا يوجد قيد يومية.",NOT_IMPLEMENTED,NOT_IMPLEMENTED,P2
REQ-P2P-016,تسجيل سداد المورد ككيان idempotent مرتبط بالفاتورة وحساب الخزينة، يقيد AP والخزينة وGL ذريًا، وقابل للعكس,Procure-to-Pay,مقترح: المسدِّد ≠ معتمد الاستثناء؛ العكس بصلاحية accounting.payments.reverse,BR-P2P-22 | BR-P2P-23 | BR-P2P-24,[C] apps/web/app/dashboard/payables/page.tsx:344 (يرسل شكل v1: vendorInvoiceId/amount/exchangeRate),[C] /api/accounting/supplier-payments* mounted=False (pkg/api-inventory.csv)؛ SupplierLedgerModule لا يسجل supplier-payments.controller (supplier-ledger.module.ts) ولا يوجد SupplierPaymentsModule في apps/accounting/src/app.module.ts:48-50؛ controller v2 بلا PermissionsGuard (SEC-04),[C] v1 apps/accounting/src/modules/supplier-payments/supplier-payments.service.ts:40-92 (GeneralLedgerService، settleFxDifferenceInTransaction :84)؛ v2 apps/accounting/src/modules/supplier-ledger/supplier-payments.service.ts:52-190 (GlPostingService، فحص الاعتماد :99-101، المتبقي :114)، reverse :193-270؛ [B] لا يوجد,[C] SupplierPayment (شكل v2: supplierInvoiceId/amountFx/fxRate) — schema_cur؛ migrations متنافسة v1/v2 (DB-03),لا حدث SupplierPaymentRecorded,"spec exists, not run: supplier-ledger/supplier-payments.service.spec.ts [C]","SupplierPayment(idempotencyKey UNIQUE، requestHash، supplierId، vendorInvoiceId FK NOT NULL، financialAccountId FK، method enum، currency، amountFx Decimal>0، fxRate>0، amountEgp، bankRef، paidAt، actorId، reversed، reversedAt/By/Reason)؛ قيد دفتر فريد (SUPPLIER_PAYMENT, paymentId)؛ Σ مدفوعات غير معكوسة ≤ إجمالي الفاتورة؛ شكل جدول واحد معتمد.",DAR-03 | DAR-04 | DAR-05 | DAR-06 | DAR-07 | DAR-09 | DAR-10,ملكية بيانات صريحة ونظام سجل (SoR) لكل كيان، وتحقق المراجع بين الخدمات عند الكتابة + إسقاطات مرجعية + مطابقة دورية | دفتر أستاذ عام موحد واحد داخل nile_accounting: جدولا قيود بشكل واحد، محرك ترحيل واحد، قواعد ترحيل (posting rules) وحسابات رقابية للدفاتر الفرعية | ربط الدفاتر الفرعية (AR/AP/الخزينة/المخزون/الرواتب/المصروفات/العمولات) بالقيود عبر source_type/source_id ومراجع عكسية، وتسويات رقابية | قيود سلامة داخل كل مجال: CHECK للكميات والمبالغ، enums/CHECK للحالات، UNIQUE لمفاتيح الأعمال (X1–X4) | Outbox لكل حدث يغيّر الحالة + Inbox معاملاتي للمستهلكين + مفتاح idempotency لكل أمر كتابة | سياسة موحدة لحالات المستندات والإلغاء والعكس والإشعارات الدائنة وقفل الفترات على مستوى الترحيل | العملات والدقة والتقريب والترقيم: عملة على كل مستند مالي، دقة موحدة لأسعار الصرف، قاعدة تقريب واحدة Decimal، ترقيم تسلسلي لكل سلسلة داخل المعاملة,"بافتراض فاتورة معتمدة بـ10,000 EGP وحساب بنك رصيده 50,000، عندما يُسجل سداد 4,000، فإن رصيد المورد ينقص 4,000 والبنك 4,000 ويُرحَّل قيد GL متوازن وحالة الفاتورة PARTIAL، كل ذلك في معاملة واحدة. | بافتراض سداد سُجل بمفتاح K، عندما يُعاد نفس الطلب بـK، فإن سدادًا واحدًا فقط موجود. | بافتراض فاتورة 1,000 EUR بسعر 52.00 سُددت بسعر 53.00، عندما يُسجل السداد، فإن خسارة فرق عملة 1,000 EGP تُقيد ويصبح رصيد المورد بالعملة صفرًا. | بافتراض سداد مسجل، عندما يُعكس بسبب، فإن كل القيود تُعكس بالاتجاه المعاكس وتعود الفاتورة APPROVED_FOR_PAYMENT.",NOT_IMPLEMENTED,NOT_IMPLEMENTED,P1
REQ-P2P-017,حجب الدفع: لا سداد إلا لفاتورة معتمدة للدفع ومطابقة، ولا تجاوز من مسار دفع آخر,Procure-to-Pay,الفرق التجاري يحتاج موافقة موثقة بفصل مهام,BR-P2P-22,,[B][C] POST /api/accounting/financial-accounts/entries يقبل WITHDRAWAL/EXPENSE حرة بلا مورد (financial-account.dto.ts:24 POSTABLE_ENTRY_TYPES)؛ PAYMENT_OUT ممنوع مباشرة,[C] apps/accounting/src/modules/supplier-ledger/supplier-payments.service.ts:98-114 (فحص الاعتماد والمتبقي والعملة) — غير مسجل,,,,قيد تطبيقي: SupplierPayment.vendorInvoiceId يشير لفاتورة paymentStatus<>PAID وstatus=APPROVED_FOR_PAYMENT؛ إن قُررت الدفعات المقدمة: SupplierAdvance منفصل يُخصص لاحقًا.,DAR-04 | DAR-05 | DAR-08 | DAR-10,دفتر أستاذ عام موحد واحد داخل nile_accounting: جدولا قيود بشكل واحد، محرك ترحيل واحد، قواعد ترحيل (posting rules) وحسابات رقابية للدفاتر الفرعية | ربط الدفاتر الفرعية (AR/AP/الخزينة/المخزون/الرواتب/المصروفات/العمولات) بالقيود عبر source_type/source_id ومراجع عكسية، وتسويات رقابية | إطار تسويات رقابية عبر القواعد (الائتمان↔AR، المخزون↔GL، دفتر المورد↔AP، الخزينة↔GL، المبيعات↔الفواتير) | العملات والدقة والتقريب والترقيم: عملة على كل مستند مالي، دقة موحدة لأسعار الصرف، قاعدة تقريب واحدة Decimal، ترقيم تسلسلي لكل سلسلة داخل المعاملة,بافتراض فاتورة EXCEPTION_PENDING، عندما يُطلب سدادها، فإن الطلب يُرفض 400 ولا تتغير الأرصدة. | بافتراض فاتورة معتمدة متبقيها 600، عندما يُطلب سداد 700، فإن الطلب يُرفض. | بافتراض مستخدم يملك صلاحيات الخزينة، عندما يحاول تسجيل حركة سحب/مصروف بمرجع مورد، فإنها لا تخفض رصيد المورد ولا تُعرض كسداد مورد.,NOT_IMPLEMENTED,NOT_IMPLEMENTED,P1
REQ-P2P-018,أعمار الذمم الدائنة وشروط الدفع وتواريخ الاستحقاق,Procure-to-Pay,—,BR-P2P-25 | BR-P2P-26,[B][C] apps/web/app/dashboard/payables/page.tsx,GET /api/accounting/supplier-ledger/payables [B][C] supplier-ledger.controller.ts:16,"[B][C] apps/accounting/src/modules/supplier-ledger/supplier-ledger.service.ts:152-176 (الفئات بشرط isApprovedPayment=false)، :287-291 (paymentsTracked:false، agingBasis)، :317,:340",VendorInvoice.dueDate [B][C]؛ لا PaymentTerm على Supplier/PO/VendorInvoice,,"spec exists, not run: supplier-ledger/payables.spec.ts [C]",PaymentTerm(code، version، baseDateRule، netDays، discountPct، discountDays)؛ snapshot للشرط على VendorInvoice؛ dueDate مشتق ومخزن؛ outstanding = total − Σ payments − credits.,DAR-05 | DAR-10 | DAR-13,ربط الدفاتر الفرعية (AR/AP/الخزينة/المخزون/الرواتب/المصروفات/العمولات) بالقيود عبر source_type/source_id ومراجع عكسية، وتسويات رقابية | العملات والدقة والتقريب والترقيم: عملة على كل مستند مالي، دقة موحدة لأسعار الصرف، قاعدة تقريب واحدة Decimal، ترقيم تسلسلي لكل سلسلة داخل المعاملة | نموذج تقارير على مرحلتين: تجميعات SQL داخل الخدمة الآن، ثم read model للتقارير عند الحاجة؛ القوائم المالية من GL فقط,"بافتراض فاتورة معتمدة غير مسددة متأخرة 45 يومًا بـ5,000، عندما يُعرض تقرير الأعمار، فإنها تظهر في فئة 31-60 بـ5,000. | بافتراض فاتورة REJECTED متأخرة، عندما يُعرض التقرير، فإنها لا تظهر. | بافتراض فاتورة مسددة بالكامل، عندما يُعرض التقرير، فإنها لا تظهر كمتأخرة. | بافتراض شرط net 60 من تاريخ الفاتورة 2026-01-10، عندما تُسجل الفاتورة بلا استحقاق يدوي، فإن الاستحقاق 2026-03-11.",PARTIAL,PARTIAL,P2
REQ-P2P-019,مساحة عمل الذمم الدائنة: أرصدة الموردين وأعمارها وسجل المدفوعات,Procure-to-Pay,زر السداد بصلاحية accounting.payables.pay فقط,,[B] payables/page.tsx (قراءة)؛ [C] payables/page.tsx:344 (سداد إلى route غير مسجل)؛ supplier-accounts/page.tsx [B][C],GET supplier-ledger/payables، payables/:supplierId، :supplierId، :supplierId/balance [B][C] supplier-ledger.controller.ts:16-42,apps/accounting/src/modules/supplier-ledger/supplier-ledger.service.ts:44-292 [B][C],,,,Read model لكل مورد: balance، invoicesOutstanding، overdue، lastPaymentAt؛ صلاحيات accounting.payables.read/pay في كتالوج IAM.,DAR-04 | DAR-05 | DAR-13,دفتر أستاذ عام موحد واحد داخل nile_accounting: جدولا قيود بشكل واحد، محرك ترحيل واحد، قواعد ترحيل (posting rules) وحسابات رقابية للدفاتر الفرعية | ربط الدفاتر الفرعية (AR/AP/الخزينة/المخزون/الرواتب/المصروفات/العمولات) بالقيود عبر source_type/source_id ومراجع عكسية، وتسويات رقابية | نموذج تقارير على مرحلتين: تجميعات SQL داخل الخدمة الآن، ثم read model للتقارير عند الحاجة؛ القوائم المالية من GL فقط,بافتراض مستخدم بصلاحية القراءة فقط، عندما يفتح صفحة الدائنين، فإنه يرى الأرصدة والأعمار ولا يرى زر السداد. | بافتراض سداد مسجل للمورد أ، عندما تُفتح تفاصيله، فإن السداد يظهر في سجل المدفوعات بالمبلغ والحساب والتاريخ. | بافتراض الضغط على زر السداد، عندما يُرسل الطلب، فإن الخادم يقبله (لا 404) ويُحدَّث الرصيد المعروض.,PARTIAL,PARTIAL,P2
REQ-P2P-020,بيانات المورد المالية لدورة الشراء: النوع، العملة الافتراضية، أيام الدفع، الرقم الضريبي، البيانات البنكية,Procure-to-Pay,تغيير البنك يحتاج موافقة ثانية (مقترح),BR-P2P-37,[B][C] suppliers/page.tsx (نموذج: «بيانات تجارية أساسية فقط — بدون أرصدة افتتاحية أو شروط مالية»),[B][C] products suppliers.controller.ts POST/PATCH,,[B][C] products Supplier(id، code، nameAr، nameEn، phone، email، address، creditLimit، isActive، createdAt),لا SupplierUpdated [B][C],,Supplier: type enum، defaultCurrency FK، paymentTermCode، taxRegistrationNo (unique nullable)، bank details في جدول منفصل بصلاحية وسجل تدقيق؛ حدث SupplierUpdated بإصدار. (ملكية الموديل: Products/C4),DAR-05 | DAR-06 | DAR-07 | DAR-10 | DAR-12 | DAR-14,ربط الدفاتر الفرعية (AR/AP/الخزينة/المخزون/الرواتب/المصروفات/العمولات) بالقيود عبر source_type/source_id ومراجع عكسية، وتسويات رقابية | قيود سلامة داخل كل مجال: CHECK للكميات والمبالغ، enums/CHECK للحالات، UNIQUE لمفاتيح الأعمال (X1–X4) | Outbox لكل حدث يغيّر الحالة + Inbox معاملاتي للمستهلكين + مفتاح idempotency لكل أمر كتابة | العملات والدقة والتقريب والترقيم: عملة على كل مستند مالي، دقة موحدة لأسعار الصرف، قاعدة تقريب واحدة Decimal، ترقيم تسلسلي لكل سلسلة داخل المعاملة | سجل تدقيق: الأحداث المركزية كسجل أعمال، وسجل تعديلات داخل المعاملة مع before/after، منع التعديل بالصلاحيات، إخفاء البيانات الحساسة | حوكمة الترحيل: expand/contract، منع تعديل migration مطبقة، بوابة checksum مقابل الإنتاج، مصفوفة توافق إصدار التطبيق مع الـschema، كشف drift,بافتراض مورد نوعه FREIGHT_FORWARDER، عندما تُسجل له فاتورة شحن، فإنها تُقبل كفاتورة خدمات. | بافتراض تعديل البيانات البنكية لمورد، عندما يُحفظ، فإن سجل التدقيق يحمل القيمة السابقة والجديدة والفاعل. | بافتراض تعديل مورد، عندما يُحفظ، فإن حدث SupplierUpdated يُنشر مرة واحدة.,NOT_IMPLEMENTED,NOT_IMPLEMENTED,P3
REQ-P2P-021,المورد كيان رئيسي منفصل عن المصنّع ويُوسَّع ملفه القائم,Procure-to-Pay,,BR-P2P-36,[B][C] apps/web/app/dashboard/suppliers/[id]/page.tsx (PartyProfile kind=supplier),,,[B][C] products: Supplier وProductManufacturer موديلان منفصلان (schema_cur.json),,,Supplier وProductManufacturer جدولان منفصلان؛ لا FK إلزامي بينهما؛ (ملكية: Products/C4).,DAR-05,ربط الدفاتر الفرعية (AR/AP/الخزينة/المخزون/الرواتب/المصروفات/العمولات) بالقيود عبر source_type/source_id ومراجع عكسية، وتسويات رقابية,بافتراض منتج مصنعه Fine Foods ومورده Alfasigma، عندما يُنشأ أمر شراء، فإن المورد في الأمر Alfasigma ويظل المصنع في بيانات المنتج Fine Foods. | بافتراض ملف مورد، عندما يُعرض، فإنه شاشة واحدة (لا ملف موازٍ) تجمع بياناته المالية والتشغيلية.,IMPLEMENTED,IMPLEMENTED,P4
REQ-P2P-022,قائمة الموردين وملف المورد 360: أوامر الشراء، الفواتير، الحركات، التشغيلات، الرصيد المستحق,Procure-to-Pay,,,[B][C] apps/web/components/party-profile.tsx:41-45؛ suppliers/page.tsx:50 (فلتر الحالة),GET /api/products/suppliers?status، /:id، /:id/batches [B][C] suppliers.controller.ts,[B][C] products suppliers.service.ts:14 (status),,,,Read models في المحاسبة مفهرسة بـsupplierId (PO، فواتير، دفتر)؛ products batches.supplierId مفهرس.,DAR-03 | DAR-04 | DAR-05 | DAR-17,ملكية بيانات صريحة ونظام سجل (SoR) لكل كيان، وتحقق المراجع بين الخدمات عند الكتابة + إسقاطات مرجعية + مطابقة دورية | دفتر أستاذ عام موحد واحد داخل nile_accounting: جدولا قيود بشكل واحد، محرك ترحيل واحد، قواعد ترحيل (posting rules) وحسابات رقابية للدفاتر الفرعية | ربط الدفاتر الفرعية (AR/AP/الخزينة/المخزون/الرواتب/المصروفات/العمولات) بالقيود عبر source_type/source_id ومراجع عكسية، وتسويات رقابية | فهارس مبنية على أنماط الاستعلام (X6–X15) مشروطة بقياسات EXPLAIN/pg_stat_statements,بافتراض مورد غير نشط، عندما يُختار فلتر «الكل»، فإنه يظهر في القائمة. | بافتراض مستخدم بلا accounting.matching.read، عندما يفتح ملف المورد، فإن قسم أوامر الشراء لا يُحمَّل وباقي الأقسام تعمل. | بافتراض مورد له 3 أوامر و2 فواتير، عندما يُفتح ملفه، فإن الأقسام تعرض 3 و2 والرصيد من دفتر المورد.,IMPLEMENTED,IMPLEMENTED,P4
REQ-P2P-023,جهات اتصال متعددة للمورد,Procure-to-Pay,,,لا يوجد [B][C],لا يوجد,,لا SupplierContact في products [B][C]؛ Supplier.phone/email مفرد,,,SupplierContact(id، supplierId FK، name، role، department، channels JSON/جدول فرعي، isPrimary، isActive، verifiedAt)؛ partial unique (supplierId) WHERE isPrimary. (ملكية: Products/C4),DAR-03 | DAR-06,ملكية بيانات صريحة ونظام سجل (SoR) لكل كيان، وتحقق المراجع بين الخدمات عند الكتابة + إسقاطات مرجعية + مطابقة دورية | قيود سلامة داخل كل مجال: CHECK للكميات والمبالغ، enums/CHECK للحالات، UNIQUE لمفاتيح الأعمال (X1–X4),بافتراض مورد له جهتا اتصال، عندما تُعلَّم الثانية رئيسية، فإن الأولى تفقد صفة الرئيسية. | بافتراض جهة اتصال معطلة، عندما يُعرض ملف المورد، فإنها تظهر كغير نشطة ولا تُحذف.,NOT_IMPLEMENTED,NOT_IMPLEMENTED,P4
REQ-P2P-024,دورة حياة المورد: إضافة، تعديل، أرشفة، استعادة، تصدير؛ دون حذف مادي لمورد له تاريخ,Procure-to-Pay,,BR-P2P-27,[B][C] suppliers/page.tsx (إضافة، تعديل، selectable، تصدير exportFormats؛ bulkActions فارغة),[B][C] POST/PATCH suppliers؛ [C] PATCH /:id/archive (products.suppliers.archive) suppliers.controller.ts:43، GET /export :15؛ لا DELETE [B][C],[C] products suppliers.service.ts:64-75 (أرشفة/استعادة + AuditLog),Supplier.isActive,,,Supplier.isActive + archivedAt/archivedBy/archiveReason؛ منع DELETE على مستوى الصلاحيات وقيود FK RESTRICT من الجداول المرتبطة. (ملكية: Products/C4),DAR-04 | DAR-15,دفتر أستاذ عام موحد واحد داخل nile_accounting: جدولا قيود بشكل واحد، محرك ترحيل واحد، قواعد ترحيل (posting rules) وحسابات رقابية للدفاتر الفرعية | نسخ احتياطي وPITR واستعادة خارج المضيف بأهداف RPO/RTO معتمدة وتمارين استعادة دورية,بافتراض مورد له فواتير، عندما يُؤرشف، فإن فواتيره وحركاته تبقى قابلة للعرض ويُسجل SUPPLIER_ARCHIVED في التدقيق. | بافتراض أي مورد، عندما يُطلب حذفه، فإنه لا يوجد مسار حذف مادي. | بافتراض تحديد 3 موردين، عندما يُصدَّرون، فإن الملف يحوي 3 صفوف فقط.,PARTIAL,PARTIAL,P4
REQ-P2P-025,تغيير حد ائتمان المورد إجراء رقابي بصلاحية منفصلة وسجل تدقيق، لا عبر استيراد عام,Procure-to-Pay,صلاحية منفصلة عن تعديل المورد,BR-P2P-28,[B][C] receive-stock-modal.tsx (تنبيه تجاوز الحد فقط),PATCH /api/products/suppliers/:id/credit-limit [B] suppliers.controller.ts:32 [C] :48,[B] products suppliers.service.ts:65-69؛ [C] :82-86 (تحديث بلا auditLog صريح؛ AuditInterceptor عام فقط),Supplier.creditLimit,,,AuditLog(entity=Supplier، field=creditLimit، before، after، actorId) لكل تغيير. (ملكية: Products/C4),DAR-12 | DAR-20,سجل تدقيق: الأحداث المركزية كسجل أعمال، وسجل تعديلات داخل المعاملة مع before/after، منع التعديل بالصلاحيات، إخفاء البيانات الحساسة | ترحيل البيانات الافتتاحية وتاريخ القطع: دفعة افتتاحية معتمدة بتوقيع وhash، قيود افتتاحية بتاريخ القطع,"بافتراض مستخدم يملك products.suppliers.update فقط، عندما يحاول تعديل الحد، فإن الاستجابة 403. | بافتراض تعديل الحد من 100,000 إلى 150,000، عندما يُحفظ، فإن سجل التدقيق يحمل القيمتين والفاعل والوقت.",PARTIAL,PARTIAL,P3
REQ-P2P-026,دورة شحنة الاستيراد: البيانات والحالات والمستندات والتصاريح الرقابية والسجل الزمني,Procure-to-Pay,—,BR-P2P-32,لا شاشة شحنات [B][C],[C] /api/accounting/import-shipments* mounted=False (pkg/api-inventory.csv)؛ ImportShipmentsModule غير مدرج في apps/accounting/src/app.module.ts:48-50؛ DTO من نوع any,[C] apps/accounting/src/modules/import-shipments/import-shipments.service.ts:6-12 (TRANSITIONS)، :18-27 create (shipmentNumber من العميل)، :45-62 transition,[C] ImportShipment، ImportShipmentLine، ShipmentDocument، RegulatoryClearance، ShipmentStatusEvent (schema_cur),لا أحداث outbox للشحنات [C],لا spec [C],ImportShipment(number UNIQUE من تسلسل، poId FK، status enum، mode، ETD/ETA/ATA، freeTimeEndsAt، forwarder/broker supplierId FK)؛ ImportShipmentLine(poLineId FK، shippedQty، receivedQty، lot، expiry، weight، volume)؛ ShipmentDocument(type enum، number، url، verified)؛ RegulatoryClearance(authority enum، fileNo، decision enum)؛ ShipmentStatusEvent append-only.,DAR-03 | DAR-04 | DAR-06 | DAR-07 | DAR-09 | DAR-10 | DAR-14 | DAR-20,ملكية بيانات صريحة ونظام سجل (SoR) لكل كيان، وتحقق المراجع بين الخدمات عند الكتابة + إسقاطات مرجعية + مطابقة دورية | دفتر أستاذ عام موحد واحد داخل nile_accounting: جدولا قيود بشكل واحد، محرك ترحيل واحد، قواعد ترحيل (posting rules) وحسابات رقابية للدفاتر الفرعية | قيود سلامة داخل كل مجال: CHECK للكميات والمبالغ، enums/CHECK للحالات، UNIQUE لمفاتيح الأعمال (X1–X4) | Outbox لكل حدث يغيّر الحالة + Inbox معاملاتي للمستهلكين + مفتاح idempotency لكل أمر كتابة | سياسة موحدة لحالات المستندات والإلغاء والعكس والإشعارات الدائنة وقفل الفترات على مستوى الترحيل | العملات والدقة والتقريب والترقيم: عملة على كل مستند مالي، دقة موحدة لأسعار الصرف، قاعدة تقريب واحدة Decimal، ترقيم تسلسلي لكل سلسلة داخل المعاملة | حوكمة الترحيل: expand/contract، منع تعديل migration مطبقة، بوابة checksum مقابل الإنتاج، مصفوفة توافق إصدار التطبيق مع الـschema، كشف drift | ترحيل البيانات الافتتاحية وتاريخ القطع: دفعة افتتاحية معتمدة بتوقيع وhash، قيود افتتاحية بتاريخ القطع,بافتراض شحنة PLANNED، عندما يُطلب انتقالها مباشرة إلى RECEIVED، فإن الطلب يُرفض 400. | بافتراض أي انتقال صحيح، عندما يكتمل، فإن صف ShipmentStatusEvent يُضاف بالحالة السابقة والجديدة والفاعل ولا يمكن تعديله. | بافتراض مستخدم بصلاحية accounting.imports.read، عندما يطلب GET /api/accounting/import-shipments، فإن الاستجابة 200 (المسار مسجل). | بافتراض شحنة مرتبطة بأمر شراء، عندما تُعرض، فإن سطورها تشير لسطور الأمر بالكميات المشحونة.,NOT_IMPLEMENTED,NOT_IMPLEMENTED,P1
REQ-P2P-027,بوابات الجمارك والرقابة: لا تقديم جمركي بلا مستندات ولا إفراج مع قرار رقابي معلق أو مرفوض,Procure-to-Pay,,BR-P2P-29 | BR-P2P-30 | BR-P2P-31,,[C] غير مسجل (mounted=False),[C] apps/accounting/src/modules/import-shipments/import-shipments.service.ts:51-54 (فحص الإفراج مقابل PENDING/REJECTED فقط)؛ لا فحص مستندات؛ setRegulatory :68-72 لا يغير الحالة,[C] RegulatoryClearance.decision,,,قواعد مستندات مطلوبة لكل انتقال (جدول إعداد)؛ RegulatoryClearance.decision enum (PENDING، SAMPLE_TAKEN، APPROVED، REJECTED)؛ فحص داخل نفس معاملة الانتقال مع قفل الصف.,DAR-09 | DAR-14,سياسة موحدة لحالات المستندات والإلغاء والعكس والإشعارات الدائنة وقفل الفترات على مستوى الترحيل | حوكمة الترحيل: expand/contract، منع تعديل migration مطبقة، بوابة checksum مقابل الإنتاج، مصفوفة توافق إصدار التطبيق مع الـschema، كشف drift,بافتراض شحنة ARRIVED_PORT بلا قائمة تعبئة، عندما يُطلب CUSTOMS_FILED، فإن الطلب يُرفض. | بافتراض قرار NFSA بحالة PENDING، عندما يُطلب CUSTOMS_RELEASED، فإن الطلب يُرفض. | بافتراض تسجيل قرار EDA = REJECTED، عندما يُحفظ، فإن الشحنة تنتقل إلى HELD ويُسجل حدث.,NOT_IMPLEMENTED,NOT_IMPLEMENTED,P1
REQ-P2P-028,استلام الشحنة لكل سطر إلى الحجر بتشغيلة مرتبطة وidempotent بمفتاح الشحنة والسطر,Procure-to-Pay,,,,,[C] لا كاتب لـImportShipmentLine.receivedQty في apps/accounting/src/modules/import-shipments/import-shipments.service.ts,[C] ImportShipmentLine.receivedQty,,,"مفتاح فريد (shipmentId, shipmentLineId) على حركة الاستلام أو GRNLine؛ batch.shipmentLineId nullable. (الحركة المادية ملك C4)",DAR-06 | DAR-07,قيود سلامة داخل كل مجال: CHECK للكميات والمبالغ، enums/CHECK للحالات، UNIQUE لمفاتيح الأعمال (X1–X4) | Outbox لكل حدث يغيّر الحالة + Inbox معاملاتي للمستهلكين + مفتاح idempotency لكل أمر كتابة,"بافتراض سطر شحنة 500 وحدة، عندما يُستلم مرتين بنفس (shipmentId, lineId)، فإن حركة مخزون واحدة بـ500 تُسجل. | بافتراض استلام سطر، عندما يكتمل، فإن التشغيلة بحالة QUARANTINE وImportShipmentLine.receivedQty=500.",NOT_IMPLEMENTED,NOT_IMPLEMENTED,P2
REQ-P2P-029,حساب وتوزيع التكاليف الواصلة على بنود الشحنة بأنواعها وعملاتها وبدقة القرش,Procure-to-Pay,,BR-P2P-33 | BR-P2P-34,[B][C] apps/web/app/dashboard/fx/page.tsx (تبويب التكاليف),"POST /api/accounting/landed-cost/simulate، /landed-cost [B][C] landed-cost.controller.ts:12,18 (صلاحيات accounting.fx.*)",[B] apps/accounting/src/modules/landed-cost/landed-cost.service.ts:53-127 (Number/float، الباقي لآخر بند :84-87)؛ [C] apps/accounting/src/modules/landed-cost/landed-cost.service.ts:54-85 (Decimal؛ BY_VALUE/QUANTITY/WEIGHT؛ الباقي :70-74)؛ لا lc-mock في النسختين (apps/accounting/src/modules/landed-cost/landed-cost.service.ts [B]:161 [C]:119),LandedCostVoucher (5 مبالغ ثابتة بالجنيه، shipmentReference نص حر، vendorInvoiceId اختياري) [B][C],,"spec exists, not run: landed-cost.service.spec.ts","LandedCostCharge(voucherId، type enum، serviceSupplierId FK، currency، fxRate، amountFx، amountEgp، recoverable bool، status ESTIMATED|ACTUAL)؛ LandedCostItem بـvolume؛ قيد Σ allocated = Σ charges غير المستردة؛ shipmentId FK بدل نص حر؛ Decimal(18,4) لتكلفة الوحدة.",DAR-03 | DAR-04 | DAR-05 | DAR-10 | DAR-19 | DAR-20,ملكية بيانات صريحة ونظام سجل (SoR) لكل كيان، وتحقق المراجع بين الخدمات عند الكتابة + إسقاطات مرجعية + مطابقة دورية | دفتر أستاذ عام موحد واحد داخل nile_accounting: جدولا قيود بشكل واحد، محرك ترحيل واحد، قواعد ترحيل (posting rules) وحسابات رقابية للدفاتر الفرعية | ربط الدفاتر الفرعية (AR/AP/الخزينة/المخزون/الرواتب/المصروفات/العمولات) بالقيود عبر source_type/source_id ومراجع عكسية، وتسويات رقابية | العملات والدقة والتقريب والترقيم: عملة على كل مستند مالي، دقة موحدة لأسعار الصرف، قاعدة تقريب واحدة Decimal، ترقيم تسلسلي لكل سلسلة داخل المعاملة | تقييم المخزون ودفتر المخزون: طبقات تكلفة تغطي كل الحركات (أو متوسط مرجح)، استهلاك مسجل، ربط بـGL | ترحيل البيانات الافتتاحية وتاريخ القطع: دفعة افتتاحية معتمدة بتوقيع وhash، قيود افتتاحية بتاريخ القطع,"بافتراض تكاليف 1,000.00 EGP على 3 بنود بالتساوي في القيمة، عندما تُوزع، فإن المجموع الموزع 1,000.00 بالضبط (333.33، 333.33، 333.34). | بافتراض تكلفة شحن 500 USD بسعر 48.50، عندما تُضاف، فإنها تُحفظ بعملتها وسعرها ومعادلها 24,250.00 EGP. | بافتراض ضريبة استيراد مستردة 14,000، عندما تُوزع التكاليف، فإنها لا تدخل في تكلفة الوحدة. | بافتراض توزيع بالحجم، عندما تُدخل أحجام البنود، فإن الحصة تتناسب مع volume_m3.",PARTIAL,PARTIAL,P1
REQ-P2P-030,ترحيل التكلفة الواصلة (تقديري ← فعلي ← مرحّل) إلى تكلفة التشغيلة وقيود موردي الخدمات,Procure-to-Pay,المرحِّل ≠ المُدخل (مقترح),BR-P2P-35,,لا route ترحيل [B][C],"[B][C] apps/accounting/src/modules/landed-cost/landed-cost.service.ts createVoucher (حفظ قسيمة فقط بلا ترحيل ولا تحديث تكلفة)؛ apps/inventory transactions.service.ts:81,93 (unitCost يدوي من الاستلام)",LandedCostVoucher.status بلا ESTIMATED/ACTUAL؛ Batch بلا تكلفة,لا حدث تغيير تكلفة من المحاسبة,,LandedCostVoucher.status (DRAFT، ESTIMATED، ACTUAL، POSTED، ADJUSTED)، postedAt/By؛ BatchCost(batchId، source LANDED|MANUAL، unitCost، voucherId) append-only؛ مفتاح ترحيل فريد (voucherId)؛ correctionOfVoucherId.,DAR-03 | DAR-04 | DAR-06 | DAR-07 | DAR-14 | DAR-15 | DAR-19,ملكية بيانات صريحة ونظام سجل (SoR) لكل كيان، وتحقق المراجع بين الخدمات عند الكتابة + إسقاطات مرجعية + مطابقة دورية | دفتر أستاذ عام موحد واحد داخل nile_accounting: جدولا قيود بشكل واحد، محرك ترحيل واحد، قواعد ترحيل (posting rules) وحسابات رقابية للدفاتر الفرعية | قيود سلامة داخل كل مجال: CHECK للكميات والمبالغ، enums/CHECK للحالات، UNIQUE لمفاتيح الأعمال (X1–X4) | Outbox لكل حدث يغيّر الحالة + Inbox معاملاتي للمستهلكين + مفتاح idempotency لكل أمر كتابة | حوكمة الترحيل: expand/contract، منع تعديل migration مطبقة، بوابة checksum مقابل الإنتاج، مصفوفة توافق إصدار التطبيق مع الـschema، كشف drift | نسخ احتياطي وPITR واستعادة خارج المضيف بأهداف RPO/RTO معتمدة وتمارين استعادة دورية | تقييم المخزون ودفتر المخزون: طبقات تكلفة تغطي كل الحركات (أو متوسط مرجح)، استهلاك مسجل، ربط بـGL,بافتراض تكلفة واحدة ما زالت ESTIMATED، عندما يُطلب الترحيل، فإنه يُرفض. | بافتراض ترحيل قسيمة لشحنة RECEIVED، عندما يكتمل، فإن تكلفة الوحدة للتشغيلات المرتبطة تساوي finalUnitCostEgp وتُنشأ مستحقات موردي الخدمات بقيمتها. | بافتراض قسيمة مرحّلة، عندما يُطلب تعديل مبلغها، فإن الطلب يُرفض ويُتاح إنشاء قسيمة تصحيحية.,NOT_IMPLEMENTED,NOT_IMPLEMENTED,P1
REQ-P2P-031,واجهات المشتريات: أوامر الشراء، المطابقة، الشحنات (خط زمني/Kanban)، التكاليف الواصلة، ومؤشرات الشحنات,Procure-to-Pay,أزرار حسب الصلاحية,,[B] purchase-orders/page.tsx (874 سطرًا)؛ [C] purchase-orders/page.tsx (880)، matching/page.tsx (35)؛ لا شاشة شحنات [B][C]؛ التكاليف في fx/page.tsx,,,,,,لا متطلب بيانات جديد غير ما في REQ-P2P-004/026/029؛ كتالوج صلاحيات في IAM.,DAR-08 | DAR-09,إطار تسويات رقابية عبر القواعد (الائتمان↔AR، المخزون↔GL، دفتر المورد↔AP، الخزينة↔GL، المبيعات↔الفواتير) | سياسة موحدة لحالات المستندات والإلغاء والعكس والإشعارات الدائنة وقفل الفترات على مستوى الترحيل,بافتراض مستخدم بصلاحية قراءة الشحنات، عندما يفتح شاشة الشحنات، فإنه يرى كل شحنة بحالتها والخط الزمني لانتقالاتها. | بافتراض أمر شراء، عندما تُفتح تفاصيله، فإن الاستلامات والفواتير والمطابقات المرتبطة تظهر. | بافتراض مستخدم بلا صلاحية الإدارة، عندما يفتح شاشة الأوامر، فإن أزرار الإنشاء/الاعتماد/الإلغاء لا تظهر.,PARTIAL,PARTIAL,P3
REQ-P2P-032,طباعة/حفظ أمر الشراء PDF للمورد الأجنبي وفق قالب الشركة,Procure-to-Pay,,,لا طباعة في purchase-orders/page.tsx [B][C],لا route pdf/print,,,,,يحتاج حقول REQ-P2P-004 (العنوان، الشروط، طريقة الشحن)؛ بيانات الشركة من إعدادات الشركة (C8/C5).,DAR-10,العملات والدقة والتقريب والترقيم: عملة على كل مستند مالي، دقة موحدة لأسعار الصرف، قاعدة تقريب واحدة Decimal، ترقيم تسلسلي لكل سلسلة داخل المعاملة,بافتراض أمر معتمد باليورو، عندما يُطبع، فإن المستند يعرض كل حقول قالب الشركة والإجمالي بـEUR. | بافتراض أمر DRAFT، عندما تُطلب طباعته، فإن الطباعة غير متاحة أو موسومة «مسودة».,NOT_IMPLEMENTED,NOT_IMPLEMENTED,P3
REQ-INV-001,سجل المخازن: مخزن مركزي واحد، بلا مخازن وهمية، تعديل وتعطيل منضبط,Inventory / Warehouses,inventory.warehouses.create/update,BR-INV-55,app/dashboard/warehouses/page.tsx [B][C]؛ [C] warehouses/[id] + components/warehouse-management-view.tsx,GET/POST /warehouses، PATCH /warehouses/:id [B][C]؛ /warehouses/export و bins [C],apps/inventory/src/modules/warehouses/warehouses.service.ts:21-46 [B] (PATCH بلا فحص رصيد عند isActive=false)؛ :25-50 [C],apps/inventory/prisma/schema.prisma:47 Warehouse [B][C],لا حدث؛ audit_logs WAREHOUSE_UPDATED,لا spec للمخازن,Warehouse(code فريد، gln فريد اختياري، isActive) مع قيد منطقي: لا isActive=false مع وجود StockBalance.onHand>0 أو InventoryReservation مفتوحة؛ audit لكل تعديل.,DAR-03 | DAR-04 | DAR-06 | DAR-09 | DAR-12,ملكية بيانات صريحة ونظام سجل (SoR) لكل كيان، وتحقق المراجع بين الخدمات عند الكتابة + إسقاطات مرجعية + مطابقة دورية | دفتر أستاذ عام موحد واحد داخل nile_accounting: جدولا قيود بشكل واحد، محرك ترحيل واحد، قواعد ترحيل (posting rules) وحسابات رقابية للدفاتر الفرعية | قيود سلامة داخل كل مجال: CHECK للكميات والمبالغ، enums/CHECK للحالات، UNIQUE لمفاتيح الأعمال (X1–X4) | سياسة موحدة لحالات المستندات والإلغاء والعكس والإشعارات الدائنة وقفل الفترات على مستوى الترحيل | سجل تدقيق: الأحداث المركزية كسجل أعمال، وسجل تعديلات داخل المعاملة مع before/after، منع التعديل بالصلاحيات، إخفاء البيانات الحساسة,AC-INV-001-1: بافتراض مخزن به رصيد onHand=10، عند طلب تعطيله، يرفض النظام بـ409 ويبقى isActive=true. | AC-INV-001-2: بافتراض مخزن بلا رصيد ولا حجوزات، عند تعطيله، يختفي من قوائم الاستلام والتحويل ويُسجّل audit بالقيمة قبل/بعد. | AC-INV-001-3: بافتراض بيانات الشركة الحالية، عند عرض قائمة المخازن، لا يظهر إلا المخزن المركزي الفعلي (لا مواقع تاريخية بلا مخزون).,PARTIAL,PARTIAL,P3
REQ-INV-002,نوع المخزن (رئيسي/مندوب) ومسؤوله، وعهدة المندوب والتحويل إليها والبيع منها,Inventory / Warehouses,إقرار استلام المندوب إن اشترطته العملية (غير محسوم).,BR-INV-52,,,التخصيص لا يقيّد بـ warehouseId/repId: apps/inventory/src/modules/allocation/allocation.engine.ts:75-195 [B]، :83-203 [C],Warehouse بلا custodian: schema.prisma:47-61 [B][C],,,"إما Warehouse.type=REP_CUSTODY + custodianUserId، أو كيان Custody(repId, status) مع StockBalance لكل عهدة؛ قيد: التخصيص لطلب repId يقرأ عهدة نفس المندوب أو الرئيسي فقط؛ ledger بحركتي تحويل.",DAR-03 | DAR-04,ملكية بيانات صريحة ونظام سجل (SoR) لكل كيان، وتحقق المراجع بين الخدمات عند الكتابة + إسقاطات مرجعية + مطابقة دورية | دفتر أستاذ عام موحد واحد داخل nile_accounting: جدولا قيود بشكل واحد، محرك ترحيل واحد، قواعد ترحيل (posting rules) وحسابات رقابية للدفاتر الفرعية,AC-INV-002-1: بافتراض رصيد رئيسي 100، عند تحويل 30 لعهدة المندوب أ ثم بيع 4 منها، يكون الرئيسي 70 وعهدة أ 26 وإجمالي مواقع الشركة 96. | AC-INV-002-2: بافتراض أن للمندوب ب طلبًا، عند محاولة تخصيصه من عهدة المندوب أ، يرفض النظام التخصيص.,NOT_IMPLEMENTED,NOT_IMPLEMENTED,P2
REQ-INV-003,دفتر حركات مخزون append-only وسجل حركات قابل للتدقيق والفلترة,Inventory / Stock ledger,inventory.transactions.read,BR-INV-29 | BR-INV-52,app/dashboard/stock-movements/page.tsx [B][C] (220 سطرًا، متطابق),"GET /transactions بفلاتر batchId,type,actorId,warehouseId,before (cursor) — apps/inventory/src/modules/transactions/transactions.controller.ts:14-20 [B][C]؛ لا فلتر from/to",applySignedDelta + صف الحركة في نفس المعاملة: transactions.service.ts:41-58 [B]، :45-62 [C],InventoryTransaction schema.prisma:109-146 [C] (append-only عدا أعلام reversed),,"spec exists, not run: transactions.service.spec.ts","InventoryTransaction غير قابل للتعديل (عدا reversed*) مع type/reasonCode من قائمة مغلقة، actorId، createdAt بتوقيت الخادم، correlationId، reversalOfId؛ فهارس (warehouseId, createdAt) و(batchId, createdAt).",DAR-03 | DAR-09 | DAR-10 | DAR-11 | DAR-12,ملكية بيانات صريحة ونظام سجل (SoR) لكل كيان، وتحقق المراجع بين الخدمات عند الكتابة + إسقاطات مرجعية + مطابقة دورية | سياسة موحدة لحالات المستندات والإلغاء والعكس والإشعارات الدائنة وقفل الفترات على مستوى الترحيل | العملات والدقة والتقريب والترقيم: عملة على كل مستند مالي، دقة موحدة لأسعار الصرف، قاعدة تقريب واحدة Decimal، ترقيم تسلسلي لكل سلسلة داخل المعاملة | تتبع شامل: correlation_id ومعرّف المستند المصدر على كل حركة وقيد، وسلسلة الدفعة الدوائية من الاستلام حتى العميل | سجل تدقيق: الأحداث المركزية كسجل أعمال، وسجل تعديلات داخل المعاملة مع before/after، منع التعديل بالصلاحيات، إخفاء البيانات الحساسة,AC-INV-003-1: بافتراض أي استلام/صرف/تسوية/تحويل، عند الاستعلام بالـcorrelationId، يظهر صف حركة واحد على الأقل بنفس الكمية الموقعة والفاعل والوقت. | AC-INV-003-2: بافتراض 500 حركة في 60 يومًا، عند فلترة نطاق تاريخ 7 أيام ومخزن محدد، تُعاد فقط حركات النطاق مرقمة بالصفحات مع عرض lotNumber.,PARTIAL,PARTIAL,P2
REQ-INV-004,عرض الأرصدة: الفيزيائي مقابل القابل للبيع حسب المخزن/التشغيلة/الملكية,Inventory / Stock balances,inventory.stock.read,BR-INV-05,app/dashboard/inventory/page.tsx [B][C],GET /stock، /stock/by-warehouse، /stock/summary، /stock/by-product [B][C]؛ فلتر warehouseId و/stock/export [C],apps/inventory/src/modules/stock/stock.service.ts:29 overview [B]؛ :29 مع warehouseId [C],"StockBalance(warehouseId,batchId,ownership) schema.prisma:75-92 [B][C]",,"spec exists, not run: stock.service.spec.ts","StockBalance مفتاح فريد (warehouseId,batchId,ownership) مع onHand≥0، 0≤reserved≤onHand (قيود CHECK مطلوبة)، expiryDate مشتق من Batch.",DAR-03 | DAR-04 | DAR-05 | DAR-06,ملكية بيانات صريحة ونظام سجل (SoR) لكل كيان، وتحقق المراجع بين الخدمات عند الكتابة + إسقاطات مرجعية + مطابقة دورية | دفتر أستاذ عام موحد واحد داخل nile_accounting: جدولا قيود بشكل واحد، محرك ترحيل واحد، قواعد ترحيل (posting rules) وحسابات رقابية للدفاتر الفرعية | ربط الدفاتر الفرعية (AR/AP/الخزينة/المخزون/الرواتب/المصروفات/العمولات) بالقيود عبر source_type/source_id ومراجع عكسية، وتسويات رقابية | قيود سلامة داخل كل مجال: CHECK للكميات والمبالغ، enums/CHECK للحالات، UNIQUE لمفاتيح الأعمال (X1–X4),AC-INV-004-1: بافتراض تشغيلة بها 40 في الحجر و60 في WAREHOUSE منها 10 محجوزة، عند عرض الأرصدة، يظهر الفيزيائي 100 والقابل للبيع 60 والمتاح 50. | AC-INV-004-2: بافتراض منتج تحت نقطة إعادة الطلب، عند تفعيل فلتر «تحت الحد»، يظهر المنتج في النتائج.,PARTIAL,PARTIAL,P3
REQ-INV-005,منع الأرصدة السالبة وسلامة التزامن,Inventory / Stock integrity,—,BR-INV-04,,,transactions.service.ts:41-58 [B]، :45-62 [C]؛ allocation.engine.ts reserveOnce :612-660 [B]، :667-715 [C],لا CHECK على stock_balances في أي migration [B][C] (الوحيد في inventory_cost_layers [C]),,"spec exists, not run: reservation.concurrency.spec.ts، allocation.issue.integration.spec.ts","CHECK (on_hand>=0 AND reserved>=0 AND reserved<=on_hand) على stock_balances وconsignment_stock (available,held,...≥0).",DAR-05 | DAR-06,ربط الدفاتر الفرعية (AR/AP/الخزينة/المخزون/الرواتب/المصروفات/العمولات) بالقيود عبر source_type/source_id ومراجع عكسية، وتسويات رقابية | قيود سلامة داخل كل مجال: CHECK للكميات والمبالغ، enums/CHECK للحالات، UNIQUE لمفاتيح الأعمال (X1–X4),AC-INV-005-1: بافتراض رصيد غير محجوز 100، عند 32 طلب خصم متزامن بـ10 لكل منها، ينجح 10 بالضبط ويُرفض 22 والرصيد النهائي 0. | AC-INV-005-2: عند تشغيل استعلام stock_balances WHERE on_hand<0 OR reserved<0 OR reserved>on_hand، تكون النتيجة 0 صفوف.,IMPLEMENTED,IMPLEMENTED,P1
REQ-INV-006,معادلة مطابقة المخزون ومهمة المطابقة الليلية,Inventory / Reconciliation,—,BR-INV-51 | BR-INV-52,,,apps/inventory/src/modules/jobs/inventory-jobs.ts:27 (cron) و:67-74 (الصيغة تحسب RECEIPT وQUARANTINE_IN معًا) [B][C],,—,"spec exists, not run: inventory-jobs.spec.ts (يحاكي SQL)",تصنيف إشارة لكل نوع حركة (signed/negated/neutral) محفوظ كبيانات مرجعية؛ أعمدة pool على الحركة لتمكين مطابقة لكل حوض.,DAR-03 | DAR-08 | DAR-13 | DAR-20,ملكية بيانات صريحة ونظام سجل (SoR) لكل كيان، وتحقق المراجع بين الخدمات عند الكتابة + إسقاطات مرجعية + مطابقة دورية | إطار تسويات رقابية عبر القواعد (الائتمان↔AR، المخزون↔GL، دفتر المورد↔AP، الخزينة↔GL، المبيعات↔الفواتير) | نموذج تقارير على مرحلتين: تجميعات SQL داخل الخدمة الآن، ثم read model للتقارير عند الحاجة؛ القوائم المالية من GL فقط | ترحيل البيانات الافتتاحية وتاريخ القطع: دفعة افتتاحية معتمدة بتوقيع وhash، قيود افتتاحية بتاريخ القطع,AC-INV-006-1: بافتراض استلام 100 إلى الحجر ثم إفراج، عند تشغيل المطابقة، لا يُبلَّغ عن أي انحراف لتلك التشغيلة. | AC-INV-006-2: بافتراض تعديل يدوي مباشر لـon_hand بـ+5 خارج النظام، عند تشغيل المطابقة، يظهر انحراف 5 للتشغيلة/المخزن المعني.,PARTIAL,PARTIAL,P2
REQ-INV-007,الاستلام إلى حوض الحجر افتراضيًا والاستلام المفرج بصلاحية خاصة,Inventory / Receiving,inventory.transactions.create؛ receive-released للحوض المفرج,BR-INV-01,components/receive-stock-modal.tsx [B][C] (C يضيف ربط PO اختياري),POST /transactions/goods-receipt [B][C],transactions.service.ts:60-110 [B]؛ :64-123 [C] (طبقة تكلفة + outbox),StockBalance.ownership QUARANTINE schema.prisma:75 [B][C],GoodsReceived: نشر مباشر [B] transactions.service.ts:93-108؛ outbox [C] :107-117,"spec exists, not run: transactions.service.spec.ts",GoodsReceipt (رأس/سطور مستقبلًا) مرتبط بـbatchId صالح في Products مع productId مطابق؛ expiryDate من Batch لا من العميل؛ ledger RECEIPT+QUARANTINE_IN بنفس correlationId.,DAR-03 | DAR-11 | DAR-14,ملكية بيانات صريحة ونظام سجل (SoR) لكل كيان، وتحقق المراجع بين الخدمات عند الكتابة + إسقاطات مرجعية + مطابقة دورية | تتبع شامل: correlation_id ومعرّف المستند المصدر على كل حركة وقيد، وسلسلة الدفعة الدوائية من الاستلام حتى العميل | حوكمة الترحيل: expand/contract، منع تعديل migration مطبقة، بوابة checksum مقابل الإنتاج، مصفوفة توافق إصدار التطبيق مع الـschema، كشف drift,AC-INV-007-1: بافتراض استلام 100 بلا تحديد pool، عند الاستعلام، يكون رصيد QUARANTINE=100 وWAREHOUSE=0 وتوجد حركتا RECEIPT وQUARANTINE_IN. | AC-INV-007-2: بافتراض مستخدم بلا receive-released، عند طلب pool=WAREHOUSE، يرد النظام 403 ولا يتغير أي رصيد. | AC-INV-007-3: بافتراض تشغيلة مُفرج عنها مسبقًا، عند استلام كمية إضافية لها، تُنقل الكمية إلى حوض البيع آليًا أو تُعرض في طابور إجراء (لا تبقى مخفية في الحجر).,IMPLEMENTED,IMPLEMENTED,P1
REQ-INV-008,إنفاذ الحجر من الخادم: فقط حوض WAREHOUSE قابل للتخصيص,Inventory / Allocation,—,BR-INV-02 | BR-INV-09,,,allocation.engine.ts:147-148 [B]، :155-156 [C] (ownership WAREHOUSE)؛ applySignedDelta WAREHOUSE فقط transactions.service.ts:42 [B]، :46 [C],,,"spec exists, not run: allocation.batch-policy.spec.ts، quarantine.service.spec.ts","ownership enum مغلق؛ التخصيص مقيد على ownership=WAREHOUSE بفهرس (productId, ownership, expiryDate).",DAR-03 | DAR-04 | DAR-17,ملكية بيانات صريحة ونظام سجل (SoR) لكل كيان، وتحقق المراجع بين الخدمات عند الكتابة + إسقاطات مرجعية + مطابقة دورية | دفتر أستاذ عام موحد واحد داخل nile_accounting: جدولا قيود بشكل واحد، محرك ترحيل واحد، قواعد ترحيل (posting rules) وحسابات رقابية للدفاتر الفرعية | فهارس مبنية على أنماط الاستعلام (X6–X15) مشروطة بقياسات EXPLAIN/pg_stat_statements,AC-INV-008-1: بافتراض تشغيلة رصيدها 100 في QUARANTINE فقط، عند معاينة التخصيص لطلب بـ10، لا تظهر التشغيلة ويفشل التخصيص بنقص. | AC-INV-008-2: بافتراض 20 في WAREHOUSE منها 5 محجوزة، عند إعادة الحجر، ينتقل 15 فقط ويبقى 5 محجوزًا ويُنشر QuarantineBlockedReservations.,IMPLEMENTED,IMPLEMENTED,P1
REQ-INV-009,عدم تكرار الاستلام (Idempotency لكل طلب استلام),Inventory / Receiving,—,BR-INV-49,,POST /transactions/goods-receipt,apps/inventory/src/modules/transactions/dto/goods-receipt.dto.ts (لا مفتاح) [B][C]؛ مقارنة: transfers تتطلب idempotencyKey transfers.service.ts:51,,,,عمود idempotency_key فريد على رأس الاستلام/الحركة مع hash الحمولة.,DAR-04 | DAR-05 | DAR-06 | DAR-07,دفتر أستاذ عام موحد واحد داخل nile_accounting: جدولا قيود بشكل واحد، محرك ترحيل واحد، قواعد ترحيل (posting rules) وحسابات رقابية للدفاتر الفرعية | ربط الدفاتر الفرعية (AR/AP/الخزينة/المخزون/الرواتب/المصروفات/العمولات) بالقيود عبر source_type/source_id ومراجع عكسية، وتسويات رقابية | قيود سلامة داخل كل مجال: CHECK للكميات والمبالغ، enums/CHECK للحالات، UNIQUE لمفاتيح الأعمال (X1–X4) | Outbox لكل حدث يغيّر الحالة + Inbox معاملاتي للمستهلكين + مفتاح idempotency لكل أمر كتابة,AC-INV-009-1: بافتراض طلب استلام 50 بمفتاح K، عند إعادة إرساله بنفس المفتاح، يبقى الرصيد +50 مرة واحدة ويوجد حدث GoodsReceived واحد. | AC-INV-009-2: عند إرسال المفتاح K بكمية مختلفة، يرد النظام 409 دون أي حركة.,NOT_IMPLEMENTED,NOT_IMPLEMENTED,P1
REQ-INV-010,خانة «عدد التالف» لكل سطر استلام,Inventory / Receiving,أمين المخزن,,receive-stock-modal.tsx بلا خانة تالف [B][C],,goods-receipt.dto.ts بلا damagedQty [B][C],,,,سطر استلام بحقل damagedQty مع قيد 0≤damagedQty≤quantity وحركة QUARANTINE→DAMAGED مرتبطة.,DAR-04,دفتر أستاذ عام موحد واحد داخل nile_accounting: جدولا قيود بشكل واحد، محرك ترحيل واحد، قواعد ترحيل (posting rules) وحسابات رقابية للدفاتر الفرعية,AC-INV-010-1: بافتراض استلام 100 منها 3 تالفة، عند الحفظ، يصبح QUARANTINE=97 وDAMAGED=3 وكلاهما مرتبط بنفس سطر الاستلام. | AC-INV-010-2: عند إدخال damagedQty=101 لكمية 100، يُرفض الطلب 400.,NOT_IMPLEMENTED,NOT_IMPLEMENTED,P2
REQ-INV-011,سجل التشغيلات ودورة حياتها وإنشاؤها وتصحيح بياناتها,Quality / Batches,products.batches.create/update,BR-INV-53 | BR-INV-54,app/dashboard/batches/page.tsx [B] بلا زر إنشاء؛ [C] زر «تشغيلة جديدة» :123 + components/create-batch-modal.tsx,POST /batches؛ لا PATCH /batches/:id [B][C] — batches.controller.ts:14-40,apps/products/src/modules/batches/batches.service.ts:47 create [B][C],"Batch @@unique([productId, lotNumber]) apps/products/prisma/schema.prisma:224 [B][C]",BatchCreated,"spec exists, not run: batches.service.spec.ts","Batch(productId, lotNumber) فريد؛ آلة حالات مقيدة بتحديث شرطي؛ نسخة/version للتصحيح مع audit قبل/بعد؛ المخزون يشتق expiryDate من Batch.",DAR-03 | DAR-04 | DAR-06 | DAR-07 | DAR-11 | DAR-12 | DAR-14 | DAR-15,ملكية بيانات صريحة ونظام سجل (SoR) لكل كيان، وتحقق المراجع بين الخدمات عند الكتابة + إسقاطات مرجعية + مطابقة دورية | دفتر أستاذ عام موحد واحد داخل nile_accounting: جدولا قيود بشكل واحد، محرك ترحيل واحد، قواعد ترحيل (posting rules) وحسابات رقابية للدفاتر الفرعية | قيود سلامة داخل كل مجال: CHECK للكميات والمبالغ، enums/CHECK للحالات، UNIQUE لمفاتيح الأعمال (X1–X4) | Outbox لكل حدث يغيّر الحالة + Inbox معاملاتي للمستهلكين + مفتاح idempotency لكل أمر كتابة | تتبع شامل: correlation_id ومعرّف المستند المصدر على كل حركة وقيد، وسلسلة الدفعة الدوائية من الاستلام حتى العميل | سجل تدقيق: الأحداث المركزية كسجل أعمال، وسجل تعديلات داخل المعاملة مع before/after، منع التعديل بالصلاحيات، إخفاء البيانات الحساسة | حوكمة الترحيل: expand/contract، منع تعديل migration مطبقة، بوابة checksum مقابل الإنتاج، مصفوفة توافق إصدار التطبيق مع الـschema، كشف drift | نسخ احتياطي وPITR واستعادة خارج المضيف بأهداف RPO/RTO معتمدة وتمارين استعادة دورية,"AC-INV-011-1: بافتراض تشغيلة (P1, L1) موجودة، عند إنشاء (P1, L1) مرة أخرى، يرفض النظام بتعارض. | AC-INV-011-2: بافتراض تشغيلة في QUARANTINE بلا حركات، عند تصحيح تاريخ الانتهاء، يُحفظ ويُنشر BatchUpdated ويتحدث expiryDate في أرصدة المخزون. | AC-INV-011-3: بافتراض تشغيلة لها حركة استلام، عند محاولة التصحيح، يُرفض 400.",PARTIAL,PARTIAL,P2
REQ-INV-012,سجل فحص الجودة (QC) لكل تشغيلة وتعديله في الحجر فقط,Quality / QC,products.batches.qc,BR-INV-07,components/quality/qc-drawer.tsx [B][C],GET/POST /batches/:id/qc، PATCH /batches/:id/qc/:qcId [B][C],batches.service.ts:99-140 (تجميد :122) [B][C],BatchQcRecord apps/products/prisma/schema.prisma [B][C],,"spec exists, not run: batches.qc.spec.ts",BatchQcRecord غير قابل للتعديل بعد القرار؛ مرفقات في تخزين آمن؛ حقل regulatoryReleaseRef اختياري.,DAR-04 | DAR-12 | DAR-13 | DAR-14,دفتر أستاذ عام موحد واحد داخل nile_accounting: جدولا قيود بشكل واحد، محرك ترحيل واحد، قواعد ترحيل (posting rules) وحسابات رقابية للدفاتر الفرعية | سجل تدقيق: الأحداث المركزية كسجل أعمال، وسجل تعديلات داخل المعاملة مع before/after، منع التعديل بالصلاحيات، إخفاء البيانات الحساسة | نموذج تقارير على مرحلتين: تجميعات SQL داخل الخدمة الآن، ثم read model للتقارير عند الحاجة؛ القوائم المالية من GL فقط | حوكمة الترحيل: expand/contract، منع تعديل migration مطبقة، بوابة checksum مقابل الإنتاج، مصفوفة توافق إصدار التطبيق مع الـschema، كشف drift,AC-INV-012-1: بافتراض تشغيلة RELEASED، عند تعديل سجل QC لها، يرد النظام 409 «frozen». | AC-INV-012-2: بافتراض سجل QC، عند حفظه، تُحفظ coaNumber وlabName وresult وdecidedBy وdecidedAt.,PARTIAL,PARTIAL,P2
REQ-INV-013,إفراج/رفض التشغيلة بقرار جودة موثق,Quality / Release,products.batches.release؛ products.batches.qc؛ توقيع QC_RELEASE,BR-INV-06 | BR-INV-08,,POST /batches/:id/release|reject [B][C],batches.service.ts:145-198 [B][C]؛ env.qc.releaseRequiresQc افتراضي true في الإنتاج apps/products/src/config/env.ts:66,,BatchReleased/BatchRejected نشر مباشر بعد التحديث,"spec exists, not run: batches.qc.spec.ts",Batch.status بآلة حالات وتحديث شرطي؛ releasedBy/At، rejectedReason، qcRecordId المرجعي، signatureId صالح في IAM؛ outbox للحدث في نفس المعاملة.,DAR-03 | DAR-07 | DAR-12 | DAR-14 | DAR-15,ملكية بيانات صريحة ونظام سجل (SoR) لكل كيان، وتحقق المراجع بين الخدمات عند الكتابة + إسقاطات مرجعية + مطابقة دورية | Outbox لكل حدث يغيّر الحالة + Inbox معاملاتي للمستهلكين + مفتاح idempotency لكل أمر كتابة | سجل تدقيق: الأحداث المركزية كسجل أعمال، وسجل تعديلات داخل المعاملة مع before/after، منع التعديل بالصلاحيات، إخفاء البيانات الحساسة | حوكمة الترحيل: expand/contract، منع تعديل migration مطبقة، بوابة checksum مقابل الإنتاج، مصفوفة توافق إصدار التطبيق مع الـschema، كشف drift | نسخ احتياطي وPITR واستعادة خارج المضيف بأهداف RPO/RTO معتمدة وتمارين استعادة دورية,AC-INV-013-1: بافتراض تشغيلة بلا سجل PASS وQC_RELEASE_REQUIRES_QC=true، عند الإفراج، يرد 400 ولا تتغير الحالة. | AC-INV-013-2: بافتراض سجل PASS، عند الإفراج، تصبح RELEASED وتسجل releasedBy/releasedAt وتظهر الكمية في التخصيص خلال 60 ثانية. | AC-INV-013-3: بافتراض QC_RELEASE_REQUIRES_SIGNATURE=true، عند الإفراج بلا signatureId، يرد 400.,IMPLEMENTED,IMPLEMENTED,P1
REQ-INV-014,قرارات الجودة تحرك المخزون بين الأحواض تلقائيًا,Quality / Quarantine,النقل اليدوي بـreceive-released,BR-INV-09 | BR-INV-10,,,reservation.listener.ts:410-453 [B][C] (متطابق)؛ quarantine.service.ts:46-93 [B][C]؛ sales traceability.service.ts:135-194 [B][C],,QuarantineBlockedReservations,"spec exists, not run: reservation.listener.spec.ts، quarantine.service.spec.ts","حركات QUARANTINE_IN/RELEASE/REJECT بنفس correlationId؛ BlockedBatch(batchId, reason∈{RECALL,QUARANTINE,EXPIRED,REJECTED}) في المخزون والمبيعات.",DAR-03 | DAR-07 | DAR-11 | DAR-14,ملكية بيانات صريحة ونظام سجل (SoR) لكل كيان، وتحقق المراجع بين الخدمات عند الكتابة + إسقاطات مرجعية + مطابقة دورية | Outbox لكل حدث يغيّر الحالة + Inbox معاملاتي للمستهلكين + مفتاح idempotency لكل أمر كتابة | تتبع شامل: correlation_id ومعرّف المستند المصدر على كل حركة وقيد، وسلسلة الدفعة الدوائية من الاستلام حتى العميل | حوكمة الترحيل: expand/contract، منع تعديل migration مطبقة، بوابة checksum مقابل الإنتاج، مصفوفة توافق إصدار التطبيق مع الـschema، كشف drift,AC-INV-014-1: بافتراض 20 في WAREHOUSE منها 5 محجوزة، عند BatchQuarantined، يصبح QUARANTINE=15 وWAREHOUSE=5 محجوزة، ويتحول الأمر الحامل إلى ON_HOLD_RECALL. | AC-INV-014-2: بافتراض BatchRejected، عند المعالجة، يصبح رصيد الحجر صفرًا وDAMAGED بنفس الكمية مع سبب QC_REJECT. | AC-INV-014-3: عند إعادة تسليم نفس حدث الإفراج، لا تتغير الأرصدة مرة ثانية.,IMPLEMENTED,IMPLEMENTED,P1
REQ-INV-015,طابور الحجر الصحي والنقل اليدوي بين الأحواض في الواجهة,Quality / Quarantine,products.batches.qc/release؛ inventory.transactions.receive-released للنقل,,app/dashboard/batches/page.tsx + components/quality/qc-drawer.tsx؛ moveBatchPool في app/dashboard/inventory/page.tsx:1178 [B]، :1206 [C],GET /batches/quarantine-queue؛ GET /quarantine/summary؛ POST /quarantine/:batchId/move [B][C],,,,,—,DAR-04 | DAR-13,دفتر أستاذ عام موحد واحد داخل nile_accounting: جدولا قيود بشكل واحد، محرك ترحيل واحد، قواعد ترحيل (posting rules) وحسابات رقابية للدفاتر الفرعية | نموذج تقارير على مرحلتين: تجميعات SQL داخل الخدمة الآن، ثم read model للتقارير عند الحاجة؛ القوائم المالية من GL فقط,AC-INV-015-1: بافتراض 3 تشغيلات في الحجر، عند فتح الطابور، تظهر الثلاث بأيام البقاء وآخر نتيجة QC. | AC-INV-015-2: بافتراض مستخدم بصلاحية receive-released، عند نقل تشغيلة DAMAGED→QUARANTINE بملاحظة، تظهر حركتان وتُحدّث الأرصدة.,PARTIAL,PARTIAL,P3
REQ-INV-016,نشر أحداث قرارات الحجر (إفراج/رفض) لتبني عليها المحاسبة والكميات,Quality / Quarantine → Accounting,—,,,,"quarantine.service.ts:46-93 لا publish [B][C]؛ المحاسبة تستهلك GoodsReceived وSupplierReturnCreated فقط saga-listener.service.ts:290,298 [B]، :318,361 [C]",,,,"حدث بمفتاح (batchId, decisionId) idempotent، يحمل supplierId وreceiptRef وكمية وقيمة؛ outbox.",DAR-03 | DAR-07 | DAR-14,ملكية بيانات صريحة ونظام سجل (SoR) لكل كيان، وتحقق المراجع بين الخدمات عند الكتابة + إسقاطات مرجعية + مطابقة دورية | Outbox لكل حدث يغيّر الحالة + Inbox معاملاتي للمستهلكين + مفتاح idempotency لكل أمر كتابة | حوكمة الترحيل: expand/contract، منع تعديل migration مطبقة، بوابة checksum مقابل الإنتاج، مصفوفة توافق إصدار التطبيق مع الـschema، كشف drift,AC-INV-016-1: بافتراض استلام 100 قُيّد عنه AP، عند رفض QC للتشغيلة، يُنشر حدث يحمل الكمية والمورد ومرجع الاستلام ويظهر في سجل المحاسبة خلال دقيقة. | AC-INV-016-2: بافتراض عقد الأحداث، عند مراجعته، فإن كل حدث جودة موثق له منتِج فعلي في الكود أو موسوم «مخطط غير منفذ».,NOT_IMPLEMENTED,NOT_IMPLEMENTED,P1
REQ-INV-017,تحميل الرصيد الافتتاحي بجرد فعلي عبر إيصالات استلام لكل تشغيلة (لا استيراد أرصدة),Inventory / Go-live,الجودة للإفراج,BR-INV-01,,لا مسار استيراد أرصدة في inventory (pkg/api-inventory.csv) [B][C]؛ POST /transactions/goods-receipt,transactions.service.ts:60 [B]، :64 [C],,,,كل رصيد له أصل في الدفتر (RECEIPT)؛ لا جداول مرحلية للاستيراد.,DAR-12 | DAR-20,سجل تدقيق: الأحداث المركزية كسجل أعمال، وسجل تعديلات داخل المعاملة مع before/after، منع التعديل بالصلاحيات، إخفاء البيانات الحساسة | ترحيل البيانات الافتتاحية وتاريخ القطع: دفعة افتتاحية معتمدة بتوقيع وhash، قيود افتتاحية بتاريخ القطع,AC-INV-017-1: بعد التحميل الافتتاحي، لكل StockBalance>0 توجد حركة RECEIPT مرتبطة بتشغيلة صالحة في Products بنفس المنتج والصلاحية. | AC-INV-017-2: لا يوجد أي endpoint لاستيراد أرصدة مخزون بالجملة (فحص قائمة المسارات).,IMPLEMENTED,IMPLEMENTED,P1
REQ-INV-018,شاشة الاستلام وسجل الاستلامات,Inventory / Receiving,inventory.transactions.create,,"app/dashboard/receiving/page.tsx (480 سطرًا، متطابق [B][C]) مع فلاتر مخزن/حوض/أيام :79,138,303",GET /transactions?type=RECEIPT؛ POST /transactions/goods-receipt,,,,,supplierId مفهرس على حركة RECEIPT أو رأس GRN.,DAR-03 | DAR-17,ملكية بيانات صريحة ونظام سجل (SoR) لكل كيان، وتحقق المراجع بين الخدمات عند الكتابة + إسقاطات مرجعية + مطابقة دورية | فهارس مبنية على أنماط الاستعلام (X6–X15) مشروطة بقياسات EXPLAIN/pg_stat_statements,AC-INV-018-1: بافتراض استلام جديد، عند الحفظ، يظهر في سجل الاستلام خلال 5 ثوانٍ بحالة «تحت الحجر». | AC-INV-018-2: عند فلترة السجل بمورد ومخزن ونطاق 30 يومًا، تظهر فقط الاستلامات المطابقة.,IMPLEMENTED,IMPLEMENTED,P3
REQ-INV-019,تخصيص FEFO على التشغيلات (الأمانة أولًا) مع استبعاد المنتهي والمحظور,Inventory / Allocation,—,BR-INV-02 | BR-INV-03,معاينة التخصيص في تفاصيل الأمر,POST /allocation/preview، /validate-batch,allocation.engine.ts:75-195 [B]، :83-203 [C],sales OrderLineAllocation؛ InventoryReservation schema.prisma:174 [B]، :190 [C],,"spec exists, not run: allocation.batch-policy.spec.ts","InventoryReservation(orderId, batchId, warehouseId, source, quantity, expiryDate snapshot)؛ BlockedBatch مفحوص داخل المعاملة.",DAR-03 | DAR-11,ملكية بيانات صريحة ونظام سجل (SoR) لكل كيان، وتحقق المراجع بين الخدمات عند الكتابة + إسقاطات مرجعية + مطابقة دورية | تتبع شامل: correlation_id ومعرّف المستند المصدر على كل حركة وقيد، وسلسلة الدفعة الدوائية من الاستلام حتى العميل,AC-INV-019-1: بافتراض تشغيلتين تنتهيان 2027-01 و2026-12 في WAREHOUSE، عند طلب 10، يُخصص من تشغيلة 2026-12 أولًا. | AC-INV-019-2: بافتراض أمانة للعميل من نفس المنتج، عند طلبه، تُستهلك الأمانة قبل المخزن. | AC-INV-019-3: بافتراض requestedBatchId لتشغيلة مستدعاة، عند التخصيص، يرفض الخادم ويُسجل audit.,IMPLEMENTED,IMPLEMENTED,P1
REQ-INV-020,حجز المخزون لكل أمر مع منع البيع المزدوج ومصدر حجز وحيد,Inventory / Reservation,—,BR-INV-04,,,reservation.listener.ts:179-341 [B][C]؛ allocation.engine.ts reserve :596-660 [B]، :651-715 [C],,StockReserved/StockReservationFailed,"spec exists, not run: reservation.concurrency.spec.ts، reservation.listener.spec.ts","InventoryReservation بحالة صريحة (OPEN/ISSUED/RELEASED) بدل علمين؛ unique(orderId, orderLineId, batchId).",DAR-03 | DAR-06 | DAR-07 | DAR-14,ملكية بيانات صريحة ونظام سجل (SoR) لكل كيان، وتحقق المراجع بين الخدمات عند الكتابة + إسقاطات مرجعية + مطابقة دورية | قيود سلامة داخل كل مجال: CHECK للكميات والمبالغ، enums/CHECK للحالات، UNIQUE لمفاتيح الأعمال (X1–X4) | Outbox لكل حدث يغيّر الحالة + Inbox معاملاتي للمستهلكين + مفتاح idempotency لكل أمر كتابة | حوكمة الترحيل: expand/contract، منع تعديل migration مطبقة، بوابة checksum مقابل الإنتاج، مصفوفة توافق إصدار التطبيق مع الـschema، كشف drift,AC-INV-020-1: بافتراض 10 وحدات وأمرين متزامنين بـ10، عند الحجز، ينجح أحدهما فقط ويُنشر Failed للآخر. | AC-INV-020-2: بافتراض أمر ملغى، عند وصول StockReserved متأخر، تبقى حالته CANCELLED ويُحرر أي حجز.,PARTIAL,PARTIAL,P1
REQ-INV-021,صرف المخزون الفعلي عند الشحن (وعند الفاتورة المباشرة),Inventory / Issue,—,BR-INV-21,,,allocation.engine.ts issue :712-760 [B]، :767-831 [C]؛ issueDirect :277-487 [B]، :285-541 [C]؛ accounting invoices.service.ts:314 [B]، :316 [C] تستدعي issue-direct,,OrderMarkedShipped (sales orders.service.ts:1212 [B]، :1242 [C])؛ StockIssued [C] للمباشرة فقط,"spec exists, not run: allocation.issue.integration.spec.ts، direct-invoice-stock.spec.ts",حركة ISSUE مرتبطة بـreservationId/orderId، كمية وتكلفة؛ تحديث شرطي على issuedAt IS NULL.,DAR-19,تقييم المخزون ودفتر المخزون: طبقات تكلفة تغطي كل الحركات (أو متوسط مرجح)، استهلاك مسجل، ربط بـGL,AC-INV-021-1: بافتراض onHand=100 وreserved=10 لأمر، عند الشحن، يصبح onHand=90 وreserved=0 مع حركة ISSUE واحدة بمرجع الأمر. | AC-INV-021-2: عند إعادة تسليم حدث الشحن، لا تتغير الأرصدة. | AC-INV-021-3: بافتراض فاتورة مباشرة بـ5، عند الحفظ، ينقص onHand بـ5 بحركة ISSUE مرتبطة بمفتاح الفاتورة.,IMPLEMENTED,IMPLEMENTED,P1
REQ-INV-022,تحرير الحجز عند إلغاء الأمر (بما فيه بعد التخصيص),Inventory / Reservation,—,BR-INV-23,,,allocation.engine.ts release :663-700 [B]، :718-745 [C]؛ reservation.listener.ts:100-114 [B][C]؛ sales orders.service.ts cancel :1283 [B]، :1313 [C],,StockReleased,"spec exists, not run: reservation.listener.spec.ts",تحرير بتحديث شرطي داخل Serializable؛ سبب الإلغاء محفوظ على الحجز.,DAR-05 | DAR-09 | DAR-14,ربط الدفاتر الفرعية (AR/AP/الخزينة/المخزون/الرواتب/المصروفات/العمولات) بالقيود عبر source_type/source_id ومراجع عكسية، وتسويات رقابية | سياسة موحدة لحالات المستندات والإلغاء والعكس والإشعارات الدائنة وقفل الفترات على مستوى الترحيل | حوكمة الترحيل: expand/contract، منع تعديل migration مطبقة، بوابة checksum مقابل الإنتاج، مصفوفة توافق إصدار التطبيق مع الـschema، كشف drift,AC-INV-022-1: بافتراض أمر ALLOCATED بحجز 10، عند إلغائه، يقل reserved بـ10 خلال دقيقة ويُنشر StockReleased بعدد 1. | AC-INV-022-2: بافتراض إلغاء وشحن متزامنين لنفس الأمر، لا يصبح reserved سالبًا أبدًا.,IMPLEMENTED,IMPLEMENTED,P1
REQ-INV-023,الحجوزات الراكدة: اكتشاف وتنبيه بلا إفراج تلقائي,Inventory / Reservation,إفراج يدوي بعد مراجعة المبيعات والمحاسبة,BR-INV-19 | BR-INV-20,,,"apps/inventory/src/modules/jobs/inventory-jobs.ts:9-16,25,94,127-134 [B][C]",,StaleReservationsDetected,"spec exists, not run: inventory-jobs.spec.ts","InventoryReservation.staleFlaggedAt + exceptionStatus؛ سجل قرار الإفراج اليدوي (actor, reason, orderStatusChecked, invoiceStatusChecked).",DAR-05 | DAR-06 | DAR-11 | DAR-12 | DAR-14 | DAR-17,ربط الدفاتر الفرعية (AR/AP/الخزينة/المخزون/الرواتب/المصروفات/العمولات) بالقيود عبر source_type/source_id ومراجع عكسية، وتسويات رقابية | قيود سلامة داخل كل مجال: CHECK للكميات والمبالغ، enums/CHECK للحالات، UNIQUE لمفاتيح الأعمال (X1–X4) | تتبع شامل: correlation_id ومعرّف المستند المصدر على كل حركة وقيد، وسلسلة الدفعة الدوائية من الاستلام حتى العميل | سجل تدقيق: الأحداث المركزية كسجل أعمال، وسجل تعديلات داخل المعاملة مع before/after، منع التعديل بالصلاحيات، إخفاء البيانات الحساسة | حوكمة الترحيل: expand/contract، منع تعديل migration مطبقة، بوابة checksum مقابل الإنتاج، مصفوفة توافق إصدار التطبيق مع الـschema، كشف drift | فهارس مبنية على أنماط الاستعلام (X6–X15) مشروطة بقياسات EXPLAIN/pg_stat_statements,AC-INV-023-1: بافتراض حجز مفتوح عمره 73 ساعة، عند تشغيل المهمة، يظهر في التقرير ويبقى reserved دون تغيير. | AC-INV-023-2: بافتراض حجز لأمر INVOICED، عند محاولة إفراج يدوي، يطلب النظام تأكيد مراجعة الفاتورة ويسجل audit وStockReleased.,PARTIAL,PARTIAL,P2
REQ-INV-024,التحويل بين المخازن (ذري، تشغيلة محددة، idempotent، مُدقق),Inventory / Transfers,inventory.transfers.create,BR-INV-31,app/dashboard/inventory/page.tsx:65-72 تعليق «Inter-warehouse transfers are enabled» [B][C],GET/POST /transfers [B][C],apps/inventory/src/modules/transfers/transfers.service.ts:48-121 [B][C],Transfer schema.prisma:216 [B]، :232 [C],StockTransferred (نشر مباشر),"spec exists, not run: transfers.service.spec.ts، transfers.controller.spec.ts",Transfer(idempotencyKey فريد + payloadHash)، فحص Warehouse.isActive للطرفين، نقل طبقات التكلفة مع الكمية.,DAR-04 | DAR-06 | DAR-07 | DAR-11 | DAR-12 | DAR-14 | DAR-19,دفتر أستاذ عام موحد واحد داخل nile_accounting: جدولا قيود بشكل واحد، محرك ترحيل واحد، قواعد ترحيل (posting rules) وحسابات رقابية للدفاتر الفرعية | قيود سلامة داخل كل مجال: CHECK للكميات والمبالغ، enums/CHECK للحالات، UNIQUE لمفاتيح الأعمال (X1–X4) | Outbox لكل حدث يغيّر الحالة + Inbox معاملاتي للمستهلكين + مفتاح idempotency لكل أمر كتابة | تتبع شامل: correlation_id ومعرّف المستند المصدر على كل حركة وقيد، وسلسلة الدفعة الدوائية من الاستلام حتى العميل | سجل تدقيق: الأحداث المركزية كسجل أعمال، وسجل تعديلات داخل المعاملة مع before/after، منع التعديل بالصلاحيات، إخفاء البيانات الحساسة | حوكمة الترحيل: expand/contract، منع تعديل migration مطبقة، بوابة checksum مقابل الإنتاج، مصفوفة توافق إصدار التطبيق مع الـschema، كشف drift | تقييم المخزون ودفتر المخزون: طبقات تكلفة تغطي كل الحركات (أو متوسط مرجح)، استهلاك مسجل، ربط بـGL,AC-INV-024-1: بافتراض 50 متاحة في المصدر، عند تحويل 20، يصبح المصدر 30 والوجهة 20 بحركتين بنفس correlationId. | AC-INV-024-2: بافتراض مخزن وجهة معطل، عند التحويل إليه، يُرفض 409. | AC-INV-024-3: عند إعادة نفس idempotencyKey بكمية مختلفة، يُرفض 409 بدل إعادة الأصل بصمت.,IMPLEMENTED,PARTIAL,P3
REQ-INV-025,دورة حياة التحويل (مسودة→اعتماد→إرسال→في الطريق→استلام جزئي→مكتمل),Inventory / Transfers,اعتماد التحويل (غير محسوم),,,,,Transfer بلا status schema.prisma:216-226 [B]، :232-242 [C],,,Transfer.status + سطور + ownership IN_TRANSIT أو جدول transit؛ ledger لكل انتقال.,DAR-03 | DAR-09 | DAR-15,ملكية بيانات صريحة ونظام سجل (SoR) لكل كيان، وتحقق المراجع بين الخدمات عند الكتابة + إسقاطات مرجعية + مطابقة دورية | سياسة موحدة لحالات المستندات والإلغاء والعكس والإشعارات الدائنة وقفل الفترات على مستوى الترحيل | نسخ احتياطي وPITR واستعادة خارج المضيف بأهداف RPO/RTO معتمدة وتمارين استعادة دورية,AC-INV-025-1: بافتراض تحويل 20 مُرسل، قبل الاستلام يظهر 20 في «في الطريق» ولا يظهر في المصدر أو الوجهة. | AC-INV-025-2: عند استلام 18 فقط، يصبح التحويل PARTIALLY_RECEIVED ويُنشأ مستند فرق 2.,NOT_IMPLEMENTED,NOT_IMPLEMENTED,P3
REQ-INV-026,تسويات المخزون بسبب محكوم واعتماد للتسويات الكبيرة وفصل مهام,Inventory / Adjustments,inventory.adjustments.create / large.create / approve,BR-INV-24 | BR-INV-25 | BR-INV-26 | BR-INV-27 | BR-INV-28,تبويب التسويات في app/dashboard/inventory/page.tsx [B][C],POST /transactions/adjustment؛ GET/POST /transactions/adjustment-requests/:id/approve|reject [B][C],transactions.service.ts:238-247 عتبة، :275-330 اعتماد بلا فحص requestedBy، :333-360 رفض غير شرطي [B]؛ :251-262، :288-344، :346-376 [C],AdjustmentRequest schema.prisma:153 [B]، :169 [C],StockAdjusted، AdjustmentDecided,"spec exists, not run: transactions.service.spec.ts",AdjustmentRequest(requestedBy ≠ decidedBy قيد)، حالة بتحديث شرطي، resultingTransactionId فريد، قيمة التسوية (تكلفة) للعتبة.,DAR-04 | DAR-06 | DAR-07 | DAR-08 | DAR-11 | DAR-19,دفتر أستاذ عام موحد واحد داخل nile_accounting: جدولا قيود بشكل واحد، محرك ترحيل واحد، قواعد ترحيل (posting rules) وحسابات رقابية للدفاتر الفرعية | قيود سلامة داخل كل مجال: CHECK للكميات والمبالغ، enums/CHECK للحالات، UNIQUE لمفاتيح الأعمال (X1–X4) | Outbox لكل حدث يغيّر الحالة + Inbox معاملاتي للمستهلكين + مفتاح idempotency لكل أمر كتابة | إطار تسويات رقابية عبر القواعد (الائتمان↔AR، المخزون↔GL، دفتر المورد↔AP، الخزينة↔GL، المبيعات↔الفواتير) | تتبع شامل: correlation_id ومعرّف المستند المصدر على كل حركة وقيد، وسلسلة الدفعة الدوائية من الاستلام حتى العميل | تقييم المخزون ودفتر المخزون: طبقات تكلفة تغطي كل الحركات (أو متوسط مرجح)، استهلاك مسجل، ربط بـGL,AC-INV-026-1: بافتراض مستخدم بلا large.create، عند نقص 50 بسبب COUNT_CORRECTION، يُنشأ طلب PENDING ولا يتغير الرصيد. | AC-INV-026-2: بافتراض طلب أنشأه المستخدم س، عند محاولة س اعتماده، يُرفض 403. | AC-INV-026-3: بافتراض اعتماد ورفض متزامنين لنفس الطلب، تكون النتيجة حالة واحدة متسقة مع وجود/عدم وجود resultingTransactionId.,PARTIAL,PARTIAL,P2
REQ-INV-027,عكس التسوية مرة واحدة بقيد مقابل,Inventory / Adjustments,inventory.adjustments.reverse (حسب الكود),BR-INV-29,,POST /transactions/:id/reverse [B][C],transactions.service.ts:365-400 [B]، :378-415 [C],,,"spec exists, not run: transactions.service.spec.ts",unique(reversalOfId) على inventory_transactions.,DAR-04 | DAR-06 | DAR-08 | DAR-09,دفتر أستاذ عام موحد واحد داخل nile_accounting: جدولا قيود بشكل واحد، محرك ترحيل واحد، قواعد ترحيل (posting rules) وحسابات رقابية للدفاتر الفرعية | قيود سلامة داخل كل مجال: CHECK للكميات والمبالغ، enums/CHECK للحالات، UNIQUE لمفاتيح الأعمال (X1–X4) | إطار تسويات رقابية عبر القواعد (الائتمان↔AR، المخزون↔GL، دفتر المورد↔AP، الخزينة↔GL، المبيعات↔الفواتير) | سياسة موحدة لحالات المستندات والإلغاء والعكس والإشعارات الدائنة وقفل الفترات على مستوى الترحيل,AC-INV-027-1: بافتراض تسوية −5، عند عكسها، تُنشأ حركة +5 بـreversalOfId ويصبح الأصل reversed=true. | AC-INV-027-2: بافتراض طلبي عكس متزامنين، تنتج حركة تعويضية واحدة فقط.,IMPLEMENTED,IMPLEMENTED,P2
REQ-INV-028,جلسات الجرد الفعلي (دوري/كامل) بفروق معتمدة وترحيل ذري,Inventory / Stock counts,العداد ≠ المعتمد,BR-INV-27 | BR-INV-30,app/dashboard/stock-counts/page.tsx = PlaceholderPage (6 أسطر) [B][C],لا endpoint,,لا CountSession/CountLine [B][C],,,"CountSession(number فريد، warehouseId، status، snapshotAt، version، countedBy/submittedBy/approvedBy)، CountLine(productId,batchId,ownership,systemQty,countedQty NULLABLE,variance,reason)؛ قيد countedQty≥0؛ idempotency key للترحيل.",DAR-03 | DAR-04 | DAR-06 | DAR-07 | DAR-15,ملكية بيانات صريحة ونظام سجل (SoR) لكل كيان، وتحقق المراجع بين الخدمات عند الكتابة + إسقاطات مرجعية + مطابقة دورية | دفتر أستاذ عام موحد واحد داخل nile_accounting: جدولا قيود بشكل واحد، محرك ترحيل واحد، قواعد ترحيل (posting rules) وحسابات رقابية للدفاتر الفرعية | قيود سلامة داخل كل مجال: CHECK للكميات والمبالغ، enums/CHECK للحالات، UNIQUE لمفاتيح الأعمال (X1–X4) | Outbox لكل حدث يغيّر الحالة + Inbox معاملاتي للمستهلكين + مفتاح idempotency لكل أمر كتابة | نسخ احتياطي وPITR واستعادة خارج المضيف بأهداف RPO/RTO معتمدة وتمارين استعادة دورية,AC-INV-028-1: بافتراض بند دفتري 100 ومعدود 97 بلا سبب، عند التقديم، يُرفض 400. | AC-INV-028-2: بافتراض جلسة معتمدة، عند الترحيل مرتين بنفس المفتاح، تُنشأ حركات الفروق مرة واحدة والجلسة POSTED. | AC-INV-028-3: بافتراض حركة صرف على بند بعد اللقطة، عند الترحيل، يُرفض أو يُعاد احتساب الفرق حسب السياسة المعتمدة دون ترحيل صامت. | AC-INV-028-4: بافتراض نقص يجعل onHand أقل من reserved، عند الترحيل، يفشل ولا تُحرر الحجوزات.,NOT_IMPLEMENTED,NOT_IMPLEMENTED,P2
REQ-INV-029,صرف/إرجاع الأمانة نقل ملكية محايد للمخزون وذري,Inventory / Consignment,inventory.consignment.create/update,BR-INV-32 | BR-INV-33,components/customers/customer-consignment.tsx، components/consignment/* [B][C],POST /consignment/stock، /deliveries، /return [B][C],consignment.service.ts:52-128 (applySignedDelta :128) و:166-201 [B]؛ :52-129 و:199-234 [C],,ConsignmentStockAdded/Returned,"spec exists, not run: consignment.service.spec.ts","ConsignmentStock unique(customerId,batchId)؛ productId مشتق من Batch؛ حركة CONSIGN_OUT وتغيير الرصيدين في معاملة واحدة.",DAR-03 | DAR-06 | DAR-11,ملكية بيانات صريحة ونظام سجل (SoR) لكل كيان، وتحقق المراجع بين الخدمات عند الكتابة + إسقاطات مرجعية + مطابقة دورية | قيود سلامة داخل كل مجال: CHECK للكميات والمبالغ، enums/CHECK للحالات، UNIQUE لمفاتيح الأعمال (X1–X4) | تتبع شامل: correlation_id ومعرّف المستند المصدر على كل حركة وقيد، وسلسلة الدفعة الدوائية من الاستلام حتى العميل,AC-INV-029-1: بافتراض WAREHOUSE=100، عند تحميل 20 أمانة للعميل ع، يصبح WAREHOUSE=80 وأمانة ع=20 في نفس المعاملة. | AC-INV-029-2: بافتراض أمانة 20 بيع منها 5، عند رد 2، يصبح WAREHOUSE=82 وavailable=13 وإجمالي الشركة 95.,IMPLEMENTED,IMPLEMENTED,P1
REQ-INV-030,أوعية الأمانة الخمسة لكل عميل وتشغيلة وشطب الفقد,Inventory / Consignment,inventory.consignment.update,BR-INV-14 | BR-INV-35,,,consignment.service.ts writeOff :226-245 تحديث وصف دفتر منفصلان [B]؛ :259-286 [C]؛ اتفاقية isActive/endDate لا تُفحص :52-64,ConsignmentStock schema.prisma:279 [B]، :295 [C],,,CHECK owned = available+consumed+returned+lost+held وكلها ≥0؛ عمليات الأمانة داخل $transaction.,DAR-05 | DAR-06 | DAR-11,ربط الدفاتر الفرعية (AR/AP/الخزينة/المخزون/الرواتب/المصروفات/العمولات) بالقيود عبر source_type/source_id ومراجع عكسية، وتسويات رقابية | قيود سلامة داخل كل مجال: CHECK للكميات والمبالغ، enums/CHECK للحالات، UNIQUE لمفاتيح الأعمال (X1–X4) | تتبع شامل: correlation_id ومعرّف المستند المصدر على كل حركة وقيد، وسلسلة الدفعة الدوائية من الاستلام حتى العميل,AC-INV-030-1: لأي صف ConsignmentStock في أي وقت، owned = available+consumed+returned+lost+held. | AC-INV-030-2: بافتراض فشل كتابة صف الدفتر أثناء الشطب، لا يتغير lostQty (ذرية).,PARTIAL,PARTIAL,P2
REQ-INV-031,رفض التشغيلات المنتهية/غير الصالحة عند تحميل الأمانة في الخادم,Inventory / Consignment,—,BR-INV-34,,,"[C] consignment.service.ts:128,159-177 assertSellableBatch؛ [B] consignment.service.ts:52-128 بلا فحص انتهاء/حظر",,,"spec exists, not run: consignment.service.spec.ts",التحقق من Batch.status وexpiryDate داخل معاملة التحميل.,DAR-19,تقييم المخزون ودفتر المخزون: طبقات تكلفة تغطي كل الحركات (أو متوسط مرجح)، استهلاك مسجل، ربط بـGL,AC-INV-031-1: بافتراض تشغيلة منتهية أمس، عند تحميلها أمانة (فردي أو إذن متعدد)، يرفض الخادم ولا تتغير الأرصدة. | AC-INV-031-2: بافتراض تشغيلة محظورة باستدعاء، عند تحميلها، يرفض الخادم.,NOT_IMPLEMENTED,IMPLEMENTED,P1
REQ-INV-032,الأمانة مجال مستقل يتحول لبيع عند الاستهلاك عبر FEFO,Inventory / Consignment,—,BR-INV-22,,,allocation.engine.ts reserveOnce :612-660 [B]، :667-715 [C],,,,ConsignmentAgreement مرجع إلزامي لكل ConsignmentStock؛ حدث استهلاك.,DAR-03 | DAR-07,ملكية بيانات صريحة ونظام سجل (SoR) لكل كيان، وتحقق المراجع بين الخدمات عند الكتابة + إسقاطات مرجعية + مطابقة دورية | Outbox لكل حدث يغيّر الحالة + Inbox معاملاتي للمستهلكين + مفتاح idempotency لكل أمر كتابة,AC-INV-032-1: بافتراض أمانة 10 للعميل وطلب 4، عند الحجز، يصبح available=6 وconsumed=4 دون حركة على حوض المخزن.,IMPLEMENTED,IMPLEMENTED,P2
REQ-INV-033,واجهة الأمانة داخل ملف العميل ونوع البيع «عادي/تصريف» في الطلب,Inventory / Consignment,inventory.consignment.create/update,,app/dashboard/consignment/page.tsx يعيد التوجيه إلى /dashboard/accounts؛ components/customers/customer-consignment.tsx، consignment-modals.tsx، consignment-delivery-form.tsx [B][C]؛ اختيار «بيع عادي / تصريف (أمانة)» app/dashboard/orders/new/page.tsx:304 [C] (موجود أيضًا في [B])؛ components/party-profile.tsx:60-61 [B][C],lib/api.ts:1430-1444 [C],,,,,—,DAR-19,تقييم المخزون ودفتر المخزون: طبقات تكلفة تغطي كل الحركات (أو متوسط مرجح)، استهلاك مسجل، ربط بـGL,AC-INV-033-1: من ملف العميل يمكن إنشاء اتفاقية وتحميل وإرجاع وشطب، وكل إجراء يظهر في رصيد الأمانة خلال 5 ثوانٍ.,IMPLEMENTED,IMPLEMENTED,P3
REQ-INV-034,بدء الاستدعاء: حظر التشغيلة وتجميد الأمانة وإيقاف الأوامر الجارية,Quality / Recall,products.batches.recall,BR-INV-11 | BR-INV-12 | BR-INV-14 | BR-INV-15 | BR-INV-16,app/dashboard/recalls/page.tsx [B][C]؛ productsApi.recall lib/api.ts:1348,POST /batches/:id/recall [B][C],batches.service.ts:245-265 [B][C]؛ inventory reservation.listener.ts:124-176 [B][C]؛ sales saga.orchestrator.ts:97-100 و traceability.service.ts:135-217 [B][C],sales BlockedBatch :560، OrderRecallHold :572 [C],RecallInitiated، ConsignmentRecallHold، OrderHeldForRecall,"spec exists, not run: traceability.service.spec.ts، reservation.listener.spec.ts","Batch.recall* + recallId؛ BlockedBatch في المخزون والمبيعات (reason=RECALL غير قابل للحذف)؛ OrderRecallHold(orderId,batchId,previousStatus) فريد؛ outbox للحدث.",DAR-03 | DAR-06 | DAR-07 | DAR-11,ملكية بيانات صريحة ونظام سجل (SoR) لكل كيان، وتحقق المراجع بين الخدمات عند الكتابة + إسقاطات مرجعية + مطابقة دورية | قيود سلامة داخل كل مجال: CHECK للكميات والمبالغ، enums/CHECK للحالات، UNIQUE لمفاتيح الأعمال (X1–X4) | Outbox لكل حدث يغيّر الحالة + Inbox معاملاتي للمستهلكين + مفتاح idempotency لكل أمر كتابة | تتبع شامل: correlation_id ومعرّف المستند المصدر على كل حركة وقيد، وسلسلة الدفعة الدوائية من الاستلام حتى العميل,AC-INV-034-1: بافتراض أمر ALLOCATED على التشغيلة، عند بدء الاستدعاء، يصبح ON_HOLD_RECALL خلال 60 ثانية وتُحفظ الحالة السابقة، ومحاولة شحنه تُرفض. | AC-INV-034-2: بافتراض أمانة 12 لدى عميلين من التشغيلة، عند الاستدعاء، يصبح available=0 وheld=12 مع حركة CONSIGN_HOLD لكل عميل. | AC-INV-034-3: بافتراض إفراج QC لاحق لنفس التشغيلة، يبقى حظر الاستدعاء قائمًا.,IMPLEMENTED,IMPLEMENTED,P1
REQ-INV-035,فك إيقاف أوامر الاستدعاء بقرار بشري (استئناف/إلغاء),Quality / Recall,sales.orders.recall-hold.release,BR-INV-11 | BR-INV-13,recalls/page.tsx جدول الأوامر الموقوفة [B][C],GET /traceability/holds، POST /traceability/holds/:orderId/release,traceability.service.ts:219-290 [B][C],,,"spec exists, not run: traceability.service.spec.ts",OrderRecallHold.resolvedBy/At/decision/note؛ ربط بإشعار دائن عند الإلغاء بعد الدفع.,DAR-09 | DAR-11 | DAR-14,سياسة موحدة لحالات المستندات والإلغاء والعكس والإشعارات الدائنة وقفل الفترات على مستوى الترحيل | تتبع شامل: correlation_id ومعرّف المستند المصدر على كل حركة وقيد، وسلسلة الدفعة الدوائية من الاستلام حتى العميل | حوكمة الترحيل: expand/contract، منع تعديل migration مطبقة، بوابة checksum مقابل الإنتاج، مصفوفة توافق إصدار التطبيق مع الـschema، كشف drift,AC-INV-035-1: بافتراض أمر موقوف بتشغيلة مستدعاة، عند RESUME، يرد 400. | AC-INV-035-2: عند CANCEL، يصبح الأمر CANCELLED ويُحرر الحجز ويُنشر OrderCancelled. | AC-INV-035-3: بافتراض أمر مدفوع، عند CANCEL، يُنشأ استحقاق رد/رصيد دائن للعميل أو يُمنع الإلغاء حتى معالجة المبلغ.,PARTIAL,PARTIAL,P1
REQ-INV-036,تتبع توزيع التشغيلة «من استلم ماذا» ومعادلة أين كل وحدة,Quality / Recall,sales.traceability.read,BR-INV-57,recalls/page.tsx (توزيع، أمانة، تسلسل، تصدير) [B][C]؛ app/api/recall-trace BFF,GET /traceability/batch/:batchId (sales)؛ GET /stock/trace/:batchId (inventory),traceability.service.ts:67-133 [B][C]؛ stock.service.ts batchTrace :200 [B]، :223 [C],,,,RECEIPT يحمل receiptRef/poLineId كحقول لا نص؛ فهارس batchId على الحجوزات والحركات وسطور المرتجع.,DAR-03 | DAR-05 | DAR-11 | DAR-17,ملكية بيانات صريحة ونظام سجل (SoR) لكل كيان، وتحقق المراجع بين الخدمات عند الكتابة + إسقاطات مرجعية + مطابقة دورية | ربط الدفاتر الفرعية (AR/AP/الخزينة/المخزون/الرواتب/المصروفات/العمولات) بالقيود عبر source_type/source_id ومراجع عكسية، وتسويات رقابية | تتبع شامل: correlation_id ومعرّف المستند المصدر على كل حركة وقيد، وسلسلة الدفعة الدوائية من الاستلام حتى العميل | فهارس مبنية على أنماط الاستعلام (X6–X15) مشروطة بقياسات EXPLAIN/pg_stat_statements,AC-INV-036-1: بافتراض تشغيلة وزعت على 5 عملاء، عند فتح التتبع، يظهر الخمسة بكمياتهم وتواريخهم خلال 5 ثوانٍ. | AC-INV-036-2: على بيانات نظيفة، فرق معادلة المطابقة = 0. | AC-INV-036-3: يمكن الرجوع من التشغيلة إلى أمر الشراء/الاستلام الذي أدخلها.,PARTIAL,PARTIAL,P1
REQ-INV-037,إدارة حالة الاستدعاء: إخطار العملاء والهيئة والاسترجاع والمطابقة والإغلاق,Quality / Recall,QA,BR-INV-57,,,,لا RecallCase/Recall في أي schema [B][C],,,"RecallCase(number, batchId, class, status, regulatorRef, notifiedAt) + RecallCustomer(customerId, notifiedAt, ackAt, qtyHeld, qtyReturned) + روابط مرتجعات RECALL_RETURN.",DAR-03 | DAR-06 | DAR-08 | DAR-11 | DAR-13,ملكية بيانات صريحة ونظام سجل (SoR) لكل كيان، وتحقق المراجع بين الخدمات عند الكتابة + إسقاطات مرجعية + مطابقة دورية | قيود سلامة داخل كل مجال: CHECK للكميات والمبالغ، enums/CHECK للحالات، UNIQUE لمفاتيح الأعمال (X1–X4) | إطار تسويات رقابية عبر القواعد (الائتمان↔AR، المخزون↔GL، دفتر المورد↔AP، الخزينة↔GL، المبيعات↔الفواتير) | تتبع شامل: correlation_id ومعرّف المستند المصدر على كل حركة وقيد، وسلسلة الدفعة الدوائية من الاستلام حتى العميل | نموذج تقارير على مرحلتين: تجميعات SQL داخل الخدمة الآن، ثم read model للتقارير عند الحاجة؛ القوائم المالية من GL فقط,AC-INV-037-1: بافتراض استدعاء وزع 100 واسترجع 90 وأُعدم محليًا 10، تتحول الحالة إلى RECONCILED ويُنتج تقرير إغلاق. | AC-INV-037-2: بافتراض عميل لديه أمانة من التشغيلة، يظهر في قائمة الإخطار بحالة (مُخطَر/أقرّ/أعاد/متبقٍ).,NOT_IMPLEMENTED,NOT_IMPLEMENTED,P2
REQ-INV-038,انتهاء صلاحية التشغيلات تلقائيًا يوميًا وحجزها,Quality / Expiry,—,BR-INV-09 | BR-INV-17,,,"apps/products/src/modules/jobs/batch-jobs.ts:12,29,33 [B][C]؛ inventory reservation.listener.ts:424 [B][C]",,BatchExpired,"spec exists, not run: batch-jobs.spec.ts",Batch.status=EXPIRED بتحديث شرطي؛ job_runs.,DAR-14,حوكمة الترحيل: expand/contract، منع تعديل migration مطبقة، بوابة checksum مقابل الإنتاج، مصفوفة توافق إصدار التطبيق مع الـschema، كشف drift,AC-INV-038-1: بافتراض تشغيلة RELEASED انتهت أمس برصيد 30 غير محجوز، بعد تشغيل 00:15، تصبح EXPIRED ورصيدها في QUARANTINE.,IMPLEMENTED,IMPLEMENTED,P1
REQ-INV-039,ملخصات وتنبيهات دورية: قرب الانتهاء ومرشحو الإعدام,Quality / Expiry,—,BR-INV-18,,,"batch-jobs.ts:14,30 [B][C]؛ inventory-jobs.ts:26 [B][C]",,NearExpiryDigest، DisposalCandidatesDigest,"spec exists, not run: batch-jobs.spec.ts، inventory-jobs.spec.ts",job_runs بحالة ونتيجة؛ اشتراكات إشعار حسب الصلاحية.,DAR-14,حوكمة الترحيل: expand/contract، منع تعديل migration مطبقة، بوابة checksum مقابل الإنتاج، مصفوفة توافق إصدار التطبيق مع الـschema، كشف drift,AC-INV-039-1: بافتراض تشغيلة تنتهي بعد 45 يومًا، يظهر في ملخص 06:30 ضمن شريحة 60 يومًا ويصل إشعار لحاملي الصلاحية. | AC-INV-039-2: بافتراض رصيد DAMAGED=4، يظهر في ملخص 07:00؛ ورصيد حجر لاستلام جديد لا يظهر.,PARTIAL,PARTIAL,P3
REQ-INV-040,فرز التالف بأحكام معتمدة وتصنيف محاسبي,Inventory / Damaged goods,حسب الحكم (BR-INV-47),BR-INV-47,,,DAMAGED لا يخرج إلا بنقل يدوي quarantine.service.ts:19-25 [B][C],لا جدول أحكام تالف ولا مطالبات [B][C],,,"DamageDisposition(id, batchId, warehouseId, qty, verdict enum, unitCost, value, reason, receiptRef, approvals[] بالأدوار، glClassification, claimStatus)؛ approvals متعددة لحكم الإعدام.",DAR-03 | DAR-04 | DAR-05,ملكية بيانات صريحة ونظام سجل (SoR) لكل كيان، وتحقق المراجع بين الخدمات عند الكتابة + إسقاطات مرجعية + مطابقة دورية | دفتر أستاذ عام موحد واحد داخل nile_accounting: جدولا قيود بشكل واحد، محرك ترحيل واحد، قواعد ترحيل (posting rules) وحسابات رقابية للدفاتر الفرعية | ربط الدفاتر الفرعية (AR/AP/الخزينة/المخزون/الرواتب/المصروفات/العمولات) بالقيود عبر source_type/source_id ومراجع عكسية، وتسويات رقابية,"AC-INV-040-1: بافتراض 5 تالفة، عند حكم «إصلاح» واعتماد مدير المخزن، تنتقل 5 إلى WAREHOUSE بلا قيد خسارة. | AC-INV-040-2: عند حكم «إعدام» باعتماد المخزن فقط، يبقى الحكم بانتظار اعتماد المالية ولا يتغير الرصيد. | AC-INV-040-3: عند رفض مطالبة مورد بقيمة 1,000، يُرحّل قيد خسارة 1,000 ويُغلق سجل المطالبة.",NOT_IMPLEMENTED,NOT_IMPLEMENTED,P2
REQ-INV-041,إذن إعدام رسمي (لجنة، شاهد الهيئة، شهادة، اعتماد، تنفيذ، ترحيل بالقيمة),Inventory / Disposal,انظر DEC-INV-19,BR-INV-48,,,disposal-candidates تقرير فقط inventory-jobs.ts:26 [B][C]؛ applySignedDelta لا يمس DAMAGED transactions.service.ts:42 [B]، :46 [C],,,,DisposalOrder + DisposalLine(source pool) + لجنة/مرفقات؛ حركة DISPOSAL من DAMAGED/QUARANTINE؛ حدث بمفتاح idempotent؛ ترقيم سنوي.,DAR-04 | DAR-06 | DAR-07 | DAR-09 | DAR-10 | DAR-12 | DAR-14 | DAR-15 | DAR-19,دفتر أستاذ عام موحد واحد داخل nile_accounting: جدولا قيود بشكل واحد، محرك ترحيل واحد، قواعد ترحيل (posting rules) وحسابات رقابية للدفاتر الفرعية | قيود سلامة داخل كل مجال: CHECK للكميات والمبالغ، enums/CHECK للحالات، UNIQUE لمفاتيح الأعمال (X1–X4) | Outbox لكل حدث يغيّر الحالة + Inbox معاملاتي للمستهلكين + مفتاح idempotency لكل أمر كتابة | سياسة موحدة لحالات المستندات والإلغاء والعكس والإشعارات الدائنة وقفل الفترات على مستوى الترحيل | العملات والدقة والتقريب والترقيم: عملة على كل مستند مالي، دقة موحدة لأسعار الصرف، قاعدة تقريب واحدة Decimal، ترقيم تسلسلي لكل سلسلة داخل المعاملة | سجل تدقيق: الأحداث المركزية كسجل أعمال، وسجل تعديلات داخل المعاملة مع before/after، منع التعديل بالصلاحيات، إخفاء البيانات الحساسة | حوكمة الترحيل: expand/contract، منع تعديل migration مطبقة، بوابة checksum مقابل الإنتاج، مصفوفة توافق إصدار التطبيق مع الـschema، كشف drift | نسخ احتياطي وPITR واستعادة خارج المضيف بأهداف RPO/RTO معتمدة وتمارين استعادة دورية | تقييم المخزون ودفتر المخزون: طبقات تكلفة تغطي كل الحركات (أو متوسط مرجح)، استهلاك مسجل، ربط بـGL,AC-INV-041-1: بافتراض إذن غير معتمد، عند التنفيذ، يُرفض. | AC-INV-041-2: بافتراض بند 10 ورصيد DAMAGED=8، عند التنفيذ، يُرفض 409 ويُذكر البند الناقص. | AC-INV-041-3: بعد الترحيل، تظهر قيمة الإعدام في تقرير المحاسبة مرة واحدة حتى مع تكرار الحدث.,NOT_IMPLEMENTED,NOT_IMPLEMENTED,P2
REQ-INV-042,طلب المرتجع: أمر مؤهل، تشغيلة من التخصيص الفعلي، سقف لكل تشغيلة، قيمة نسبية,Returns / Customer return,sales.returns.create,BR-INV-36 | BR-INV-37 | BR-INV-38,app/dashboard/returns/page.tsx (925 سطرًا) [B][C],POST /orders/:orderId/returns؛ GET /returns [B][C],"apps/sales/src/modules/returns/returns.service.ts:16,84-112,354-419 [B][C] (متطابق)",SalesReturn :180، SalesReturnLine :204 (sales schema) [C],,"spec exists, not run: returns.service.spec.ts","SalesReturnLine(orderLineId, batchId FK منطقي لتخصيص فعلي، warehouseId، quantity>0، condition، unitPrice، lineTotal)؛ قيد returnedQty ≤ quantity على SalesOrderLine؛ reasonCode من قائمة.",DAR-03 | DAR-04 | DAR-06,ملكية بيانات صريحة ونظام سجل (SoR) لكل كيان، وتحقق المراجع بين الخدمات عند الكتابة + إسقاطات مرجعية + مطابقة دورية | دفتر أستاذ عام موحد واحد داخل nile_accounting: جدولا قيود بشكل واحد، محرك ترحيل واحد، قواعد ترحيل (posting rules) وحسابات رقابية للدفاتر الفرعية | قيود سلامة داخل كل مجال: CHECK للكميات والمبالغ، enums/CHECK للحالات، UNIQUE لمفاتيح الأعمال (X1–X4),"AC-INV-042-1: بافتراض سطر خُصص 6 من L1 و4 من L2، عند إرجاع 5 من L2، يُرفض 400 «only 4 remain». | AC-INV-042-2: بافتراض سطر lineTotal=1,140 لكمية 10، عند إرجاع 3، تكون قيمة السطر 342.00. | AC-INV-042-3: بافتراض أمر بحالة غير مؤهلة حسب القرار المعتمد، عند إنشاء مرتجع، يُرفض 400.",IMPLEMENTED,IMPLEMENTED,P1
REQ-INV-043,اعتماد المرتجع المستقل والترحيل المؤجل,Returns / Approval,المعتمد ≠ المسجل إلا SUPER_ADMIN أو sales.returns.approve.any,BR-INV-39 | BR-INV-40 | BR-INV-41,returns/page.tsx [B][C],POST /returns/:id/approve|reject|cancel، PATCH /returns/:id، GET /returns/summary — returns-register.controller.ts:22-88 [B][C],returns.service.ts:84-321 [B][C],SalesReturn.status/decidedById/decidedAt/rejectedReason/postedAt,SalesReturnCreated عند approve (نشر مباشر),"spec exists, not run: returns.approval.spec.ts، returns.cancellation.spec.ts",SalesReturn آلة حالات PENDING/APPROVED/POSTED/REJECTED بتحديث شرطي؛ actorId≠decidedById؛ outbox للحدث داخل معاملة الاعتماد؛ audit للرفض/الإلغاء.,DAR-04 | DAR-07 | DAR-09 | DAR-12 | DAR-13 | DAR-14,دفتر أستاذ عام موحد واحد داخل nile_accounting: جدولا قيود بشكل واحد، محرك ترحيل واحد، قواعد ترحيل (posting rules) وحسابات رقابية للدفاتر الفرعية | Outbox لكل حدث يغيّر الحالة + Inbox معاملاتي للمستهلكين + مفتاح idempotency لكل أمر كتابة | سياسة موحدة لحالات المستندات والإلغاء والعكس والإشعارات الدائنة وقفل الفترات على مستوى الترحيل | سجل تدقيق: الأحداث المركزية كسجل أعمال، وسجل تعديلات داخل المعاملة مع before/after، منع التعديل بالصلاحيات، إخفاء البيانات الحساسة | نموذج تقارير على مرحلتين: تجميعات SQL داخل الخدمة الآن، ثم read model للتقارير عند الحاجة؛ القوائم المالية من GL فقط | حوكمة الترحيل: expand/contract، منع تعديل migration مطبقة، بوابة checksum مقابل الإنتاج، مصفوفة توافق إصدار التطبيق مع الـschema، كشف drift,AC-INV-043-1: بافتراض مرتجع PENDING، قبل الاعتماد لا تتغير أرصدة المخزون ولا creditedAmount للفاتورة. | AC-INV-043-2: بافتراض المندوب س سجّل المرتجع، عند محاولته اعتماده بلا .any، يرد 403. | AC-INV-043-3: عند الرفض بلا سبب يرد 400؛ ومع سبب يقل returnedQty بكمية المرتجع. | AC-INV-043-4: عند اعتماد مرتين متزامنتين، يُنشر حدث واحد ويصبح POSTED مرة واحدة.,IMPLEMENTED,IMPLEMENTED,P1
REQ-INV-044,عكس/تصحيح مرتجع مُرحّل,Returns / Correction,اعتماد مستقل,,,,returns.service.ts: لا مسار لحالة POSTED (update يرفض غير PENDING/REJECTED :253) [B][C],,,,SalesReturn.status REVERSED + reversalOf؛ حدث SalesReturnReversed idempotent.,DAR-04 | DAR-05 | DAR-07 | DAR-09,دفتر أستاذ عام موحد واحد داخل nile_accounting: جدولا قيود بشكل واحد، محرك ترحيل واحد، قواعد ترحيل (posting rules) وحسابات رقابية للدفاتر الفرعية | ربط الدفاتر الفرعية (AR/AP/الخزينة/المخزون/الرواتب/المصروفات/العمولات) بالقيود عبر source_type/source_id ومراجع عكسية، وتسويات رقابية | Outbox لكل حدث يغيّر الحالة + Inbox معاملاتي للمستهلكين + مفتاح idempotency لكل أمر كتابة | سياسة موحدة لحالات المستندات والإلغاء والعكس والإشعارات الدائنة وقفل الفترات على مستوى الترحيل,AC-INV-044-1: بافتراض مرتجع POSTED بـ5 صالحة غير مباعة، عند عكسه، ينقص المخزون 5 ويُلغى الائتمان بقيد مقابل ويعود returnedQty. | AC-INV-044-2: بافتراض الكمية المعادة لم تعد متاحة، عند العكس، يُرفض 409.,NOT_IMPLEMENTED,NOT_IMPLEMENTED,P2
REQ-INV-045,فحص مستقل للمرتجع ودورة RMA: استلام إلى الحجر ثم فحص ثم إعادة تخزين وائتمان,Returns / Inspection,الطالب ≠ الفاحص؛ sales.returns.approve / inspect,BR-INV-42 | BR-INV-43 | BR-INV-45,,,inventory reservation.listener.ts:353-402: SELLABLE يُضاف مباشرة إلى حوض WAREHOUSE القابل للبيع عند الاعتماد، والحالة يعلنها الطالب [B][C],ReturnLineCondition = SELLABLE|DAMAGED فقط (create-return.dto.ts:13) [B][C],,,SalesReturn بحالات RMA وrmaNumber فريد سنويًا، receivedBy/At، inspectedBy/At؛ SalesReturnLine.inspectionResult؛ أحداث ReturnReceived/ReturnInspected idempotent؛ حوض RETURNS أو QUARANTINE.,DAR-06 | DAR-07 | DAR-09,قيود سلامة داخل كل مجال: CHECK للكميات والمبالغ، enums/CHECK للحالات، UNIQUE لمفاتيح الأعمال (X1–X4) | Outbox لكل حدث يغيّر الحالة + Inbox معاملاتي للمستهلكين + مفتاح idempotency لكل أمر كتابة | سياسة موحدة لحالات المستندات والإلغاء والعكس والإشعارات الدائنة وقفل الفترات على مستوى الترحيل,AC-INV-045-1: بافتراض مرتجع معتمد 10 SELLABLE، عند الاستلام، يزيد QUARANTINE بـ10 ولا يزيد WAREHOUSE ولا يظهر في التخصيص. | AC-INV-045-2: عند فحص 8 صالحة و2 تالفة، ينتقل 8 إلى WAREHOUSE و2 إلى DAMAGED، ويُصدر ائتمان بقيمة 8 فقط (أو حسب نسبة التالف المعتمدة). | AC-INV-045-3: بافتراض أن منشئ المرتجع هو نفسه من يحاول الفحص، يُرفض 403.,CONTRADICTED,CONTRADICTED,P1
REQ-INV-046,سياسة المرتجعات (صلاحية متبقية، سلامة العبوة، نافذة زمنية، أسباب),Returns / Policy,sales.returns.override,BR-INV-44 | BR-INV-45,,,returns.service.ts prepareLines :376-419 لا فحص صلاحية/عبوة/نافذة [B][C],,,,"ReturnPolicy(version, minShelfLifeDays, windowDays, restockMinDays, damagedCreditPct) مرجعية بالإصدار؛ SalesReturnLine.packageIntact، sachetsComplete، policyVersion.",DAR-03 | DAR-11,ملكية بيانات صريحة ونظام سجل (SoR) لكل كيان، وتحقق المراجع بين الخدمات عند الكتابة + إسقاطات مرجعية + مطابقة دورية | تتبع شامل: correlation_id ومعرّف المستند المصدر على كل حركة وقيد، وسلسلة الدفعة الدوائية من الاستلام حتى العميل,AC-INV-046-1: بافتراض صلاحية متبقية 89 يومًا وحد 90، عند الطلب، يُرفض إلا بصلاحية تجاوز مع سبب يُسجّل. | AC-INV-046-2: بافتراض صلاحية متبقية 90 يومًا وعبوة سليمة وأكياس كاملة، يُقبل.,NOT_IMPLEMENTED,NOT_IMPLEMENTED,P2
REQ-INV-047,المرتجع التالف يدخل حوض التالف القابل للجرد والإعدام,Returns / Disposition,—,BR-INV-33 | BR-INV-42,,,reservation.listener.ts:362-370: DAMAGED → حركة RETURN بكمية 0 للتدقيق فقط [B][C]؛ إرجاع الأمانة المحجوز → QUARANTINE consignment.service.ts:188 [B]، :221 [C],,,,حركة RETURN بكمية فعلية إلى ownership=DAMAGED مع reasonCode وreturnLineId.,DAR-03 | DAR-11,ملكية بيانات صريحة ونظام سجل (SoR) لكل كيان، وتحقق المراجع بين الخدمات عند الكتابة + إسقاطات مرجعية + مطابقة دورية | تتبع شامل: correlation_id ومعرّف المستند المصدر على كل حركة وقيد، وسلسلة الدفعة الدوائية من الاستلام حتى العميل,AC-INV-047-1: بافتراض مرتجع معتمد 3 DAMAGED، بعد المعالجة، يزيد رصيد DAMAGED للتشغيلة بـ3 بحركة RETURN بكمية 3.,NOT_IMPLEMENTED,NOT_IMPLEMENTED,P2
REQ-INV-048,عدم تكرار أثر المرتجع: إعادة التخزين على مفتاح العمل والائتمان المالي مرة واحدة,Returns / Inventory integration,—,BR-INV-50 | BR-INV-61,,,"dedup بـevent_id فقط reservation.listener.ts:119-123,353-402 (معاملة لكل سطر) [B][C]؛ packages/events consumer handlerRetries",,,,"unique(sourceType, sourceLineId) على inventory_transactions للمرتجعات؛ معالجة كل المرتجع في معاملة واحدة.",DAR-04 | DAR-06 | DAR-07 | DAR-14,دفتر أستاذ عام موحد واحد داخل nile_accounting: جدولا قيود بشكل واحد، محرك ترحيل واحد، قواعد ترحيل (posting rules) وحسابات رقابية للدفاتر الفرعية | قيود سلامة داخل كل مجال: CHECK للكميات والمبالغ، enums/CHECK للحالات، UNIQUE لمفاتيح الأعمال (X1–X4) | Outbox لكل حدث يغيّر الحالة + Inbox معاملاتي للمستهلكين + مفتاح idempotency لكل أمر كتابة | حوكمة الترحيل: expand/contract، منع تعديل migration مطبقة، بوابة checksum مقابل الإنتاج، مصفوفة توافق إصدار التطبيق مع الـschema، كشف drift,AC-INV-048-1: بافتراض مرتجع 5، عند تسليم الحدث مرتين بـevent_id مختلف لنفس return_id، يزيد المخزون 5 فقط. | AC-INV-048-2: بافتراض فشل السطر الثاني من ثلاثة ثم إعادة المحاولة، يُطبق كل سطر مرة واحدة.,PARTIAL,PARTIAL,P1
REQ-INV-049,تسليم الأثر المالي للمرتجع: إشعار دائن، ورصيد دائن/استحقاق رد على الفاتورة المسددة,Returns → Accounting hand-off,—,BR-INV-38 | BR-INV-46,,,accounting saga-listener.service.ts:245 [B]، :252 [C]؛ applyReturnCredit invoices.service.ts:889 [B]، :916 [C] يرفض حين paid+credited>total بينما المخزون أعاد البضاعة,,SalesReturnCreated,—,CreditNote مرتبط بـreturnId (فريد)؛ CustomerCredit/RefundPayable عند تجاوز المتبقي؛ سند رد مستقل.,DAR-05 | DAR-06 | DAR-07 | DAR-09,ربط الدفاتر الفرعية (AR/AP/الخزينة/المخزون/الرواتب/المصروفات/العمولات) بالقيود عبر source_type/source_id ومراجع عكسية، وتسويات رقابية | قيود سلامة داخل كل مجال: CHECK للكميات والمبالغ، enums/CHECK للحالات، UNIQUE لمفاتيح الأعمال (X1–X4) | Outbox لكل حدث يغيّر الحالة + Inbox معاملاتي للمستهلكين + مفتاح idempotency لكل أمر كتابة | سياسة موحدة لحالات المستندات والإلغاء والعكس والإشعارات الدائنة وقفل الفترات على مستوى الترحيل,"AC-INV-049-1: بافتراض فاتورة 1,000 مسددة بالكامل، عند مرتجع 200 معتمد، يُنشأ رصيد دائن/استحقاق رد 200 ولا يُرفض الحدث. | AC-INV-049-2: بافتراض فاتورة غير مسددة 1,000، عند مرتجع 200، يصبح creditedAmount=200 والمستحق 800.",CONTRADICTED,CONTRADICTED,P1
REQ-INV-050,مرتجع المورد الفيزيائي من الحوض الصحيح مع أثر دائن للمورد,Inventory / Supplier return,inventory.supplier-returns.create,BR-INV-49,,POST /transactions/supplier-return,transactions.service.ts:118-160 [B]، :131-170 [C] (WAREHOUSE فقط عبر applySignedDelta، unitCost من العميل),,SupplierReturnCreated نشر مباشر؛ accounting :298 [B]، :361 [C],,SupplierReturn(رأس/سطور، receiptRef، sourcePool، idempotencyKey)؛ التكلفة من طبقة/تكلفة التشغيلة.,DAR-04 | DAR-06 | DAR-07 | DAR-14 | DAR-19,دفتر أستاذ عام موحد واحد داخل nile_accounting: جدولا قيود بشكل واحد، محرك ترحيل واحد، قواعد ترحيل (posting rules) وحسابات رقابية للدفاتر الفرعية | قيود سلامة داخل كل مجال: CHECK للكميات والمبالغ، enums/CHECK للحالات، UNIQUE لمفاتيح الأعمال (X1–X4) | Outbox لكل حدث يغيّر الحالة + Inbox معاملاتي للمستهلكين + مفتاح idempotency لكل أمر كتابة | حوكمة الترحيل: expand/contract، منع تعديل migration مطبقة، بوابة checksum مقابل الإنتاج، مصفوفة توافق إصدار التطبيق مع الـschema، كشف drift | تقييم المخزون ودفتر المخزون: طبقات تكلفة تغطي كل الحركات (أو متوسط مرجح)، استهلاك مسجل، ربط بـGL,AC-INV-050-1: بافتراض 10 في DAMAGED لتشغيلة مرفوضة، عند مرتجع مورد 10 من DAMAGED، ينقص DAMAGED بـ10 ويُقيد AP دائنًا بقيمة الاستلام الأصلية. | AC-INV-050-2: عند إعادة نفس الطلب بنفس المفتاح، لا يتكرر الخصم ولا القيد.,PARTIAL,PARTIAL,P2
REQ-INV-051,تكلفة التشغيلة وتقييم المخزون وتكلفة المبيعات بطريقة معتمدة,Inventory / Costing,المالية,,,[C] GET /stock/valuation؛ GET /stock/shrinkage (كميات فقط) stock.service.ts:127-139 [B] / :150-157 [C],[B] لا تكلفة على الحركات ولا طبقات؛ [C] transactions.service.ts:78-96 طبقة عند الاستلام، allocation.engine.ts:454-481 استهلاك في issueDirect فقط، stock.service.ts:43-57 تقييم,[C] InventoryCostLayer schema.prisma:94-106؛ unit_cost/total_cost على الحركات,[C] StockIssued للمباشرة فقط,,"BatchCost أو InventoryCostLayer(warehouse,batch,unitCost,qtyRemaining,source) مع قيد qtyRemaining≥0 ومطابقة مع StockBalance؛ unitCost/totalCost على كل حركة خروج؛ حدث valued لكل خروج idempotent.",DAR-04 | DAR-05 | DAR-07 | DAR-08 | DAR-13 | DAR-19,دفتر أستاذ عام موحد واحد داخل nile_accounting: جدولا قيود بشكل واحد، محرك ترحيل واحد، قواعد ترحيل (posting rules) وحسابات رقابية للدفاتر الفرعية | ربط الدفاتر الفرعية (AR/AP/الخزينة/المخزون/الرواتب/المصروفات/العمولات) بالقيود عبر source_type/source_id ومراجع عكسية، وتسويات رقابية | Outbox لكل حدث يغيّر الحالة + Inbox معاملاتي للمستهلكين + مفتاح idempotency لكل أمر كتابة | إطار تسويات رقابية عبر القواعد (الائتمان↔AR، المخزون↔GL، دفتر المورد↔AP، الخزينة↔GL، المبيعات↔الفواتير) | نموذج تقارير على مرحلتين: تجميعات SQL داخل الخدمة الآن، ثم read model للتقارير عند الحاجة؛ القوائم المالية من GL فقط | تقييم المخزون ودفتر المخزون: طبقات تكلفة تغطي كل الحركات (أو متوسط مرجح)، استهلاك مسجل، ربط بـGL,AC-INV-051-1: بعد أي سلسلة حركات، Σ(quantity_remaining) لطبقات (مخزن، تشغيلة) = onHand لنفس المفتاح. | AC-INV-051-2: بافتراض شحن أمر مبيعات 10 بتكلفة 5، يُرحّل COGS 50 مرة واحدة. | AC-INV-051-3: بافتراض rollback-direct لفاتورة مباشرة، تُعاد الطبقات ويُعكس قيد COGS. | AC-INV-051-4: بافتراض تسويتي نقص DAMAGE بـ3 وTHEFT بـ2 لنفس المنتج، فإن تقرير الهالك يُظهر سطرين بالكمية والقيمة ومصدر التكلفة.,NOT_IMPLEMENTED,PARTIAL,P1
REQ-INV-052,شجرة الوحدات المسلسلة (DSCSA) مرتبطة بحركات المخزون والشحن,Quality / Serialization,—,,,,Inventory لا يشير لأي serial (notes/inventory-products.md P22) [B][C],,,,SerializedUnit.status + currentLocation + روابط بحركات/شحنات.,DAR-10 | DAR-11,العملات والدقة والتقريب والترقيم: عملة على كل مستند مالي، دقة موحدة لأسعار الصرف، قاعدة تقريب واحدة Decimal، ترقيم تسلسلي لكل سلسلة داخل المعاملة | تتبع شامل: correlation_id ومعرّف المستند المصدر على كل حركة وقيد، وسلسلة الدفعة الدوائية من الاستلام حتى العميل,AC-INV-052-1: بافتراض وحدة مسلسلة شُحنت لعميل، عند تتبع رقمها، يظهر الاستلام والصرف والشحنة والعميل.,NOT_IMPLEMENTED,NOT_IMPLEMENTED,P4
REQ-INV-053,ظروف التخزين والسلسلة الباردة (ملف حراري، قراءات، انحرافات، حجر تلقائي),Quality / Storage conditions,inventory.storage.read/record/assess,BR-INV-56,,,,ProductTemperatureProfile فقط apps/products/prisma/schema.prisma:180-190 (requiresCold :185) بلا منطق [B][C],,,"Warehouse/Bin.storageClass؛ StorageReading؛ StorageExcursion(status, decision, batches[])؛ SENSOR_GAP_MINUTES مرجعي.",DAR-03 | DAR-08 | DAR-18,ملكية بيانات صريحة ونظام سجل (SoR) لكل كيان، وتحقق المراجع بين الخدمات عند الكتابة + إسقاطات مرجعية + مطابقة دورية | إطار تسويات رقابية عبر القواعد (الائتمان↔AR، المخزون↔GL، دفتر المورد↔AP، الخزينة↔GL، المبيعات↔الفواتير) | تصنيف البيانات الحساسة والاحتفاظ والحذف: رواتب، PII، بيانات بنكية؛ سياسات احتفاظ لكل فئة,AC-INV-053-1: بافتراض منتج requiresCold=true ومخزن غير مبرد، عند الاستلام، يُرفض 400. | AC-INV-053-2: بافتراض قراءة 9°م في موقع 2-8، يُنشأ انحراف مفتوح يضم كل التشغيلات المبردة بالموقع.,NOT_IMPLEMENTED,NOT_IMPLEMENTED,P3
REQ-INV-054,مواقع الأرفف مؤجلة حسب التشغيل الفعلي,Inventory / Warehouses,—,,,[C] POST/DELETE /warehouses/:id/bins (قائمة رئيسية فقط),,BinLocation schema.prisma:63 بلا علاقة بالأرصدة [B][C],,,—,DAR-19,تقييم المخزون ودفتر المخزون: طبقات تكلفة تغطي كل الحركات (أو متوسط مرجح)، استهلاك مسجل، ربط بـGL,AC-INV-054-1: لا تُشترط مواقع أرفف في أي عملية استلام أو صرف حتى يُقرر خلاف ذلك.,IMPLEMENTED,IMPLEMENTED,P4
REQ-INV-055,أحداث تدقيق أعمال بمستويات خطورة لعمليات المخزون والجودة والأمانة والمرتجعات والمنتجات,Inventory / Audit trail,—,,,,المنتجون: inventory transactions/transfers/consignment/reservation.listener/jobs؛ products batches.service.ts و batch-jobs.ts؛ sales returns.service.ts و saga.orchestrator.ts [B][C],,ConsignmentStockConsumed بلا منتج؛ معظمها نشر مباشر بعد commit,specs: reservation.listener.spec.ts، transactions.service.spec.ts، batches.qc.spec.ts، inventory-jobs.spec.ts (بعضها يؤكد عدم النشر في consignment),outbox لكل خدمة؛ envelope بـactor وcorrelation وbefore/after.,DAR-07 | DAR-11 | DAR-12 | DAR-14 | DAR-15,Outbox لكل حدث يغيّر الحالة + Inbox معاملاتي للمستهلكين + مفتاح idempotency لكل أمر كتابة | تتبع شامل: correlation_id ومعرّف المستند المصدر على كل حركة وقيد، وسلسلة الدفعة الدوائية من الاستلام حتى العميل | سجل تدقيق: الأحداث المركزية كسجل أعمال، وسجل تعديلات داخل المعاملة مع before/after، منع التعديل بالصلاحيات، إخفاء البيانات الحساسة | حوكمة الترحيل: expand/contract، منع تعديل migration مطبقة، بوابة checksum مقابل الإنتاج، مصفوفة توافق إصدار التطبيق مع الـschema، كشف drift | نسخ احتياطي وPITR واستعادة خارج المضيف بأهداف RPO/RTO معتمدة وتمارين استعادة دورية,AC-INV-055-1: لكل عملية في القائمة، بعد تنفيذها، يوجد سجل تدقيق واحد بالمستوى المحدد خلال دقيقة. | AC-INV-055-2: عند تعطل الوسيط لحظة العملية، لا يضيع سجل التدقيق (outbox).,PARTIAL,PARTIAL,P2
REQ-INV-056,إنشاء وتعديل منتج بلا سعر تجاري (منتجات قيد التسجيل) دون اختراع سعر,Products / Product master,products.products.create / products.products.update,BR-INV-58,app/dashboard/products/page.tsx: إنشاء يرسل Number(form.basePrice) :667 [B] / :668 [C]؛ تعديل يحذف الخانة الفارغة :1426 [B] / :1359 [C]؛ apps/web/lib/validators.ts:31-37 الإنشاء يتطلب سعرًا [B][C],POST /products، PATCH /products/:id,apps/products/src/modules/products/products.service.ts create :228 [B] / :237 [C],"apps/products/src/modules/products/dto/create-product.dto.ts:13,16 @IsOptional @Min(0) [B][C]؛ Product.basePrice/costPrice nullable apps/products/prisma/schema.prisma:65 [B][C]",ProductPriceChanged / ProductCostChanged,"spec exists, not run: products.service.spec.ts",Product.basePrice/costPrice/publicPrice قابلة لـnull مع CHECK ≥ 0 عند وجودها؛ لا قيمة افتراضية 0؛ سجل تاريخ الأسعار product_price_history يسجل الانتقال من null إلى قيمة مع الفاعل والوقت.,DAR-04 | DAR-05 | DAR-06 | DAR-09 | DAR-19,دفتر أستاذ عام موحد واحد داخل nile_accounting: جدولا قيود بشكل واحد، محرك ترحيل واحد، قواعد ترحيل (posting rules) وحسابات رقابية للدفاتر الفرعية | ربط الدفاتر الفرعية (AR/AP/الخزينة/المخزون/الرواتب/المصروفات/العمولات) بالقيود عبر source_type/source_id ومراجع عكسية، وتسويات رقابية | قيود سلامة داخل كل مجال: CHECK للكميات والمبالغ، enums/CHECK للحالات، UNIQUE لمفاتيح الأعمال (X1–X4) | سياسة موحدة لحالات المستندات والإلغاء والعكس والإشعارات الدائنة وقفل الفترات على مستوى الترحيل | تقييم المخزون ودفتر المخزون: طبقات تكلفة تغطي كل الحركات (أو متوسط مرجح)، استهلاك مسجل، ربط بـGL,AC-INV-056-1: بافتراض مستخدم بصلاحية products.products.create، عندما يرسل منتجًا بلا basePrice/costPrice عبر API، فإن المنتج يُحفظ وقيمة السعر null وليس 0. | AC-INV-056-2: بافتراض منتج سعره null، عندما يُعدَّل اسمه فقط من الواجهة، فإن الحفظ ينجح ويبقى السعر null ويُعرض «—». | AC-INV-056-3: بافتراض منتج له سعر 120، عندما يُرسل تعديل يفرغ السعر، فإن النظام يرفض برسالة واضحة ويبقى السعر 120. | AC-INV-056-4: بافتراض منتج سعره null، عندما يُصدَّر الكتالوج CSV، فإن خانة السعر تكون فارغة لا 0.,PARTIAL,PARTIAL,P2
REQ-INV-057,صيانة القوائم المرجعية للمنتج (الفئات، العلامات، المصنّعون) بأسماء فريدة,Products / Reference data,products.lookups.create / update,,لا شاشة؛ app/dashboard/settings/master-data/page.tsx (189 سطرًا متطابق [B][C]) تدير جدول lookups في Organization وليس فئات المنتج,GET /categories، /brands، /manufacturers فقط apps/products/src/modules/categories/categories.controller.ts:16-22 [B][C],,ProductCategory/ProductBrand/ProductManufacturer apps/products/prisma/schema.prisma:37-63 بلا @unique على nameAr [B][C],,,جداول القوائم الثلاثة بمفتاح UUID وقيد UNIQUE(lower(nameAr)) وUNIQUE(lower(nameEn))، وisActive بدل الحذف، وتدقيق في audit_logs.,DAR-03 | DAR-04 | DAR-06 | DAR-12 | DAR-20,ملكية بيانات صريحة ونظام سجل (SoR) لكل كيان، وتحقق المراجع بين الخدمات عند الكتابة + إسقاطات مرجعية + مطابقة دورية | دفتر أستاذ عام موحد واحد داخل nile_accounting: جدولا قيود بشكل واحد، محرك ترحيل واحد، قواعد ترحيل (posting rules) وحسابات رقابية للدفاتر الفرعية | قيود سلامة داخل كل مجال: CHECK للكميات والمبالغ، enums/CHECK للحالات، UNIQUE لمفاتيح الأعمال (X1–X4) | سجل تدقيق: الأحداث المركزية كسجل أعمال، وسجل تعديلات داخل المعاملة مع before/after، منع التعديل بالصلاحيات، إخفاء البيانات الحساسة | ترحيل البيانات الافتتاحية وتاريخ القطع: دفعة افتتاحية معتمدة بتوقيع وhash، قيود افتتاحية بتاريخ القطع,AC-INV-057-1: بافتراض مستخدم بصلاحية products.lookups.create، عندما يضيف مصنّعًا جديدًا، فإن المصنّع يظهر في قائمة اختيار المنتج دون تدخل على قاعدة البيانات. | AC-INV-057-2: بافتراض مصنّع باسم عربي «س» قائم، عندما يُرسل طلبان متزامنان لإنشاء «س»، فإن واحدًا فقط ينجح والآخر يعود 409 لا 500. | AC-INV-057-3: بافتراض تعديل اسم فئة، عندما يُحفظ، فإن سجل تدقيق يحفظ القيمة قبل/بعد والفاعل.,NOT_IMPLEMENTED,NOT_IMPLEMENTED,P3
REQ-INV-058,حالة دورة حياة المنتج (نشط/موقوف/متوقف/قريب الإطلاق) بدل علم نشط فقط,Products / Product master,products.products.update / archive,,,POST /products/:id/archive|activate apps/products/src/modules/products/products.controller.ts:68 [C],products.service.ts archive :256 [B] / :265 [C] (حذف ناعم isActive),Product.isActive فقط apps/products/prisma/schema.prisma:97 [B][C],,,"عمود Product.lifecycleStatus (enum) غير قابل لـnull بقيمة افتراضية ACTIVE، وجدول تاريخ حالات (productId, from, to, reason, actorId, at)؛ لا DELETE على products.",DAR-03,ملكية بيانات صريحة ونظام سجل (SoR) لكل كيان، وتحقق المراجع بين الخدمات عند الكتابة + إسقاطات مرجعية + مطابقة دورية,AC-INV-058-1: بافتراض منتج بحالة DISCONTINUED، عندما يحاول مندوب إضافته لأمر بيع، فإن السطر يُرفض برسالة توضح الحالة. | AC-INV-058-2: بافتراض تغيير حالة منتج، عندما يُحفظ، فإن سجل الحالات يحفظ الحالة السابقة والجديدة والسبب والفاعل. | AC-INV-058-3: بافتراض منتج له حركات، عندما يُطلب حذفه، فإن النظام يؤرشفه فقط ولا يحذف الصف.,NOT_IMPLEMENTED,NOT_IMPLEMENTED,P3
REQ-INV-059,تتبع التسجيل الرقابي للمنتج وتراخيص الشركة والمخازن مع تنبيه التجديد ومنع البيع عند الانتهاء,Quality / Regulatory compliance,products.registrations.manage / org.licenses.manage,BR-INV-65,حقل registrationNo نصي في نموذج المنتج app/dashboard/products/page.tsx [B][C],,apps/products/src/modules/products/dto/create-product.dto.ts:8 [B][C],Product.registrationNo String? apps/products/prisma/schema.prisma:73 [B][C]؛ لا ProductRegistration ولا OrgLicense,,,"ProductRegistration(productId FK, authority, number UNIQUE per authority, validFrom, validTo, status, attachments) وOrgLicense(type, number, scope warehouseId?, validTo, status)؛ مهمة يومية تحدّث الحالة؛ تدقيق كامل للتعديلات.",DAR-03 | DAR-04 | DAR-06 | DAR-11 | DAR-12 | DAR-13 | DAR-20,ملكية بيانات صريحة ونظام سجل (SoR) لكل كيان، وتحقق المراجع بين الخدمات عند الكتابة + إسقاطات مرجعية + مطابقة دورية | دفتر أستاذ عام موحد واحد داخل nile_accounting: جدولا قيود بشكل واحد، محرك ترحيل واحد، قواعد ترحيل (posting rules) وحسابات رقابية للدفاتر الفرعية | قيود سلامة داخل كل مجال: CHECK للكميات والمبالغ، enums/CHECK للحالات، UNIQUE لمفاتيح الأعمال (X1–X4) | تتبع شامل: correlation_id ومعرّف المستند المصدر على كل حركة وقيد، وسلسلة الدفعة الدوائية من الاستلام حتى العميل | سجل تدقيق: الأحداث المركزية كسجل أعمال، وسجل تعديلات داخل المعاملة مع before/after، منع التعديل بالصلاحيات، إخفاء البيانات الحساسة | نموذج تقارير على مرحلتين: تجميعات SQL داخل الخدمة الآن، ثم read model للتقارير عند الحاجة؛ القوائم المالية من GL فقط | ترحيل البيانات الافتتاحية وتاريخ القطع: دفعة افتتاحية معتمدة بتوقيع وhash، قيود افتتاحية بتاريخ القطع,AC-INV-059-1: بافتراض منتج تسجيله EXPIRED، عندما يُضاف إلى أمر بيع، فإن الخادم يرفض السطر 409 برسالة تذكر حالة التسجيل. | AC-INV-059-2: بافتراض تسجيل ينتهي بعد 170 يومًا ومهلة تجديد 180، عندما تعمل المهمة اليومية، فإن الحالة تصبح RENEWAL_DUE ويُرسل إشعار للمسؤول. | AC-INV-059-3: بافتراض رخصة استيراد منتهية، عندما يُطلب اعتماد أمر شراء، فإن الطلب يُرفض 409.,NOT_IMPLEMENTED,NOT_IMPLEMENTED,P2
REQ-INV-060,وحدات القياس والتحويلات (كرتونة/علبة/شريط) واستخدامها المتسق في الكميات,Products / UOM,products.uom.manage,BR-INV-66,app/dashboard/settings/uom/page.tsx (393 سطرًا متطابق [B][C]),GET /uom/units، /uom/products/:productId، /uom/convert، /uom/breakdown/:productId، POST /uom/products/:productId [B][C]؛ POST /uom/conversions/import/file وتصدير CSV [C] فقط,apps/products/src/modules/uom/uom.service.ts parseConversionFactor :280-288 [C],"ProductUomConversion @@unique([productId, fromUom, toUom]) apps/products/prisma/schema.prisma:152 [B][C]",,"spec exists, not run: uom.service.spec.ts","UnitOfMeasure مزروعة؛ ProductUomConversion(productId, fromUom, toUom) فريد، factor NUMERIC(14,4) > 0؛ وحدة أساس لكل منتج؛ كميات المخزون تُخزن بوحدة الأساس مع توثيق ذلك في العقود.",DAR-03 | DAR-06 | DAR-12 | DAR-15 | DAR-20,ملكية بيانات صريحة ونظام سجل (SoR) لكل كيان، وتحقق المراجع بين الخدمات عند الكتابة + إسقاطات مرجعية + مطابقة دورية | قيود سلامة داخل كل مجال: CHECK للكميات والمبالغ، enums/CHECK للحالات، UNIQUE لمفاتيح الأعمال (X1–X4) | سجل تدقيق: الأحداث المركزية كسجل أعمال، وسجل تعديلات داخل المعاملة مع before/after، منع التعديل بالصلاحيات، إخفاء البيانات الحساسة | نسخ احتياطي وPITR واستعادة خارج المضيف بأهداف RPO/RTO معتمدة وتمارين استعادة دورية | ترحيل البيانات الافتتاحية وتاريخ القطع: دفعة افتتاحية معتمدة بتوقيع وhash، قيود افتتاحية بتاريخ القطع,AC-INV-060-1: بافتراض ملف تحويلات بمعامل 0.12345، عندما يُستورد بمعاينة، فإن السطر يُرفض برسالة «لا يتجاوز 4 منازل» ولا يُكتب شيء. | AC-INV-060-2: بافتراض منتج بتحويل كرتونة=20 علبة، عندما يُطلب تحويل 3 كراتين، فإن النتيجة 60 علبة. | AC-INV-060-3: بافتراض استلام مخزون، عندما تُدخل الكمية بوحدة غير الأساس، فإن الرصيد يُحفظ بوحدة الأساس بعد التحويل (أو يُرفض الإدخال إن لم يُعتمد ذلك).,PARTIAL,PARTIAL,P3
REQ-INV-061,حوكمة الاستيراد الجماعي للمنتجات (حقول إلزامية، معاينة، كشف تكرار، بلا أثر مخزني),Products / Data import,products.products.import,BR-INV-67,,POST /products/bulk-import (products.products.import) apps/products/src/modules/products/products.controller.ts:80 [C]؛ POST /products/import-prices (بها dryRun),products.service.ts bulkImport :455 [B] / :464 [C] (صف بصف بلا dryRun ولا كشف تكرار داخل الملف ولا معاملة)؛ create :228 [B] / :237 [C] (findUnique ثم create بلا التقاط P2002),,BulkOperationCompleted,"spec exists, not run: products.service.spec.ts","products.sku UNIQUE (قائم) مع ترجمة P2002 إلى 409؛ سجل عملية استيراد (importId, actor, counts, نتائج الصفوف) قابل للمراجعة.",DAR-04 | DAR-06 | DAR-15 | DAR-20,دفتر أستاذ عام موحد واحد داخل nile_accounting: جدولا قيود بشكل واحد، محرك ترحيل واحد، قواعد ترحيل (posting rules) وحسابات رقابية للدفاتر الفرعية | قيود سلامة داخل كل مجال: CHECK للكميات والمبالغ، enums/CHECK للحالات، UNIQUE لمفاتيح الأعمال (X1–X4) | نسخ احتياطي وPITR واستعادة خارج المضيف بأهداف RPO/RTO معتمدة وتمارين استعادة دورية | ترحيل البيانات الافتتاحية وتاريخ القطع: دفعة افتتاحية معتمدة بتوقيع وhash، قيود افتتاحية بتاريخ القطع,"AC-INV-061-1: بافتراض ملف به SKU مكرر في سطرين، عندما يُرسل بوضع المعاينة، فإن التقرير يعلّم السطرين ولا يُكتب أي منتج. | AC-INV-061-2: بافتراض طلبين متزامنين لإنشاء نفس SKU، عندما يُعالجان، فإن أحدهما ينجح والآخر يعود 409 لا 500. | AC-INV-061-3: بافتراض استيراد 2,000 منتج، عندما يكتمل، فإن لا صف في stock_balances أو ledger_entries يتغير.",PARTIAL,PARTIAL,P3
REQ-INV-062,ملف المنتج: المكونات المرتبة والمستندات المصنفة والأسماء البديلة من مصادر موثقة,Products / Product master,products.products.update,,,لا API لحفظ الأسماء البديلة أو المستندات,products.service.ts findOne يتضمن ingredients مرتبة :213-226 [B] / :222-235 [C],"ProductIngredient @@unique([productId, sequence]) apps/products/prisma/schema.prisma:163-174 [B][C]؛ لا جدول مستندات منتج ولا أسماء بديلة",,,"ProductDocument(productId, category enum, fileRef, verificationStatus, source) وProductAlias(productId, alias, status PROPOSED/APPROVED) مع تدقيق.",DAR-03 | DAR-12,ملكية بيانات صريحة ونظام سجل (SoR) لكل كيان، وتحقق المراجع بين الخدمات عند الكتابة + إسقاطات مرجعية + مطابقة دورية | سجل تدقيق: الأحداث المركزية كسجل أعمال، وسجل تعديلات داخل المعاملة مع before/after، منع التعديل بالصلاحيات، إخفاء البيانات الحساسة,AC-INV-062-1: بافتراض منتج له مكونات، عندما يُستدعى GET /products/:id، فإن المكونات تُعاد مرتبة بـsequence. | AC-INV-062-2: بافتراض مكوّن كميته غير معروفة، عندما يُحفظ، فإن الكمية null ولا تُعرض كصفر. | AC-INV-062-3: بافتراض رفع مستند منتج، عندما يُحفظ، فإن له تصنيفًا من القائمة المعتمدة ولا يُعلَّم «معتمد تنظيميًا» إلا بقرار جودة.,PARTIAL,PARTIAL,P3
REQ-INV-063,تخزين آمن للشهادات والمستندات (CoA، شهادات الموردين) بروابط مؤقتة وتدقيق التنزيل,Quality / Documents,صلاحية رفع منفصلة عن صلاحية التنزيل,,,,,BatchQcRecord يحمل رقم/مرجع CoA نصيًا apps/products/prisma/schema.prisma [B][C]؛ لا كيان Certificate ولا تخزين ملفات للشهادات,,,"Certificate(id, type, issuer, number, productId?/batchId?/supplierId?, validFrom, validTo, verificationStatus, storageKey) وFileAccessLog(certificateId, userId, at, action)؛ لا DELETE فعلي.",DAR-03 | DAR-04 | DAR-12 | DAR-15 | DAR-20,ملكية بيانات صريحة ونظام سجل (SoR) لكل كيان، وتحقق المراجع بين الخدمات عند الكتابة + إسقاطات مرجعية + مطابقة دورية | دفتر أستاذ عام موحد واحد داخل nile_accounting: جدولا قيود بشكل واحد، محرك ترحيل واحد، قواعد ترحيل (posting rules) وحسابات رقابية للدفاتر الفرعية | سجل تدقيق: الأحداث المركزية كسجل أعمال، وسجل تعديلات داخل المعاملة مع before/after، منع التعديل بالصلاحيات، إخفاء البيانات الحساسة | نسخ احتياطي وPITR واستعادة خارج المضيف بأهداف RPO/RTO معتمدة وتمارين استعادة دورية | ترحيل البيانات الافتتاحية وتاريخ القطع: دفعة افتتاحية معتمدة بتوقيع وhash، قيود افتتاحية بتاريخ القطع,AC-INV-063-1: بافتراض مستخدم بلا صلاحية تنزيل الشهادات، عندما يطلب ملف CoA، فإن الطلب يُرفض 403 ويُسجل المحاولة. | AC-INV-063-2: بافتراض رابط تنزيل صادر، عندما تنقضي مدته، فإن استخدامه يُرفض. | AC-INV-063-3: بافتراض ملف بامتداد غير مسموح، عندما يُرفع، فإن الرفع يُرفض ولا يُخزن الملف.,NOT_IMPLEMENTED,NOT_IMPLEMENTED,P3
REQ-INV-064,قوائم وبحث خفيفة الأداء: بحث منتجات من الخادم وترقيم صفحات للتشغيلات والحركات والأرصدة,Inventory / Usability & scale,صلاحيات القراءة القائمة,,components/receive-stock-modal.tsx:67 يحمّل productsApi.list() كاملة [C],GET /transactions (take 200 + before cursor) apps/inventory/src/modules/transactions/transactions.controller.ts:14-20 [B][C],"apps/products/src/modules/batches/batches.service.ts:17-22 findAll بلا take [B][C]؛ apps/inventory/src/modules/stock/stock.service.ts:29-37 take افتراضي 200 مقصوص [1,500] [C]",,,,"فهارس على products(nameAr, nameEn, sku) للبحث، وbatches(productId, expiryDate)، وinventory_transactions(createdAt, id) للـcursor.",DAR-03 | DAR-10 | DAR-11 | DAR-17,ملكية بيانات صريحة ونظام سجل (SoR) لكل كيان، وتحقق المراجع بين الخدمات عند الكتابة + إسقاطات مرجعية + مطابقة دورية | العملات والدقة والتقريب والترقيم: عملة على كل مستند مالي، دقة موحدة لأسعار الصرف، قاعدة تقريب واحدة Decimal، ترقيم تسلسلي لكل سلسلة داخل المعاملة | تتبع شامل: correlation_id ومعرّف المستند المصدر على كل حركة وقيد، وسلسلة الدفعة الدوائية من الاستلام حتى العميل | فهارس مبنية على أنماط الاستعلام (X6–X15) مشروطة بقياسات EXPLAIN/pg_stat_statements,AC-INV-064-1: بافتراض 300 حركة مخزون، عندما يُطلب السجل بالصفحات، فإن الوصول لأقدم حركة ممكن عبر cursor. | AC-INV-064-2: بافتراض GET /batches بلا productId، عندما يُستدعى، فإن النتائج محدودة بحد أقصى وترقيم. | AC-INV-064-3: بافتراض نموذج الاستلام، عندما يُفتح، فإن قائمة المنتجات لا تُحمّل كاملة بل عبر بحث من الخادم.,PARTIAL,PARTIAL,P3
REQ-INV-065,بند «عينة منتج» في طلب الهدية مرجعي فقط ولا يخصم من المخزون,Inventory / Samples & gifts,حسب دورة اعتماد الهدايا (خارج هذا البند),BR-INV-59,app/dashboard/customer-gifts/page.tsx [B][C],,apps/organization/src/modules/customer-gifts/customer-gifts.service.ts:45 productId مرجعي، لا استدعاء للمخزون [B][C],enum PRODUCT_SAMPLE apps/organization/prisma/schema.prisma:579 [B] / :597 [C],,"spec exists, not run: customer-gifts.service.spec.ts",عند اعتماد الخصم لاحقًا: حركة مخزون بنوع/سبب SAMPLE_ISSUE مرتبطة بطلب الهدية (giftRequestId) والتشغيلة والمخزن والتكلفة.,DAR-03 | DAR-05 | DAR-19,ملكية بيانات صريحة ونظام سجل (SoR) لكل كيان، وتحقق المراجع بين الخدمات عند الكتابة + إسقاطات مرجعية + مطابقة دورية | ربط الدفاتر الفرعية (AR/AP/الخزينة/المخزون/الرواتب/المصروفات/العمولات) بالقيود عبر source_type/source_id ومراجع عكسية، وتسويات رقابية | تقييم المخزون ودفتر المخزون: طبقات تكلفة تغطي كل الحركات (أو متوسط مرجح)، استهلاك مسجل، ربط بـGL,AC-INV-065-1: بافتراض طلب هدية بسطر PRODUCT_SAMPLE بكمية 5، عندما يُعتمد، فإن أرصدة stock_balances وinventory_transactions لا تتغير. | AC-INV-065-2: بافتراض قرار لاحق بخصم العينات، عندما يُنفَّذ، فإن الخصم يحدد المخزن والتشغيلة ويُسجل حركة بسبب مستقل.,IMPLEMENTED,IMPLEMENTED,P2
REQ-INV-066,تصفية حركات المخزون بالمستخدم والمخزن من الخادم,Inventory / Stock ledger,inventory.transactions.read,BR-INV-63,app/dashboard/stock-movements/page.tsx:81 (actorId/warehouseId في الاستعلام)، :173 عمود المستخدم [B][C],GET /transactions?actorId&warehouseId apps/inventory/src/modules/transactions/transactions.controller.ts:16-20 [B][C],,,,,"inventory_transactions.actorId وwarehouseId غير فارغين للحركات المخزنية، مع فهرس (actorId, createdAt) و(warehouseId, createdAt).",DAR-17,فهارس مبنية على أنماط الاستعلام (X6–X15) مشروطة بقياسات EXPLAIN/pg_stat_statements,AC-INV-066-1: بافتراض 500 حركة منها 30 للمستخدم «س»، عندما يُختار «س» في الفلتر، فإن الطلب يُرسل actorId للخادم وتُعرض الـ30 كلها. | AC-INV-066-2: بافتراض مخزنين، عندما يُختار أحدهما، فإن الحركات المعروضة كلها لذلك المخزن.,IMPLEMENTED,IMPLEMENTED,P3
REQ-INV-067,عرض مخزن الأمر مشتقًا من تخصيصات FEFO («متعدد المخازن (N)»),Inventory / Allocation visibility,sales.orders.read,BR-INV-62,,GET /sales/orders و/:id,"apps/sales/src/modules/orders/orders.service.ts:102,227 warehouseSummary :1341 [B]؛ :102,242، :1371 [C]",OrderLineAllocation.warehouseId اختياري (sales schema),,"spec exists, not run: orders.warehouses.spec.ts","OrderLineAllocation(warehouseId, source WAREHOUSE|CONSIGNMENT, batchId, quantity) مصدر الحقيقة؛ لا تكرار للمخزن على رأس الأمر.",DAR-03 | DAR-06,ملكية بيانات صريحة ونظام سجل (SoR) لكل كيان، وتحقق المراجع بين الخدمات عند الكتابة + إسقاطات مرجعية + مطابقة دورية | قيود سلامة داخل كل مجال: CHECK للكميات والمبالغ، enums/CHECK للحالات، UNIQUE لمفاتيح الأعمال (X1–X4),AC-INV-067-1: بافتراض أمر خُصص من مخزنين، عندما يُعرض في القائمة، فإن العمود يظهر «متعدد المخازن (2)» مع الكميات لكل مخزن. | AC-INV-067-2: بافتراض أمر خُصص من مخزن واحد، عندما يُعرض، فإن اسم المخزن يظهر.,IMPLEMENTED,IMPLEMENTED,P4
REQ-INV-069,تدوير التشغيلات في الأمانة: لا تُرسل تشغيلة جديدة لصنف حتى تنفد القديمة عند العميل أو تقارب,Inventory / Consignment,inventory.consignment.create + صلاحية تجاوز,BR-INV-64,,POST /consignment/stock، /deliveries [B][C],apps/inventory/src/modules/consignment/consignment.service.ts addStock :52 / addStockBulk :83 لا فحص تشغيلات قائمة لدى العميل [C]؛ :52 [B],,,,"ConsignmentStock(customerId, batchId) مع productId وexpiryDate؛ قيمة حد التدوير قابلة للضبط؛ سجل التجاوزات.",DAR-03 | DAR-06,ملكية بيانات صريحة ونظام سجل (SoR) لكل كيان، وتحقق المراجع بين الخدمات عند الكتابة + إسقاطات مرجعية + مطابقة دورية | قيود سلامة داخل كل مجال: CHECK للكميات والمبالغ، enums/CHECK للحالات، UNIQUE لمفاتيح الأعمال (X1–X4),AC-INV-069-1: بافتراض عميل لديه 40 علبة متاحة من التشغيلة A والحد 10، عندما يُطلب تحميل التشغيلة B من نفس الصنف، فإن الطلب يُرفض برسالة توضح رصيد A. | AC-INV-069-2: بافتراض نفس الحالة ومستخدم بصلاحية التجاوز، عندما يحمّل مع سبب، فإن التحميل ينجح ويُسجل السبب في التدقيق.,NOT_IMPLEMENTED,NOT_IMPLEMENTED,P3
REQ-INV-070,حالة «لدى العميل أمانة» تُعرض في ملف العميل مشتقة من اتفاقية الأمانة,Inventory / Consignment,inventory.consignment.create,,components/party-profile.tsx قسم «الأمانة (التصريف)» [B][C],,,ConsignmentAgreement.isActive (inventory schema) [B][C]؛ لا علم في CRM,,,"مصدر حقيقة واحد: ConsignmentAgreement(customerId, isActive, startDate, endDate)؛ أي عرض في CRM مشتق للقراءة.",DAR-03,ملكية بيانات صريحة ونظام سجل (SoR) لكل كيان، وتحقق المراجع بين الخدمات عند الكتابة + إسقاطات مرجعية + مطابقة دورية,AC-INV-070-1: بافتراض عميل باتفاقية أمانة نشطة، عندما يُفتح ملفه، فإن المؤشر «نعم». | AC-INV-070-2: بافتراض إيقاف الاتفاقية، عندما يُعاد فتح الملف، فإن المؤشر «لا» دون تعديل يدوي منفصل في CRM.,PARTIAL,PARTIAL,P4
REQ-INV-071,إشعار دائن مستقل CR-YYYY-NNNN يصدر تلقائيًا لكل مرتجع معتمد,Returns -> Accounting hand-off,accounting.credit-notes.read,BR-INV-60 | BR-INV-61,عمود «الأثر المالي» وطباعة الإشعار في app/dashboard/returns/page.tsx [B][C],GET /credit-notes، /credit-notes/:id (accounting.credit-notes.read) apps/accounting/src/modules/credit-notes/credit-notes.controller.ts:11-16 [B][C],apps/accounting/src/modules/saga-listener/saga-listener.service.ts issueForReturn :260 [B] / :267 [C],CreditNote apps/accounting/prisma/schema.prisma:754 [B] / :912 [C]؛ DocumentSequence :780 [B] / :938 [C],SalesReturnCreated (مستهلك),"spec exists, not run: credit-notes.service.spec.ts","CreditNote(returnId UNIQUE, number UNIQUE CR-YYYY-NNNN, invoiceId, net, tax, total, issuedAt)؛ DocumentSequence(type, year) يزاد ذريًا؛ لا حذف، الإلغاء بحالة.",DAR-06 | DAR-07 | DAR-09 | DAR-10,قيود سلامة داخل كل مجال: CHECK للكميات والمبالغ، enums/CHECK للحالات، UNIQUE لمفاتيح الأعمال (X1–X4) | Outbox لكل حدث يغيّر الحالة + Inbox معاملاتي للمستهلكين + مفتاح idempotency لكل أمر كتابة | سياسة موحدة لحالات المستندات والإلغاء والعكس والإشعارات الدائنة وقفل الفترات على مستوى الترحيل | العملات والدقة والتقريب والترقيم: عملة على كل مستند مالي، دقة موحدة لأسعار الصرف، قاعدة تقريب واحدة Decimal، ترقيم تسلسلي لكل سلسلة داخل المعاملة,AC-INV-071-1: بافتراض مرتجع معتمد، عندما يُعالج الحدث، فإن إشعارًا واحدًا برقم CR-<السنة>-NNNN يُنشأ مرتبطًا بـreturnId. | AC-INV-071-2: بافتراض إعادة تسليم نفس الحدث، عندما يُعالج، فإن عدد الإشعارات للمرتجع يبقى 1 والرقم لا يتغير. | AC-INV-071-3: بافتراض فاتورة subtotal 100 وضريبة 14، عندما يُرتجع نصفها، فإن الإشعار يفصل 50 صافيًا و7 ضريبة.,IMPLEMENTED,IMPLEMENTED,P1
REQ-R2R-001,دليل حسابات موحّد هرمي وإدارته,Record-to-Report,accounting.coa.manage للإنشاء والتعديل؛ accounting.coa.read للقراءة,BR-R2R-04 | BR-R2R-03,[B][C] apps/web/app/dashboard/accounting/page.tsx (شجرة + ميزان + فترات),"[B][C] GET/POST/PATCH /api/accounting/coa, GET /coa/tree, POST /coa/seed-defaults؛ [C] GET /coa/export.csv ؛ [C] GET /coa/export.csv apps/accounting/src/modules/coa/coa.controller.ts:49-50","[B] apps/accounting/src/modules/coa/coa.service.ts:95-143 (create/update بلا فحص أن الأب header)، :146-169 (tree يزرع الدليل عند الفراغ)، :259-352 (seed)؛ [C] apps/accounting/src/modules/coa/coa.service.ts:127-176, 178-201, 84-104 (exportRows)","[B] apps/accounting/prisma/schema.prisma:544 model Account (code unique, isHeader, balance cache)؛ [C] :702",—,[B][C] coa.service.spec.ts؛ [C] coa.controller.spec.ts — spec exists (لم تُشغّل),كيان Account: code فريد وغير قابل للتعديل، parentId يشير لحساب isHeader=true (CHECK/trigger)، type/nature من قيم مغلقة، isActive، currency؛ لا عمود رصيد مخزن قابل للكتابة إلا كإسقاط من القيود؛ تدقيق لكل تعديل.,DAR-03 | DAR-04 | DAR-05 | DAR-06 | DAR-10 | DAR-12,ملكية بيانات صريحة ونظام سجل (SoR) لكل كيان، وتحقق المراجع بين الخدمات عند الكتابة + إسقاطات مرجعية + مطابقة دورية | دفتر أستاذ عام موحد واحد داخل nile_accounting: جدولا قيود بشكل واحد، محرك ترحيل واحد، قواعد ترحيل (posting rules) وحسابات رقابية للدفاتر الفرعية | ربط الدفاتر الفرعية (AR/AP/الخزينة/المخزون/الرواتب/المصروفات/العمولات) بالقيود عبر source_type/source_id ومراجع عكسية، وتسويات رقابية | قيود سلامة داخل كل مجال: CHECK للكميات والمبالغ، enums/CHECK للحالات، UNIQUE لمفاتيح الأعمال (X1–X4) | العملات والدقة والتقريب والترقيم: عملة على كل مستند مالي، دقة موحدة لأسعار الصرف، قاعدة تقريب واحدة Decimal، ترقيم تسلسلي لكل سلسلة داخل المعاملة | سجل تدقيق: الأحداث المركزية كسجل أعمال، وسجل تعديلات داخل المعاملة مع before/after، منع التعديل بالصلاحيات، إخفاء البيانات الحساسة,AC-R2R-001-1: بفرض وجود حساب ورقي (isHeader=false)، عندما يُطلب إنشاء حساب جديد أبوه هذا الحساب، فإن الخادم يرفض الطلب برسالة واضحة ولا يُنشأ أي صف. | AC-R2R-001-2: بفرض حساب موجود بكود 1121، عندما يُرسل طلب تعديل يتضمن كودًا مختلفًا، فإن الكود يبقى 1121 دون تغيير. | AC-R2R-001-3: بفرض جدول دليل حسابات فارغ، عندما يُستدعى GET /coa/tree، فإن عدد صفوف chart_of_accounts قبل الطلب وبعده متساوٍ (القراءة لا تكتب). | AC-R2R-001-4: عندما يُطلب تصدير CSV للدليل، فإن الملف لا يحتوي عمودي id ولا balance ويحتوي parentCode لكل حساب.,PARTIAL,PARTIAL,P2
REQ-R2R-002,أستاذ عام بالقيد المزدوج كدفتر الحسابات الرسمي,Record-to-Report,الترحيل الآلي بهوية النظام؛ اليدوي حسب REQ القيود اليدوية,BR-R2R-01 | BR-R2R-02 | BR-R2R-03,[C] apps/web/app/dashboard/general-ledger/page.tsx، accounting/journals، gl-workbench (fetch بلا Authorization — WEB-02),[C] /api/accounting/general-ledger/* (مسجل)؛ /api/accounting/gl-workbench/* (غير مسجل),[B] لا يوجد (ميزان من Account.balance apps/accounting/src/modules/coa/coa.service.ts:208-255)؛ [C] ثلاثة تنفيذات: apps/accounting/src/modules/general-ledger/general-ledger.service.ts:33-42 (أعمدة legacy)، apps/accounting/src/modules/gl-workbench/gl-posting.service.ts:27-55 (أعمدة workbench + UPDATE accounts غير الموجود)، apps/accounting/src/modules/gl-workbench/gl-workbench.service.ts (غير مسجل),[B] لا JournalEntry؛ [C] apps/accounting/prisma/schema.prisma:625 JournalEntry، :656 JournalLine؛ migrations 20260927120000_general_ledger و20260928110000_gl_workbench بأشكال متعارضة,[C] inventory.stock.issued → COGS؛ goods.received/supplier-return → GL,[C] general-ledger.integration.spec.ts، gl-posting.integration.spec.ts (يُتخطى بلا ACCOUNTING_TEST_DATABASE_URL)، accounting-posting.spec.ts — spec exists,"JournalEntry(id, رقم تسلسلي فريد، تاريخ القيد، fiscal_period_id NOT NULL FK، source_type+source_id، الحالة enum، created/approved/posted by/at، reversal_of_id) وJournalLine(line_no، account_id FK على حساب غير تجميعي، debit/credit ≥0 وأحدهما فقط، currency، fx_rate، base_debit/base_credit)؛ قيد DEFERRED CONSTRAINT أو trigger يضمن توازن base لكل قيد عند الالتزام؛ unique جزئي (source_type, source_id) للمرحّل؛ لا UPDATE/DELETE على المرحّل.",DAR-04 | DAR-06 | DAR-09 | DAR-10,دفتر أستاذ عام موحد واحد داخل nile_accounting: جدولا قيود بشكل واحد، محرك ترحيل واحد، قواعد ترحيل (posting rules) وحسابات رقابية للدفاتر الفرعية | قيود سلامة داخل كل مجال: CHECK للكميات والمبالغ، enums/CHECK للحالات، UNIQUE لمفاتيح الأعمال (X1–X4) | سياسة موحدة لحالات المستندات والإلغاء والعكس والإشعارات الدائنة وقفل الفترات على مستوى الترحيل | العملات والدقة والتقريب والترقيم: عملة على كل مستند مالي، دقة موحدة لأسعار الصرف، قاعدة تقريب واحدة Decimal، ترقيم تسلسلي لكل سلسلة داخل المعاملة,AC-R2R-002-1: بفرض فاتورة مبيعات مولدة، عندما تُلتزم المعاملة، فإن قيدًا واحدًا بحالة POSTED يوجد لمصدرها وΣمدين = Σدائن بالعملة الأساسية. | AC-R2R-002-2: بفرض قاعدة بيانات مطبق عليها كل migrations المحاسبة، عندما يُنفذ اختبار تكامل يزرع الدليل ويُدرج قيدًا عبر كل مسار ترحيل، فإن كل الإدراجات تنجح بشكل جداول واحد. | AC-R2R-002-3: عندما يُطلب ميزان المراجعة، فإن مصدره الوحيد هو القيود المرحّلة وليس أي عمود رصيد مخزن.,NOT_IMPLEMENTED,PARTIAL,P1
REQ-R2R-003,جدول قواعد ترحيل من الدفاتر الفرعية إلى الأستاذ العام,Record-to-Report,تعديل القواعد بصلاحية مالية عليا ومراجعة ثانية,BR-R2R-01 | BR-R2R-05 | BR-R2R-24 | BR-R2R-42,—,—,[C] قواعد مكتوبة في الكود: apps/accounting/src/modules/invoices/invoices.service.ts:508-521 (مدين invoice.accountId = معرف عميل CRM ليس حساب COA — ACC-02)، apps/accounting/src/modules/credit-notes/credit-notes.service.ts:68، apps/accounting/src/modules/saga-listener/saga-listener.service.ts:297-375 (COGS 5100/1131، استلام 1131/2111، مرتجع مورد)، apps/accounting/src/modules/gl-workbench/gl-posting.service.ts:12-18 (تحصيل)، apps/accounting/src/modules/fixed-assets/fixed-assets.service.ts:147؛ AccountingPostingService غير مستخدم apps/accounting/src/modules/general-ledger/accounting-posting.service.ts؛ لا ترحيل للفاتورة المباشرة ولا للتخصيصات ولا للمصروفات/الرواتب/الهدايا (ORG-04)؛ apps/organization/src/modules/expenses/expenses.service.ts:171 تعليق يدّعي قيدًا [B][C],[C] journal_entries.source_type/source_id,[C] inventory.stock.issued، inventory.goods.received، inventory.supplier-return.created,[C] accounting-posting.spec.ts — spec exists,"جدول posting_rules(event_type, version, effective_from, line_no, side, account_code أو قاعدة اشتقاق، party_role، approved_by/at)؛ كل قيد آلي يخزن rule_version المستخدم؛ حسابات المراقبة (1121، 2111) مع partyId على السطر بدل حساب لكل عميل.",DAR-04 | DAR-05 | DAR-07,دفتر أستاذ عام موحد واحد داخل nile_accounting: جدولا قيود بشكل واحد، محرك ترحيل واحد، قواعد ترحيل (posting rules) وحسابات رقابية للدفاتر الفرعية | ربط الدفاتر الفرعية (AR/AP/الخزينة/المخزون/الرواتب/المصروفات/العمولات) بالقيود عبر source_type/source_id ومراجع عكسية، وتسويات رقابية | Outbox لكل حدث يغيّر الحالة + Inbox معاملاتي للمستهلكين + مفتاح idempotency لكل أمر كتابة,AC-R2R-003-1: بفرض قاعدة INVOICE = مدين 1121 (partyId=العميل) / دائن 4110 + 2121، عندما تُولد فاتورة بصافي 100 وضريبة 14، فإن القيد يحتوي مدين 1121 = 114 ودائن 4110 = 100 ودائن 2121 = 14 وpartyId = معرف العميل. | AC-R2R-003-2: بفرض حدث مالي بلا قاعدة ترحيل معرّفة، عندما يُعالج، فإن سجل استثناء يُنشأ ويظهر في شاشة المحاسب ولا يُفقد الحدث. | AC-R2R-003-3: عندما يُعلَّم مطالبة مصروف كمدفوعة، فإن التوثيق والكود متطابقان: إما قيد مرحّل موجود، أو لا يدّعي التعليق ترحيلًا.,NOT_IMPLEMENTED,PARTIAL,P1
REQ-R2R-004,منع ازدواج الترحيل لنفس المصدر المالي,Record-to-Report,—,BR-R2R-05,—,—,[C] apps/accounting/src/modules/general-ledger/general-ledger.service.ts:35 (ConflictException عند التكرار)؛ apps/accounting/src/modules/gl-workbench/gl-posting.service.ts:29-30 (يُرجع الموجود)؛ apps/accounting/src/modules/saga-listener/saga-listener.service.ts:330-357 (خطوات غير ذرية — ACC-16),"[C] unique جزئي (source_type, source_id) WHERE POSTED في migration general_ledger وunique غير جزئي في gl_workbench؛ [B][C] processed_events",[B][C] PrismaProcessedEventStore,[C] gl-posting.integration.spec.ts — spec exists,"قيد UNIQUE (source_type, source_id, posting_kind) على القيود المرحّلة؛ processed_events بمفتاح (consumer, event_id) يُكتب في نفس معاملة الترحيل.",DAR-04 | DAR-06 | DAR-07,دفتر أستاذ عام موحد واحد داخل nile_accounting: جدولا قيود بشكل واحد، محرك ترحيل واحد، قواعد ترحيل (posting rules) وحسابات رقابية للدفاتر الفرعية | قيود سلامة داخل كل مجال: CHECK للكميات والمبالغ، enums/CHECK للحالات، UNIQUE لمفاتيح الأعمال (X1–X4) | Outbox لكل حدث يغيّر الحالة + Inbox معاملاتي للمستهلكين + مفتاح idempotency لكل أمر كتابة,AC-R2R-004-1: بفرض حدث GoodsReceived سبق ترحيله، عندما يُعاد تسليمه، فإن عدد قيود GOODS_RECEIPT لهذا المصدر يبقى 1 ولا تذهب الرسالة إلى DLQ. | AC-R2R-004-2: بفرض معالجتين متزامنتين لنفس المصدر، عندما تكتملان، فإن قيدًا مرحّلًا واحدًا فقط يوجد (قيد UNIQUE في قاعدة البيانات).,NOT_IMPLEMENTED,PARTIAL,P1
REQ-R2R-005,سلامة الدفاتر الفرعية AR/AP كمغذيات للأستاذ العام,Record-to-Report,—,BR-R2R-06 | BR-R2R-21,[B][C] كشف حساب العميل/المورد,[B][C] GET /api/accounting/ledger/*، /supplier-ledger/*,[B][C] apps/accounting/src/modules/invoices/invoices.service.ts (فاتورة+سطور+قيد في معاملة واحدة)؛ [C] apps/accounting/src/modules/gl-workbench/gl-posting.service.ts:53 يكتب JOURNAL_LINE داخل ledger_entries,[B] apps/accounting/prisma/schema.prisma:381-399 LedgerEntry، :452-470 SupplierLedgerEntry (refType String)؛ [C] :452-470، :523-541,[B][C] crm.account.created، sales.return.created، inventory.goods.received,[B][C] ledger-dedup.integration.spec.ts، ledger.concurrency.spec.ts، supplier-ledger.service.spec.ts — spec exists,"refType كـenum أو جدول مرجعي FK؛ UNIQUE(refType, refId)؛ currency وamount_base على كل صف؛ occurredAt إلزامي من المستند؛ لا UPDATE/DELETE.",DAR-03 | DAR-04 | DAR-05 | DAR-06 | DAR-10,ملكية بيانات صريحة ونظام سجل (SoR) لكل كيان، وتحقق المراجع بين الخدمات عند الكتابة + إسقاطات مرجعية + مطابقة دورية | دفتر أستاذ عام موحد واحد داخل nile_accounting: جدولا قيود بشكل واحد، محرك ترحيل واحد، قواعد ترحيل (posting rules) وحسابات رقابية للدفاتر الفرعية | ربط الدفاتر الفرعية (AR/AP/الخزينة/المخزون/الرواتب/المصروفات/العمولات) بالقيود عبر source_type/source_id ومراجع عكسية، وتسويات رقابية | قيود سلامة داخل كل مجال: CHECK للكميات والمبالغ، enums/CHECK للحالات، UNIQUE لمفاتيح الأعمال (X1–X4) | العملات والدقة والتقريب والترقيم: عملة على كل مستند مالي، دقة موحدة لأسعار الصرف، قاعدة تقريب واحدة Decimal، ترقيم تسلسلي لكل سلسلة داخل المعاملة,"AC-R2R-005-1: بفرض صف دفتر بـ(INVOICE, X)، عندما يُحاول إدراج صف ثانٍ بنفس الزوج، فإن قاعدة البيانات ترفضه. | AC-R2R-005-2: عندما يُحاول إدراج صف بـrefType غير موجود في القائمة المعتمدة، فإن الإدراج يُرفض. | AC-R2R-005-3: بفرض فشل إدراج سطر الفاتورة، عندما تُلغى المعاملة، فإن لا فاتورة ولا صف دفتر يبقى.",PARTIAL,PARTIAL,P2
REQ-R2R-006,التاريخ المالي append-only: التصحيح بالعكس لا بالتعديل أو الحذف,Record-to-Report,منفذ العكس ≠ مرحّل الأصل حسب سياسة المالك,BR-R2R-07,[B][C] عكس الدفعة وإلغاء الفاتورة من مساحة التحصيل,[B][C] POST /payments/:id/reverse، POST /invoices/:id/cancel,[B] apps/accounting/src/modules/payments/payments.service.ts:351+ (عكس الدفعة؛ لا عكس للخزينة — ACC-06)، apps/accounting/src/modules/invoices/invoices.service.ts:1185 (INVOICE_CANCELLATION)؛ [C] apps/accounting/src/modules/general-ledger/general-ledger.service.ts:43-49 (يعدّل الأصل إلى REVERSED ثم يرحّل عكسًا — ACC-05)، apps/accounting/src/modules/gl-workbench/gl-posting.service.ts:20-25 (نفس الاتجاه — ACC-04),[B][C] Payment.reversed/reversedAt/reversalReason؛ Invoice.cancelledAt/By/Reason؛ [C] journal_entries.reversal_of_id,[B][C] finance.payment.reversed (outbox),[C] gl-posting.integration.spec.ts (يفحص المجاميع فقط لا الاتجاه) — spec exists,reversal_of_id FK وUNIQUE (لا عكس مزدوج)؛ الأصل يبقى POSTED؛ trigger يمنع UPDATE لأعمدة المبالغ/الحسابات وDELETE على القيود والدفاتر الفرعية؛ سبب العكس إلزامي.,DAR-04 | DAR-06 | DAR-09,دفتر أستاذ عام موحد واحد داخل nile_accounting: جدولا قيود بشكل واحد، محرك ترحيل واحد، قواعد ترحيل (posting rules) وحسابات رقابية للدفاتر الفرعية | قيود سلامة داخل كل مجال: CHECK للكميات والمبالغ، enums/CHECK للحالات، UNIQUE لمفاتيح الأعمال (X1–X4) | سياسة موحدة لحالات المستندات والإلغاء والعكس والإشعارات الدائنة وقفل الفترات على مستوى الترحيل,AC-R2R-006-1: بفرض قيد تحصيل مدين 1111 / دائن 1121 بقيمة 500، عندما يُعكس، فإن قيد العكس مدين 1121 / دائن 1111 بقيمة 500 وصافي الحسابين في الميزان صفر. | AC-R2R-006-2: بفرض قيد أصلي معكوس، عندما يُطلب ميزان المراجعة، فإن الأصل والعكس كلاهما محتسبان (لا يُستبعد الأصل). | AC-R2R-006-3: عندما يُحاول أي مستخدم UPDATE أو DELETE على قيد مرحّل، فإن قاعدة البيانات ترفض.,PARTIAL,PARTIAL,P1
REQ-R2R-007,دورة اعتماد القيود اليدوية,Record-to-Report,يعتمد على DEC-R2R-03 (منشئ ≠ معتمد ≠ مرحّل؟),BR-R2R-16 | BR-R2R-07,[C] apps/web/app/dashboard/accounting/journals/page.tsx، gl-workbench (غير مسجل),[C] /api/accounting/general-ledger/journals/drafts/* و POST /general-ledger/journals (accounting.coa.manage),[C] apps/accounting/src/modules/general-ledger/general-ledger.service.ts:62-111 (بلا فحص منشئ ≠ معتمد)؛ apps/accounting/src/modules/general-ledger/general-ledger.controller.ts:10-19,[C] journal_entry_workflows (JSON lines) schema.prisma:1489-1512,—,[C] gl-workbench.service.spec.ts (للتنفيذ غير المسجل) — spec exists,workflow في نفس جدول القيود (status enum) أو جدول مسودات بسطور منظّمة لا JSON؛ created_by/submitted_by/approved_by/posted_by مع CHECK للفصل حسب السياسة؛ سبب الرفض إلزامي.,DAR-04 | DAR-05 | DAR-06 | DAR-15,دفتر أستاذ عام موحد واحد داخل nile_accounting: جدولا قيود بشكل واحد، محرك ترحيل واحد، قواعد ترحيل (posting rules) وحسابات رقابية للدفاتر الفرعية | ربط الدفاتر الفرعية (AR/AP/الخزينة/المخزون/الرواتب/المصروفات/العمولات) بالقيود عبر source_type/source_id ومراجع عكسية، وتسويات رقابية | قيود سلامة داخل كل مجال: CHECK للكميات والمبالغ، enums/CHECK للحالات، UNIQUE لمفاتيح الأعمال (X1–X4) | نسخ احتياطي وPITR واستعادة خارج المضيف بأهداف RPO/RTO معتمدة وتمارين استعادة دورية,AC-R2R-007-1: بفرض قيد يدوي بحالة SUBMITTED، عندما يُطلب ترحيله مباشرة، فإن الطلب يُرفض. | AC-R2R-007-2: عندما يُستدعى POST /general-ledger/journals بقيد يدوي بلا مسودة معتمدة، فإن الطلب يُرفض (لا مسار تجاوز). | AC-R2R-007-3: بفرض كتالوج صلاحيات IAM في البيئة، عندما يُبحث عن accounting.ledger.create/approve/post، فإنها موجودة ومسندة لأدوار.,NOT_IMPLEMENTED,PARTIAL,P2
REQ-R2R-008,الأبعاد التحليلية على سطور القيود,Record-to-Report,—,BR-R2R-17,—,[C] GET /general-ledger/trial-balance?branchId&costCenterId&profitCenterId,"[C] apps/accounting/src/modules/general-ledger/general-ledger.service.ts:40,114-119",[C] migration 20260928130000_gl_analytical_dimensions؛ غير ممثلة في Prisma؛ لا قوائم رئيسية للأبعاد,—,—,جداول رئيسية branches/cost_centers/profit_centers؛ FKs من journal_lines؛ partyId مع party_type؛ tax_code من جدول أكواد الضرائب.,DAR-04 | DAR-13 | DAR-19,دفتر أستاذ عام موحد واحد داخل nile_accounting: جدولا قيود بشكل واحد، محرك ترحيل واحد، قواعد ترحيل (posting rules) وحسابات رقابية للدفاتر الفرعية | نموذج تقارير على مرحلتين: تجميعات SQL داخل الخدمة الآن، ثم read model للتقارير عند الحاجة؛ القوائم المالية من GL فقط | تقييم المخزون ودفتر المخزون: طبقات تكلفة تغطي كل الحركات (أو متوسط مرجح)، استهلاك مسجل، ربط بـGL,AC-R2R-008-1: بفرض قيد بسطر branchId=B1، عندما يُطلب ميزان المراجعة بفلتر B1، فإن السطر يظهر ويُستبعد عند فلتر B2. | AC-R2R-008-2: عندما يُرسل سطر بمركز تكلفة غير موجود في القائمة الرئيسية، فإن الترحيل يُرفض.,NOT_IMPLEMENTED,PARTIAL,P3
REQ-R2R-009,دورة حياة الفترات المالية وشاشة إدارتها,Record-to-Report,accounting.periods.manage/close/reopen منفصلة,BR-R2R-08 | BR-R2R-12,[B][C] apps/web/app/dashboard/accounting/page.tsx (فترات، إقفال، إقفال سنة)؛ [C] apps/web/app/dashboard/period-close/page.tsx,[B][C] /api/accounting/fiscal-periods (GET/POST، generate-year، :id/close، :id/reopen، year-end-closing)؛ [C] :id/close-checks,[B] apps/accounting/src/modules/fiscal-periods/fiscal-periods.service.ts:51-135؛ [C] :52-167,[B] apps/accounting/prisma/schema.prisma:579 FiscalPeriod، enum PeriodStatus بها SOFT_LOCKED :574؛ [C] :737,—,[B][C] fiscal-periods.service.spec.ts — spec exists,"FiscalPeriod(fiscal_year, period_number 1..13 UNIQUE، start/end بلا تداخل (EXCLUDE constraint)، status enum، closed/reopened by/at، reason)؛ جدول تاريخ انتقالات الحالة.",DAR-06 | DAR-09,قيود سلامة داخل كل مجال: CHECK للكميات والمبالغ، enums/CHECK للحالات، UNIQUE لمفاتيح الأعمال (X1–X4) | سياسة موحدة لحالات المستندات والإلغاء والعكس والإشعارات الدائنة وقفل الفترات على مستوى الترحيل,AC-R2R-009-1: عندما يُطلب توليد سنة 2027، فإن 12 فترة شهرية متتالية بلا تداخل تُنشأ بحالة OPEN. | AC-R2R-009-2: بفرض فترة OPEN، عندما تُنقل إلى SOFT_LOCKED، فإن الحالة تتغير وتُسجل في التدقيق. | AC-R2R-009-3: بفرض فترة CLOSED، عندما يطلب مستخدم بلا accounting.periods.reopen إعادة فتحها، فإن الطلب يُرفض 403.,PARTIAL,PARTIAL,P3
REQ-R2R-010,قفل صارم للفترات المغلقة على كل الترحيلات,Record-to-Report,accounting.periods.reopen لإعادة الفتح,BR-R2R-08 | BR-R2R-09,—,[B][C] كل مسارات الكتابة في accounting,[B] apps/accounting/src/modules/fiscal-periods/fiscal-periods.service.ts:21-35 validatePostingDate بلا مستدعٍ (بحث grep)؛ [C] apps/accounting/src/modules/general-ledger/general-ledger.service.ts:10-14 (يسمح بلا فترة)، apps/accounting/src/modules/gl-workbench/gl-posting.service.ts:43-44 (OPEN فقط)؛ الدفاتر الفرعية بلا فحص,[B][C] FiscalPeriod,—,[B][C] fiscal-periods.service.spec.ts — spec exists,fiscal_period_id NOT NULL على كل قيد وصف دفتر فرعي (أو اشتقاق مضمون)؛ trigger على مستوى DB يرفض الإدراج في فترة غير OPEN.,DAR-04 | DAR-05 | DAR-09,دفتر أستاذ عام موحد واحد داخل nile_accounting: جدولا قيود بشكل واحد، محرك ترحيل واحد، قواعد ترحيل (posting rules) وحسابات رقابية للدفاتر الفرعية | ربط الدفاتر الفرعية (AR/AP/الخزينة/المخزون/الرواتب/المصروفات/العمولات) بالقيود عبر source_type/source_id ومراجع عكسية، وتسويات رقابية | سياسة موحدة لحالات المستندات والإلغاء والعكس والإشعارات الدائنة وقفل الفترات على مستوى الترحيل,AC-R2R-010-1: بفرض فترة 2026-09 بحالة CLOSED، عندما تُسجَّل دفعة أو فاتورة أو قيد ضريبي بتاريخ 2026-09-15، فإن العملية تُرفض ولا يُكتب أي صف. | AC-R2R-010-2: بفرض عدم وجود فترة تغطي 2027-01-05، عندما يُطلب ترحيل قيد بهذا التاريخ، فإن الترحيل يُرفض. | AC-R2R-010-3: بفرض إعادة فتح الفترة بصلاحية reopen، عندما يُعاد الطلب، فإنه ينجح ويُسجَّل في التدقيق.,NOT_IMPLEMENTED,PARTIAL,P1
REQ-R2R-011,شروط إقفال الفترة الشهرية,Record-to-Report,accounting.periods.close,BR-R2R-10 | BR-R2R-11,[C] apps/web/app/dashboard/period-close/page.tsx,[C] GET /fiscal-periods/:id/close-checks، POST /:id/close,[B] apps/accounting/src/modules/fiscal-periods/fiscal-periods.service.ts:100-115 (يغير الحالة فقط)؛ [C] :101-112 (close-checks استشاري على journal_entry_workflows وbank_statement_lines)، :114-139 (يمنع على journal_entries فقط),[C] journal_entries.status، journal_entry_workflows,—,[C] fiscal-periods.service.spec.ts — spec exists,checklist لكل فترة (بند، نتيجة، من فحص، متى)؛ الإقفال يقرأ كل جداول المسودات.,DAR-04 | DAR-05 | DAR-06 | DAR-09 | DAR-15,دفتر أستاذ عام موحد واحد داخل nile_accounting: جدولا قيود بشكل واحد، محرك ترحيل واحد، قواعد ترحيل (posting rules) وحسابات رقابية للدفاتر الفرعية | ربط الدفاتر الفرعية (AR/AP/الخزينة/المخزون/الرواتب/المصروفات/العمولات) بالقيود عبر source_type/source_id ومراجع عكسية، وتسويات رقابية | قيود سلامة داخل كل مجال: CHECK للكميات والمبالغ، enums/CHECK للحالات، UNIQUE لمفاتيح الأعمال (X1–X4) | سياسة موحدة لحالات المستندات والإلغاء والعكس والإشعارات الدائنة وقفل الفترات على مستوى الترحيل | نسخ احتياطي وPITR واستعادة خارج المضيف بأهداف RPO/RTO معتمدة وتمارين استعادة دورية,AC-R2R-011-1: بفرض مسودة قيد يدوي بحالة SUBMITTED تاريخها داخل الفترة، عندما يُطلب الإقفال، فإنه يُرفض ويذكر عدد المسودات. | AC-R2R-011-2: بفرض ميزان الفترة غير متوازن، عندما يُطلب الإقفال، فإنه يُرفض. | AC-R2R-011-3: بفرض لا موانع، عندما يُقفل، فإن الحالة CLOSED وصف تدقيق FISCAL_PERIOD_CLOSED يُكتب في نفس المعاملة.,NOT_IMPLEMENTED,PARTIAL,P2
REQ-R2R-012,تدقيق أحداث فتح/إقفال/إعادة فتح الفترات,Record-to-Report,—,BR-R2R-12,[B][C] apps/web/app/dashboard/audit,—,[B] apps/accounting/src/modules/fiscal-periods/fiscal-periods.service.ts:117-135 (السبب في closingNotes فقط)؛ [C] :134-136 (الإقفال فقط),[B][C] AuditLog (بلا تصنيف خطورة),—,[C] fiscal-periods.service.spec.ts:79 — spec exists,audit_logs مع severity وreason_code إلزامي لإعادة الفتح؛ append-only.,DAR-07 | DAR-09 | DAR-12,Outbox لكل حدث يغيّر الحالة + Inbox معاملاتي للمستهلكين + مفتاح idempotency لكل أمر كتابة | سياسة موحدة لحالات المستندات والإلغاء والعكس والإشعارات الدائنة وقفل الفترات على مستوى الترحيل | سجل تدقيق: الأحداث المركزية كسجل أعمال، وسجل تعديلات داخل المعاملة مع before/after، منع التعديل بالصلاحيات، إخفاء البيانات الحساسة,AC-R2R-012-1: بفرض فترة CLOSED، عندما يعاد فتحها بسبب «تصحيح مرتجع»، فإن صف تدقيق بإجراء FISCAL_PERIOD_REOPENED وتصنيف CRITICAL والسبب والفاعل يوجد. | AC-R2R-012-2: عندما يُنفذ إقفال السنة، فإن صف تدقيق يُسجل صافي الدخل المرحّل والفاعل.,NOT_IMPLEMENTED,PARTIAL,P2
REQ-R2R-013,إقفال السنة المالية وترحيل الأرباح المحتجزة,Record-to-Report,accounting.periods.close + اعتماد مدير مالي,BR-R2R-13,[B][C] apps/web/app/dashboard/accounting/page.tsx:399,[B][C] POST /fiscal-periods/year-end-closing,[B] apps/accounting/src/modules/fiscal-periods/fiscal-periods.service.ts:145-231 (من Account.balance، increment في كل تشغيل، لا تصفير رغم التعليق :142، غير ذري)؛ [C] :169-255 بلا تغيير,[B][C] Account.balance، FiscalPeriod periodNumber 13,—,[B][C] fiscal-periods.service.spec.ts — spec exists,قيد إقفال source_type=YEAR_END_CLOSE فريد لكل سنة؛ لا رصيد مخزن يُعدل مباشرة.,DAR-04 | DAR-05 | DAR-06 | DAR-09,دفتر أستاذ عام موحد واحد داخل nile_accounting: جدولا قيود بشكل واحد، محرك ترحيل واحد، قواعد ترحيل (posting rules) وحسابات رقابية للدفاتر الفرعية | ربط الدفاتر الفرعية (AR/AP/الخزينة/المخزون/الرواتب/المصروفات/العمولات) بالقيود عبر source_type/source_id ومراجع عكسية، وتسويات رقابية | قيود سلامة داخل كل مجال: CHECK للكميات والمبالغ، enums/CHECK للحالات، UNIQUE لمفاتيح الأعمال (X1–X4) | سياسة موحدة لحالات المستندات والإلغاء والعكس والإشعارات الدائنة وقفل الفترات على مستوى الترحيل,AC-R2R-013-1: بفرض إيرادات 1000 ومصروفات 700 مرحّلة في 2026، عندما يُنفذ إقفال السنة، فإن قيد الإقفال يصفّر الحسابات الاسمية ويضيف 300 دائن إلى 3200. | AC-R2R-013-2: بفرض إقفال سنة منفذ، عندما يُعاد تنفيذه، فإنه يُرفض ورصيد 3200 لا يتغير. | AC-R2R-013-3: بفرض فشل في منتصف الإقفال، عندما تُلغى المعاملة، فإن لا قيد ولا تغيير حالة يبقى.,PARTIAL,PARTIAL,P2
REQ-R2R-014,ميزان مراجعة متوازن من القيود المرحّلة,Record-to-Report,accounting.ledger.read.any,BR-R2R-14 | BR-R2R-01 | BR-R2R-22,"[B][C] apps/web/app/dashboard/accounting/page.tsx:338,879؛ [C] general-ledger page",[B][C] GET /coa/trial-balance؛ [C] GET /general-ledger/trial-balance,[B] apps/accounting/src/modules/coa/coa.service.ts:208-255 (من Account.balance)؛ [C] apps/accounting/src/modules/coa/coa.service.ts:240-248، apps/accounting/src/modules/general-ledger/general-ledger.service.ts:114-123,[C] journal_lines.base_debit/base_credit,—,[C] general-ledger.integration.spec.ts (يُتخطى بلا DB) — spec exists,لا عمود رصيد مخزن كمصدر؛ أي رصيد مخزن إسقاط يُعاد بناؤه من القيود ويُطابق ليليًا.,DAR-03 | DAR-04 | DAR-09 | DAR-10 | DAR-20,ملكية بيانات صريحة ونظام سجل (SoR) لكل كيان، وتحقق المراجع بين الخدمات عند الكتابة + إسقاطات مرجعية + مطابقة دورية | دفتر أستاذ عام موحد واحد داخل nile_accounting: جدولا قيود بشكل واحد، محرك ترحيل واحد، قواعد ترحيل (posting rules) وحسابات رقابية للدفاتر الفرعية | سياسة موحدة لحالات المستندات والإلغاء والعكس والإشعارات الدائنة وقفل الفترات على مستوى الترحيل | العملات والدقة والتقريب والترقيم: عملة على كل مستند مالي، دقة موحدة لأسعار الصرف، قاعدة تقريب واحدة Decimal، ترقيم تسلسلي لكل سلسلة داخل المعاملة | ترحيل البيانات الافتتاحية وتاريخ القطع: دفعة افتتاحية معتمدة بتوقيع وhash، قيود افتتاحية بتاريخ القطع,AC-R2R-014-1: بفرض قيود مرحّلة فقط متوازنة، عندما يُطلب الميزان لأي فترة، فإن totalDebit = totalCredit بدقة قرشين وisBalanced = true. | AC-R2R-014-2: بفرض قيد بحالة DRAFT، عندما يُطلب الميزان، فإنه لا يُحتسب. | AC-R2R-014-3: عندما يُطلب الميزان، فإن كل المبالغ تُجمع بـDecimal ولا يظهر فرق كسري ناتج عن التقريب العائم.,PARTIAL,PARTIAL,P2
REQ-R2R-015,القوائم المالية من الأستاذ العام فقط,Record-to-Report,accounting.ledger.read.any,BR-R2R-15,[B][C] apps/web/app/dashboard/financial-reports/page.tsx (8 أسطر — توجيه)؛ [C] general-ledger page,"[C] GET /general-ledger/statements/{pnl,balance-sheet,cash-flow,equity}",[C] apps/accounting/src/modules/general-ledger/general-ledger.service.ts:124-160 (P&L/BS مجرد فلترة للميزان؛ التدفقات طريقة مباشرة من حسابات 1110),[C] journal_*,—,—,classification على Account تكفي لتصنيف القوائم؛ لقطات قوائم معتمدة للفترات المقفلة.,DAR-03 | DAR-04 | DAR-09,ملكية بيانات صريحة ونظام سجل (SoR) لكل كيان، وتحقق المراجع بين الخدمات عند الكتابة + إسقاطات مرجعية + مطابقة دورية | دفتر أستاذ عام موحد واحد داخل nile_accounting: جدولا قيود بشكل واحد، محرك ترحيل واحد، قواعد ترحيل (posting rules) وحسابات رقابية للدفاتر الفرعية | سياسة موحدة لحالات المستندات والإلغاء والعكس والإشعارات الدائنة وقفل الفترات على مستوى الترحيل,AC-R2R-015-1: بفرض ميزان متوازن، عندما تُطلب قائمة المركز المالي، فإن الأصول = الخصوم + حقوق الملكية + صافي دخل الفترة. | AC-R2R-015-2: عندما تُطلب قائمة الدخل لفترة، فإن صافي الدخل يساوي الفرق بين الإيرادات والمصروفات في الميزان لنفس الفترة.,NOT_IMPLEMENTED,PARTIAL,P2
REQ-R2R-016,الأرصدة الافتتاحية بتاريخ قطع معتمد ومطابق,Record-to-Report,المُعدّ ≠ المعتمد (توقيع المحاسب ثم اعتماد المالك),BR-R2R-18 | BR-R2R-19 | BR-R2R-20,— (لا شاشة رصيد افتتاحي؛ customer-field-execution يمنع الرصيد في شاشة الإنشاء),— (لا مسار),[B] apps/accounting/src/modules/saga-listener/saga-listener.service.ts:211-235 (listener موجود، occurredAt = الآن)؛ apps/crm/src/modules/accounts/accounts.service.ts:238 opening_balance: undefined؛ [C] :218-242 و crm :261؛ لا مسار للموردين ولا لـGL,[B][C] apps/crm/prisma/schema.prisma:170 Account.openingBalance؛ ledger_entries refType OPENING؛ packages/import-kit (تقرير المطابقة),[B][C] crm.account.created,[B][C] saga-listener.service.spec.ts — spec exists,"OpeningBalanceBatch(cutover_date، currency، source_file_hash، prepared_by، approved_by، totals) وسطوره (party_type, party_id, amount, side)؛ قيد OPENING فريد لكل (party_type, party_id)؛ occurredAt = cutover_date.",DAR-04 | DAR-06 | DAR-08 | DAR-10 | DAR-13 | DAR-20,دفتر أستاذ عام موحد واحد داخل nile_accounting: جدولا قيود بشكل واحد، محرك ترحيل واحد، قواعد ترحيل (posting rules) وحسابات رقابية للدفاتر الفرعية | قيود سلامة داخل كل مجال: CHECK للكميات والمبالغ، enums/CHECK للحالات، UNIQUE لمفاتيح الأعمال (X1–X4) | إطار تسويات رقابية عبر القواعد (الائتمان↔AR، المخزون↔GL، دفتر المورد↔AP، الخزينة↔GL، المبيعات↔الفواتير) | العملات والدقة والتقريب والترقيم: عملة على كل مستند مالي، دقة موحدة لأسعار الصرف، قاعدة تقريب واحدة Decimal، ترقيم تسلسلي لكل سلسلة داخل المعاملة | نموذج تقارير على مرحلتين: تجميعات SQL داخل الخدمة الآن، ثم read model للتقارير عند الحاجة؛ القوائم المالية من GL فقط | ترحيل البيانات الافتتاحية وتاريخ القطع: دفعة افتتاحية معتمدة بتوقيع وhash، قيود افتتاحية بتاريخ القطع,AC-R2R-016-1: بفرض ورقة موقعة بإجمالي X لعدد N عميل وتاريخ قطع D، عندما تُرحّل، فإن عدد قيود OPENING = N ومجموعها = X وكلها occurredAt = D. | AC-R2R-016-2: بفرض عميل له قيد OPENING، عندما يُعاد الاستيراد، فإن لا قيد ثانيًا يُنشأ. | AC-R2R-016-3: عندما يُعرض كشف حساب عميل بعد الترحيل، فإن الرصيد الافتتاحي فيه يساوي الرقم الموقع ولا يُجمع مع CRM.openingBalance.,PARTIAL,PARTIAL,P1
REQ-R2R-017,مصدر حقيقة واحد للأرصدة المالية وملكية المجال,Record-to-Report,—,BR-R2R-44,—,—,[B][C] apps/crm/prisma/schema.prisma:170 openingBalance مستقل؛ Sales AccountCredit يُحدَّث من أحداث finance.*,—,[B][C] finance.invoice.generated/payment.received (بعضها خارج outbox — INT-01),—,توثيق ملكية كل كيان مالي؛ الإسقاطات تحمل last_event_id للمطابقة.,DAR-03 | DAR-07 | DAR-08 | DAR-20,ملكية بيانات صريحة ونظام سجل (SoR) لكل كيان، وتحقق المراجع بين الخدمات عند الكتابة + إسقاطات مرجعية + مطابقة دورية | Outbox لكل حدث يغيّر الحالة + Inbox معاملاتي للمستهلكين + مفتاح idempotency لكل أمر كتابة | إطار تسويات رقابية عبر القواعد (الائتمان↔AR، المخزون↔GL، دفتر المورد↔AP، الخزينة↔GL، المبيعات↔الفواتير) | ترحيل البيانات الافتتاحية وتاريخ القطع: دفعة افتتاحية معتمدة بتوقيع وhash، قيود افتتاحية بتاريخ القطع,AC-R2R-017-1: بفرض رصيد عميل في المحاسبة R، عندما تُقرأ قيمة التعرض في المبيعات بعد معالجة كل الأحداث، فإن الفرق المفسَّر = 0 في تقرير المطابقة. | AC-R2R-017-2: عندما يُعدّل CRM.openingBalance بعد القطع، فإن رصيد العميل المحاسبي لا يتغير.,PARTIAL,PARTIAL,P2
REQ-R2R-018,منع الاستيراد العام للسجلات المالية المرحّلة,Record-to-Report,—,BR-R2R-43,—,[B][C] pkg/api-inventory.csv: لا مسارات استيراد مالية في accounting (مسار استيراد كشف البنك في وحدة غير مسجلة [C]),[C] apps/accounting/src/modules/bank-reconciliation/bank-reconciliation.controller.ts:12 (غير مسجل),—,—,—,أي استيراد مالي مستقبلي يكتب دفعة staging بحالة ومعتمد قبل الترحيل.,DAR-04 | DAR-05 | DAR-08 | DAR-09 | DAR-10 | DAR-13 | DAR-20,دفتر أستاذ عام موحد واحد داخل nile_accounting: جدولا قيود بشكل واحد، محرك ترحيل واحد، قواعد ترحيل (posting rules) وحسابات رقابية للدفاتر الفرعية | ربط الدفاتر الفرعية (AR/AP/الخزينة/المخزون/الرواتب/المصروفات/العمولات) بالقيود عبر source_type/source_id ومراجع عكسية، وتسويات رقابية | إطار تسويات رقابية عبر القواعد (الائتمان↔AR، المخزون↔GL، دفتر المورد↔AP، الخزينة↔GL، المبيعات↔الفواتير) | سياسة موحدة لحالات المستندات والإلغاء والعكس والإشعارات الدائنة وقفل الفترات على مستوى الترحيل | العملات والدقة والتقريب والترقيم: عملة على كل مستند مالي، دقة موحدة لأسعار الصرف، قاعدة تقريب واحدة Decimal، ترقيم تسلسلي لكل سلسلة داخل المعاملة | نموذج تقارير على مرحلتين: تجميعات SQL داخل الخدمة الآن، ثم read model للتقارير عند الحاجة؛ القوائم المالية من GL فقط | ترحيل البيانات الافتتاحية وتاريخ القطع: دفعة افتتاحية معتمدة بتوقيع وhash، قيود افتتاحية بتاريخ القطع,AC-R2R-018-1: عند حصر مسارات API لخدمة المحاسبة، فإن لا مسار POST يقبل ملفًا/جدولًا لإنشاء فواتير أو مدفوعات أو قيود أو فترات. | AC-R2R-018-2: عندما يُستورد أصل ثابت، فإن لا قيد إهلاك يُستورد معه وكل الإهلاك يُحسب من النظام.,IMPLEMENTED,IMPLEMENTED,P2
REQ-R2R-019,الدقة العشرية وسياسة التقريب للمبالغ,Record-to-Report,—,BR-R2R-21 | BR-R2R-22,—,—,"[B][C] apps/accounting/src/common/money.ts:23-25 (round2 أسي) + دوال Decimal؛ مسارات Number: [B] apps/accounting/src/modules/coa/coa.service.ts:218-251، apps/accounting/src/modules/tax/tax.service.ts:68,111-131، apps/accounting/src/modules/fiscal-periods/fiscal-periods.service.ts:172-181؛ [C] apps/accounting/src/modules/general-ledger/general-ledger.service.ts:18,120-122",[B][C] أعمدة Decimal (DB-12),—,[B][C] payments.service.spec.ts — spec exists,"كل أعمدة المال NUMERIC(14,2)؛ لا FLOAT؛ دوال تجميع SQL SUM على NUMERIC.",DAR-04 | DAR-10,دفتر أستاذ عام موحد واحد داخل nile_accounting: جدولا قيود بشكل واحد، محرك ترحيل واحد، قواعد ترحيل (posting rules) وحسابات رقابية للدفاتر الفرعية | العملات والدقة والتقريب والترقيم: عملة على كل مستند مالي، دقة موحدة لأسعار الصرف، قاعدة تقريب واحدة Decimal، ترقيم تسلسلي لكل سلسلة داخل المعاملة,"AC-R2R-019-1: بفرض سطر 3 × 19.99 بضريبة 14%، عندما تُحسب الفاتورة، فإن الصافي 59.97 والضريبة 8.40 والإجمالي 68.37. | AC-R2R-019-2: بفرض فاتورة 100.00، عندما تُسجل دفعة 100.01، فإنها تُرفض كتجاوز. | AC-R2R-019-3: عندما يُحسب ميزان أو ملخص VAT على 10,000 سطر، فإن الناتج يطابق الجمع العشري الدقيق حتى القرش.",PARTIAL,PARTIAL,P2
REQ-R2R-020,احتساب ض.ق.م 14% على المبيعات والمشتريات الخاضعة,Record-to-Report,—,BR-R2R-23 | BR-R2R-28,[B][C] apps/web/app/dashboard/invoices/new/page.tsx,[B][C] POST /api/accounting/invoices؛ POST /matching/vendor-invoices,[B] apps/accounting/src/modules/invoices/invoices.service.ts:631؛ [C] :658؛ مسار الأمر: ضريبة السطر من Sales,[B][C] InvoiceLine.taxRate/taxAmount (schema.prisma:194 [B] / :218 [C])؛ Product.salesTaxPct افتراضي 14؛ VendorInvoice.taxAmount رأس فقط (:903 [B]),[B][C] inventory.stock.reserved يحمل invoice_lines,[B][C] invoices.service.spec.ts — spec exists,tax_code على كل سطر (مبيعات ومشتريات) من جدول أكواد ضريبية بنسخ؛ taxAmount السطر محفوظ ومجموعها = الرأس (CHECK).,DAR-05 | DAR-06 | DAR-15,ربط الدفاتر الفرعية (AR/AP/الخزينة/المخزون/الرواتب/المصروفات/العمولات) بالقيود عبر source_type/source_id ومراجع عكسية، وتسويات رقابية | قيود سلامة داخل كل مجال: CHECK للكميات والمبالغ، enums/CHECK للحالات، UNIQUE لمفاتيح الأعمال (X1–X4) | نسخ احتياطي وPITR واستعادة خارج المضيف بأهداف RPO/RTO معتمدة وتمارين استعادة دورية,AC-R2R-020-1: بفرض سطر صافيه 100 خاضع، عندما تُصدر الفاتورة، فإن ضريبته 14.00 وإجماليه 114.00 ومجموع ضرائب السطور = taxAmount للرأس. | AC-R2R-020-2: بفرض فاتورة مورد بسطور خاضعة، عندما تُسجل، فإن ضريبة المدخلات تُحسب لكل سطر لا كرقم رأس حر.,PARTIAL,PARTIAL,P2
REQ-R2R-021,توليد قيود الضريبة آليًا من المستندات (مصدر ضريبة واحد),Record-to-Report,—,BR-R2R-24,[B][C] apps/web/app/dashboard/settings/taxes/page.tsx (إدخال يدوي),[B][C] POST /api/accounting/tax/entries,[B][C] apps/accounting/src/modules/tax/tax.service.ts:55-88 (الكاتب الوحيد مع credit-notes خلف علم),[B] TaxEntry schema.prisma:789؛ [C] :947,—,[B][C] tax.service.spec.ts — spec exists,tax_entries.source_type/source_id UNIQUE لكل (مستند، نوع ضريبة)؛ fiscal_period_id؛ لا إدخال يدوي إلا بنوع ADJUSTMENT مع سبب واعتماد.,DAR-04 | DAR-06 | DAR-09 | DAR-10,دفتر أستاذ عام موحد واحد داخل nile_accounting: جدولا قيود بشكل واحد، محرك ترحيل واحد، قواعد ترحيل (posting rules) وحسابات رقابية للدفاتر الفرعية | قيود سلامة داخل كل مجال: CHECK للكميات والمبالغ، enums/CHECK للحالات، UNIQUE لمفاتيح الأعمال (X1–X4) | سياسة موحدة لحالات المستندات والإلغاء والعكس والإشعارات الدائنة وقفل الفترات على مستوى الترحيل | العملات والدقة والتقريب والترقيم: عملة على كل مستند مالي، دقة موحدة لأسعار الصرف، قاعدة تقريب واحدة Decimal، ترقيم تسلسلي لكل سلسلة داخل المعاملة,AC-R2R-021-1: بفرض فاتورة ضريبتها 14.00، عندما تُصدر، فإن tax_entries يحتوي صفًا SALES/VAT_14 بقيمة 14.00 مرتبطًا بـinvoiceId خلال نفس المعاملة. | AC-R2R-021-2: بفرض سعر شامل ضريبة ثم خصم ثم مرتجع جزئي (بيانات اصطناعية)، عندما تُقارن الأرقام، فإن ضريبة المستند = ضريبة الدفتر = ضريبة ملخص VAT حتى القرش. | AC-R2R-021-3: عندما يُطلب ملخص VAT لفترة، فإن مصدره قيود آلية فقط ولا يحتاج إدخالًا يدويًا للمبيعات.,NOT_IMPLEMENTED,NOT_IMPLEMENTED,P1
REQ-R2R-022,أثر الإشعار الدائن/المرتجع على ض.ق.م المستحقة,Record-to-Report,تفعيل العلم بقرار موثق,BR-R2R-25 | BR-R2R-32,[B][C] عمود «الأثر المالي» في المرتجعات,—,[B] apps/accounting/src/modules/credit-notes/credit-notes.service.ts:74-96؛ [C] :73-90,[B][C] CreditNote.vatPosted,[B][C] sales.return.created,[B][C] credit-notes.service.spec.ts — spec exists,قيد ضريبة مرتبط بـcredit_note_id UNIQUE؛ vat_posted يُحدَّث في نفس المعاملة.,DAR-04 | DAR-06,دفتر أستاذ عام موحد واحد داخل nile_accounting: جدولا قيود بشكل واحد، محرك ترحيل واحد، قواعد ترحيل (posting rules) وحسابات رقابية للدفاتر الفرعية | قيود سلامة داخل كل مجال: CHECK للكميات والمبالغ، enums/CHECK للحالات، UNIQUE لمفاتيح الأعمال (X1–X4),AC-R2R-022-1: بفرض العلم مفعّل وإشعار ضريبته 14.00، عندما يُصدر، فإن صف tax_entries بقيمة −14.00 (أو SALES_RETURN) يوجد وvatPosted = true في نفس المعاملة. | AC-R2R-022-2: بفرض إعادة تسليم حدث المرتجع، عندما يُعالج، فإن عدد قيود الضريبة للإشعار يبقى 1. | AC-R2R-022-3: بفرض العلم غير مفعّل، عندما يُصدر الإشعار، فإن لا قيد ضريبة يُكتب ويُظهر تقرير «إشعارات بلا أثر ضريبي».,PARTIAL,PARTIAL,P2
REQ-R2R-023,خصم المنبع 1/3/5% ونموذج 41 ربع السنوي,Record-to-Report,accounting.tax.form41,BR-R2R-26 | BR-R2R-27,[B][C] apps/web/app/dashboard/settings/taxes/page.tsx:75-166 (توليد وتعليم نموذج 41),[B][C] GET /tax/form-41، POST /tax/form-41/mark-reported، POST /tax/entries,[B][C] apps/accounting/src/modules/tax/tax.service.ts:139-196 (رقم الشركة مكتوب :181-182؛ الربع من getMonth المحلي :45-53),"[B][C] enum TaxType (VAT_14, WHT_1, WHT_3, WHT_5, EXEMPT) schema.prisma:877 [C]",—,[B][C] tax.service.spec.ts — spec exists,TaxEntry مع source مرتبط بفاتورة/سداد مورد، fiscal_period_id؛ لقطة تقديم TaxFiling.,DAR-04 | DAR-05 | DAR-09,دفتر أستاذ عام موحد واحد داخل nile_accounting: جدولا قيود بشكل واحد، محرك ترحيل واحد، قواعد ترحيل (posting rules) وحسابات رقابية للدفاتر الفرعية | ربط الدفاتر الفرعية (AR/AP/الخزينة/المخزون/الرواتب/المصروفات/العمولات) بالقيود عبر source_type/source_id ومراجع عكسية، وتسويات رقابية | سياسة موحدة لحالات المستندات والإلغاء والعكس والإشعارات الدائنة وقفل الفترات على مستوى الترحيل,AC-R2R-023-1: بفرض 3 قيود WHT_1 في 2026-Q3 بأساس 1000 لكل منها، عندما يُولد نموذج 41، فإن إجمالي الخصم 30.00 وعدد السطور 3. | AC-R2R-023-2: عندما يُولد النموذج، فإن رقم التسجيل الضريبي للشركة يُقرأ من إعدادات الشركة وليس ثابتًا في الكود. | AC-R2R-023-3: بفرض ربع مُعلَّم كمقدّم، عندما يُطلب النموذج مجددًا، فإن الناتج مطابق للقطة المقدمة.,PARTIAL,PARTIAL,P2
REQ-R2R-024,إقرار ض.ق.م وتقديمات الضرائب من لقطات مقفلة بالفترة,Record-to-Report,المُعدّ ≠ المعتمد للتقديم,BR-R2R-27,[B][C] settings/taxes (ملخص VAT),[B][C] GET /tax/vat-summary,[B][C] apps/accounting/src/modules/tax/tax.service.ts:94-133 (ملخص بمدى تواريخ حر)، :190-196 (تعليم بلا لقطة),[B][C] TaxEntry.isReported/reportedAt,—,[B][C] tax.service.spec.ts — spec exists,TaxFiling(type VAT|FORM41، period، status، snapshot JSON + hash، submitted_by/at، amended_from_id)؛ tax_entries.filing_id بعد التقديم.,DAR-09,سياسة موحدة لحالات المستندات والإلغاء والعكس والإشعارات الدائنة وقفل الفترات على مستوى الترحيل,AC-R2R-024-1: بفرض إقرار VAT لشهر 2026-09 مُعلّم كمقدّم، عندما يُحاول إدخال قيد ضريبي بتاريخ داخل الشهر، فإنه يُرفض أو يُسجل كتعديل لإقرار لاحق. | AC-R2R-024-2: بفرض لقطة مقدمة، عندما تُعرض بعد أي تغيير لاحق، فإن أرقامها لا تتغير. | AC-R2R-024-3: عندما يُولد الإقرار، فإن صافي المستحق = مخرجات VAT − مدخلات VAT من القيود الآلية للفترة.,PARTIAL,PARTIAL,P2
REQ-R2R-025,واجهة إعدادات الضرائب,Record-to-Report,accounting.tax.manage,BR-R2R-28,[B][C] apps/web/app/dashboard/settings/taxes/page.tsx (321 سطرًا: ملخص VAT، نموذج 41، إدخال قيود),[B][C] /api/accounting/tax/*,—,—,—,—,"جدول tax_codes (code, rate, effective_from/to, ETA type/subtype).",DAR-13,نموذج تقارير على مرحلتين: تجميعات SQL داخل الخدمة الآن، ثم read model للتقارير عند الحاجة؛ القوائم المالية من GL فقط,AC-R2R-025-1: عندما يفتح المحاسب صفحة الضرائب، فإنه يرى ملخص VAT ونموذج 41 وإدخال القيود، ويرى (أو يعدّل بصلاحية) أكواد الضرائب ورقم التسجيل.,PARTIAL,PARTIAL,P3
REQ-R2R-026,حوكمة قواعد الضريبة: مصدر رسمي ونسخ وتاريخ سريان,Record-to-Report,اعتماد مزدوج (محاسب + مالك/مستشار),BR-R2R-28 | BR-R2R-29 | BR-R2R-30,—,—,[B] النسب ثوابت apps/accounting/src/modules/invoices/invoices.service.ts:631، apps/accounting/src/modules/tax/tax.service.ts:59-66؛ علم CREDIT_NOTE_VAT_POSTING apps/accounting/src/modules/credit-notes/credit-notes.service.ts:77؛ [C] invoices.service.ts:658,— (لا جدول قواعد ضريبية بنسخ),—,—,"tax_rules(code, version, rate/base_rule, source_ref, effective_from/to, approved_by/at)؛ كل سطر مستند يخزن tax_rule_version؛ لقطات المستندات غير قابلة للتعديل.",DAR-03 | DAR-15,ملكية بيانات صريحة ونظام سجل (SoR) لكل كيان، وتحقق المراجع بين الخدمات عند الكتابة + إسقاطات مرجعية + مطابقة دورية | نسخ احتياطي وPITR واستعادة خارج المضيف بأهداف RPO/RTO معتمدة وتمارين استعادة دورية,AC-R2R-026-1: بفرض فاتورة صادرة بنسبة 14% في 2026-09، عندما تُسجل نسخة قاعدة جديدة سارية من 2027-01، فإن الفاتورة القديمة تبقى بنفس الضريبة عند إعادة عرضها. | AC-R2R-026-2: عندما يُسأل النظام عن مصدر نسبة ضريبة سطر، فإنه يعرض رقم نسخة القاعدة ومرجعها الرسمي. | AC-R2R-026-3: بفرض العلم الضريبي للبونص مقفولًا، عندما يُصرف بونص، فإن لا معاملة ضريبية تُطبق عليه تلقائيًا.,PARTIAL,PARTIAL,P2
REQ-R2R-027,رسوم الشحن خارج وعاء ض.ق.م (إجراء تحفظي),Record-to-Report,—,BR-R2R-29,[B][C] orders/new، invoices/new,[B][C] POST /api/sales/shipping/quote,[B] apps/sales/src/modules/orders/orders.service.ts:611؛ [C] apps/accounting/src/modules/invoices/invoices.service.ts:1014,[B][C] Invoice.shippingFee,[B][C] StockReserved يحمل shipping,[B][C] shipping.service.spec.ts — spec exists,shipping_fee منفصل على الفاتورة مع tax_code خاص (NON_TAXABLE حاليًا) لتسهيل تغيير القاعدة.,DAR-04,دفتر أستاذ عام موحد واحد داخل nile_accounting: جدولا قيود بشكل واحد، محرك ترحيل واحد، قواعد ترحيل (posting rules) وحسابات رقابية للدفاتر الفرعية,AC-R2R-027-1: بفرض صافي 100 وضريبة 14 وشحن 20، عندما تُصدر الفاتورة، فإن taxAmount = 14 وtotal = 134.,IMPLEMENTED,IMPLEMENTED,P2
REQ-R2R-028,ترقيم تسلسلي ذري للمستندات الضريبية,Record-to-Report,—,BR-R2R-31,—,—,"[B] الإشعار apps/accounting/src/modules/credit-notes/credit-notes.service.ts:145-150 ✓؛ الفاتورة apps/accounting/src/modules/invoices/invoices.service.ts:431,688,991 زمني؛ [C] :444,715,1018؛ القيود JE-<seq> أو AUTO-<uuid>",[B] DocumentSequence schema.prisma:780؛ [C] :938,—,[B][C] credit-notes.service.spec.ts — spec exists,"document_sequences(name, year) PK؛ invoice_number UNIQUE NOT NULL من التسلسل.",DAR-04 | DAR-06 | DAR-10,دفتر أستاذ عام موحد واحد داخل nile_accounting: جدولا قيود بشكل واحد، محرك ترحيل واحد، قواعد ترحيل (posting rules) وحسابات رقابية للدفاتر الفرعية | قيود سلامة داخل كل مجال: CHECK للكميات والمبالغ، enums/CHECK للحالات، UNIQUE لمفاتيح الأعمال (X1–X4) | العملات والدقة والتقريب والترقيم: عملة على كل مستند مالي، دقة موحدة لأسعار الصرف، قاعدة تقريب واحدة Decimal، ترقيم تسلسلي لكل سلسلة داخل المعاملة,AC-R2R-028-1: بفرض 100 فاتورة متزامنة، عندما تُنشأ، فإن أرقامها INV-2026-000001..000100 بلا تكرار ولا تصادم. | AC-R2R-028-2: بفرض أول فاتورة في 2027، عندما تُنشأ، فإن العداد يبدأ من 1 للسنة الجديدة.,PARTIAL,PARTIAL,P2
REQ-R2R-029,الإشعار الدائن/المدين كمستند ضريبي مستقل,Record-to-Report,accounting.credit-notes.read,BR-R2R-32 | BR-R2R-31,[B][C] returns (عمود الأثر المالي، طباعة A4),[B][C] GET /api/accounting/credit-notes، /:id,[B] apps/accounting/src/modules/credit-notes/credit-notes.service.ts (issueForReturn، تسلسل :145-150)؛ [C] نفس الملف + GL :68,[B] CreditNote schema.prisma:754؛ [C] :912-933 (status ISSUED فقط فعليًا),[B][C] sales.return.created,[B][C] credit-notes.service.spec.ts — spec exists,CreditNote/DebitNote: number UNIQUE من التسلسل، return_id UNIQUE (للمرتجع)، status ISSUED/CANCELLED مع cancelled_by/at/reason، original_invoice_id، تقسيم ضريبي محفوظ.,DAR-06 | DAR-09 | DAR-10 | DAR-15,قيود سلامة داخل كل مجال: CHECK للكميات والمبالغ، enums/CHECK للحالات، UNIQUE لمفاتيح الأعمال (X1–X4) | سياسة موحدة لحالات المستندات والإلغاء والعكس والإشعارات الدائنة وقفل الفترات على مستوى الترحيل | العملات والدقة والتقريب والترقيم: عملة على كل مستند مالي، دقة موحدة لأسعار الصرف، قاعدة تقريب واحدة Decimal، ترقيم تسلسلي لكل سلسلة داخل المعاملة | نسخ احتياطي وPITR واستعادة خارج المضيف بأهداف RPO/RTO معتمدة وتمارين استعادة دورية,AC-R2R-029-1: بفرض مرتجع معتمد، عندما يصل الحدث مرتين، فإن إشعارًا واحدًا برقم واحد يوجد. | AC-R2R-029-2: عندما يُصدر إشعار، فإن subtotal + taxAmount = total بالضبط. | AC-R2R-029-3: بفرض إشعار صادر بالخطأ، عندما يُلغى بسبب، فإن أثره في دفتر العميل والضريبة يُعكس بصفوف مقابلة ويبقى الإشعار مرئيًا بحالة ملغى. | AC-R2R-029-4: بفرض زيادة سعر بعد الفاتورة، عندما يُطلب إشعار مدين، فإن مستندًا DN برقم تسلسلي يُنشأ ويرفع مديونية العميل.,PARTIAL,PARTIAL,P2
REQ-R2R-030,التكامل مع منظومة الفاتورة الإلكترونية المصرية (ETA),Record-to-Report,accounting.e-invoices.submit,BR-R2R-33 | BR-R2R-34 | BR-R2R-36 | BR-R2R-37,—,—,[B][C] لا يوجد أي كود ETA (بحث عن einvoice/submissionUUID/signer في apps/),[B][C] لا كيانات ETA,[B][C] OutboxEvent متاح كأساس,—,انظر REQ سجل التقديم؛ OutboxEvent لإرسال idempotent؛ إعدادات شركة مشفرة.,DAR-07 | DAR-12 | DAR-14 | DAR-17,Outbox لكل حدث يغيّر الحالة + Inbox معاملاتي للمستهلكين + مفتاح idempotency لكل أمر كتابة | سجل تدقيق: الأحداث المركزية كسجل أعمال، وسجل تعديلات داخل المعاملة مع before/after، منع التعديل بالصلاحيات، إخفاء البيانات الحساسة | حوكمة الترحيل: expand/contract، منع تعديل migration مطبقة، بوابة checksum مقابل الإنتاج، مصفوفة توافق إصدار التطبيق مع الـschema، كشف drift | فهارس مبنية على أنماط الاستعلام (X6–X15) مشروطة بقياسات EXPLAIN/pg_stat_statements,AC-R2R-030-1: بفرض فاتورة لعميل شركة ببيانات ضريبية مكتملة، عندما تُصدر، فإن سجل تقديم PENDING يُنشأ بحمولة مطابقة للـschema. | AC-R2R-030-2: بفرض بوابة preprod، عندما يُرسل المستند، فإن submissionUUID وuuid يُحفظان وتتحول الحالة إلى VALID أو INVALID خلال دورات استعلام كل 5 دقائق. | AC-R2R-030-3: بفرض فشل شبكة متكرر، عندما تُستنفد 5 محاولات، فإن الحالة FAILED وتظهر في لوحة الصحة.,NOT_IMPLEMENTED,NOT_IMPLEMENTED,P1
REQ-R2R-031,سجل تقديم المستند الإلكتروني وidempotency الإرسال,Record-to-Report,accounting.e-invoices.submit,BR-R2R-33 | BR-R2R-34,—,—,—,[B][C] لا EInvoiceSubmission,—,—,"EInvoiceSubmission(invoice_id FK، doc_type enum، internal_id، submission_uuid، document_uuid، long_id نصية بلا حد صارم حتى الحسم، status enum، attempts، last_error، request/response payload، payload_hash، signed/submitted/validated_at) UNIQUE(invoice_id, doc_type, internal_id).",DAR-06 | DAR-07 | DAR-09 | DAR-12,قيود سلامة داخل كل مجال: CHECK للكميات والمبالغ، enums/CHECK للحالات، UNIQUE لمفاتيح الأعمال (X1–X4) | Outbox لكل حدث يغيّر الحالة + Inbox معاملاتي للمستهلكين + مفتاح idempotency لكل أمر كتابة | سياسة موحدة لحالات المستندات والإلغاء والعكس والإشعارات الدائنة وقفل الفترات على مستوى الترحيل | سجل تدقيق: الأحداث المركزية كسجل أعمال، وسجل تعديلات داخل المعاملة مع before/after، منع التعديل بالصلاحيات، إخفاء البيانات الحساسة,AC-R2R-031-1: بفرض فاتورة بلا رقم ضريبي لعميل شركة، عندما يُطلب إرسالها، فإن الحالة FAILED برسالة عربية ولا طلب يُرسل للبوابة. | AC-R2R-031-2: بفرض سجل تقديم VALID لفاتورة، عندما يُعاد طلب الإرسال، فإن لا تقديم ثانٍ بنفس internalId. | AC-R2R-031-3: عندما يُستعلم عن الفاتورة، فإن uuid وlongId وsubmissionUUID وعدد المحاولات وآخر خطأ متاحة.,NOT_IMPLEMENTED,NOT_IMPLEMENTED,P1
REQ-R2R-032,الإشعارات الدائنة/المدينة الإلكترونية ونافذة الإلغاء,Record-to-Report,accounting.einvoice.cancel,BR-R2R-35,—,—,—,—,—,—,ربط CreditNote/DebitNote بسجل تقديم وبـoriginal_document_uuid.,DAR-03 | DAR-09,ملكية بيانات صريحة ونظام سجل (SoR) لكل كيان، وتحقق المراجع بين الخدمات عند الكتابة + إسقاطات مرجعية + مطابقة دورية | سياسة موحدة لحالات المستندات والإلغاء والعكس والإشعارات الدائنة وقفل الفترات على مستوى الترحيل,AC-R2R-032-1: بفرض فاتورة VALID عمرها 10 ساعات، عندما تُلغى، فإن طلب إلغاء يُرسل وتتحول الحالة CANCELLED. | AC-R2R-032-2: بفرض فاتورة VALID عمرها 80 ساعة، عندما يُطلب إلغاؤها، فإن الإلغاء المباشر يُرفض ويُنشأ إشعار دائن إلكتروني بمرجع uuid الأصل.,NOT_IMPLEMENTED,NOT_IMPLEMENTED,P1
REQ-R2R-033,منع طباعة الفاتورة الضريبية قبل قبولها إلكترونيًا,Record-to-Report,—,BR-R2R-36,[B][C] طباعة A4 للفواتير بلا حالة ETA,—,—,—,—,—,حالة التقديم مقروءة من سجل التقديم عند الطباعة.,DAR-04,دفتر أستاذ عام موحد واحد داخل nile_accounting: جدولا قيود بشكل واحد، محرك ترحيل واحد، قواعد ترحيل (posting rules) وحسابات رقابية للدفاتر الفرعية,AC-R2R-033-1: بفرض فاتورة بحالة SUBMITTED، عندما تُطبع، فإن عنوانها «مسودة — غير مقدَّمة» ولا يظهر QR. | AC-R2R-033-2: بفرض فاتورة VALID، عندما تُطبع، فإن الـPDF يحتوي UUID وQR صالحًا.,NOT_IMPLEMENTED,NOT_IMPLEMENTED,P1
REQ-R2R-034,شاشات وتشغيل وصلاحيات الفاتورة الإلكترونية,Record-to-Report,accounting.einvoice.read/submit/cancel؛ settings.integrations.manage,,—,—,—,—,—,—,صلاحيات جديدة في كتالوج IAM.,DAR-09 | DAR-13,سياسة موحدة لحالات المستندات والإلغاء والعكس والإشعارات الدائنة وقفل الفترات على مستوى الترحيل | نموذج تقارير على مرحلتين: تجميعات SQL داخل الخدمة الآن، ثم read model للتقارير عند الحاجة؛ القوائم المالية من GL فقط,AC-R2R-034-1: بفرض 3 مستندات FAILED، عندما تُفتح لوحة الصحة، فإنها تعرض العدد 3 وآخر خطأ لكل منها. | AC-R2R-034-2: بفرض مستخدم بلا accounting.einvoice.cancel، عندما يطلب إلغاء مستند، فإن الطلب يُرفض 403.,NOT_IMPLEMENTED,NOT_IMPLEMENTED,P2
REQ-R2R-035,البيانات الرئيسية الضريبية لـETA وحماية مفتاح التوقيع,Record-to-Report,settings.integrations.manage,BR-R2R-37 | BR-R2R-38,—,—,—,[B][C] TaxEntry.partyTaxNumber/partyFileNumber فقط؛ InvoiceLine بنسبة ضريبة وbatch؛ لا رقم ضريبي في CRM أو Products (بحث),—,—,Customer: tax_number CHECK ^[0-9]{9}$ عند buyer_type=B، national_id، buyer_type enum، عنوان مهيكل؛ Product: item_code_type (GS1/EGS)، item_code، unit_code؛ CompanyProfile واحد (المصدر الوحيد للرقم الضريبي)؛ أسرار في مخزن مشفر.,DAR-05 | DAR-06 | DAR-12,ربط الدفاتر الفرعية (AR/AP/الخزينة/المخزون/الرواتب/المصروفات/العمولات) بالقيود عبر source_type/source_id ومراجع عكسية، وتسويات رقابية | قيود سلامة داخل كل مجال: CHECK للكميات والمبالغ، enums/CHECK للحالات، UNIQUE لمفاتيح الأعمال (X1–X4) | سجل تدقيق: الأحداث المركزية كسجل أعمال، وسجل تعديلات داخل المعاملة مع before/after، منع التعديل بالصلاحيات، إخفاء البيانات الحساسة,AC-R2R-035-1: بفرض عميل نوعه شركة، عندما يُحفظ برقم ضريبي من 8 أرقام، فإن الحفظ يُرفض. | AC-R2R-035-2: بفرض صنف بلا كود EGS/GS1، عندما يُضاف لفاتورة ضريبية، فإن تقديمها لـETA يُمنع برسالة. | AC-R2R-035-3: عند فحص إعدادات النشر، فإن مفتاح التوقيع الخاص غير موجود في متغيرات البيئة أو ملفات env.,NOT_IMPLEMENTED,NOT_IMPLEMENTED,P1
REQ-R2R-036,أرشفة المستندات الإلكترونية 5 سنوات,Record-to-Report,—,BR-R2R-39,—,—,—,—,—,—,سياسة retention على جداول التقديم؛ نسخ احتياطي مثبت.,DAR-15 | DAR-18,نسخ احتياطي وPITR واستعادة خارج المضيف بأهداف RPO/RTO معتمدة وتمارين استعادة دورية | تصنيف البيانات الحساسة والاحتفاظ والحذف: رواتب، PII، بيانات بنكية؛ سياسات احتفاظ لكل فئة,AC-R2R-036-1: بفرض مستند مقدم في 2026، عندما تنتهي السنة المالية 2031، فإن المستند وحمولته الموقعة ما زالا قابلين للاسترجاع.,NOT_IMPLEMENTED,NOT_IMPLEMENTED,P2
REQ-R2R-037,جاهزية التأهيل لدى ETA وبيئة preprod,Record-to-Report,المالك,,—,—,—,—,—,—,—,DAR-12 | DAR-14,سجل تدقيق: الأحداث المركزية كسجل أعمال، وسجل تعديلات داخل المعاملة مع before/after، منع التعديل بالصلاحيات، إخفاء البيانات الحساسة | حوكمة الترحيل: expand/contract، منع تعديل migration مطبقة، بوابة checksum مقابل الإنتاج، مصفوفة توافق إصدار التطبيق مع الـschema، كشف drift,AC-R2R-037-1: عند بدء تنفيذ ETA، فإن بيانات اعتماد preprod صالحة متوفرة ومُختبرة بطلب توكن ناجح.,NOT_IMPLEMENTED,NOT_IMPLEMENTED,P1
REQ-R2R-038,الإيصال الإلكتروني B2C (قرار 281/2025),Record-to-Report,—,,—,—,—,—,—,—,—,DAR-04,دفتر أستاذ عام موحد واحد داخل nile_accounting: جدولا قيود بشكل واحد، محرك ترحيل واحد، قواعد ترحيل (posting rules) وحسابات رقابية للدفاتر الفرعية,AC-R2R-038-1: بعد قرار الانطباق، إن انطبق: كل بيع لفرد يولد إيصالًا إلكترونيًا مقدمًا؛ وإن لم ينطبق: يُوثق القرار ومرجعه.,NOT_IMPLEMENTED,NOT_IMPLEMENTED,P2
REQ-R2R-039,الأصول الثابتة والإهلاك الشهري والاستبعاد,Record-to-Report,accounting.periods.close للتشغيل؛ accounting.coa.manage للإنشاء/الاستبعاد,BR-R2R-40,[B][C] apps/web/app/dashboard/fixed-assets/page.tsx (509 أسطر),[B][C] /api/accounting/fixed-assets (POST، GET، run-monthly، :id/dispose),[B] apps/accounting/src/modules/fixed-assets/fixed-assets.service.ts:111-195 (بلا حارس ولا معاملة — ACC-13)، :214-247 (استبعاد معاينة بلا ترحيل)؛ [C] :113-167 (حارس findFirst + GL على 5211/1219 — ACC-20)، :169-202,"[B] FixedAsset schema.prisma:675؛ [C] :833، DepreciationEntry :860-872 بلا UNIQUE(asset, year, month)",—,[B][C] fixed-assets.service.spec.ts — spec exists,"DepreciationEntry UNIQUE(asset_id, fiscal_year, period_month)؛ journal_entry_id FK؛ حسابات الأصل/المجمع/المصروف لكل فئة أصل في إعدادات.",DAR-04 | DAR-05 | DAR-06 | DAR-09,دفتر أستاذ عام موحد واحد داخل nile_accounting: جدولا قيود بشكل واحد، محرك ترحيل واحد، قواعد ترحيل (posting rules) وحسابات رقابية للدفاتر الفرعية | ربط الدفاتر الفرعية (AR/AP/الخزينة/المخزون/الرواتب/المصروفات/العمولات) بالقيود عبر source_type/source_id ومراجع عكسية، وتسويات رقابية | قيود سلامة داخل كل مجال: CHECK للكميات والمبالغ، enums/CHECK للحالات، UNIQUE لمفاتيح الأعمال (X1–X4) | سياسة موحدة لحالات المستندات والإلغاء والعكس والإشعارات الدائنة وقفل الفترات على مستوى الترحيل,AC-R2R-039-1: بفرض أصل 12000 عمره 12 شهرًا قسط ثابت، عندما يُشغّل إهلاك 2026-09 مرتين، فإن قيد إهلاك واحدًا بقيمة 1000 فقط يوجد. | AC-R2R-039-2: عندما يُشغّل الإهلاك، فإن القيد مدين مصروف إهلاك / دائن مجمع إهلاك على حسابات موجودة في الدليل المعتمد. | AC-R2R-039-3: بفرض استبعاد أصل بقيمة بيع، عندما يُعتمد، فإن قيدًا يرحّل الربح/الخسارة ويُقفل الأصل.,PARTIAL,PARTIAL,P2
REQ-R2R-040,المطابقة المالية الليلية وحفظ نتائجها,Record-to-Report,—,BR-R2R-41,[B][C] apps/web/app/dashboard/system (jobs),—,[B] apps/accounting/src/modules/reconciliation/reconciliation.service.ts:24-103 (logger.warn فقط)؛ [C] :24-151؛ apps/accounting/src/modules/jobs/reconciliation-jobs.ts,[B][C] job_runs؛ لا reconciliation_findings,—,[B][C] reconciliation-jobs.spec.ts — spec exists,"reconciliation_findings(run_id, check, entity, entity_id, expected, actual, status, resolved_by/at).",DAR-05 | DAR-06 | DAR-08,ربط الدفاتر الفرعية (AR/AP/الخزينة/المخزون/الرواتب/المصروفات/العمولات) بالقيود عبر source_type/source_id ومراجع عكسية، وتسويات رقابية | قيود سلامة داخل كل مجال: CHECK للكميات والمبالغ، enums/CHECK للحالات، UNIQUE لمفاتيح الأعمال (X1–X4) | إطار تسويات رقابية عبر القواعد (الائتمان↔AR، المخزون↔GL، دفتر المورد↔AP، الخزينة↔GL، المبيعات↔الفواتير),AC-R2R-040-1: بفرض فاتورة paid + credited > total، عندما تعمل المطابقة، فإن صف finding بحالة DRIFT يُحفظ ويظهر في صفحة النظام. | AC-R2R-040-2: عندما يُطلب التشغيل اليدوي، فإن النتائج تُحفظ بنفس الشكل مع معرف التشغيل.,PARTIAL,PARTIAL,P2
REQ-R2R-041,مطابقة الدفاتر الفرعية مع الأستاذ العام والإسقاطات عبر الخدمات,Record-to-Report,—,BR-R2R-44,—,—,[C] apps/accounting/src/modules/reconciliation/reconciliation.service.ts:49-97 (GL وAP/الخزينة؛ إشارات متعاكسة وبلا فلتر POSTED — ACC-23)؛ لا مطابقة AR↔1121 ولا عبر الخدمات,—,—,—,partyId على سطور 1121/2111 لتمكين المطابقة بالطرف.,DAR-03 | DAR-04 | DAR-05 | DAR-08,ملكية بيانات صريحة ونظام سجل (SoR) لكل كيان، وتحقق المراجع بين الخدمات عند الكتابة + إسقاطات مرجعية + مطابقة دورية | دفتر أستاذ عام موحد واحد داخل nile_accounting: جدولا قيود بشكل واحد، محرك ترحيل واحد، قواعد ترحيل (posting rules) وحسابات رقابية للدفاتر الفرعية | ربط الدفاتر الفرعية (AR/AP/الخزينة/المخزون/الرواتب/المصروفات/العمولات) بالقيود عبر source_type/source_id ومراجع عكسية، وتسويات رقابية | إطار تسويات رقابية عبر القواعد (الائتمان↔AR، المخزون↔GL، دفتر المورد↔AP، الخزينة↔GL، المبيعات↔الفواتير),"AC-R2R-041-1: بفرض دفتر عملاء مجموعه 50,000 مدين، عندما تعمل المطابقة، فإن رصيد 1121 = 50,000 مدين أو يُسجل فرق. | AC-R2R-041-2: بفرض AP من الاستلامات 10,000، عندما تعمل المطابقة، فإنها لا تُبلغ انحرافًا بسبب اختلاف اصطلاح الإشارة.",NOT_IMPLEMENTED,PARTIAL,P2
REQ-R2R-042,الأثر المحاسبي للهالك والإعدام والشطب,Record-to-Report,—,BR-R2R-42,[B][C] تقارير المخزون (القيمة في تقرير فقط),—,[B][C] apps/accounting/src/modules/saga-listener لا يستهلك StockAdjusted؛ لا ACCOUNTING_PENDING في أي كود (بحث),—,[B][C] inventory.stock.adjusted غير مستهلك محاسبيًا,—,"حالة accounting_status (PENDING/POSTED) على مستند الإعدام/التسوية؛ قيد بمصدر (WASTAGE, ref_id) فريد.",DAR-03 | DAR-04 | DAR-05 | DAR-06 | DAR-07 | DAR-08 | DAR-13,ملكية بيانات صريحة ونظام سجل (SoR) لكل كيان، وتحقق المراجع بين الخدمات عند الكتابة + إسقاطات مرجعية + مطابقة دورية | دفتر أستاذ عام موحد واحد داخل nile_accounting: جدولا قيود بشكل واحد، محرك ترحيل واحد، قواعد ترحيل (posting rules) وحسابات رقابية للدفاتر الفرعية | ربط الدفاتر الفرعية (AR/AP/الخزينة/المخزون/الرواتب/المصروفات/العمولات) بالقيود عبر source_type/source_id ومراجع عكسية، وتسويات رقابية | قيود سلامة داخل كل مجال: CHECK للكميات والمبالغ، enums/CHECK للحالات، UNIQUE لمفاتيح الأعمال (X1–X4) | Outbox لكل حدث يغيّر الحالة + Inbox معاملاتي للمستهلكين + مفتاح idempotency لكل أمر كتابة | إطار تسويات رقابية عبر القواعد (الائتمان↔AR، المخزون↔GL، دفتر المورد↔AP، الخزينة↔GL، المبيعات↔الفواتير) | نموذج تقارير على مرحلتين: تجميعات SQL داخل الخدمة الآن، ثم read model للتقارير عند الحاجة؛ القوائم المالية من GL فقط,AC-R2R-042-1: بفرض GL غير معتمد، عندما تُسجل عملية إعدام، فإن حالتها ACCOUNTING_PENDING ولا صف يُكتب في دفاتر العملاء/الموردين. | AC-R2R-042-2: بفرض GL معتمد وحدث شطب بقيمة 500، عندما يُعالج مرتين، فإن قيد مصروف واحدًا بقيمة 500 يوجد.,NOT_IMPLEMENTED,NOT_IMPLEMENTED,P2
REQ-R2R-043,سجل العملات وأسعار الصرف التاريخية,Record-to-Report,accounting.fx.manage للتسجيل، accounting.fx.read للقراءة.,BR-R2R-45 | BR-R2R-46,[B][C] apps/web/app/dashboard/fx/page.tsx,[B][C] apps/accounting/src/modules/fx/fx.controller.ts (accounting.fx.read/manage/revalue),[B][C] apps/accounting/src/modules/fx/fx.service.ts:158-195 (getRate/getRateOrThrow)، :225-292 (تسجيل السعر + outbox + audit),"[B][C] apps/accounting/prisma/schema.prisma model Currency، model ExchangeRate @@unique([currency,rateType,effectiveDate]) rateToEgp Decimal(14,6)، enum CurrencyCode",finance.exchange-rate.recorded,spec exists: fx.service.spec.ts,"ExchangeRate append-only (لا UPDATE/DELETE)، unique(currency, rateType, effectiveDate)، CHECK rate>0، CHECK (currency<>EGP OR rate=1).",DAR-05 | DAR-06 | DAR-07 | DAR-10 | DAR-17,ربط الدفاتر الفرعية (AR/AP/الخزينة/المخزون/الرواتب/المصروفات/العمولات) بالقيود عبر source_type/source_id ومراجع عكسية، وتسويات رقابية | قيود سلامة داخل كل مجال: CHECK للكميات والمبالغ، enums/CHECK للحالات، UNIQUE لمفاتيح الأعمال (X1–X4) | Outbox لكل حدث يغيّر الحالة + Inbox معاملاتي للمستهلكين + مفتاح idempotency لكل أمر كتابة | العملات والدقة والتقريب والترقيم: عملة على كل مستند مالي، دقة موحدة لأسعار الصرف، قاعدة تقريب واحدة Decimal، ترقيم تسلسلي لكل سلسلة داخل المعاملة | فهارس مبنية على أنماط الاستعلام (X6–X15) مشروطة بقياسات EXPLAIN/pg_stat_statements,AC-R2R-043-1: بافتراض سعر USD/BANK بتاريخ 2026-09-01 مسجل، عند تسجيل سعر آخر لنفس العملة والنوع والتاريخ، فإن الطلب يُرفض بـ409 ويبقى السعر الأول. | AC-R2R-043-2: بافتراض سعر 1.1234567، فإنه يُرفض لتجاوز 6 منازل؛ وبافتراض سعر EGP = 1.5 فإنه يُرفض. | AC-R2R-043-3: بافتراض أسعار BANK بتواريخ 1 و5 سبتمبر، عند طلب سعر 3 سبتمبر، فإن النظام يعيد سعر 1 سبتمبر؛ وبلا أي سعر ≤ التاريخ يعيد 404 لا قيمة مخمنة.,IMPLEMENTED,IMPLEMENTED,P2
REQ-R2R-044,عملات قابلة للإضافة دون تعديل الكود,Record-to-Report,accounting.fx.manage,BR-R2R-45,,,,[B][C] apps/accounting/prisma/schema.prisma enum CurrencyCode مغلق (7 قيم) وCurrency.code من نوع enum — إضافة عملة = migration,,—,Currency.code نص ISO-4217 (char(3)) مفتاح أساسي، والجداول الأخرى FK إليه بدل enum.,DAR-10 | DAR-14,العملات والدقة والتقريب والترقيم: عملة على كل مستند مالي، دقة موحدة لأسعار الصرف، قاعدة تقريب واحدة Decimal، ترقيم تسلسلي لكل سلسلة داخل المعاملة | حوكمة الترحيل: expand/contract، منع تعديل migration مطبقة، بوابة checksum مقابل الإنتاج، مصفوفة توافق إصدار التطبيق مع الـschema، كشف drift,AC-R2R-044-1: بافتراض عملة KWD غير موجودة، عند إضافتها من الشاشة، فإنها تظهر في قائمة العملات ويمكن تسجيل سعر لها وفتح حساب بها دون نشر إصدار جديد.,PARTIAL,PARTIAL,P3
REQ-R2R-045,تنبيه تقادم سعر صرف البنك,Record-to-Report,—,BR-R2R-48,,,[B][C] apps/accounting/src/modules/jobs/fx-jobs.ts:28 (cron 0 9 * * *)، :35 (عملات نشطة)، :52 (daysSince > 3 بالأيام التقويمية)؛ apps/iam/src/modules/notifications/notifications-events.listener.ts:130-135,,finance.fx-rate.stale,لا spec لـfx-jobs,تقويم أيام عمل (Holiday calendar) قابل للإعداد.,DAR-05 | DAR-10 | DAR-14,ربط الدفاتر الفرعية (AR/AP/الخزينة/المخزون/الرواتب/المصروفات/العمولات) بالقيود عبر source_type/source_id ومراجع عكسية، وتسويات رقابية | العملات والدقة والتقريب والترقيم: عملة على كل مستند مالي، دقة موحدة لأسعار الصرف، قاعدة تقريب واحدة Decimal، ترقيم تسلسلي لكل سلسلة داخل المعاملة | حوكمة الترحيل: expand/contract، منع تعديل migration مطبقة، بوابة checksum مقابل الإنتاج، مصفوفة توافق إصدار التطبيق مع الـschema، كشف drift,AC-R2R-045-1: بافتراض آخر سعر BANK للدولار يوم الخميس واليوم الثلاثاء (يومي عمل)، عند تشغيل المهمة، فإن لا تنبيه يُرسل؛ وبعد 4 أيام عمل يُرسل تنبيه واحد.,PARTIAL,PARTIAL,P2
REQ-R2R-046,عملة المعاملة وسعرها ولقطة السعر على الفواتير والدفعات,Record-to-Report,تجاوز السعر الرسمي يحتاج صلاحية (مقترح).,BR-R2R-47 | BR-R2R-46,,,[B][C] apps/accounting/src/modules/payments/payments.service.ts [B]:485-497 [C]:503-515 (toBaseAmount: السعر إلزامي لغير الجنيه لكنه من العميل لا من السجل)؛ apps/accounting/src/modules/fx/fx.service.ts:303-360 (captureSnapshot بلا أي مستدعٍ)؛ مقارنة المبلغ بالفاتورة دون مقارنة العملة (ACC-09),[B][C] apps/accounting/prisma/schema.prisma Payment.currency/exchangeRate/baseAmount؛ Invoice.currency/exchangeRate/baseTotal؛ model FxSnapshot (غير مستخدم),,spec exists: fx.service.spec.ts، payments.service.spec.ts,"Invoice/Payment(currency FK, fxRate, baseAmount, fxSnapshotId FK unique)؛ FxSnapshot immutable (trigger) مرتبط بالمستند؛ CHECK baseAmount = round(amount*fxRate,2).",DAR-05 | DAR-06 | DAR-10,ربط الدفاتر الفرعية (AR/AP/الخزينة/المخزون/الرواتب/المصروفات/العمولات) بالقيود عبر source_type/source_id ومراجع عكسية، وتسويات رقابية | قيود سلامة داخل كل مجال: CHECK للكميات والمبالغ، enums/CHECK للحالات، UNIQUE لمفاتيح الأعمال (X1–X4) | العملات والدقة والتقريب والترقيم: عملة على كل مستند مالي، دقة موحدة لأسعار الصرف، قاعدة تقريب واحدة Decimal، ترقيم تسلسلي لكل سلسلة داخل المعاملة,"AC-R2R-046-1: بافتراض دفعة USD بلا سعر صرف، فإنها تُرفض. | AC-R2R-046-2: بافتراض دفعة USD 100 وسعر BANK اليوم 48.50، فإن baseAmount = 4,850.00 وتوجد لقطة سعر مرتبطة بالدفعة تحمل معرّف السعر ونوعه. | AC-R2R-046-3: بافتراض فاتورة EGP، عند تحصيل بعملة USD عليها، فإن المقارنة بالمتبقي تتم بعملة الأساس لا بالمبلغ الأجنبي.",PARTIAL,PARTIAL,P1
REQ-R2R-047,إعادة تقييم أرصدة الموردين بالعملة الأجنبية (BD-5: M2 بسعر BANK),Record-to-Report,accounting.fx.revalue؛ لا اعتماد ثانٍ.,BR-R2R-49 | BR-R2R-51,[B][C] apps/web/app/dashboard/fx/page.tsx (إعادة التقييم),[B][C] POST /fx/revalue (accounting.fx.revalue),[B][C] apps/accounting/src/modules/fx/fx.service.ts:379-560 (M2: عكس FX_REVALUATION_REVERSAL ثم إعادة القيد)؛ قيود الاستلام من GoodsReceived تُنشأ بالجنيه (createEntry الافتراضي) فلا يوجد ما يُقيَّم عمليًا (استنتاج من notes/accounting.md §4.11),"[B][C] apps/accounting/prisma/schema.prisma SupplierLedgerEntry(currency, amountFx, fxRate, refType)",,spec exists: fx.service.spec.ts (اختبارات الحساب المزدوج),"SupplierLedgerEntry بعملة أصلية وamountFx وfxRate؛ unique(refType, refId)؛ ربط العكس بالأصل (reversalOfId)؛ RevaluationRun(asOf, rateType, runBy) فريد لكل asOf.",DAR-04 | DAR-06 | DAR-07 | DAR-09 | DAR-10 | DAR-19 | DAR-20,دفتر أستاذ عام موحد واحد داخل nile_accounting: جدولا قيود بشكل واحد، محرك ترحيل واحد، قواعد ترحيل (posting rules) وحسابات رقابية للدفاتر الفرعية | قيود سلامة داخل كل مجال: CHECK للكميات والمبالغ، enums/CHECK للحالات، UNIQUE لمفاتيح الأعمال (X1–X4) | Outbox لكل حدث يغيّر الحالة + Inbox معاملاتي للمستهلكين + مفتاح idempotency لكل أمر كتابة | سياسة موحدة لحالات المستندات والإلغاء والعكس والإشعارات الدائنة وقفل الفترات على مستوى الترحيل | العملات والدقة والتقريب والترقيم: عملة على كل مستند مالي، دقة موحدة لأسعار الصرف، قاعدة تقريب واحدة Decimal، ترقيم تسلسلي لكل سلسلة داخل المعاملة | تقييم المخزون ودفتر المخزون: طبقات تكلفة تغطي كل الحركات (أو متوسط مرجح)، استهلاك مسجل، ربط بـGL | ترحيل البيانات الافتتاحية وتاريخ القطع: دفعة افتتاحية معتمدة بتوقيع وhash، قيود افتتاحية بتاريخ القطع,"AC-R2R-047-1: بافتراض التزام 1,000 USD بسعر 30 ثم تقييم بـ32 ثم بـ33، فإن مجموع قيود إعادة التقييم القائمة (غير المعكوسة) = 3,000 EGP لا 5,000. | AC-R2R-047-2: بافتراض تشغيل إعادة التقييم مرتين لنفس asOf، فإن التشغيل الثاني لا يكتب أي قيد. | AC-R2R-047-3: بافتراض سداد كامل لاحق بسعر 31، فإن قيود التقييم السابقة تُعكس ويُسجل فرق محقق 1,000 EGP ويصبح رصيد المورد بالعملة صفرًا.",PARTIAL,PARTIAL,P2
REQ-R2R-048,فروق العملة المحققة عند سداد التزام بعملة أجنبية,Record-to-Report,accounting.payables.pay (غير موجودة في الكتالوج حسب SEC-02),BR-R2R-50 | BR-R2R-51,,,[B] apps/accounting/src/modules/fx/fx.service.ts:637-690 settleFxDifference بلا مستدعٍ؛ [C] apps/accounting/src/modules/fx/fx.service.ts:639-717 (نسخة داخل المعاملة) مستدعاة فقط من supplier-payments غير المسجلة (apps/accounting/src/app.module.ts:48-50),,,spec exists: fx.service.spec.ts,"SupplierPayment(amountFx, fxRate, amountEgp, carryingRate) + FxSettlement(paymentId unique, diffEgp, type GAIN/LOSS) في نفس المعاملة.",DAR-04 | DAR-05 | DAR-06 | DAR-09 | DAR-10,دفتر أستاذ عام موحد واحد داخل nile_accounting: جدولا قيود بشكل واحد، محرك ترحيل واحد، قواعد ترحيل (posting rules) وحسابات رقابية للدفاتر الفرعية | ربط الدفاتر الفرعية (AR/AP/الخزينة/المخزون/الرواتب/المصروفات/العمولات) بالقيود عبر source_type/source_id ومراجع عكسية، وتسويات رقابية | قيود سلامة داخل كل مجال: CHECK للكميات والمبالغ، enums/CHECK للحالات، UNIQUE لمفاتيح الأعمال (X1–X4) | سياسة موحدة لحالات المستندات والإلغاء والعكس والإشعارات الدائنة وقفل الفترات على مستوى الترحيل | العملات والدقة والتقريب والترقيم: عملة على كل مستند مالي، دقة موحدة لأسعار الصرف، قاعدة تقريب واحدة Decimal، ترقيم تسلسلي لكل سلسلة داخل المعاملة,"AC-R2R-048-1: بافتراض فاتورة 1,000 USD بسعر 30 وسداد 400 USD بسعر 31، فإن خسارة محققة 400 EGP تُسجل على الجزء المسدد فقط. | AC-R2R-048-2: بافتراض سداد كامل ثم عكسه، فإن قيد الفرق يُعكس ويعود الرصيد بالعملة كما كان.",NOT_IMPLEMENTED,NOT_IMPLEMENTED,P2
REQ-R2R-049,شاشة العملات والأسعار وإعادة التقييم والتعرض,Record-to-Report,accounting.fx.read/manage/revalue,,[B][C] apps/web/app/dashboard/fx/page.tsx (943 سطرًا),,,,,لا اختبار واجهة,,DAR-10 | DAR-13,العملات والدقة والتقريب والترقيم: عملة على كل مستند مالي، دقة موحدة لأسعار الصرف، قاعدة تقريب واحدة Decimal، ترقيم تسلسلي لكل سلسلة داخل المعاملة | نموذج تقارير على مرحلتين: تجميعات SQL داخل الخدمة الآن، ثم read model للتقارير عند الحاجة؛ القوائم المالية من GL فقط,AC-R2R-049-1: بافتراض مستخدم بصلاحية accounting.fx.manage، فإنه يسجل سعرًا يوميًا من /dashboard/fx ويراه في السجل فورًا.,IMPLEMENTED,IMPLEMENTED,P3
REQ-R2R-050,التقرير المالي وموقف التحصيل اليومي,Record-to-Report,قراءة فقط.,BR-R2R-52 | BR-R2R-53,[B][C] apps/web/app/dashboard/reports/financial/page.tsx,"[B][C] accounting /collection/aging, /collection/by-rep, summary؛ sales /credit/exposures",[B] apps/accounting/src/modules/collection/collection.service.ts:80-99 (أعمار من issuedAt وحساب بـNumber)؛ :38-39 (تجميع بـNumber),"accounting: Invoice, Payment",,غير معروف,Invoice يحمل issuedAt وdueAt (من شروط السداد) وحالة؛ مبالغ Decimal؛ مفاتيح repId/accountId مفهرسة.,DAR-03 | DAR-05 | DAR-10 | DAR-13 | DAR-17,ملكية بيانات صريحة ونظام سجل (SoR) لكل كيان، وتحقق المراجع بين الخدمات عند الكتابة + إسقاطات مرجعية + مطابقة دورية | ربط الدفاتر الفرعية (AR/AP/الخزينة/المخزون/الرواتب/المصروفات/العمولات) بالقيود عبر source_type/source_id ومراجع عكسية، وتسويات رقابية | العملات والدقة والتقريب والترقيم: عملة على كل مستند مالي، دقة موحدة لأسعار الصرف، قاعدة تقريب واحدة Decimal، ترقيم تسلسلي لكل سلسلة داخل المعاملة | نموذج تقارير على مرحلتين: تجميعات SQL داخل الخدمة الآن، ثم read model للتقارير عند الحاجة؛ القوائم المالية من GL فقط | فهارس مبنية على أنماط الاستعلام (X6–X15) مشروطة بقياسات EXPLAIN/pg_stat_statements,"AC-R2R-050-1: بافتراض فاتورة صادرة منذ 40 يومًا بشروط سداد 60 يومًا، عند عرض «المتأخر حسب الاستحقاق» لا تظهر الفاتورة كمتأخرة، وتظهر في عمود عمر 31-60 في أعمار الإصدار مع تسمية «حسب تاريخ الإصدار». | AC-R2R-050-2: بافتراض تحصيل نقدي اليوم 2,000 وشيك 3,000، عند فتح موقف اليوم تظهر «نقدية اليوم» 2,000 و«مدفوع اليوم» 5,000. | AC-R2R-050-3: بافتراض مندوب فوتر 10,000 وحصل 4,000، عند عرض التحصيل حسب المندوب تظهر النسبة 40%.",PARTIAL,PARTIAL,P2
REQ-R2R-051,تقرير المبيعات,Record-to-Report,قراءة فقط؛ لا اعتماد.,BR-R2R-53,[B][C] apps/web/app/dashboard/reports/sales/page.tsx:24-50 (فترات 7/30/90 واشتقاق المؤشرات من الاتجاه),[B][C] BFF apps/web/app/api/sales-reports/route.ts → sales /orders/summary|trend|top-reps|top-products|status-breakdown؛ lib/api.ts reportOverview (B:1778 / C:2118),[B][C] apps/web/lib/bff.ts:16-29 (مهلة 8 ثوانٍ، أخطاء لكل قسم),sales: SalesOrder,,لا spec خاص بالتقرير (غير مُتحقق),تجميع خادمي لأوامر البيع حسب التاريخ (Africa/Cairo) والحالة والمندوب والمنتج؛ مفاتيح ثابتة للمندوب والمنتج؛ مبالغ Decimal.,DAR-09 | DAR-10 | DAR-13 | DAR-19,سياسة موحدة لحالات المستندات والإلغاء والعكس والإشعارات الدائنة وقفل الفترات على مستوى الترحيل | العملات والدقة والتقريب والترقيم: عملة على كل مستند مالي، دقة موحدة لأسعار الصرف، قاعدة تقريب واحدة Decimal، ترقيم تسلسلي لكل سلسلة داخل المعاملة | نموذج تقارير على مرحلتين: تجميعات SQL داخل الخدمة الآن، ثم read model للتقارير عند الحاجة؛ القوائم المالية من GL فقط | تقييم المخزون ودفتر المخزون: طبقات تكلفة تغطي كل الحركات (أو متوسط مرجح)، استهلاك مسجل، ربط بـGL,AC-R2R-051-1: بافتراض وجود أوامر في آخر 30 يومًا، عند اختيار فترة 30 يومًا فإن «إجمالي المبيعات» يساوي مجموع قيم الاتجاه اليومي للفترة نفسها حتى قرشين. | AC-R2R-051-2: بافتراض يوم بلا أوامر داخل الفترة، عند عرض الاتجاه يظهر ذلك اليوم بقيمة 0 لا كفجوة. | AC-R2R-051-3: بافتراض تعطل مصدر «أعلى المندوبين»، عند فتح التقرير تظهر بقية الأقسام برسالة خطأ في القسم المتعطل فقط.,IMPLEMENTED,IMPLEMENTED,P3
REQ-R2R-052,تقرير المخزون ومؤشرات الأحواض,Record-to-Report,قراءة فقط.,BR-R2R-53 | BR-R2R-55,[B][C] apps/web/app/dashboard/reports/inventory/page.tsx,[B][C] BFF apps/web/app/api/inventory-reports/route.ts؛ inventory /stock/summary,[B] apps/inventory/src/modules/stock/stock.service.ts:77-105 (تجميعات DB وأحواض QUARANTINE/DAMAGED) / [C] :100-128؛ [B][C] apps/web/lib/inventory-value.ts:24-37 و lib/inventory-by-warehouse.ts:26 (GET /stock بلا take ← 200 صف، تكلفة من costPrice الرئيسي),"inventory: StockBalance, InventoryTransaction",,غير معروف,تجميع خادمي (SUM/COUNT) لأرصدة المخزون حسب الحوض والمخزن؛ مصدر تكلفة موحد؛ لا حدود صفوف في مسارات التجميع.,DAR-13 | DAR-19,نموذج تقارير على مرحلتين: تجميعات SQL داخل الخدمة الآن، ثم read model للتقارير عند الحاجة؛ القوائم المالية من GL فقط | تقييم المخزون ودفتر المخزون: طبقات تكلفة تغطي كل الحركات (أو متوسط مرجح)، استهلاك مسجل، ربط بـGL,AC-R2R-052-1: بافتراض 500 صف رصيد في 3 مخازن، عند فتح التقرير فإن «قيمة المخزون» تساوي مجموع (الكمية × تكلفة الوحدة) لكل الصفوف الـ500 لا لأول 200. | AC-R2R-052-2: بافتراض 10 وحدات في الحجر و5 تالفة، عند عرض الملخص تظهر 10 و5 في مؤشرين منفصلين ولا تدخل في «المتاح». | AC-R2R-052-3: بافتراض تشغيلة تنتهي بعد 45 يومًا، عند عرض قسم قرب الانتهاء تظهر ضمن نافذة 60 يومًا.,PARTIAL,PARTIAL,P2
REQ-R2R-053,تقرير العملاء ولوحة ترتيب المندوبين,Record-to-Report,قراءة فقط.,BR-R2R-53 | BR-R2R-55,[B][C] apps/web/app/dashboard/reports/customers/page.tsx؛ /dashboard/leaderboard,"[B][C] BFF apps/web/app/api/customer-reports/route.ts:48,87 (crm /accounts بحد 200)؛ incentives leaderboard.controller.ts",[B][C] apps/crm/src/modules/accounts/accounts.service.ts:119-120 (take 200 مرتب بالاسم)؛ [B] apps/incentives/src/modules/leaderboard/leaderboard.service.ts:7-27,"crm: Account, Visit; incentives: RepScore",,غير معروف,عدادات خادمية للحسابات؛ ربط الحساب بالمستحق بمفتاح accountId؛ RepScore لكل (مندوب، فترة) فريد.,DAR-05 | DAR-06 | DAR-09 | DAR-13,ربط الدفاتر الفرعية (AR/AP/الخزينة/المخزون/الرواتب/المصروفات/العمولات) بالقيود عبر source_type/source_id ومراجع عكسية، وتسويات رقابية | قيود سلامة داخل كل مجال: CHECK للكميات والمبالغ، enums/CHECK للحالات، UNIQUE لمفاتيح الأعمال (X1–X4) | سياسة موحدة لحالات المستندات والإلغاء والعكس والإشعارات الدائنة وقفل الفترات على مستوى الترحيل | نموذج تقارير على مرحلتين: تجميعات SQL داخل الخدمة الآن، ثم read model للتقارير عند الحاجة؛ القوائم المالية من GL فقط,"AC-R2R-053-1: بافتراض 250 عميلًا نشطًا، عند فتح التقرير فإن «عدد الحسابات» يساوي 250 لا 200. | AC-R2R-053-2: بافتراض عميل عليه فاتورتان مفتوحتان بمستحق 1,000 و500، عند عرض «أعلى العملاء بالمستحق» يظهر مستحقه 1,500. | AC-R2R-053-3: بافتراض شهر مغلق للحوافز، عند فتح لوحة الترتيب تظهر لكل مندوب المبيعات والمحصل ونسبة التحصيل ودرجة الكفاءة مرتبة تنازليًا.",PARTIAL,PARTIAL,P3
REQ-R2R-054,لوحة الرئيسية والتحليلات,Record-to-Report,قراءة فقط.,BR-R2R-53,[B][C] apps/web/app/dashboard/page.tsx (359 سطرًا؛ لا محدد فترة 7/30/90 ولا منحنى قيمة)؛ apps/web/app/dashboard/reports/analytics/page.tsx,[B][C] apps/web/app/api/dashboard/route.ts,[B][C] apps/web/lib/bff.ts:16-29؛ lib/inventory-value.ts:24-37,,audit-events /alerts,غير معروف,نفس مصادر 001/002/004؛ لا تخزين جديد.,DAR-07 | DAR-12 | DAR-13,Outbox لكل حدث يغيّر الحالة + Inbox معاملاتي للمستهلكين + مفتاح idempotency لكل أمر كتابة | سجل تدقيق: الأحداث المركزية كسجل أعمال، وسجل تعديلات داخل المعاملة مع before/after، منع التعديل بالصلاحيات، إخفاء البيانات الحساسة | نموذج تقارير على مرحلتين: تجميعات SQL داخل الخدمة الآن، ثم read model للتقارير عند الحاجة؛ القوائم المالية من GL فقط,"AC-R2R-054-1: بافتراض اختيار فترة 7 أيام، عند فتح الرئيسية فإن منحنى قيمة الأوامر يغطي 7 أيام بالضبط ويُشتق من API لا بيانات مولدة. | AC-R2R-054-2: بافتراض مستخدم بلا صلاحية accounting، عند فتح الرئيسية يظهر عنصر الأعمار برسالة عدم صلاحية لا بقيمة صفر. | AC-R2R-054-3: بافتراض مستحقات 10,000 منها 3,000 أقدم من 30 يومًا من الإصدار، عند العرض تظهر النسبة 30% بتسمية «حسب تاريخ الإصدار».",PARTIAL,PARTIAL,P3
REQ-R2R-055,رسم بياني مناسب لكل صفحة تقرير,Record-to-Report,—,BR-R2R-56,"[B][C] apps/web/app/dashboard/reports/{sales:117,inventory:108,customers:109-116,analytics:99,financial:70-95}/page.tsx (BarChart/DonutChart)",,apps/web/components/ui/bar-chart.tsx,,,غير معروف,لا متطلب بيانات إضافي.,DAR-13,نموذج تقارير على مرحلتين: تجميعات SQL داخل الخدمة الآن، ثم read model للتقارير عند الحاجة؛ القوائم المالية من GL فقط,AC-R2R-055-1: بافتراض تغيير الفترة من 30 إلى 7 أيام في تقرير المبيعات، عند إعادة التحميل يعرض الرسم 7 نقاط فقط. | AC-R2R-055-2: بافتراض فتح أي من صفحات التقارير الخمس، عند التحميل الناجح يظهر رسم واحد على الأقل.,IMPLEMENTED,IMPLEMENTED,P4
REQ-R2R-056,تقرير الإنفاق على العميل مقابل مبيعاته,Record-to-Report,—,BR-R2R-53,[B][C] apps/web/components/party-profile.tsx:34-38 (قوائم منفصلة للأوامر والهدايا في ملف العميل),[B][C] organization customer-gifts,,organization: CustomerGift,,غير معروف,CustomerGift مرتبط بـaccountId وحالة وقيمة Decimal وتاريخ صرف.,DAR-05 | DAR-09 | DAR-10 | DAR-13,ربط الدفاتر الفرعية (AR/AP/الخزينة/المخزون/الرواتب/المصروفات/العمولات) بالقيود عبر source_type/source_id ومراجع عكسية، وتسويات رقابية | سياسة موحدة لحالات المستندات والإلغاء والعكس والإشعارات الدائنة وقفل الفترات على مستوى الترحيل | العملات والدقة والتقريب والترقيم: عملة على كل مستند مالي، دقة موحدة لأسعار الصرف، قاعدة تقريب واحدة Decimal، ترقيم تسلسلي لكل سلسلة داخل المعاملة | نموذج تقارير على مرحلتين: تجميعات SQL داخل الخدمة الآن، ثم read model للتقارير عند الحاجة؛ القوائم المالية من GL فقط,"AC-R2R-056-1: بافتراض عميل له هدايا مصروفة 1,000 ومبيعات صافية 20,000 في الربع، عند عرض التقرير يظهر الإنفاق 1,000 والمبيعات 20,000 والنسبة 5%. | AC-R2R-056-2: بافتراض هدية مرفوضة، عند العرض لا تدخل في الإنفاق.",PARTIAL,PARTIAL,P3
REQ-R2R-057,تقويم وتقارير الزيارات الميدانية ومؤشرات التغطية,Record-to-Report,—,BR-R2R-54,"[B][C] apps/web/components/field-sales/report-workspace.tsx:24-102,149-183 (تقويم، فلاتر، حد 10000، تصدير)",[B][C] crm field-sales,[B][C] apps/crm/src/modules/field-sales/field-sales.service.ts:314-317 (planned/completed/missed/orders لكل مندوب),crm: FieldSalesVisit,,غير معروف,زيارات بتواريخ مخزنة UTC مع تحويل Africa/Cairo؛ ربط الزيارة بالأمر (visitId فريد في SalesOrder).,DAR-05 | DAR-06 | DAR-09 | DAR-13 | DAR-19,ربط الدفاتر الفرعية (AR/AP/الخزينة/المخزون/الرواتب/المصروفات/العمولات) بالقيود عبر source_type/source_id ومراجع عكسية، وتسويات رقابية | قيود سلامة داخل كل مجال: CHECK للكميات والمبالغ، enums/CHECK للحالات، UNIQUE لمفاتيح الأعمال (X1–X4) | سياسة موحدة لحالات المستندات والإلغاء والعكس والإشعارات الدائنة وقفل الفترات على مستوى الترحيل | نموذج تقارير على مرحلتين: تجميعات SQL داخل الخدمة الآن، ثم read model للتقارير عند الحاجة؛ القوائم المالية من GL فقط | تقييم المخزون ودفتر المخزون: طبقات تكلفة تغطي كل الحركات (أو متوسط مرجح)، استهلاك مسجل، ربط بـGL,"AC-R2R-057-1: بافتراض فترة تنتهي في 2026-10-01، عند العرض تشمل زيارات 2026-10-01 حتى 23:59 بتوقيت القاهرة. | AC-R2R-057-2: بافتراض 12,000 زيارة مطابقة، عند محاولة العرض/التصدير تظهر رسالة «النتيجة تتجاوز 10000» ولا يُصدَّر ملف مقتطع. | AC-R2R-057-3: بافتراض مندوب خطط 20 زيارة ونفذ 15 منها 6 بطلب، عند عرض المؤشرات تظهر التغطية 75% والنجاح 40%.",PARTIAL,PARTIAL,P3
REQ-R2R-058,معيار التصدير الموحد (CSV/XLSX/PDF) وتدقيقه,Record-to-Report,صلاحية القراءة نفسها.,BR-R2R-54,[B][C] apps/web/components/ui/data-table.tsx:58-197 (اختيار الصيغة CSV/XLSX/PDF),[C] GET export في 12 controller: crm accounts.controller.ts:20، sales orders.controller.ts:18، accounting invoices.controller.ts:15، payments.controller.ts:22، inventory stock.controller.ts:11، products products.controller.ts:18 …؛ [B] لا مسارات تصدير خادمية,"[B][C] apps/web/lib/tabular-export.ts:9,12,43 (تحييد الصيغ، BOM، طباعة RTL)؛ [C] packages/export-kit/src/index.ts:10,20",,[B][C] لا حدث تدقيق للتصدير (AuditInterceptor للتعديلات فقط),[C] packages/export-kit/src/index.test.ts (spec موجود، لم يُشغّل),سجل تدقيق للتصدير (المستخدم، المجال، الفلاتر، عدد الصفوف، الوقت)؛ عقود أعمدة ثابتة لكل مجال.,DAR-12 | DAR-13 | DAR-18,سجل تدقيق: الأحداث المركزية كسجل أعمال، وسجل تعديلات داخل المعاملة مع before/after، منع التعديل بالصلاحيات، إخفاء البيانات الحساسة | نموذج تقارير على مرحلتين: تجميعات SQL داخل الخدمة الآن، ثم read model للتقارير عند الحاجة؛ القوائم المالية من GL فقط | تصنيف البيانات الحساسة والاحتفاظ والحذف: رواتب، PII، بيانات بنكية؛ سياسات احتفاظ لكل فئة,AC-R2R-058-1: بافتراض قيمة نصية تبدأ بـ«=»، عند تصديرها إلى CSV تُكتب مسبوقة بفاصلة عليا ولا تُنفذ كصيغة. | AC-R2R-058-2: بافتراض مستخدم بلا صلاحية crm.accounts.read، عند طلب GET /api/crm/accounts/export يُرفض بـ403. | AC-R2R-058-3: بافتراض تصدير قائمة العملاء، عند الانتهاء يُسجَّل حدث تدقيق يحمل المستخدم والفلاتر وعدد الصفوف.,PARTIAL,PARTIAL,P3
REQ-R2R-059,اكتمال أرقام التقارير وعزل الأعطال ووضوح الاقتطاع,Record-to-Report,—,BR-R2R-55 | BR-R2R-53,,[B][C] apps/web/app/api/*/route.ts (أخطاء لكل قسم),[B][C] apps/web/lib/bff.ts:16-29؛ lib/credit-exposure.ts:74-77؛ lib/inventory-value.ts:24-37؛ apps/crm/src/modules/accounts/accounts.service.ts:119-120؛ apps/sales/src/modules/orders/orders.service.ts:100 (take 200),,,غير معروف,كل استجابة قائمة تتضمن total وtruncated؛ تجميعات SQL للمؤشرات.,DAR-04 | DAR-13,دفتر أستاذ عام موحد واحد داخل nile_accounting: جدولا قيود بشكل واحد، محرك ترحيل واحد، قواعد ترحيل (posting rules) وحسابات رقابية للدفاتر الفرعية | نموذج تقارير على مرحلتين: تجميعات SQL داخل الخدمة الآن، ثم read model للتقارير عند الحاجة؛ القوائم المالية من GL فقط,AC-R2R-059-1: بافتراض 230 عميلًا، عند فتح أي تقرير يجمع العملاء يظهر إما العدد 230 أو تنبيه «النتيجة مقتطعة عند 200». | AC-R2R-059-2: بافتراض تعطل خدمة المحاسبة، عند فتح الرئيسية يظهر قسم المستحقات بحالة خطأ لا بالقيمة 0. | AC-R2R-059-3: بافتراض قائمة 360 محدودة بـ50 حركة، عند عرضها تظهر عبارة توضح الحد ولا يُعرض رصيد محسوب منها.,PARTIAL,PARTIAL,P2
REQ-R2R-060,تتبع الطلب عبر مراحله وبحث التدقيق على الخادم,Record-to-Report (Reporting),قراءة فقط بصلاحية audit.events.read,BR-R2R-55,[B][C] apps/web/app/dashboard/audit (صفحة التدقيق),[B][C] GET /api/audit/audit-events (limit offset aggregateId domain severity eventType actorId impact from to) apps/audit-aggregator/src/modules/audit-events/audit-events.controller.ts:11 — لا معامل correlationId,[B][C] apps/audit-aggregator/src/modules/audit-events/audit-events.service.ts,,أحداث finance.invoice.* مفتاحها معرّف الفاتورة (B6a-0188),غير مُتحقق,"كل حدث تدقيق يحمل correlationId وaggregateId ومعرّف الطلب الأصلي؛ فهرس على (correlation_id, occurred_at) و(aggregate_id)؛ استعلامات بترقيم cursor.",DAR-07 | DAR-10 | DAR-11 | DAR-12 | DAR-17,Outbox لكل حدث يغيّر الحالة + Inbox معاملاتي للمستهلكين + مفتاح idempotency لكل أمر كتابة | العملات والدقة والتقريب والترقيم: عملة على كل مستند مالي، دقة موحدة لأسعار الصرف، قاعدة تقريب واحدة Decimal، ترقيم تسلسلي لكل سلسلة داخل المعاملة | تتبع شامل: correlation_id ومعرّف المستند المصدر على كل حركة وقيد، وسلسلة الدفعة الدوائية من الاستلام حتى العميل | سجل تدقيق: الأحداث المركزية كسجل أعمال، وسجل تعديلات داخل المعاملة مع before/after، منع التعديل بالصلاحيات، إخفاء البيانات الحساسة | فهارس مبنية على أنماط الاستعلام (X6–X15) مشروطة بقياسات EXPLAIN/pg_stat_statements,AC-R2R-060-1: بفرض طلب أُنشئ وفُوتر وحُصّل، عندما يبحث المراجع بمعرّف الطلب، فإن النتيجة تعرض أحداث الطلب والفاتورة والدفع معًا مرتبة زمنيًا. | AC-R2R-060-2: بفرض وجود أكثر من 200 حدث تدقيق، عندما يُطلب حدث أقدم بفلتر التاريخ أو correlationId، فإنه يُعاد من الخادم مع إجمالي عدد النتائج. | AC-R2R-060-3: بفرض صفحة سجل الأحداث، عندما ينتقل المستخدم للصفحة التالية، فإن الطلب يُرسل offset/cursor للخادم ولا يُرشَّح محليًا.,PARTIAL,PARTIAL,P3
REQ-R2R-061,قياس استخدام الشاشات والمسارات الحرجة (Usage analytics),Record-to-Report (Reporting),—,,لا يوجد,لا يوجد /api/usage,,,audit_logs تجيب «من اعتمد ماذا» فقط,—,"جدول أحداث استخدام بلا معرّفات شخصية (event, route, duration_ms, occurred_at) مع سياسة احتفاظ.",DAR-04 | DAR-07 | DAR-18,دفتر أستاذ عام موحد واحد داخل nile_accounting: جدولا قيود بشكل واحد، محرك ترحيل واحد، قواعد ترحيل (posting rules) وحسابات رقابية للدفاتر الفرعية | Outbox لكل حدث يغيّر الحالة + Inbox معاملاتي للمستهلكين + مفتاح idempotency لكل أمر كتابة | تصنيف البيانات الحساسة والاحتفاظ والحذف: رواتب، PII، بيانات بنكية؛ سياسات احتفاظ لكل فئة,AC-R2R-061-1: بفرض تفعيل القياس، عندما يقفل المحاسب فترة، فإن حدث period_close يُسجل مع المدة دون بيانات شخصية ودون إرسال لطرف خارجي.,NOT_IMPLEMENTED,NOT_IMPLEMENTED,P4
REQ-TRC-001,حساب مالي موحد للخزائن والبنوك والمحافظ وإنستاباي بعدد غير محدود,Treasury,صلاحية accounting.financial-accounts.manage؛ لا اعتماد ثانٍ لإنشاء/تعديل حساب.,BR-TRC-01 | BR-TRC-02 | BR-TRC-03,[B][C] apps/web/app/dashboard/cash-banks/page.tsx؛ apps/web/components/finance/treasury-accounts.tsx,[B][C] apps/accounting/src/modules/financial-accounts/financial-accounts.controller.ts:28-62 (GET/POST/PATCH /api/accounting/financial-accounts؛ لا DELETE),[B][C] apps/accounting/src/modules/financial-accounts/financial-accounts.service.ts:95-125 (ensureDefaultCashBox)، :127-192 (create مع تحقق حقول النوع)؛ apps/accounting/src/modules/payments/payments.service.ts [B]:741-795 [C]:759-813 (resolveTreasuryAccount),"[B] apps/accounting/prisma/schema.prisma:1100 [C] :1287 model FinancialAccount @@unique([type,currency,nameAr])؛ لا حقل صاحب عهدة/فرع/حساب أستاذ",لا حدث ولا audit_log عند إنشاء/تعديل الحساب,spec exists: financial-accounts.service.spec.ts (لم يُشغّل),"FinancialAccount(id, type enum, nameAr, currency, bank/wallet fields, openingBalance, balance cache, isActive, isDefault, createdBy) مع UNIQUE(type,currency,nameAr)؛ مطلوب إضافة custodianUserId nullable، branchId، glAccountCode، وفهرس جزئي فريد لـ isDefault لكل (type,currency)؛ لا حذف فعلي.",DAR-04 | DAR-05 | DAR-06 | DAR-10 | DAR-17 | DAR-20,دفتر أستاذ عام موحد واحد داخل nile_accounting: جدولا قيود بشكل واحد، محرك ترحيل واحد، قواعد ترحيل (posting rules) وحسابات رقابية للدفاتر الفرعية | ربط الدفاتر الفرعية (AR/AP/الخزينة/المخزون/الرواتب/المصروفات/العمولات) بالقيود عبر source_type/source_id ومراجع عكسية، وتسويات رقابية | قيود سلامة داخل كل مجال: CHECK للكميات والمبالغ، enums/CHECK للحالات، UNIQUE لمفاتيح الأعمال (X1–X4) | العملات والدقة والتقريب والترقيم: عملة على كل مستند مالي، دقة موحدة لأسعار الصرف، قاعدة تقريب واحدة Decimal، ترقيم تسلسلي لكل سلسلة داخل المعاملة | فهارس مبنية على أنماط الاستعلام (X6–X15) مشروطة بقياسات EXPLAIN/pg_stat_statements | ترحيل البيانات الافتتاحية وتاريخ القطع: دفعة افتتاحية معتمدة بتوقيع وhash، قيود افتتاحية بتاريخ القطع,AC-TRC-001-1: بافتراض مستخدم لديه صلاحية الإدارة، عندما ينشئ حساب BANK بلا اسم بنك أو رقم حساب، فإن النظام يرفض الطلب برسالة واضحة ولا يُنشأ أي سجل. | AC-TRC-001-2: بافتراض عدم وجود أي حساب نقدي، عندما يُسجَّل أول تحصيل نقدي، فإن النظام ينشئ «خزينة 1» مرة واحدة فقط حتى مع طلبين متزامنين. | AC-TRC-001-3: بافتراض وجود حساب نقدي باسم «خزينة 1» بالجنيه، عندما يُنشأ حساب نقدي آخر بنفس الاسم والعملة، فإن النظام يرفضه.,IMPLEMENTED,IMPLEMENTED,P2
REQ-TRC-002,عملة واحدة لكل حساب مالي والتحويل بين عملتين بسعر صريح,Treasury,—,BR-TRC-04,,,[B][C] apps/accounting/src/modules/financial-accounts/financial-accounts.service.ts:133-142 (تحقق العملة)، :281 (الحركة بعملة الحساب)، :302-402 (fxRate على الرجلين)؛ apps/accounting/src/modules/payments/payments.service.ts [B]:168-169 [C]:180-181 (PAYMENT_IN بمبلغ الدفعة وعملة الخزينة دون مقارنة),[B][C] apps/accounting/prisma/schema.prisma FinancialAccount.currency، FinancialAccountEntry.currency/fxRate/baseAmount,,spec exists: financial-accounts.service.spec.ts,CHECK على مستوى الخدمة: entry.currency = account.currency؛ عند اختلاف عملة المستند يُخزَّن amountDoc/currencyDoc/fxRate/amountAccount.,DAR-05 | DAR-06 | DAR-10,ربط الدفاتر الفرعية (AR/AP/الخزينة/المخزون/الرواتب/المصروفات/العمولات) بالقيود عبر source_type/source_id ومراجع عكسية، وتسويات رقابية | قيود سلامة داخل كل مجال: CHECK للكميات والمبالغ، enums/CHECK للحالات، UNIQUE لمفاتيح الأعمال (X1–X4) | العملات والدقة والتقريب والترقيم: عملة على كل مستند مالي، دقة موحدة لأسعار الصرف، قاعدة تقريب واحدة Decimal، ترقيم تسلسلي لكل سلسلة داخل المعاملة,AC-TRC-002-1: بافتراض خزينة بالجنيه، عندما يُسجَّل تحصيل لدفعة بالدولار عليها، فإن النظام يرفض التحصيل أو يحوّل المبلغ بسعر مسجل ولا يكتب مبلغ الدولار كجنيه. | AC-TRC-002-2: بافتراض حسابين EGP و USD، عندما يُطلب تحويل بلا سعر، فإن النظام يرفض الطلب.,PARTIAL,PARTIAL,P2
REQ-TRC-003,رصيد افتتاحي لكل حساب مالي كصف في الدفتر,Treasury,لا اعتماد للرصيد الافتتاحي (قرار مفتوح DEC-TRC-04).,BR-TRC-05,,[B][C] apps/accounting/src/modules/financial-accounts/dto/financial-account.dto.ts:49-50 (Min 0),[B][C] apps/accounting/src/modules/financial-accounts/financial-accounts.service.ts:153-185,[B][C] apps/accounting/prisma/schema.prisma enum FinancialAccountEntryType.OPENING_BALANCE,,spec exists: financial-accounts.service.spec.ts,صف OPENING_BALANCE واحد على الأكثر لكل حساب (قيد فريد جزئي)، مع مرجع مستند وتاريخ قطع ومعتمد.,DAR-03 | DAR-04 | DAR-06 | DAR-20,ملكية بيانات صريحة ونظام سجل (SoR) لكل كيان، وتحقق المراجع بين الخدمات عند الكتابة + إسقاطات مرجعية + مطابقة دورية | دفتر أستاذ عام موحد واحد داخل nile_accounting: جدولا قيود بشكل واحد، محرك ترحيل واحد، قواعد ترحيل (posting rules) وحسابات رقابية للدفاتر الفرعية | قيود سلامة داخل كل مجال: CHECK للكميات والمبالغ، enums/CHECK للحالات، UNIQUE لمفاتيح الأعمال (X1–X4) | ترحيل البيانات الافتتاحية وتاريخ القطع: دفعة افتتاحية معتمدة بتوقيع وhash، قيود افتتاحية بتاريخ القطع,"AC-TRC-003-1: بافتراض إنشاء خزينة برصيد افتتاحي 5,000، عندما يُعرض دفترها، فإن أول صف من نوع OPENING_BALANCE بمبلغ 5,000 ورصيد بعده 5,000. | AC-TRC-003-2: عندما يُدخل رصيد افتتاحي سالب، فإن النظام يرفضه.",IMPLEMENTED,IMPLEMENTED,P2
REQ-TRC-004,دفتر داخلي لكل حساب مالي ورصيد مطابق للدفتر دائمًا,Treasury,—,BR-TRC-06 | BR-TRC-07,,[B][C] apps/accounting/src/modules/financial-accounts/financial-accounts.controller.ts:38-47 (entries، reconcile-ledger),[B][C] apps/accounting/src/modules/financial-accounts/financial-accounts.service.ts:236-290 (Decimal + SERIALIZABLE)، :411-439 (reconcileLedger عند الطلب)؛ apps/accounting/src/modules/payments/payments.service.ts [B]:168 [C]:180 (balanceAfter بـ round2(Number))؛ [B]:365-401 [C]:381-419 (reverseInTx لا يكتب حركة خزينة)؛ [C] apps/accounting/src/modules/reconciliation/reconciliation.service.ts:73-91 (خزينة مقابل GL),"[B] apps/accounting/prisma/schema.prisma:1146 [C]:1333 FinancialAccountEntry(balanceAfter Decimal(14,2))",—,spec exists: financial-accounts.service.spec.ts، payments.service.spec.ts (لم تُشغّل),"FinancialAccountEntry غير قابل للتعديل/الحذف (append-only)، balanceAfter Decimal، sourceType/sourceId لكل حركة آلية مع UNIQUE(sourceType,sourceId,type) لمنع الازدواج؛ الحركة المعاكسة تشير للأصل (reversesEntryId).",DAR-05 | DAR-06 | DAR-08 | DAR-09 | DAR-10 | DAR-12 | DAR-15,ربط الدفاتر الفرعية (AR/AP/الخزينة/المخزون/الرواتب/المصروفات/العمولات) بالقيود عبر source_type/source_id ومراجع عكسية، وتسويات رقابية | قيود سلامة داخل كل مجال: CHECK للكميات والمبالغ، enums/CHECK للحالات، UNIQUE لمفاتيح الأعمال (X1–X4) | إطار تسويات رقابية عبر القواعد (الائتمان↔AR، المخزون↔GL، دفتر المورد↔AP، الخزينة↔GL، المبيعات↔الفواتير) | سياسة موحدة لحالات المستندات والإلغاء والعكس والإشعارات الدائنة وقفل الفترات على مستوى الترحيل | العملات والدقة والتقريب والترقيم: عملة على كل مستند مالي، دقة موحدة لأسعار الصرف، قاعدة تقريب واحدة Decimal، ترقيم تسلسلي لكل سلسلة داخل المعاملة | سجل تدقيق: الأحداث المركزية كسجل أعمال، وسجل تعديلات داخل المعاملة مع before/after، منع التعديل بالصلاحيات، إخفاء البيانات الحساسة | نسخ احتياطي وPITR واستعادة خارج المضيف بأهداف RPO/RTO معتمدة وتمارين استعادة دورية,"AC-TRC-004-1: بافتراض خزينة رصيدها 1,000، عندما يُنفّذ سحبان متزامنان بقيمة 700 لكل منهما، فإن واحدًا فقط ينجح والآخر يُرفض أو يُعاد بـ409، ويبقى الرصيد 300. | AC-TRC-004-2: بافتراض تحصيل نقدي 400 دخل الخزينة ثم عُكس، عندما يُشغَّل فحص التطابق، فإن رصيد الخزينة يساوي مجموع الحركات ويساوي الرصيد قبل التحصيل. | AC-TRC-004-3: بافتراض أي عدد من الحركات، عندما يُستدعى reconcile-ledger، فإن الفرق بين الرصيد المخزن ومجموع الحركات = 0.00.",PARTIAL,PARTIAL,P1
REQ-TRC-005,حركات الإيداع والسحب والمصروف والتسوية على الحساب المالي,Treasury,صلاحية manage واحدة لكل الأنواع؛ لا اعتماد (انظر REQ-TRC-014).,BR-TRC-08 | BR-TRC-09,[B][C] apps/web/components/finance/treasury-accounts.tsx,[B][C] apps/accounting/src/modules/financial-accounts/financial-accounts.controller.ts:64-67 POST entries,[B][C] apps/accounting/src/modules/financial-accounts/financial-accounts.service.ts:22-33 (SIGN)، :236-290,[B][C] apps/accounting/prisma/schema.prisma enum FinancialAccountEntryType,لا حدث ولا audit للحركة اليدوية,spec exists: financial-accounts.service.spec.ts,type enum مغلق؛ amount > 0 إلا ADJUSTMENT؛ idempotencyKey UNIQUE.,DAR-05 | DAR-06 | DAR-07 | DAR-08,ربط الدفاتر الفرعية (AR/AP/الخزينة/المخزون/الرواتب/المصروفات/العمولات) بالقيود عبر source_type/source_id ومراجع عكسية، وتسويات رقابية | قيود سلامة داخل كل مجال: CHECK للكميات والمبالغ، enums/CHECK للحالات، UNIQUE لمفاتيح الأعمال (X1–X4) | Outbox لكل حدث يغيّر الحالة + Inbox معاملاتي للمستهلكين + مفتاح idempotency لكل أمر كتابة | إطار تسويات رقابية عبر القواعد (الائتمان↔AR، المخزون↔GL، دفتر المورد↔AP، الخزينة↔GL، المبيعات↔الفواتير),AC-TRC-005-1: عندما يُرسل إيداع بمبلغ سالب، فإن النظام يرفضه. | AC-TRC-005-2: بافتراض خزينة رصيدها 100، عندما يُسجَّل سحب 150، فإن النظام يرفضه برسالة «الرصيد لا يكفي». | AC-TRC-005-3: عندما يُعاد إرسال نفس الحركة بنفس مفتاح idempotency، فإن الرصيد لا يتغير مرة ثانية.,IMPLEMENTED,IMPLEMENTED,P3
REQ-TRC-006,التحويل بين الحسابات المالية كزوج ذري لا يغير إجمالي المال,Treasury,لا اعتماد للتحويل.,BR-TRC-10,[B][C] apps/web/components/finance/treasury-accounts.tsx,[B][C] apps/accounting/src/modules/financial-accounts/financial-accounts.controller.ts:69-72 POST transfers,[B][C] apps/accounting/src/modules/financial-accounts/financial-accounts.service.ts:302-402 (transferRef = TRF-<Date.now base36> :336),[B][C] apps/accounting/prisma/schema.prisma FinancialAccountEntry.transferRef (@@index غير فريد),,spec exists: financial-accounts.service.spec.ts,Transfer كيان/مرجع فريد (UNIQUE transferRef لكل اتجاه)، رجلان بمجموع صافٍ صفري بعملة الأساس.,DAR-03 | DAR-06 | DAR-10,ملكية بيانات صريحة ونظام سجل (SoR) لكل كيان، وتحقق المراجع بين الخدمات عند الكتابة + إسقاطات مرجعية + مطابقة دورية | قيود سلامة داخل كل مجال: CHECK للكميات والمبالغ، enums/CHECK للحالات، UNIQUE لمفاتيح الأعمال (X1–X4) | العملات والدقة والتقريب والترقيم: عملة على كل مستند مالي، دقة موحدة لأسعار الصرف، قاعدة تقريب واحدة Decimal، ترقيم تسلسلي لكل سلسلة داخل المعاملة,"AC-TRC-006-1: بافتراض خزينة 1,000 وبنك 0، عندما يُحوَّل 400، فإن الخزينة 600 والبنك 400 وإجمالي الحسابين ثابت 1,000. | AC-TRC-006-2: عندما يفشل كتابة رجل الوجهة، فإن رجل المصدر لا يُحفظ أيضًا.",IMPLEMENTED,IMPLEMENTED,P3
REQ-TRC-007,جرد الخزينة ومطابقة البنك مع تخزين الفرق وفصل العدّ عن التصحيح,Treasury,صلاحية reconcile مستقلة عن manage.,BR-TRC-11 | BR-TRC-12,[B][C] apps/web/components/finance/treasury-accounts.tsx (جرد),"[B][C] apps/accounting/src/modules/financial-accounts/financial-accounts.controller.ts:49-52, 74-78 (reconciliations بصلاحية accounting.financial-accounts.reconcile)؛ [C] /api/accounting/bank-reconciliation/* (mounted=False)",[B][C] apps/accounting/src/modules/financial-accounts/financial-accounts.service.ts:449-464 (recordCount)؛ [C] apps/accounting/src/modules/bank-reconciliation/bank-reconciliation.service.ts غير مسجل في apps/accounting/src/app.module.ts:39-51,[B] apps/accounting/prisma/schema.prisma:1177 [C]:1364 FinancialAccountReconciliation؛ [C] :1515 BankStatement/BankStatementLine,,spec exists: financial-accounts.service.spec.ts؛ لا spec لمطابقة البنك,"Reconciliation(accountId, countedAt, system, actual, difference, reason, countedBy, status OPEN|SETTLED, settledByEntryId, approvedBy)؛ BankStatementLine.matchedEntryId UNIQUE مع تحقق تساوي المبلغ.",DAR-05 | DAR-06 | DAR-08,ربط الدفاتر الفرعية (AR/AP/الخزينة/المخزون/الرواتب/المصروفات/العمولات) بالقيود عبر source_type/source_id ومراجع عكسية، وتسويات رقابية | قيود سلامة داخل كل مجال: CHECK للكميات والمبالغ، enums/CHECK للحالات، UNIQUE لمفاتيح الأعمال (X1–X4) | إطار تسويات رقابية عبر القواعد (الائتمان↔AR، المخزون↔GL، دفتر المورد↔AP، الخزينة↔GL، المبيعات↔الفواتير),"AC-TRC-007-1: بافتراض خزينة رصيدها 1,000، عندما يُسجَّل عدّ فعلي 950 بسبب، فإن النظام يخزن الفرق −50 ويبقى الرصيد 1,000. | AC-TRC-007-2: بافتراض فرق مسجل، عندما تُنشأ تسوية لتصحيحه، فإن التسوية ترتبط بسجل العدّ ويظهر الفرق «مُسوّى». | AC-TRC-007-3: بافتراض كشف بنك مستورد، عندما تُطابق حركة كشف مع حركة نظام بمبلغ مختلف، فإن النظام يرفض المطابقة.",PARTIAL,PARTIAL,P2
REQ-TRC-008,توجيه كل تحصيل إلى حساب مالي فعلي متوافق مع طريقة الدفع,Treasury,accounting.payments.create,BR-TRC-13 | BR-TRC-14 | BR-TRC-15 | BR-TRC-16,[B][C] apps/web/components/finance/record-payment-modal.tsx (منتقي الحساب حسب الطريقة)؛ apps/web/components/finance/account-collection-modal.tsx,[B][C] POST /api/accounting/payments (accounting.payments.create),apps/accounting/src/modules/payments/payments.service.ts [B]:56-63 (METHOD_ACCOUNT_TYPE)، :140-171، :741-795؛ [C]:57-70، :152-187 (+postArPayment داخل المعاملة)، :759-813؛ [B]:365-401 [C]:381-419 (العكس بلا حركة خزينة),[B][C] apps/accounting/prisma/schema.prisma Payment.financialAccountId nullable ([C]:414),finance.payment.received/reversed عبر outbox,spec exists: payments.service.spec.ts، field-collection.spec.ts؛ [C] payments.audit-chain.integration.spec.ts (لم تُشغّل),"Payment.financialAccountId NOT NULL لكل طريقة غير الشيك (بعد backfill)؛ CHECK (method<>CHECK OR financialAccountId IS NULL حتى التحصيل)؛ حركة الخزينة sourceType=PAYMENT, sourceId=payment.id UNIQUE؛ حركة عكس sourceType=PAYMENT_REVERSAL.",DAR-05 | DAR-06 | DAR-09,ربط الدفاتر الفرعية (AR/AP/الخزينة/المخزون/الرواتب/المصروفات/العمولات) بالقيود عبر source_type/source_id ومراجع عكسية، وتسويات رقابية | قيود سلامة داخل كل مجال: CHECK للكميات والمبالغ، enums/CHECK للحالات، UNIQUE لمفاتيح الأعمال (X1–X4) | سياسة موحدة لحالات المستندات والإلغاء والعكس والإشعارات الدائنة وقفل الفترات على مستوى الترحيل,AC-TRC-008-1: بافتراض حساب بنك نشط، عندما يُسجَّل تحصيل نقدي ويُختار هذا الحساب، فإن النظام يرفض التحصيل. | AC-TRC-008-2: بافتراض تحصيل تحويل بنكي بلا حساب وبلا بنك افتراضي، عندما يُحفظ، فإن النظام يرفضه أو يطلب اختيار حساب (لا يُحفظ بلا حساب). | AC-TRC-008-3: بافتراض تحصيل نقدي 400 دخل «خزينة 1»، عندما يُعكس، فإن الخزينة تُخصم 400 بحركة معاكسة مرتبطة بالأصل.,PARTIAL,PARTIAL,P1
REQ-TRC-009,طرق الدفع المعتمدة: نقدي، شيك، تحويل بنكي، محفظة إلكترونية، إنستاباي,Treasury,—,BR-TRC-13,[B][C] apps/web/components/finance/record-payment-modal.tsx,,apps/accounting/src/modules/payments/payments.service.ts [B]:56-63 [C]:57-64,"[B][C] apps/accounting/prisma/schema.prisma:26-33 enum PaymentMethod {CASH,CHECK,DEPOSIT,TRANSFER,E_WALLET,INSTAPAY}",,spec exists: payments.service.spec.ts,enum PaymentMethod مغلق؛ ربط الطريقة بنوع الحساب في جدول إعداد بدل ثابت في الكود.,DAR-05,ربط الدفاتر الفرعية (AR/AP/الخزينة/المخزون/الرواتب/المصروفات/العمولات) بالقيود عبر source_type/source_id ومراجع عكسية، وتسويات رقابية,AC-TRC-009-1: عندما يُسجَّل تحصيل بطريقة INSTAPAY، فإن الدفعة تُحفظ بالطريقة وتُوجَّه لحساب من نوع INSTAPAY. | AC-TRC-009-2: عندما يُسجَّل تحصيل بتحويل بنكي، فإن الحساب البنكي المستلم يكون محددًا في الدفعة.,IMPLEMENTED,IMPLEMENTED,P2
REQ-TRC-010,دورة الشيك: البيانات والحالات والشيك ليس نقدية حتى يُحصّل,Treasury,accounting.payments.update لتغيير الحالة؛ لا تدقيق لتغيير غير الارتداد.,BR-TRC-16 | BR-TRC-17 | BR-TRC-18,[B][C] apps/web/app/dashboard/collection/today-tab.tsx (تقديم الحالة)؛ cash-banks/page.tsx:81 (عدد الشيكات),[B][C] GET /api/accounting/payments/checks، POST /api/accounting/payments/checks/:id/status (accounting.payments.update),apps/accounting/src/modules/payments/payments.service.ts [B]:427-436 [C]:445-454 (غير BOUNCED: updateMany للتسمية فقط بلا تحقق انتقال ولا بنك ولا تدقيق)؛ [C]:70 DEFERS_TO_CLEARANCE، :185-186 (مدين 1122 عند الاستلام),apps/accounting/prisma/schema.prisma [B]:35 [C]:49 enum CheckStatus؛ Payment.checkNumber/checkBank/checkStatus/checkDueDate ([C]:419),BOUNCED فقط: finance.payment.reversed/failed + audit_log CHECK_BOUNCED,spec exists: payments.service.spec.ts,"Cheque/Instrument كيان مستقل: number, drawerBank, dueDate, amount, status enum بآلة حالات، depositedToAccountId، clearedEntryId UNIQUE، تاريخ كل انتقال وفاعله؛ UNIQUE(drawerBank, number, accountId).",DAR-05 | DAR-06 | DAR-09 | DAR-15,ربط الدفاتر الفرعية (AR/AP/الخزينة/المخزون/الرواتب/المصروفات/العمولات) بالقيود عبر source_type/source_id ومراجع عكسية، وتسويات رقابية | قيود سلامة داخل كل مجال: CHECK للكميات والمبالغ، enums/CHECK للحالات، UNIQUE لمفاتيح الأعمال (X1–X4) | سياسة موحدة لحالات المستندات والإلغاء والعكس والإشعارات الدائنة وقفل الفترات على مستوى الترحيل | نسخ احتياطي وPITR واستعادة خارج المضيف بأهداف RPO/RTO معتمدة وتمارين استعادة دورية,"AC-TRC-010-1: بافتراض شيك 1,000 مستلم، عندما يُعرض رصيد البنوك، فإنه لا يتضمن الـ1,000. | AC-TRC-010-2: بافتراض شيك مودع في بنك X، عندما يُحدَّث إلى CLEARED، فإن بنك X يزيد 1,000 بحركة واحدة مرتبطة بالشيك. | AC-TRC-010-3: بافتراض شيك CLEARED، عندما يُطلب تغييره إلى RECEIVED، فإن النظام يرفض الانتقال. | AC-TRC-010-4: عندما تتغير حالة شيك، فإن سجل التدقيق يحتوي الحالة قبل وبعد والفاعل.",PARTIAL,PARTIAL,P1
REQ-TRC-011,محفظة الأوراق المالية (شيكات وكمبيالات) وتنبيهات الاستحقاق,Treasury,صلاحيات accounting.instruments.* (CURRENT، غير مسجلة).,BR-TRC-17 | BR-TRC-19,,[C] /api/accounting/instruments/* (mounted=False في api-inventory),[C] apps/accounting/src/modules/instruments/instruments.service.ts:5-12 (آلة حالات)، :30 (createFromPayment بلا مستدعٍ)، :79 (replace)، :97-109 (dueSoon/stuck) — InstrumentsModule غير مسجل في apps/accounting/src/app.module.ts:39-51؛ [B] لا وحدة,"[C] apps/accounting/prisma/schema.prisma:330 FinancialInstrument، enum InstrumentType{CHECK,PROMISSORY_NOTE}؛ [B] غير موجود",,لا spec,"FinancialInstrument(type, number, bank, amount, currency, dueDate, status, accountId, replacesId/replacedById UNIQUE) + InstrumentAllocation(instrumentId, invoiceId, amount) بمجموع ≤ مبلغ الورقة؛ سجل انتقالات.",DAR-05 | DAR-06 | DAR-09 | DAR-10,ربط الدفاتر الفرعية (AR/AP/الخزينة/المخزون/الرواتب/المصروفات/العمولات) بالقيود عبر source_type/source_id ومراجع عكسية، وتسويات رقابية | قيود سلامة داخل كل مجال: CHECK للكميات والمبالغ، enums/CHECK للحالات، UNIQUE لمفاتيح الأعمال (X1–X4) | سياسة موحدة لحالات المستندات والإلغاء والعكس والإشعارات الدائنة وقفل الفترات على مستوى الترحيل | العملات والدقة والتقريب والترقيم: عملة على كل مستند مالي، دقة موحدة لأسعار الصرف، قاعدة تقريب واحدة Decimal، ترقيم تسلسلي لكل سلسلة داخل المعاملة,AC-TRC-011-1: بافتراض كمبيالة تستحق بعد 3 أيام، عندما يعمل فحص الاستحقاق اليومي، فإن المسؤول يستلم تنبيهًا بها. | AC-TRC-011-2: بافتراض ورقة تغطي فاتورتين، عندما تُحصَّل، فإن دفعة واحدة تُوزَّع على الفاتورتين مرة واحدة فقط حتى لو أُعيد الطلب. | AC-TRC-011-3: بافتراض ورقة مرتدة، عندما تُستبدل، فإن الجديدة تشير للقديمة ولا تتكرر المديونية.,NOT_IMPLEMENTED,NOT_IMPLEMENTED,P2
REQ-TRC-012,ارتداد الشيك: عكس التحصيل والخزينة ورسوم الارتداد وإيقاف ائتماني حتى الرفع اليدوي,Credit Control,رفع الإيقاف بصلاحية مستقلة (مقترحة sales.credit.release-hold — غير موجودة).,BR-TRC-20 | BR-TRC-21,,[B][C] POST /api/accounting/payments/checks/:id/status,apps/accounting/src/modules/payments/payments.service.ts [B]:437-460 [C]:455-478 (عكس تلقائي + PaymentFailed عبر outbox + audit CHECK_BOUNCED)؛ [B][C] apps/sales/src/modules/saga/saga.orchestrator.ts:508-510 (إعادة التعرض)؛ لا CREDIT_HOLD على مستوى العميل (grep في sales/accounting),,finance.payment.reversed (مستهلك في Sales)، finance.payment.failed (IAM للإشعار فقط),spec exists: payments.service.spec.ts,"CustomerCreditHold(accountId, reason enum {CHECK_BOUNCED, OVERDUE, MANUAL}, sourceRef, placedAt, releasedBy, releasedAt, releaseReason) مع قيد: واحد نشط لكل (accountId, reason, sourceRef)؛ رسوم الارتداد كمستند مدين مرتبط بالشيك.",DAR-04 | DAR-05 | DAR-06 | DAR-07 | DAR-09 | DAR-14,دفتر أستاذ عام موحد واحد داخل nile_accounting: جدولا قيود بشكل واحد، محرك ترحيل واحد، قواعد ترحيل (posting rules) وحسابات رقابية للدفاتر الفرعية | ربط الدفاتر الفرعية (AR/AP/الخزينة/المخزون/الرواتب/المصروفات/العمولات) بالقيود عبر source_type/source_id ومراجع عكسية، وتسويات رقابية | قيود سلامة داخل كل مجال: CHECK للكميات والمبالغ، enums/CHECK للحالات، UNIQUE لمفاتيح الأعمال (X1–X4) | Outbox لكل حدث يغيّر الحالة + Inbox معاملاتي للمستهلكين + مفتاح idempotency لكل أمر كتابة | سياسة موحدة لحالات المستندات والإلغاء والعكس والإشعارات الدائنة وقفل الفترات على مستوى الترحيل | حوكمة الترحيل: expand/contract، منع تعديل migration مطبقة، بوابة checksum مقابل الإنتاج، مصفوفة توافق إصدار التطبيق مع الـschema، كشف drift,"AC-TRC-012-1: بافتراض شيك 1,000 سدد فاتورة، عندما يُسجَّل ارتداده، فإن رصيد العميل يعود +1,000 والتعرض الائتماني +1,000 مرة واحدة. | AC-TRC-012-2: بافتراض ارتداد شيك لعميل، عندما يُنشأ له أمر جديد، فإن الأمر يدخل CREDIT_HOLD حتى يرفع مستخدم مختلف الإيقاف بسبب. | AC-TRC-012-3: بافتراض شيك دخل بنكًا ثم ارتد، عندما يُسجَّل الارتداد، فإن البنك يُخصم بنفس المبلغ.",PARTIAL,PARTIAL,P1
REQ-TRC-013,خزنة/عهدة المندوب والتوريد للخزينة الرئيسية بإيصال وتقرير العهدة,Treasury,المستلم ≠ المندوب المورِّد.,BR-TRC-22 | BR-TRC-23 | BR-TRC-10,,,[B][C] لا كيان عهدة (grep custod/عهدة في apps لا يجد إلا PETTY_CASH في organization ونص تصريف)؛ بديل يدوي: خزينة باسم المندوب + تحويل (apps/accounting/src/modules/financial-accounts/financial-accounts.service.ts:302-402)؛ apps/accounting/src/modules/payments/payments.service.ts [B]:741-795 [C]:759-813 (التحصيل النقدي يذهب للافتراضية),[B][C] apps/accounting/prisma/schema.prisma FinancialAccount بلا custodian/holder؛ Payment.actorId = المُدخِل لا حامل النقد,,لا يوجد,"FinancialAccount.custodianUserId (UNIQUE لنوع CUSTODY_CASH لكل مندوب نشط)؛ Remittance(id, number UNIQUE, fromAccountId, toAccountId, amount, status SUBMITTED|CONFIRMED|REJECTED, submittedBy, confirmedBy≠submittedBy, idempotencyKey UNIQUE)؛ Payment.custodyAccountId.",DAR-05 | DAR-06 | DAR-07 | DAR-13 | DAR-20,ربط الدفاتر الفرعية (AR/AP/الخزينة/المخزون/الرواتب/المصروفات/العمولات) بالقيود عبر source_type/source_id ومراجع عكسية، وتسويات رقابية | قيود سلامة داخل كل مجال: CHECK للكميات والمبالغ، enums/CHECK للحالات، UNIQUE لمفاتيح الأعمال (X1–X4) | Outbox لكل حدث يغيّر الحالة + Inbox معاملاتي للمستهلكين + مفتاح idempotency لكل أمر كتابة | نموذج تقارير على مرحلتين: تجميعات SQL داخل الخدمة الآن، ثم read model للتقارير عند الحاجة؛ القوائم المالية من GL فقط | ترحيل البيانات الافتتاحية وتاريخ القطع: دفعة افتتاحية معتمدة بتوقيع وhash، قيود افتتاحية بتاريخ القطع,"AC-TRC-013-1: بافتراض فاتورة 1,000 وقبض 400 بعهدة مندوب، عندما يُحفظ التحصيل، فإن العميل مدين 600 وعهدة المندوب +400 والخزينة الرئيسية بلا زيادة. | AC-TRC-013-2: بافتراض عهدة 400، عندما يُورَّد 400 للخزينة مع إعادة الطلب، فإن العهدة −400 والخزينة +400 مرة واحدة دون أثر على العميل أو الإيراد. | AC-TRC-013-3: عندما يُطلب تقرير عهدة مندوب، فإنه يعرض النقدية والبضاعة بيده برصيد يساوي معادلة العهدة.",NOT_IMPLEMENTED,NOT_IMPLEMENTED,P1
REQ-TRC-014,سند مالي مرقم (قبض/صرف/توريد) باعتماد وتدقيق لكل حركة نقدية يدوية,Treasury,المنشئ ≠ المعتمد.,BR-TRC-24 | BR-TRC-25 | BR-TRC-10,,[B][C] apps/accounting/src/modules/financial-accounts/financial-accounts.controller.ts:64-72 (صلاحية manage واحدة),[B][C] apps/accounting/src/modules/financial-accounts/financial-accounts.service.ts:236-290 (لا اعتماد، لا auditLog، reference نص حر),[B][C] apps/accounting/prisma/schema.prisma FinancialAccountEntry (لا رقم سند، لا حالة، لا معتمد، لا sourceType/sourceId),لا حدث ولا audit_log,—,"Voucher(id, type RECEIPT|PAYMENT|REMITTANCE|TRANSFER, number UNIQUE per type/year بلا فجوات، date, status DRAFT|APPROVED|POSTED|VOIDED, createdBy, approvedBy≠createdBy, financialAccountId, counterparty, journalId)؛ حركة الخزينة تُكتب عند POSTED فقط.",DAR-04 | DAR-05 | DAR-06 | DAR-08 | DAR-10 | DAR-12 | DAR-15,دفتر أستاذ عام موحد واحد داخل nile_accounting: جدولا قيود بشكل واحد، محرك ترحيل واحد، قواعد ترحيل (posting rules) وحسابات رقابية للدفاتر الفرعية | ربط الدفاتر الفرعية (AR/AP/الخزينة/المخزون/الرواتب/المصروفات/العمولات) بالقيود عبر source_type/source_id ومراجع عكسية، وتسويات رقابية | قيود سلامة داخل كل مجال: CHECK للكميات والمبالغ، enums/CHECK للحالات، UNIQUE لمفاتيح الأعمال (X1–X4) | إطار تسويات رقابية عبر القواعد (الائتمان↔AR، المخزون↔GL، دفتر المورد↔AP، الخزينة↔GL، المبيعات↔الفواتير) | العملات والدقة والتقريب والترقيم: عملة على كل مستند مالي، دقة موحدة لأسعار الصرف، قاعدة تقريب واحدة Decimal، ترقيم تسلسلي لكل سلسلة داخل المعاملة | سجل تدقيق: الأحداث المركزية كسجل أعمال، وسجل تعديلات داخل المعاملة مع before/after، منع التعديل بالصلاحيات، إخفاء البيانات الحساسة | نسخ احتياطي وPITR واستعادة خارج المضيف بأهداف RPO/RTO معتمدة وتمارين استعادة دورية,"AC-TRC-014-1: عندما يُنشأ سندا صرف متتاليان، فإن رقميهما متتاليان بلا فجوة أو تكرار. | AC-TRC-014-2: بافتراض سند صرف 500 لم يُعتمد، عندما يُعرض رصيد الخزينة، فإنه لا يتأثر. | AC-TRC-014-3: بافتراض سلفة 1,000 لموظف، عندما تُصرف، فإنها تظهر ذمة على الموظف لا مصروفًا.",PARTIAL,PARTIAL,P1
REQ-TRC-015,كل تحصيل أو صرف يحدد الحساب المالي وصاحب العهدة (بما فيه سداد الموردين والمصروفات),Treasury,حسب نوع المستند.,BR-TRC-10 | BR-TRC-26,,[C] supplier-payments routes mounted=False,[B][C] apps/organization/src/modules/expenses/expenses.service.ts:173-192 (markPaid نص طريقة فقط)؛ apps/organization/src/modules/payroll/payroll.service.ts:406-418؛ [B] لا سداد موردين؛ [C] apps/accounting/src/modules/supplier-ledger/supplier-payments.service.ts:138-149 (PAYMENT_OUT) غير مسجل,[C] apps/accounting/prisma/schema.prisma:589 SupplierPayment.financialAccountId nullable,لا أحداث صرف من organization,—,FinancialAccountEntry.sourceType/sourceId إلزاميان لـ PAYMENT_OUT مع UNIQUE؛ Expense/Payroll/SupplierPayment.financialAccountId FK.,DAR-05 | DAR-06 | DAR-18,ربط الدفاتر الفرعية (AR/AP/الخزينة/المخزون/الرواتب/المصروفات/العمولات) بالقيود عبر source_type/source_id ومراجع عكسية، وتسويات رقابية | قيود سلامة داخل كل مجال: CHECK للكميات والمبالغ، enums/CHECK للحالات، UNIQUE لمفاتيح الأعمال (X1–X4) | تصنيف البيانات الحساسة والاحتفاظ والحذف: رواتب، PII، بيانات بنكية؛ سياسات احتفاظ لكل فئة,AC-TRC-015-1: بافتراض مصروف معتمد 300، عندما يُعلَّم مدفوعًا من «خزينة 1»، فإن الخزينة تُخصم 300 بحركة تشير للمصروف. | AC-TRC-015-2: بافتراض سداد مورد، عندما يُعاد إرسال نفس الطلب، فإن الخزينة لا تُخصم مرتين.,NOT_IMPLEMENTED,NOT_IMPLEMENTED,P1
REQ-TRC-016,موقف الخزينة: النقدي والمحافظ وإنستاباي والشيكات غير المحصلة منفصلة,Treasury,accounting.financial-accounts.read,BR-TRC-16,[B][C] apps/web/app/dashboard/cash-banks/page.tsx (أرصدة لكل نوع، عدد الشيكات :81، :144)؛ apps/web/components/finance/treasury-accounts.tsx؛ apps/web/app/dashboard/collection/today-tab.tsx (حالة الشيكات وموقف اليوم),[B][C] /api/accounting/financial-accounts، /api/accounting/cash-banks/overview، /api/accounting/payments/checks,,,,لا اختبار واجهة,استعلام مجمع من FinancialAccountEntry وحالات الشيكات بتاريخ قطع؛ لا رصيد مخزن منفصل للتقرير.,DAR-05 | DAR-13 | DAR-17 | DAR-20,ربط الدفاتر الفرعية (AR/AP/الخزينة/المخزون/الرواتب/المصروفات/العمولات) بالقيود عبر source_type/source_id ومراجع عكسية، وتسويات رقابية | نموذج تقارير على مرحلتين: تجميعات SQL داخل الخدمة الآن، ثم read model للتقارير عند الحاجة؛ القوائم المالية من GL فقط | فهارس مبنية على أنماط الاستعلام (X6–X15) مشروطة بقياسات EXPLAIN/pg_stat_statements | ترحيل البيانات الافتتاحية وتاريخ القطع: دفعة افتتاحية معتمدة بتوقيع وhash، قيود افتتاحية بتاريخ القطع,"AC-TRC-016-1: بافتراض نقدي 10,000 ومحفظة 2,000 وشيكات مستلمة غير محصلة 5,000، عندما يُعرض الموقف، فإن إجمالي الخزينة 12,000 والشيكات غير المحصلة 5,000 في سطر منفصل. | AC-TRC-016-2: عندما تُقارن أرقام الموقف بمجموع دفاتر الحسابات، فإنها متطابقة.",PARTIAL,PARTIAL,P3
REQ-TRC-017,منع حذف حساب مالي له حركات,Treasury,—,BR-TRC-27,,[B][C] apps/accounting/src/modules/financial-accounts/financial-accounts.controller.ts:28-78 (لا DELETE),,ON DELETE RESTRICT على financial_account_entries/reconciliations حسب تقرير المرحلة 3 — NOT_VERIFIED في ملف الترحيل في هذه الجولة,,—,FK RESTRICT من الحركات والجرد والدفعات إلى financial_accounts.,DAR-05,ربط الدفاتر الفرعية (AR/AP/الخزينة/المخزون/الرواتب/المصروفات/العمولات) بالقيود عبر source_type/source_id ومراجع عكسية، وتسويات رقابية,AC-TRC-017-1: بافتراض حساب له حركة واحدة، عندما يُطلب حذفه عبر أي مسار، فإن الطلب يُرفض ويبقى الحساب ودفتره.,IMPLEMENTED,IMPLEMENTED,P3
REQ-TRC-020,فرض حد الائتمان المالي والحجز التلقائي: المستحق + الملتزم + الأمر الجديد > الحد,Credit Control,المعتمد ≠ مندوب الأمر (قاعدة صارمة في المستند).,BR-TRC-30 | BR-TRC-31 | BR-TRC-32 | BR-TRC-33,[B][C] apps/web/app/dashboard/orders/page.tsx (عرض CREDIT_HOLD وزر التجاوز),[B][C] POST /api/sales/orders، POST /api/sales/orders/:id/submit,"[B][C] apps/sales/src/modules/credit/credit.service.ts:11 (COMMITTED_STATUSES بلا SHIPPED/ON_HOLD_RECALL)، :343-371 (evaluateHold؛ ≤0 لا فحص :349؛ Decimal greaterThan :363)؛ apps/sales/src/modules/orders/orders.service.ts [C]:20, 642-654, 1095-1109 [B]:20, 612-624, 1065-1077","[B][C] apps/sales/prisma/schema.prisma:527 AccountCredit(credit_limit, outstanding NUMERIC(14,2))",sales.credit.hold-triggered — نشر مباشر بعد الالتزام بلا outbox,spec exists: credit.service.spec.ts، orders.service.spec.ts (لم تُشغّل),"AccountCredit(accountId PK, creditLimit, outstanding NUMERIC(14,2) ≥ 0, version, lastSyncedAt)؛ تعريف الملتزم كقائمة حالات في إعداد؛ عتبة الاعتماد في جدول إعداد بتاريخ سريان.",DAR-04,دفتر أستاذ عام موحد واحد داخل nile_accounting: جدولا قيود بشكل واحد، محرك ترحيل واحد، قواعد ترحيل (posting rules) وحسابات رقابية للدفاتر الفرعية,"AC-TRC-020-1: بافتراض حد 100,000 ومستحق 60,000 وملتزم 20,000، عندما يُنشأ أمر 25,000، فإن الأمر يدخل CREDIT_HOLD بسبب يوضح الأرقام. | AC-TRC-020-2: بافتراض نفس الأرقام، عندما يُنشأ أمر 20,000 (المجموع = الحد)، فإن الأمر لا يُحجز. | AC-TRC-020-3: بافتراض أمر SHIPPED غير مفوتر بقيمة 30,000، عندما يُحسب التعرض، فإنه يُحتسب ضمن الملتزم.",PARTIAL,PARTIAL,P1
REQ-TRC-021,ذرية فحص الائتمان مع إنشاء الأمر لمنع التجاوز بأوامر متزامنة,Credit Control,—,BR-TRC-34,,POST /api/sales/orders,[B][C] apps/sales/src/modules/credit/credit.service.ts:320-341 (checkHoldForUpdate: FOR UPDATE :339)؛ apps/sales/src/modules/orders/orders.service.ts [C]:649-654 [B]:619-624,account_credit PK account_id,,spec exists: apps/sales/src/modules/orders/orders.credit-race.integration.spec.ts (يتطلب TEST_DB_URL؛ لم يُشغّل),صف account_credit لكل عميل له حد (يُنشأ عند ضبط الحد) كنقطة تسلسل.,DAR-06 | DAR-10,قيود سلامة داخل كل مجال: CHECK للكميات والمبالغ، enums/CHECK للحالات، UNIQUE لمفاتيح الأعمال (X1–X4) | العملات والدقة والتقريب والترقيم: عملة على كل مستند مالي، دقة موحدة لأسعار الصرف، قاعدة تقريب واحدة Decimal، ترقيم تسلسلي لكل سلسلة داخل المعاملة,"AC-TRC-021-1: بافتراض حد 100,000 وتعرض 0، عندما يُنشأ أمران متزامنان بقيمة 70,000 لكل منهما، فإن أحدهما على الأقل يدخل CREDIT_HOLD.",IMPLEMENTED,IMPLEMENTED,P2
REQ-TRC-022,تحديث التعرض الائتماني مرة واحدة فقط لكل حدث فاتورة/دفعة,Credit Control,—,BR-TRC-35,,,[B][C] apps/sales/src/modules/saga/saga.orchestrator.ts:49-55 (PrismaProcessedEventStore دائم)؛ apps/sales/src/modules/credit/credit.service.ts:112-118 (applyInvoice زيادة عادية بلا مفتاح)، :127-150 (applyPayment مع تثبيت عند صفر — تخفيف لا منع)؛ packages/events/src/consumer.ts:290-316 (seen → handler → mark خارج معاملة المعالج),[B][C] apps/sales/prisma/schema.prisma:468 ProcessedEvent,,spec exists: apps/sales/src/modules/saga/saga.processed-events.integration.spec.ts (لم يُشغّل),"ProcessedEvent(consumer, eventId) PK مكتوب في نفس معاملة تحديث account_credit؛ أو CreditMovement(accountId, sourceEventId UNIQUE, delta) واشتقاق outstanding بالمجموع.",DAR-05 | DAR-06 | DAR-07,ربط الدفاتر الفرعية (AR/AP/الخزينة/المخزون/الرواتب/المصروفات/العمولات) بالقيود عبر source_type/source_id ومراجع عكسية، وتسويات رقابية | قيود سلامة داخل كل مجال: CHECK للكميات والمبالغ، enums/CHECK للحالات، UNIQUE لمفاتيح الأعمال (X1–X4) | Outbox لكل حدث يغيّر الحالة + Inbox معاملاتي للمستهلكين + مفتاح idempotency لكل أمر كتابة,"AC-TRC-022-1: بافتراض فاتورة 10,000، عندما يُسلَّم InvoiceGenerated مرتين بنفس event_id، فإن outstanding يزيد 10,000 مرة واحدة. | AC-TRC-022-2: بافتراض دفعة 4,000، عندما يُسلَّم PaymentReceived مرتين بعد إعادة تشغيل الخدمة، فإن outstanding ينقص 4,000 مرة واحدة.",PARTIAL,PARTIAL,P1
REQ-TRC-023,تطبيق تخفيض التعرض بالدفعة بغض النظر عن ترتيب الأحداث,Credit Control,—,BR-TRC-35,,,"[B][C] apps/sales/src/modules/credit/credit.service.ts:79-110, 127-150؛ apps/sales/src/modules/saga/saga.orchestrator.ts:434-446 (التخفيض قبل البحث عن الملحمة)، 573+ (إعادة التطبيق)",[B][C] apps/sales/prisma/schema.prisma:497 PendingPayment(event_id unique)، :512 PendingCreditApplication,,spec exists: saga.orchestrator.spec.ts,"PendingPayment.eventId UNIQUE؛ PendingCreditApplication(accountId, amount, status).",DAR-05 | DAR-06 | DAR-07,ربط الدفاتر الفرعية (AR/AP/الخزينة/المخزون/الرواتب/المصروفات/العمولات) بالقيود عبر source_type/source_id ومراجع عكسية، وتسويات رقابية | قيود سلامة داخل كل مجال: CHECK للكميات والمبالغ، enums/CHECK للحالات، UNIQUE لمفاتيح الأعمال (X1–X4) | Outbox لكل حدث يغيّر الحالة + Inbox معاملاتي للمستهلكين + مفتاح idempotency لكل أمر كتابة,AC-TRC-023-1: بافتراض PaymentReceived وصل قبل InvoiceGenerated لنفس الأمر، عندما تصل الفاتورة، فإن الأمر ينتقل إلى PAID والتعرض صافٍ صحيح.,IMPLEMENTED,IMPLEMENTED,P3
REQ-TRC-024,مطابقة دورية للتعرض الائتماني مع دفتر المحاسبة وتنبيه عند الانحراف,Credit Control,—,BR-TRC-36,,,[B][C] apps/sales/src/modules/reconciliation/sales-reconciliation.service.ts:23-131 (يطابق saga وreturned_qty فقط، لا account_credit),,لا حدث لقطة أرصدة,—,"CreditReconciliationRun(runAt, accountId, salesOutstanding, ledgerBalance, delta, status) مع حدث BalanceSnapshot من المحاسبة.",DAR-07 | DAR-08,Outbox لكل حدث يغيّر الحالة + Inbox معاملاتي للمستهلكين + مفتاح idempotency لكل أمر كتابة | إطار تسويات رقابية عبر القواعد (الائتمان↔AR، المخزون↔GL، دفتر المورد↔AP، الخزينة↔GL، المبيعات↔الفواتير),"AC-TRC-024-1: بافتراض عميل outstanding في المبيعات 50,000 ورصيده في الدفتر 45,000، عندما تعمل المطابقة، فإن تنبيهًا يصدر بالفرق 5,000. | AC-TRC-024-2: بافتراض تطابق كل العملاء، عندما تعمل المطابقة، فإن النتيجة OK بلا تنبيه.",NOT_IMPLEMENTED,NOT_IMPLEMENTED,P2
REQ-TRC-025,كل فاتورة (بما فيها المباشرة) تُحتسب في التعرض وكل تحصيل لها يُنقصه,Credit Control,—,BR-TRC-37,,,[B][C] apps/sales/src/modules/saga/saga.orchestrator.ts:406-416 (الفاتورة المباشرة تُضاف :415)، :434-440 (الدفعة بلا order_id تُرجع قبل applyPayment :440)، :508-510 (العكس يُضاف للتعرض قبل فحص order_id),,finance.invoice.generated، finance.payment.received/reversed,spec exists: saga.orchestrator.spec.ts,كل حدث مالي يحمل account_id ويُطبق على التعرض بغض النظر عن order_id، مع مفتاح حدث فريد.,DAR-05 | DAR-06 | DAR-07 | DAR-09,ربط الدفاتر الفرعية (AR/AP/الخزينة/المخزون/الرواتب/المصروفات/العمولات) بالقيود عبر source_type/source_id ومراجع عكسية، وتسويات رقابية | قيود سلامة داخل كل مجال: CHECK للكميات والمبالغ، enums/CHECK للحالات، UNIQUE لمفاتيح الأعمال (X1–X4) | Outbox لكل حدث يغيّر الحالة + Inbox معاملاتي للمستهلكين + مفتاح idempotency لكل أمر كتابة | سياسة موحدة لحالات المستندات والإلغاء والعكس والإشعارات الدائنة وقفل الفترات على مستوى الترحيل,"AC-TRC-025-1: بافتراض فاتورة مباشرة 10,000 لعميل، عندما يُحصَّل منها 10,000، فإن outstanding يعود لقيمته قبل الفاتورة. | AC-TRC-025-2: بافتراض الحالة السابقة، عندما يُنشأ أمر ضمن الحد، فإنه لا يدخل CREDIT_HOLD بسبب الفاتورة المسددة.",PARTIAL,PARTIAL,P1
REQ-TRC-026,إلغاء الفاتورة يحرر قيمتها من التعرض دون إرجاع حالة الأمر,Credit Control,—,BR-TRC-38,,,[B][C] apps/sales/src/modules/saga/saga.orchestrator.ts:553-557 (onInvoiceCancelled → applyPayment(total))؛ apps/accounting/src/modules/invoices/invoices.service.ts [C]:1124-1140 [B]:~1083-1100 (الإلغاء فقط لحالة UNPAID بلا تحصيل),,finance.invoice.cancelled,spec exists: saga.orchestrator.spec.ts,InvoiceCancelled يحمل account_id و total ومعرف حدث فريد.,DAR-06 | DAR-07 | DAR-09,قيود سلامة داخل كل مجال: CHECK للكميات والمبالغ، enums/CHECK للحالات، UNIQUE لمفاتيح الأعمال (X1–X4) | Outbox لكل حدث يغيّر الحالة + Inbox معاملاتي للمستهلكين + مفتاح idempotency لكل أمر كتابة | سياسة موحدة لحالات المستندات والإلغاء والعكس والإشعارات الدائنة وقفل الفترات على مستوى الترحيل,"AC-TRC-026-1: بافتراض فاتورة غير مدفوعة 8,000، عندما تُلغى، فإن outstanding ينقص 8,000 مرة واحدة ولا تتغير حالة الأمر.",IMPLEMENTED,IMPLEMENTED,P3
REQ-TRC-027,تجاوز الإيقاف الائتماني بمراجع مستقل، ذريًا ومرة واحدة، بسبب إلزامي,Credit Control,sales.orders.credit-hold.override؛ استثناء .any و SUPER_ADMIN يسمح للمندوب نفسه.,BR-TRC-33 | BR-TRC-39,[B][C] apps/web/app/dashboard/orders/page.tsx (زر التجاوز),[B][C] POST /api/sales/orders/:id/credit-override (sales.orders.credit-hold.override) orders.controller.ts:203,"apps/sales/src/modules/orders/orders.service.ts [C]:1160-1167, 1219-1230 [B]:1130-1137, 1189-1200؛ [B][C] apps/sales/src/modules/credit/credit.service.ts:376-403 (claim ذري :385-391، استثناء .any/SUPER_ADMIN :381)؛ apps/sales/src/modules/orders/dto/override-credit.dto.ts",,sales.credit.hold-overridden (بعد الـclaim بلا outbox),spec exists: credit.service.spec.ts، orders.service.spec.ts,"CreditOverride(orderId UNIQUE, overriddenBy, reason NOT NULL, at, limitAtTime, exposureAtTime) مكتوب في نفس معاملة تغيير الحالة.",DAR-06,قيود سلامة داخل كل مجال: CHECK للكميات والمبالغ، enums/CHECK للحالات، UNIQUE لمفاتيح الأعمال (X1–X4),AC-TRC-027-1: بافتراض أمر على CREDIT_HOLD، عندما يُرسل تجاوزان متزامنان، فإن واحدًا ينجح ويصدر StockReserveRequested واحد فقط. | AC-TRC-027-2: بافتراض أن المتجاوز هو مندوب الأمر (حتى مع صلاحية .any)، عندما يطلب التجاوز، فإن النظام يرفض. | AC-TRC-027-3: عندما يُرسل التجاوز بلا سبب، فإن النظام يرفضه.,PARTIAL,PARTIAL,P2
REQ-TRC-028,تدقيق CRITICAL لأحداث الائتمان (الحجز، التجاوز، تعديل الحد),Credit Control,—,BR-TRC-40,,,"[C] packages/audit/src/taxonomy.ts:135-138, 293 [B] :135-138, 288؛ [C] apps/audit-aggregator/src/modules/aggregator/aggregator.service.ts:38-39, 105 [B] :38-39, 104؛ apps/crm/src/modules/accounts/accounts.service.ts [C]:290-300 (نشر مباشر)",,sales.credit.hold-triggered/overridden، crm.credit-limit.updated,spec exists: aggregator.coverage.spec.ts، audit-completeness.spec.ts,Outbox في Sales و CRM لهذه الأحداث؛ AuditRecord غير قابل للتعديل.,DAR-07 | DAR-12,Outbox لكل حدث يغيّر الحالة + Inbox معاملاتي للمستهلكين + مفتاح idempotency لكل أمر كتابة | سجل تدقيق: الأحداث المركزية كسجل أعمال، وسجل تعديلات داخل المعاملة مع before/after، منع التعديل بالصلاحيات، إخفاء البيانات الحساسة,"AC-TRC-028-1: عندما يُعدَّل حد عميل من 100,000 إلى 500,000، فإن سجل تدقيق CRITICAL يظهر بالقيمتين والفرق والفاعل والسبب. | AC-TRC-028-2: بافتراض تعطل Kafka لحظة التجاوز، عندما يعود، فإن حدث التجاوز يُسلَّم ويُسجل.",PARTIAL,PARTIAL,P2
REQ-TRC-029,طلب زيادة حد الائتمان بمسار اعتماد وسجل تدقيق وفصل مهام,Credit Control,المعتمد ≠ الطالب ≠ مندوب العميل.,BR-TRC-41 | BR-TRC-42,[B][C] apps/web/app/dashboard/credit-limits/page.tsx (تعديل/تجميد مباشر),[B][C] PATCH /api/crm/accounts/:id/credit-limit (crm.accounts.credit-limit.update) — لا endpoint طلب,apps/crm/src/modules/accounts/accounts.service.ts [C]:275-301 [B]:252-283 (المالك المندوب مسموح :283 [C])؛ [B][C] apps/crm/src/modules/accounts/dto/update-credit-limit.dto.ts (reason اختياري),[B][C] apps/crm/prisma/schema.prisma:174 Account.creditLimit؛ لا نموذج طلب,,spec exists: apps/crm/src/modules/accounts/accounts.service.spec.ts,"CreditLimitRequest(id, accountId, currentLimit, requestedLimit, justification, requestedBy, status, decidedBy≠requestedBy, decidedAt, reason)؛ Account.creditLimit يتغير فقط من طلب معتمد؛ تاريخ الحدود (CreditLimitHistory).",DAR-12,سجل تدقيق: الأحداث المركزية كسجل أعمال، وسجل تعديلات داخل المعاملة مع before/after، منع التعديل بالصلاحيات، إخفاء البيانات الحساسة,AC-TRC-029-1: بافتراض مندوب مالك لعميل، عندما يحاول تعديل حده مباشرة، فإن النظام يرفض ويطلب إنشاء طلب زيادة. | AC-TRC-029-2: بافتراض طلب زيادة معلق، عندما يعتمده مستخدم آخر بصلاحية، فإن الحد يتغير ويُسجل الطلب والمعتمد والسبب.,NOT_IMPLEMENTED,NOT_IMPLEMENTED,P2
REQ-TRC-030,حد ائتماني بالعلب لكل عميل ولكل صنف,Credit Control,غير محسوم.,BR-TRC-43,[B][C] apps/web/app/dashboard/consignment/page.tsx (بلا حد),,[B][C] apps/inventory/src/modules/consignment/consignment.service.ts:52-119 (تحميل بلا فحص حد)؛ [C] apps/inventory/src/modules/allocation/allocation.engine.ts:421-430 (البيع يستهلك التصريف أولًا),[C] apps/inventory/prisma/schema.prisma:280-316 [B]:264-300 ConsignmentStock(owned/available/consumed/returned/lost) — لا حقل حد بالعلب,,spec exists: consignment.service.spec.ts (لا يغطي حدًا),"CustomerItemQtyLimit(accountId, productId, limitQty INT ≥0, source MANUAL|FORMULA, effectiveFrom, approvedBy) UNIQUE(accountId, productId, effectiveFrom)؛ المتبقي = Σ ConsignmentStock.available للعميل×الصنف.",DAR-03 | DAR-06,ملكية بيانات صريحة ونظام سجل (SoR) لكل كيان، وتحقق المراجع بين الخدمات عند الكتابة + إسقاطات مرجعية + مطابقة دورية | قيود سلامة داخل كل مجال: CHECK للكميات والمبالغ، enums/CHECK للحالات، UNIQUE لمفاتيح الأعمال (X1–X4),AC-TRC-030-1: بافتراض حد X = 20 علبة والمتبقي 15، عندما يُطلب 6 علب، فإن الطلب لا يُقبل تلقائيًا. | AC-TRC-030-2: بافتراض نفس الحد والمتبقي 15، عندما يُطلب 5، فإن الطلب يُقبل.,NOT_IMPLEMENTED,NOT_IMPLEMENTED,P2
REQ-TRC-031,مصدر «السحب» في الحد بالعلب هو البيع من بضاعة التصريف,Credit Control,—,BR-TRC-44 | BR-TRC-45,,,[C] apps/inventory/src/modules/allocation/allocation.engine.ts:421-430 (البيع يستهلك من التصريف ويزيد consumedQty)؛ [B] لا استهلاك تلقائي من التصريف عند البيع — NOT_VERIFIED بعمق؛ لا حساب سحب لفترة في أي نسخة,ConsignmentStock.consumedQty بلا بعد زمني؛ الحركات في inventory_transactions,,—,"حركة استهلاك تصريف مؤرخة لكل عميل×صنف×تشغيلة (InventoryTransaction type=CONSIGNMENT_SALE مع accountId)؛ ShelfCount(accountId, productId, countedQty, countedAt, visitId).",DAR-03,ملكية بيانات صريحة ونظام سجل (SoR) لكل كيان، وتحقق المراجع بين الخدمات عند الكتابة + إسقاطات مرجعية + مطابقة دورية,AC-TRC-031-1: بافتراض عميل دفع ثمن 10 علب ولم يُسجل بيعها من التصريف، عندما يُحسب السحب، فإن السحب = 0. | AC-TRC-031-2: بافتراض تسجيل بيع 8 علب من التصريف خلال الشهر، عندما يُحسب السحب الشهري، فإنه = 8.,NOT_IMPLEMENTED,PARTIAL,P2
REQ-TRC-032,رفع الحد بالعلب للأصناف المتحركة فقط حسب متوسط سحب العميل,Credit Control,غير محسوم.,BR-TRC-46,,,,لا حد بالعلب ولا تاريخ سحب لفترة,,,"CustomerItemQtyLimit.source=FORMULA مع formulaVersion و inputs (avgDraw, months) لإعادة الإنتاج.",DAR-15 | DAR-19,نسخ احتياطي وPITR واستعادة خارج المضيف بأهداف RPO/RTO معتمدة وتمارين استعادة دورية | تقييم المخزون ودفتر المخزون: طبقات تكلفة تغطي كل الحركات (أو متوسط مرجح)، استهلاك مسجل، ربط بـGL,AC-TRC-032-1: بافتراض صنف بلا سحب خلال فترة القياس، عندما يُعاد حساب الحدود، فإن حده لا يرتفع. | AC-TRC-032-2: بافتراض صنف متوسط سحبه الشهري 10 ومعادلة معتمدة، عندما يُعاد الحساب، فإن الحد = ناتج المعادلة المعتمدة.,NOT_IMPLEMENTED,NOT_IMPLEMENTED,P3
REQ-TRC-033,شروط وأيام سداد على مستوى العميل/الشريحة وتاريخ مراجعة الائتمان وسبب الإيقاف,Credit Control,تعديل الشروط بصلاحية الائتمان.,BR-TRC-47,,,apps/accounting/src/modules/invoices/invoices.service.ts [C]:500 (فواتير الأوامر net-30 ثابت)، :733-827 (المباشرة من شرط المستند)؛ [B]:487، :706-800؛ [B][C] apps/accounting/src/modules/collection/collection.service.ts:127-229 (متأخرات حسب المندوب),[B][C] apps/crm/prisma/schema.prisma:174 (لا paymentTermsDays/creditReviewDate/holdReason على Account)؛ [B]:153-155 accounting Invoice.paymentTerms/isDeferred/creditPeriodDays,,—,Account.paymentTermsDays INT NOT NULL DEFAULT 30 CHECK ≥0، creditReviewDate، creditHoldReason؛ Invoice.dueDate مشتق ومخزن مع termsDaysSnapshot.,DAR-05 | DAR-06 | DAR-09 | DAR-13 | DAR-15,ربط الدفاتر الفرعية (AR/AP/الخزينة/المخزون/الرواتب/المصروفات/العمولات) بالقيود عبر source_type/source_id ومراجع عكسية، وتسويات رقابية | قيود سلامة داخل كل مجال: CHECK للكميات والمبالغ، enums/CHECK للحالات، UNIQUE لمفاتيح الأعمال (X1–X4) | سياسة موحدة لحالات المستندات والإلغاء والعكس والإشعارات الدائنة وقفل الفترات على مستوى الترحيل | نموذج تقارير على مرحلتين: تجميعات SQL داخل الخدمة الآن، ثم read model للتقارير عند الحاجة؛ القوائم المالية من GL فقط | نسخ احتياطي وPITR واستعادة خارج المضيف بأهداف RPO/RTO معتمدة وتمارين استعادة دورية,AC-TRC-033-1: بافتراض عميل شروطه 60 يومًا، عندما تُصدر له فاتورة من أمر في 1/10، فإن الاستحقاق 30/11. | AC-TRC-033-2: بافتراض عميل بلا شروط محددة، عندما تُصدر فاتورة، فإن الاستحقاق بعد 30 يومًا. | AC-TRC-033-3: عندما يُطلب تقرير المتأخرات حسب الشريحة، فإن كل فاتورة تظهر في شريحة عميلها بأيام تأخير محسوبة من dueDate.,PARTIAL,PARTIAL,P2
REQ-INH-001,حافز تراكمي لفترة المندوب وفق اسكيمة الشركة (لا يتأثر بتقسيم الدفعات),Incentives,اعتماد السياسة من المالك؛ تفعيل النسخة بصلاحية incentives.rules.manage ومراجعة ثانية,BR-INH-01 | BR-INH-02 | BR-INH-03 | BR-INH-04,,,[B][C] apps/incentives/src/modules/engine/incentive.engine.ts:52-63 (شرائح هامشية على مبلغ الدفعة الواحدة)؛ apps/incentives/src/modules/intake/intake.service.ts:112 (baseAmount = مبلغ هذه الدفعة)، :99 (الفترة = شهر وقت المعالجة new Date()),"[B][C] apps/incentives/prisma/seed.ts:6 (44 شريحة هامشية، الأولى 0-750,000 بمعدل 0.01333 أي عمولة من أول جنيه، تنتهي 6,125,000)",,"spec exists, not run: incentive.engine.spec.ts (يختبر الحساب الهامشي لا التراكمي)","IncentiveLedger يحمل period محسوبًا من تاريخ الحركة لا المعالجة، وbaseCumulativeBefore/After، وruleSetVersion؛ قيد فريد (repId, period, sourceEventId)؛ أرقام Decimal(14,2).",DAR-03 | DAR-04 | DAR-05 | DAR-06 | DAR-07 | DAR-09 | DAR-10 | DAR-12,ملكية بيانات صريحة ونظام سجل (SoR) لكل كيان، وتحقق المراجع بين الخدمات عند الكتابة + إسقاطات مرجعية + مطابقة دورية | دفتر أستاذ عام موحد واحد داخل nile_accounting: جدولا قيود بشكل واحد، محرك ترحيل واحد، قواعد ترحيل (posting rules) وحسابات رقابية للدفاتر الفرعية | ربط الدفاتر الفرعية (AR/AP/الخزينة/المخزون/الرواتب/المصروفات/العمولات) بالقيود عبر source_type/source_id ومراجع عكسية، وتسويات رقابية | قيود سلامة داخل كل مجال: CHECK للكميات والمبالغ، enums/CHECK للحالات، UNIQUE لمفاتيح الأعمال (X1–X4) | Outbox لكل حدث يغيّر الحالة + Inbox معاملاتي للمستهلكين + مفتاح idempotency لكل أمر كتابة | سياسة موحدة لحالات المستندات والإلغاء والعكس والإشعارات الدائنة وقفل الفترات على مستوى الترحيل | العملات والدقة والتقريب والترقيم: عملة على كل مستند مالي، دقة موحدة لأسعار الصرف، قاعدة تقريب واحدة Decimal، ترقيم تسلسلي لكل سلسلة داخل المعاملة | سجل تدقيق: الأحداث المركزية كسجل أعمال، وسجل تعديلات داخل المعاملة مع before/after، منع التعديل بالصلاحيات، إخفاء البيانات الحساسة,"AC-INH-001-1: بافتراض نسخة قواعد الاسكيمة فعّالة، عندما يحقق المندوب 1,000,000 في الفترة دفعة واحدة، فإن مجموع استحقاقه = 17,500 ج.م (±0.01). | AC-INH-001-2: بافتراض نفس الأساس 1,000,000 مقسومًا على دفعتين 500,000، عندما تُعالج الدفعتان، فإن مجموع سطور الحافز للفترة = 17,500 بالضبط (نفس نتيجة الدفعة الواحدة). | AC-INH-001-3: بافتراض أساس فترة 500,000، عندما يُحسب الحافز، فإن الاستحقاق = 0 لأن الأساس أقل من 750,000. | AC-INH-001-4: بافتراض أساس 2,000,000، عندما يُحسب الحافز، فإن الاستحقاق = 59,000 ج.م مطابقًا لجدول الشيت.",CONTRADICTED,CONTRADICTED,P1
REQ-INH-002,استقبال الحافز من أحداث التحصيل وتسجيله في دفتر بتفصيل كامل ودورة حالة,Incentives,لا صرف آلي؛ الصرف خطوة اعتماد منفصلة (REQ-INH-008),BR-INH-08 | BR-INH-09 | BR-INH-10,[B][C] apps/web/app/dashboard/incentives/page.tsx، apps/web/app/dashboard/commissions/page.tsx,[B][C] GET /api/incentives/ledger (incentives.ledger.read)؛ [C] GET /ledger/export,[B][C] apps/incentives/src/modules/intake/intake.service.ts:60-66 (اشتراك received/reversed)، :68-150؛ apps/incentives/src/modules/engine/incentive.engine.ts:49-85؛ [B] apps/accounting/src/modules/payments/payments.service.ts:172-179 [C] :188-195 (collection_rate على الحدث),[B][C] apps/incentives/prisma/schema.prisma:57-90 IncentiveLedger (sourceEventId @unique :62، paymentId :66),يستهلك finance.payment.received؛ ينشر incentives.ledger.recorded/commission.calculated/bonus.triggered ({I}/ledger/ledger.service.ts [C]:69-97 [B]:65-93),"spec exists, not run: intake.service.spec.ts، incentive.engine.spec.ts",IncentiveLedger: sourceEventId فريد، paymentId/orderId/accountId مراجع منطقية، status enum (PENDING/APPROVED/PAID/REVERSED)، ruleSetVersion FK إلى RuleSet، طوابع الإنشاء والقرار.,DAR-04 | DAR-05 | DAR-06 | DAR-07 | DAR-09 | DAR-15,دفتر أستاذ عام موحد واحد داخل nile_accounting: جدولا قيود بشكل واحد، محرك ترحيل واحد، قواعد ترحيل (posting rules) وحسابات رقابية للدفاتر الفرعية | ربط الدفاتر الفرعية (AR/AP/الخزينة/المخزون/الرواتب/المصروفات/العمولات) بالقيود عبر source_type/source_id ومراجع عكسية، وتسويات رقابية | قيود سلامة داخل كل مجال: CHECK للكميات والمبالغ، enums/CHECK للحالات، UNIQUE لمفاتيح الأعمال (X1–X4) | Outbox لكل حدث يغيّر الحالة + Inbox معاملاتي للمستهلكين + مفتاح idempotency لكل أمر كتابة | سياسة موحدة لحالات المستندات والإلغاء والعكس والإشعارات الدائنة وقفل الفترات على مستوى الترحيل | نسخ احتياطي وPITR واستعادة خارج المضيف بأهداف RPO/RTO معتمدة وتمارين استعادة دورية,"AC-INH-002-1: بافتراض نسخة قواعد فعّالة، عندما يصل PaymentReceived بمندوب ومبلغ 10,000، فإن قيدًا واحدًا PENDING يُنشأ بحقول baseAmount=10,000 وruleSetVersion=النسخة الفعّالة وtotalIncentive=commission+bonus. | AC-INH-002-2: بافتراض دفعة بلا rep_id، عندما يُستقبل الحدث، فإن لا قيد حافز يُنشأ. | AC-INH-002-3: بافتراض عدم وجود نسخة فعّالة، عندما يصل الحدث، فإن لا قيد يُنشأ ويظهر الحدث في DLQ/تنبيه تشغيلي بدل الفقد الصامت.",IMPLEMENTED,IMPLEMENTED,P1
REQ-INH-003,بونص نسبة التحصيل قابل للتهيئة مع تقريب وتكميم ثابتين,Incentives,تعديل القواعد بنسخة جديدة فقط,BR-INH-05 | BR-INH-06 | BR-INH-07,,,[B][C] apps/incentives/src/modules/engine/incentive.engine.ts:65-79؛ apps/incentives/src/modules/intake/intake.service.ts:99-109 (fallback),[B][C] apps/incentives/prisma/seed.ts:9-13 (BONUS_RULES)؛ RuleSet.bonusRules JSON,,"spec exists, not run: incentive.engine.spec.ts","RuleSet.bonusRules مخطط JSON مُتحقق منه (minRate 0..1 تصاعدي، bonusPct ≥0)؛ IncentiveLedger.collectionRate Decimal(5,4).",DAR-05 | DAR-10 | DAR-15,ربط الدفاتر الفرعية (AR/AP/الخزينة/المخزون/الرواتب/المصروفات/العمولات) بالقيود عبر source_type/source_id ومراجع عكسية، وتسويات رقابية | العملات والدقة والتقريب والترقيم: عملة على كل مستند مالي، دقة موحدة لأسعار الصرف، قاعدة تقريب واحدة Decimal، ترقيم تسلسلي لكل سلسلة داخل المعاملة | نسخ احتياطي وPITR واستعادة خارج المضيف بأهداف RPO/RTO معتمدة وتمارين استعادة دورية,"AC-INH-003-1: بافتراض عمولة 1,000 ونسبة تحصيل 0.95، عندما يُحسب الحافز، فإن bonusPct=15 وbonusAmount=150 وtotalIncentive=1,150. | AC-INH-003-2: بافتراض نسبة 0.89995، عندما تُكمم إلى 0.9000، فإن البونص 10% ويُخزن collectionRate=0.9000. | AC-INH-003-3: بافتراض حدث بلا collection_rate ولا RepScore للفترة، عندما يُحسب الحافز، فإن bonusAmount=0.",IMPLEMENTED,IMPLEMENTED,P2
REQ-INH-004,عدم احتساب عمولة نفس حدث الدفع مرتين (idempotency ذري),Incentives,—,BR-INH-08,,,[B][C] apps/incentives/src/modules/intake/intake.service.ts:123-144 (معاملة واحدة)، :139-142 (P2002 تخطٍّ),[B][C] apps/incentives/prisma/schema.prisma:62 sourceEventId @unique؛ ProcessedEvent :46,,"spec exists, not run: intake.dedup.integration.spec.ts",UNIQUE(incentive_ledger.source_event_id)، UNIQUE(processed_events.event_id)؛ كتابة ذرية.,DAR-04 | DAR-05 | DAR-06 | DAR-07 | DAR-14,دفتر أستاذ عام موحد واحد داخل nile_accounting: جدولا قيود بشكل واحد، محرك ترحيل واحد، قواعد ترحيل (posting rules) وحسابات رقابية للدفاتر الفرعية | ربط الدفاتر الفرعية (AR/AP/الخزينة/المخزون/الرواتب/المصروفات/العمولات) بالقيود عبر source_type/source_id ومراجع عكسية، وتسويات رقابية | قيود سلامة داخل كل مجال: CHECK للكميات والمبالغ، enums/CHECK للحالات، UNIQUE لمفاتيح الأعمال (X1–X4) | Outbox لكل حدث يغيّر الحالة + Inbox معاملاتي للمستهلكين + مفتاح idempotency لكل أمر كتابة | حوكمة الترحيل: expand/contract، منع تعديل migration مطبقة، بوابة checksum مقابل الإنتاج، مصفوفة توافق إصدار التطبيق مع الـschema، كشف drift,AC-INH-004-1: بافتراض حدث PaymentReceived مُعالج، عندما يُعاد تسليمه بنفس event_id، فإن عدد سطور الدفتر لذلك الحدث = 1 وRepScore لا يزيد. | AC-INH-004-2: بافتراض مستهلكين متزامنين لنفس الحدث، عندما يعالجانه معًا، فإن سطرًا واحدًا فقط يُنشأ ولا يذهب الحدث إلى DLQ.,IMPLEMENTED,IMPLEMENTED,P1
REQ-INH-005,قيد فريد على paymentId لسطر العمولة (حماية من إعادة النشر بمعرف جديد),Incentives,—,,,,,[B][C] apps/incentives/prisma/schema.prisma:66 paymentId اختياري، :90 @@index([paymentId]) فقط (غير فريد),,,فهرس فريد جزئي على payment_id حيث status <> 'REVERSED'.,DAR-04 | DAR-05 | DAR-06 | DAR-09 | DAR-14 | DAR-17,دفتر أستاذ عام موحد واحد داخل nile_accounting: جدولا قيود بشكل واحد، محرك ترحيل واحد، قواعد ترحيل (posting rules) وحسابات رقابية للدفاتر الفرعية | ربط الدفاتر الفرعية (AR/AP/الخزينة/المخزون/الرواتب/المصروفات/العمولات) بالقيود عبر source_type/source_id ومراجع عكسية، وتسويات رقابية | قيود سلامة داخل كل مجال: CHECK للكميات والمبالغ، enums/CHECK للحالات، UNIQUE لمفاتيح الأعمال (X1–X4) | سياسة موحدة لحالات المستندات والإلغاء والعكس والإشعارات الدائنة وقفل الفترات على مستوى الترحيل | حوكمة الترحيل: expand/contract، منع تعديل migration مطبقة، بوابة checksum مقابل الإنتاج، مصفوفة توافق إصدار التطبيق مع الـschema، كشف drift | فهارس مبنية على أنماط الاستعلام (X6–X15) مشروطة بقياسات EXPLAIN/pg_stat_statements,AC-INH-005-1: بافتراض قيد حافز نشط لـpaymentId=X، عندما يصل حدث جديد بمعرف مختلف لنفس X، فإن لا سطر ثانٍ يُنشأ ويُسجل تحذير.,NOT_IMPLEMENTED,NOT_IMPLEMENTED,P3
REQ-INH-006,نسخ قواعد حوافز غير قابلة للتعديل مع شاشة إدارة وتفعيل وزرع في الإنتاج,Incentives,incentives.rules.manage؛ يُقترح اعتماد ثانٍ للتفعيل,BR-INH-09 | BR-INH-03,[B][C] apps/web/app/dashboard/incentive-rules/page.tsx (271 سطرًا: جدول/إنشاء/تفعيل — ليس Placeholder كما يقول REPORTS-IMPLEMENTATION-STATUS),[B][C] apps/incentives/src/modules/rules/rules.controller.ts:9-12 (CreateRuleSetInput interface ⇒ لا تحقق ValidationPipe),[B][C] apps/incentives/src/modules/rules/rules.service.ts:23-29 (قراءة آخر إصدار ثم +1 بلا معاملة)، :32-40 (تفعيل ذري)؛ [C] scripts/production-migrate.sh:118-124 يزرع IAM فقط,[B][C] apps/incentives/prisma/schema.prisma:27 RuleSet (version @unique)؛ apps/incentives/prisma/seed.ts:6 (44 شريحة),,لا spec لـrules.service,"RuleSet(version unique, isActive مع فهرس فريد جزئي WHERE is_active, tiers/bonusRules JSON بمخطط مُتحقق، createdBy، activatedBy/At)؛ لا UPDATE لنسخة بعد إنشائها.",DAR-06 | DAR-15 | DAR-17,قيود سلامة داخل كل مجال: CHECK للكميات والمبالغ، enums/CHECK للحالات، UNIQUE لمفاتيح الأعمال (X1–X4) | نسخ احتياطي وPITR واستعادة خارج المضيف بأهداف RPO/RTO معتمدة وتمارين استعادة دورية | فهارس مبنية على أنماط الاستعلام (X6–X15) مشروطة بقياسات EXPLAIN/pg_stat_statements,AC-INH-006-1: بافتراض النسخة 1 فعّالة، عندما تُنشأ النسخة 2 وتُفعّل، فإن النسخة 1 تبقى بنفس الشرائح وisActive=false والقيود الجديدة تحمل ruleSetVersion=2. | AC-INH-006-2: بافتراض طلب إنشاء بشرائح متداخلة أو rate سالب، عندما يُرسل، فإن الخادم يرفضه 400. | AC-INH-006-3: بافتراض بيئة إنتاج جديدة بعد الترحيل، عندما يُستعلم SELECT count(*) FROM rule_sets WHERE is_active، فإن النتيجة = 1.,PARTIAL,PARTIAL,P1
REQ-INH-007,معاينة (dry-run) نسخة قواعد قبل التفعيل,Incentives,—,,,[B][C] لا endpoint محاكاة في apps/incentives/src/modules/rules/rules.controller.ts:9-12,,,,,لا كتابة؛ قراءة تجميعية فقط.,DAR-04 | DAR-09 | DAR-15,دفتر أستاذ عام موحد واحد داخل nile_accounting: جدولا قيود بشكل واحد، محرك ترحيل واحد، قواعد ترحيل (posting rules) وحسابات رقابية للدفاتر الفرعية | سياسة موحدة لحالات المستندات والإلغاء والعكس والإشعارات الدائنة وقفل الفترات على مستوى الترحيل | نسخ احتياطي وPITR واستعادة خارج المضيف بأهداف RPO/RTO معتمدة وتمارين استعادة دورية,AC-INH-007-1: بافتراض نسخة مسودة، عندما تُشغل المعاينة على فترة سابقة، فإن النظام يعرض الاستحقاق لكل مندوب بالنسختين ولا يُنشأ أي سطر في incentive_ledger.,NOT_IMPLEMENTED,NOT_IMPLEMENTED,P3
REQ-INH-008,اعتماد الحافز ثم صرفه يدويًا مع فصل المهام وتسجيل الفاعل وأثر مالي,Incentives,approver ≠ repId؛ payer ≠ approver (مقترح),BR-INH-10 | BR-INH-12,[B][C] apps/web/app/dashboard/incentives/page.tsx:88-93 (اعتماد/صرف/عكس),[B] apps/incentives/src/modules/ledger/ledger.controller.ts:13-17 [C] :24-31 (approve/pay/reverse كلها incentives.ledger.approve),[B] apps/incentives/src/modules/ledger/ledger.service.ts:95-108 [C] :99-111 (قراءة ثم تحديث، لا فحص approver≠rep، markPaid لا يسجل الفاعل)؛ [B]:32-37 [C]:32-41 list/export بلا تقييد نطاق,"[B][C] IncentiveLedger.approvedBy, decidedAt (لا paidBy/paymentMethod)",لا أحداث عند الاعتماد/الصرف (B3-0155),لا spec لـledger.service,"IncentiveLedger: approvedBy, approvedAt, paidBy, paidAt, payoutChannel (PAYROLL|TREASURY), payoutRef (payrollEntryId أو voucherId)؛ CHECK approvedBy <> repId.",DAR-03 | DAR-05 | DAR-06 | DAR-09 | DAR-18,ملكية بيانات صريحة ونظام سجل (SoR) لكل كيان، وتحقق المراجع بين الخدمات عند الكتابة + إسقاطات مرجعية + مطابقة دورية | ربط الدفاتر الفرعية (AR/AP/الخزينة/المخزون/الرواتب/المصروفات/العمولات) بالقيود عبر source_type/source_id ومراجع عكسية، وتسويات رقابية | قيود سلامة داخل كل مجال: CHECK للكميات والمبالغ، enums/CHECK للحالات، UNIQUE لمفاتيح الأعمال (X1–X4) | سياسة موحدة لحالات المستندات والإلغاء والعكس والإشعارات الدائنة وقفل الفترات على مستوى الترحيل | تصنيف البيانات الحساسة والاحتفاظ والحذف: رواتب، PII، بيانات بنكية؛ سياسات احتفاظ لكل فئة,AC-INH-008-1: بافتراض قيد PENDING للمندوب U، عندما يحاول U اعتماده، فإن الطلب يُرفض 403. | AC-INH-008-2: بافتراض قيد APPROVED، عندما يُصرف، فإن paidBy وpaidAt يُسجلان ويظهر أثر مالي (سطر في المسير أو سند صرف) مرتبط بالقيد. | AC-INH-008-3: بافتراض مندوب بدون صلاحية إدارية، عندما يطلب GET /ledger، فإن النتيجة تقتصر على سطوره.,PARTIAL,PARTIAL,P2
REQ-INH-009,استرداد العمولة (claw-back) عند عكس الدفعة أو ارتدادها أو المرتجع بتسوية قابلة للتدقيق,Incentives,العكس اليدوي بسبب إلزامي,BR-INH-11,[B][C] apps/web/app/dashboard/incentives/page.tsx:91 (زر العكس لـPENDING/APPROVED فقط),POST /ledger/:id/reverse يقبل أي حالة غير REVERSED بما فيها PAID,"[B][C] apps/incentives/src/modules/intake/intake.service.ts:165-196 (findFirst: أقدم قيد واحد لكل payment_id)؛ [B] apps/incentives/src/modules/ledger/ledger.service.ts:110-119,136-151 [C] :114-123,140-155 (تحويل الحالة إلى REVERSED وخصم RepScore؛ لا قيد سالب)",,يستهلك finance.payment.reversed فقط؛ لا مستهلك لأحداث المرتجعات/الإشعارات الدائنة,"spec exists, not run: intake.service.spec.ts",IncentiveLedger.reversesId (FK ذاتي) لقيود التسوية السالبة؛ حالة REVERSED للقيود غير المصروفة فقط؛ لا تعديل لمبلغ قيد قائم.,DAR-04 | DAR-05 | DAR-08 | DAR-09 | DAR-12,دفتر أستاذ عام موحد واحد داخل nile_accounting: جدولا قيود بشكل واحد، محرك ترحيل واحد، قواعد ترحيل (posting rules) وحسابات رقابية للدفاتر الفرعية | ربط الدفاتر الفرعية (AR/AP/الخزينة/المخزون/الرواتب/المصروفات/العمولات) بالقيود عبر source_type/source_id ومراجع عكسية، وتسويات رقابية | إطار تسويات رقابية عبر القواعد (الائتمان↔AR، المخزون↔GL، دفتر المورد↔AP، الخزينة↔GL، المبيعات↔الفواتير) | سياسة موحدة لحالات المستندات والإلغاء والعكس والإشعارات الدائنة وقفل الفترات على مستوى الترحيل | سجل تدقيق: الأحداث المركزية كسجل أعمال، وسجل تعديلات داخل المعاملة مع before/after، منع التعديل بالصلاحيات، إخفاء البيانات الحساسة,AC-INH-009-1: بافتراض قيد APPROVED لدفعة P، عندما يصل PaymentReversed لـP، فإن القيد يصبح REVERSED وRepScore.incentiveEarned ينقص بنفس المبلغ. | AC-INH-009-2: بافتراض قيد PAID لدفعة P، عندما تُعكس P، فإن قيد تسوية سالب يُنشأ بنفس المبلغ مرتبطًا بالأصل ولا يُمحى أثر الصرف. | AC-INH-009-3: بافتراض دفعة P لها قيدان، عندما تُعكس، فإن القيدين معًا يُعكسان.,PARTIAL,PARTIAL,P1
REQ-INH-010,تدفق الحوافز المعتمدة إلى قيد الراتب من دفتر الحوافز,HR-to-Finance,اعتماد المسير يشمل الحوافز,BR-INH-14 | BR-INH-32,,,[B][C] apps/organization/src/modules/payroll/payroll.service.ts:311 (incentiveAmount: 0 ثابت),[B] apps/organization/prisma/schema.prisma:447 [C] :465 PayrollEntry.incentiveAmount Decimal default 0,,,IncentiveLedger.payrollEntryId (مرجع منطقي) أو جدول ربط؛ PayrollEntry.incentiveAmount = مجموع مشتق قابل لإعادة الحساب؛ فريد: قيد حافز لا يُدرج في أكثر من مسير.,DAR-03 | DAR-04 | DAR-05 | DAR-06 | DAR-09 | DAR-15 | DAR-18,ملكية بيانات صريحة ونظام سجل (SoR) لكل كيان، وتحقق المراجع بين الخدمات عند الكتابة + إسقاطات مرجعية + مطابقة دورية | دفتر أستاذ عام موحد واحد داخل nile_accounting: جدولا قيود بشكل واحد، محرك ترحيل واحد، قواعد ترحيل (posting rules) وحسابات رقابية للدفاتر الفرعية | ربط الدفاتر الفرعية (AR/AP/الخزينة/المخزون/الرواتب/المصروفات/العمولات) بالقيود عبر source_type/source_id ومراجع عكسية، وتسويات رقابية | قيود سلامة داخل كل مجال: CHECK للكميات والمبالغ، enums/CHECK للحالات، UNIQUE لمفاتيح الأعمال (X1–X4) | سياسة موحدة لحالات المستندات والإلغاء والعكس والإشعارات الدائنة وقفل الفترات على مستوى الترحيل | نسخ احتياطي وPITR واستعادة خارج المضيف بأهداف RPO/RTO معتمدة وتمارين استعادة دورية | تصنيف البيانات الحساسة والاحتفاظ والحذف: رواتب، PII، بيانات بنكية؛ سياسات احتفاظ لكل فئة,"AC-INH-010-1: بافتراض قيدي حافز APPROVED لمندوب مرتبط بموظف بمجموع 5,000 في فترة 2026-10، عندما يُحتسب مسير 2026-10، فإن incentiveAmount=5,000 ويزيد netPay بنفس القيمة. | AC-INH-010-2: بافتراض قيد حافز أُدرج في مسير، عندما يُحاول صرفه نقدًا من شاشة الحوافز، فإن العملية تُرفض.",NOT_IMPLEMENTED,NOT_IMPLEMENTED,P2
REQ-INH-011,نقاط المندوب ولوحة الصدارة: نسبة تحصيل محدثة وفصل المبيعات عن التحصيل وانعكاس العكس,Incentives,—,BR-INH-13,[B][C] apps/web/app/dashboard/leaderboard/page.tsx,[B][C] GET /leaderboard، /leaderboard/summary,[B][C] apps/incentives/src/modules/intake/intake.service.ts:206-218 (totalSales وcollected كلاهما += مبلغ الدفعة؛ collectionRate يُحدّث)؛ apps/incentives/src/modules/engine/incentive.engine.ts:88-94 (speedFactor=1 ثابت)؛ [B] ledger.service.ts:142-149 [C] :146-153 (العكس ينقص),"[B][C] apps/incentives/prisma/schema.prisma:95-106 RepScore @@unique(repId, period)",,,"RepScore(repId, period) فريد؛ totalSales من الفواتير، collected من التحصيل؛ قابل لإعادة البناء من المصادر.",DAR-03 | DAR-05 | DAR-06 | DAR-07 | DAR-09 | DAR-13,ملكية بيانات صريحة ونظام سجل (SoR) لكل كيان، وتحقق المراجع بين الخدمات عند الكتابة + إسقاطات مرجعية + مطابقة دورية | ربط الدفاتر الفرعية (AR/AP/الخزينة/المخزون/الرواتب/المصروفات/العمولات) بالقيود عبر source_type/source_id ومراجع عكسية، وتسويات رقابية | قيود سلامة داخل كل مجال: CHECK للكميات والمبالغ، enums/CHECK للحالات، UNIQUE لمفاتيح الأعمال (X1–X4) | Outbox لكل حدث يغيّر الحالة + Inbox معاملاتي للمستهلكين + مفتاح idempotency لكل أمر كتابة | سياسة موحدة لحالات المستندات والإلغاء والعكس والإشعارات الدائنة وقفل الفترات على مستوى الترحيل | نموذج تقارير على مرحلتين: تجميعات SQL داخل الخدمة الآن، ثم read model للتقارير عند الحاجة؛ القوائم المالية من GL فقط,"AC-INH-011-1: بافتراض فاتورة 10,000 بلا تحصيل، عندما تُصدر، فإن totalSales يزيد 10,000 وcollected لا يتغير. | AC-INH-011-2: بافتراض دفعة معكوسة، عندما يُعالج العكس، فإن collected وincentiveEarned ينقصان بقيمتها.",PARTIAL,PARTIAL,P3
REQ-INH-012,تدقيق أحداث الحوافز وقرارات الاعتماد والصرف والعكس,Incentives,—,,,,[B] apps/incentives/src/modules/ledger/ledger.service.ts:65-93 [C] :69-97 (نشر 3 أحداث)؛ AuditInterceptor محلي لطلبات HTTP,[B] packages/audit/src/taxonomy.ts:278-281 [C] :283-286,[B] apps/audit-aggregator/src/modules/aggregator/aggregator.service.ts:81-84 [C] :82-85؛ لا أحداث لقرارات approve/pay/reverse؛ IncentiveEvaluationRequested بلا ناشر,لا spec (Tested ❌ حسب AUDIT-COMPLETENESS),audit_logs append-only مع financialImpact.,DAR-05 | DAR-07 | DAR-09 | DAR-12 | DAR-19,ربط الدفاتر الفرعية (AR/AP/الخزينة/المخزون/الرواتب/المصروفات/العمولات) بالقيود عبر source_type/source_id ومراجع عكسية، وتسويات رقابية | Outbox لكل حدث يغيّر الحالة + Inbox معاملاتي للمستهلكين + مفتاح idempotency لكل أمر كتابة | سياسة موحدة لحالات المستندات والإلغاء والعكس والإشعارات الدائنة وقفل الفترات على مستوى الترحيل | سجل تدقيق: الأحداث المركزية كسجل أعمال، وسجل تعديلات داخل المعاملة مع before/after، منع التعديل بالصلاحيات، إخفاء البيانات الحساسة | تقييم المخزون ودفتر المخزون: طبقات تكلفة تغطي كل الحركات (أو متوسط مرجح)، استهلاك مسجل، ربط بـGL,AC-INH-012-1: بافتراض قيد حافز جديد، عندما يُسجل، فإن سجل التدقيق المركزي يحوي IncentiveLedgerRecorded بنفس المعرف. | AC-INH-012-2: بافتراض اعتماد/صرف/عكس قيد، عندما يتم، فإن حدثًا يُنشر ويظهر في السجل المركزي بالفاعل والوقت.,PARTIAL,PARTIAL,P3
REQ-INH-020,سجل الموظفين والهيكل التنظيمي (أقسام، فروع، مناطق بمندوب),HR-to-Finance,org.employees.* منفصلة عن payroll.*,BR-INH-20 | BR-INH-21,[B][C] apps/web/app/dashboard/organization/page.tsx (ملف الموظف),[B] apps/organization/src/modules/employees/employees.controller.ts:21-50 [C] :14-58 (+ تصدير xlsx في C),[B] apps/organization/src/modules/employees/employees.service.ts:62-148 [C] :66-152؛ apps/organization/src/modules/departments/departments.service.ts:63 (نشر DepartmentCreated),[B][C] apps/organization/prisma/schema.prisma:16 Department، :64 Branch، :80 EmploymentStatus، :94 Employee,DepartmentCreated (packages/audit/src/taxonomy.ts [B]:238 [C]:243),لا spec لـemployees.service,Employee(employeeCode unique، status enum، hireDate، terminationDate، managerId FK ذاتي، departmentId/branchId FK)؛ Branch.gln unique؛ تدقيق التغييرات.,DAR-04 | DAR-06 | DAR-12 | DAR-19,دفتر أستاذ عام موحد واحد داخل nile_accounting: جدولا قيود بشكل واحد، محرك ترحيل واحد، قواعد ترحيل (posting rules) وحسابات رقابية للدفاتر الفرعية | قيود سلامة داخل كل مجال: CHECK للكميات والمبالغ، enums/CHECK للحالات، UNIQUE لمفاتيح الأعمال (X1–X4) | سجل تدقيق: الأحداث المركزية كسجل أعمال، وسجل تعديلات داخل المعاملة مع before/after، منع التعديل بالصلاحيات، إخفاء البيانات الحساسة | تقييم المخزون ودفتر المخزون: طبقات تكلفة تغطي كل الحركات (أو متوسط مرجح)، استهلاك مسجل، ربط بـGL,AC-INH-020-1: بافتراض موظف بكود E-001، عندما يُنشأ آخر بنفس الكود، فإن الطلب يُرفض 409. | AC-INH-020-2: بافتراض إنشاء قسم، عندما يُحفظ، فإن حدث DepartmentCreated يظهر في سجل التدقيق المركزي.,IMPLEMENTED,IMPLEMENTED,P2
REQ-INH-021,الموظف ليس مستخدم IAM تلقائيًا؛ ربط اختياري فريد linkedUserId كمفتاح مع repId,HR-to-Finance,—,BR-INH-20,,,[B][C] apps/organization/src/modules/expenses/expenses.controller.ts:28-30 (employeeId = req.user.id أي معرف IAM لا Employee.id)؛ apps/web/components/hr/employee-expenses.tsx:19-33 (يرشح بـEmployee.id),[B][C] apps/organization/prisma/schema.prisma:114 linkedUserId @unique,,,ExpenseClaim/CustomerGift: employeeId = Employee.id (FK) + createdByUserId منفصل؛ Employee.linkedUserId unique nullable.,DAR-03 | DAR-05 | DAR-06,ملكية بيانات صريحة ونظام سجل (SoR) لكل كيان، وتحقق المراجع بين الخدمات عند الكتابة + إسقاطات مرجعية + مطابقة دورية | ربط الدفاتر الفرعية (AR/AP/الخزينة/المخزون/الرواتب/المصروفات/العمولات) بالقيود عبر source_type/source_id ومراجع عكسية، وتسويات رقابية | قيود سلامة داخل كل مجال: CHECK للكميات والمبالغ، enums/CHECK للحالات، UNIQUE لمفاتيح الأعمال (X1–X4),AC-INH-021-1: بافتراض موظف مرتبط بمستخدم U، عندما يُربط موظف ثانٍ بنفس U، فإن العملية تُرفض. | AC-INH-021-2: بافتراض مطالبة مصروف أنشأها المستخدم U المرتبط بالموظف E، عندما يُفتح ملف E، فإن المطالبة تظهر في تابة «مصروفاتي».,PARTIAL,PARTIAL,P2
REQ-INH-022,انتقالات حالة الموظف ومسير الرواتب مقيدة ومدققة,HR-to-Finance,—,BR-INH-23 | BR-INH-22,,,"[B] apps/organization/src/modules/employees/employees.service.ts:121 [C] :125 (PATCH يقبل أي status)؛ [B] :138-148 [C] :142-152 (terminate يضع terminationDate=now، السبب مُهمل)؛ [B][C] apps/organization/src/modules/payroll/payroll.service.ts:245,353,386,409,423 (انتقالات المسير مفحوصة)",,,,Employee.terminationReason؛ جدول employment_status_history (من، إلى، فاعل، وقت، سبب)؛ تحديث مشروط بالحالة.,DAR-04 | DAR-05 | DAR-09 | DAR-15 | DAR-18,دفتر أستاذ عام موحد واحد داخل nile_accounting: جدولا قيود بشكل واحد، محرك ترحيل واحد، قواعد ترحيل (posting rules) وحسابات رقابية للدفاتر الفرعية | ربط الدفاتر الفرعية (AR/AP/الخزينة/المخزون/الرواتب/المصروفات/العمولات) بالقيود عبر source_type/source_id ومراجع عكسية، وتسويات رقابية | سياسة موحدة لحالات المستندات والإلغاء والعكس والإشعارات الدائنة وقفل الفترات على مستوى الترحيل | نسخ احتياطي وPITR واستعادة خارج المضيف بأهداف RPO/RTO معتمدة وتمارين استعادة دورية | تصنيف البيانات الحساسة والاحتفاظ والحذف: رواتب، PII، بيانات بنكية؛ سياسات احتفاظ لكل فئة,AC-INH-022-1: بافتراض موظف TERMINATED، عندما يُرسل PATCH بـstatus=ACTIVE، فإن الطلب يُرفض 400. | AC-INH-022-2: بافتراض مسير DRAFT، عندما يُطلب finalize مباشرة، فإن الطلب يُرفض.,PARTIAL,PARTIAL,P2
REQ-INH-023,سجلات المناديب والمناطق كما أعطاها المالك دون تخمين,HR-to-Finance,—,BR-INH-22,,,[B][C] apps/organization/src/modules/employees/employees.service.ts terminate يفرض terminationDate=now (يتعارض مع حالة «بلا تاريخ» إن أُنهيت عبر API),[B][C] apps/organization/prisma/schema.prisma Employee.terminationDate nullable,,,terminationDate nullable مسموح لحالة TERMINATED التاريخية؛ territory.repId nullable.,DAR-03,ملكية بيانات صريحة ونظام سجل (SoR) لكل كيان، وتحقق المراجع بين الخدمات عند الكتابة + إسقاطات مرجعية + مطابقة دورية,AC-INH-023-1: بافتراض بيئة الإنتاج، عندما يُستعلم عن المناديب، فإن عددهم وتواريخ تعيينهم تطابق قائمة المالك، والسابق TERMINATED بتاريخ إنهاء NULL.,NOT_VERIFIED (بيانات؛ الوثيقة تقول محلي فقط ولا وصول لقاعدة الإنتاج),NOT_VERIFIED (بيانات؛ لا وصول لقاعدة الإنتاج),P2
REQ-INH-024,تقييد نطاق بيانات الموظفين بالفرع والمدير (row-level),HR-to-Finance,—,,,,[B][C] apps/organization/src/modules/expenses/expenses.service.ts:197-213 (findAll بلا تقييد)؛ apps/organization/src/modules/attendance/attendance.service.ts:99-109 (listLeaves بلا تقييد),,,,Employee.managerId/branchId مفاتيح للتقييد.,DAR-04 | DAR-05 | DAR-18,دفتر أستاذ عام موحد واحد داخل nile_accounting: جدولا قيود بشكل واحد، محرك ترحيل واحد، قواعد ترحيل (posting rules) وحسابات رقابية للدفاتر الفرعية | ربط الدفاتر الفرعية (AR/AP/الخزينة/المخزون/الرواتب/المصروفات/العمولات) بالقيود عبر source_type/source_id ومراجع عكسية، وتسويات رقابية | تصنيف البيانات الحساسة والاحتفاظ والحذف: رواتب، PII، بيانات بنكية؛ سياسات احتفاظ لكل فئة,AC-INH-024-1: بافتراض مدير لمرؤوسَين، عندما يطلب قائمة المطالبات، فإن النتيجة تقتصر على مطالباته ومطالبات مرؤوسيه.,NOT_IMPLEMENTED,NOT_IMPLEMENTED,P2
REQ-INH-025,عقود العمل بدورة حياة وتنبيهات انتهاء العقد وفترة الاختبار,HR-to-Finance,org.contracts.*,,[B][C] apps/web/app/dashboard/hr/contracts/page.tsx:88 (contractsExpiring(45))، :191,[B][C] apps/organization/src/modules/contracts/contracts.controller.ts:25-95,"[B][C] apps/organization/src/modules/contracts/contracts.service.ts:120-148 (getExpiringSoon)، :221,300,369,407 (نشر الأحداث)",[B] apps/organization/prisma/schema.prisma:247 [C] :248 EmploymentContract (probationEndDate، baseSalary),[B] apps/audit-aggregator/src/modules/aggregator/aggregator.service.ts:97-98 [C] :98-99 (org.contract.*)؛ packages/audit/src/taxonomy.ts [B]:244-257 [C]:249-262 (HIGH),"spec exists, not run: contracts.service.spec.ts",EmploymentContract(contractNumber unique، employeeId FK، type/status enums، startDate/endDate/probationEndDate، baseSalary محمي بصلاحية payroll).,DAR-05 | DAR-06 | DAR-07 | DAR-09,ربط الدفاتر الفرعية (AR/AP/الخزينة/المخزون/الرواتب/المصروفات/العمولات) بالقيود عبر source_type/source_id ومراجع عكسية، وتسويات رقابية | قيود سلامة داخل كل مجال: CHECK للكميات والمبالغ، enums/CHECK للحالات، UNIQUE لمفاتيح الأعمال (X1–X4) | Outbox لكل حدث يغيّر الحالة + Inbox معاملاتي للمستهلكين + مفتاح idempotency لكل أمر كتابة | سياسة موحدة لحالات المستندات والإلغاء والعكس والإشعارات الدائنة وقفل الفترات على مستوى الترحيل,AC-INH-025-1: بافتراض عقد ينتهي بعد 30 يومًا، عندما تُفتح شاشة العقود، فإن العقد يظهر في مؤشر «ينتهي خلال 45 يومًا». | AC-INH-025-2: بافتراض probationEndDate بعد 7 أيام، عندما يعمل فحص التنبيهات اليومي، فإن إشعارًا يصل للموارد البشرية. | AC-INH-025-3: بافتراض تجديد عقد، عندما يُنفذ، فإن ContractRenewed يظهر في سجل التدقيق المركزي.,PARTIAL,PARTIAL,P3
REQ-INH-026,تسجيل الحضور ودقائق التأخير والغياب وأثرها على الأجر,HR-to-Finance,org.attendance.record,BR-INH-24 | BR-INH-39,[B][C] apps/web/app/dashboard/hr/attendance/page.tsx,[B][C] apps/organization/src/modules/attendance/attendance.controller.ts:21-69,[B][C] apps/organization/src/modules/attendance/attendance.service.ts:23-70 (LATE إذا >15 دقيقة :45)؛ apps/organization/src/modules/payroll/payroll.service.ts:242-330 (الاحتساب يقرأ الإجازات غير المدفوعة فقط لا الغياب ولا التأخير),"[B][C] AttendanceRecord @@unique([employeeId, date])",,"spec exists, not run: attendance.service.spec.ts","AttendanceRecord(employeeId, date) فريد؛ status enum؛ lateMinutes؛ تصحيحات بسجل تدقيق.",DAR-06 | DAR-12,قيود سلامة داخل كل مجال: CHECK للكميات والمبالغ، enums/CHECK للحالات، UNIQUE لمفاتيح الأعمال (X1–X4) | سجل تدقيق: الأحداث المركزية كسجل أعمال، وسجل تعديلات داخل المعاملة مع before/after، منع التعديل بالصلاحيات، إخفاء البيانات الحساسة,"AC-INH-026-1: بافتراض بداية الدوام 09:00، عندما يسجل الموظف 09:20، فإن lateMinutes=20 والحالة LATE. | AC-INH-026-2: بافتراض موظف بأساسي 6,000 وغياب يومين في الفترة وسياسة خصم يومي معتمدة، عندما يُحتسب المسير، فإن خصم الغياب = 400 (6,000/30×2) ظاهرًا في التفصيل.",PARTIAL,PARTIAL,P2
REQ-INH-027,استيراد الحضور مع التحقق من التواريخ وهوية الموظف,HR-to-Finance,—,BR-INH-28,,[B][C] لا مسار import في apps/organization/src/modules/attendance/attendance.controller.ts:21-84,,,,,"فريد (employeeId, date)؛ دفعة استيراد بمعرف وتدقيق.",DAR-05 | DAR-06 | DAR-12 | DAR-13 | DAR-20,ربط الدفاتر الفرعية (AR/AP/الخزينة/المخزون/الرواتب/المصروفات/العمولات) بالقيود عبر source_type/source_id ومراجع عكسية، وتسويات رقابية | قيود سلامة داخل كل مجال: CHECK للكميات والمبالغ، enums/CHECK للحالات، UNIQUE لمفاتيح الأعمال (X1–X4) | سجل تدقيق: الأحداث المركزية كسجل أعمال، وسجل تعديلات داخل المعاملة مع before/after، منع التعديل بالصلاحيات، إخفاء البيانات الحساسة | نموذج تقارير على مرحلتين: تجميعات SQL داخل الخدمة الآن، ثم read model للتقارير عند الحاجة؛ القوائم المالية من GL فقط | ترحيل البيانات الافتتاحية وتاريخ القطع: دفعة افتتاحية معتمدة بتوقيع وhash، قيود افتتاحية بتاريخ القطع,AC-INH-027-1: بافتراض ملف به صف لموظف غير موجود وصف بتاريخ غير صالح، عندما يُستورد، فإن الصفين يُرفضان بسبب واضح ولا يُنشأ لهما سجل.,NOT_IMPLEMENTED,NOT_IMPLEMENTED,P3
REQ-INH-028,الإجازات بأرصدة سنوية ومنع التجاوز واعتماد منضبط وأثر غير المدفوعة,HR-to-Finance,لا اعتماد ذاتي,BR-INH-25 | BR-INH-26,[B][C] apps/web/app/dashboard/hr/leaves/page.tsx,"[B][C] apps/organization/src/modules/attendance/attendance.controller.ts:31-49,71-89",[B][C] apps/organization/src/modules/attendance/attendance.service.ts:134-168 (فحص الرصيد)، :170-203 (approveLeave بلا فحص حالة ولا منع ذاتي ولا معاملة)؛ apps/organization/src/modules/payroll/payroll.service.ts:259-267 (UNPAID المعتمدة تُخصم),,,"spec exists, not run: attendance.service.spec.ts","LeaveBalance(employeeId, fiscalYear) فريد؛ LeaveRequest status enum مع انتقال مشروط؛ approvedBy ≠ employee.linkedUserId.",DAR-03 | DAR-06 | DAR-09,ملكية بيانات صريحة ونظام سجل (SoR) لكل كيان، وتحقق المراجع بين الخدمات عند الكتابة + إسقاطات مرجعية + مطابقة دورية | قيود سلامة داخل كل مجال: CHECK للكميات والمبالغ، enums/CHECK للحالات، UNIQUE لمفاتيح الأعمال (X1–X4) | سياسة موحدة لحالات المستندات والإلغاء والعكس والإشعارات الدائنة وقفل الفترات على مستوى الترحيل,AC-INH-028-1: بافتراض رصيد سنوي متبقٍ 3 أيام، عندما يُطلب 5 أيام، فإن الطلب يُرفض 400. | AC-INH-028-2: بافتراض طلب APPROVED، عندما يُعاد اعتماده، فإن الطلب يُرفض ولا يُخصم الرصيد مرة ثانية. | AC-INH-028-3: بافتراض موظف يعتمد طلبه، عندما يحاول، فإن الطلب يُرفض 403.,PARTIAL,PARTIAL,P2
REQ-INH-029,استيراد الموظفين بعقد واعٍ بالخصوصية ودون رواتب,HR-to-Finance,org.employees.create,BR-INH-27,,[C] apps/organization/src/modules/employees/employees.controller.ts:14-27 (تصدير فقط)؛ لا مسار استيراد في [B] أو [C],,,,,دفعة استيراد مدققة؛ لا كتابة على جداول payroll.,DAR-04 | DAR-05 | DAR-18 | DAR-20,دفتر أستاذ عام موحد واحد داخل nile_accounting: جدولا قيود بشكل واحد، محرك ترحيل واحد، قواعد ترحيل (posting rules) وحسابات رقابية للدفاتر الفرعية | ربط الدفاتر الفرعية (AR/AP/الخزينة/المخزون/الرواتب/المصروفات/العمولات) بالقيود عبر source_type/source_id ومراجع عكسية، وتسويات رقابية | تصنيف البيانات الحساسة والاحتفاظ والحذف: رواتب، PII، بيانات بنكية؛ سياسات احتفاظ لكل فئة | ترحيل البيانات الافتتاحية وتاريخ القطع: دفعة افتتاحية معتمدة بتوقيع وhash، قيود افتتاحية بتاريخ القطع,AC-INH-029-1: بافتراض ملف به عمود «الراتب الأساسي»، عندما يُستورد، فإن العمود يُرفض/يُتجاهل بتحذير ولا يُكتب أي CompensationProfile.,NOT_IMPLEMENTED,NOT_IMPLEMENTED,P3
REQ-INH-030,مصفوفة فصل مهام لعمليات HR-to-Finance والحوافز ملائمة لفريق صغير متعدد الأدوار,HR-to-Finance,محور المتطلب,BR-INH-12 | BR-INH-34 | BR-INH-51,,,"[B][C] apps/organization/src/modules/expenses/expenses.service.ts:99-104,130-135 (منع الطالب فقط، لا منع مدير=مالية)؛ apps/organization/src/modules/customer-gifts/customer-gifts.service.ts:106-108؛ apps/organization/src/modules/payroll/payroll.service.ts:356-359 (استثناء SUPER_ADMIN)؛ apps/incentives/src/modules/ledger/ledger.service.ts [B]:95-101 [C]:99-104 (لا SoD)؛ apps/organization/src/modules/attendance/attendance.service.ts:170-203 (لا SoD)",,,,كل كيان معتمد يخزن requestedBy/approvedBy/paidBy مع قيود CHECK على عدم التساوي حيث يلزم.,DAR-04 | DAR-05 | DAR-06,دفتر أستاذ عام موحد واحد داخل nile_accounting: جدولا قيود بشكل واحد، محرك ترحيل واحد، قواعد ترحيل (posting rules) وحسابات رقابية للدفاتر الفرعية | ربط الدفاتر الفرعية (AR/AP/الخزينة/المخزون/الرواتب/المصروفات/العمولات) بالقيود عبر source_type/source_id ومراجع عكسية، وتسويات رقابية | قيود سلامة داخل كل مجال: CHECK للكميات والمبالغ، enums/CHECK للحالات، UNIQUE لمفاتيح الأعمال (X1–X4),AC-INH-030-1: بافتراض مستخدم SUPER_ADMIN احتسب المسير، عندما يعتمده، فإن الاعتماد يُرفض أو يُسجل كاستثناء بسبب إلزامي في سجل التدقيق. | AC-INH-030-2: بافتراض نفس المستخدم اعتمد مطالبة كمدير، عندما يحاول اعتمادها كمالية، فإن الطلب يُرفض.,PARTIAL,PARTIAL,P2
REQ-INH-040,سرية الرواتب: فصل صلاحيات payroll.* عن org.* وعدم كشف الأجر عبر مسارات أخرى,HR-to-Finance,payroll.* منفصلة,BR-INH-30,,[B][C] apps/organization/src/modules/payroll/payroll.controller.ts:22-130 (payroll.*)؛ apps/organization/src/modules/contracts/contracts.controller.ts:25-59 (org.contracts.read يعيد baseSalary),[B] apps/iam/prisma/seed.ts:250-254 (payroll.* مزروعة)؛ [C] apps/iam/prisma/seed.ts (67 سطرًا) بلا payroll.* (SEC-02),[B] apps/organization/prisma/schema.prisma:256 [C] :257 EmploymentContract.baseSalary,,,فصل الأجر في كيان/أعمدة لا تُقرأ إلا بخدمة payroll؛ تسجيل وصول للقراءات الحساسة.,DAR-05 | DAR-18,ربط الدفاتر الفرعية (AR/AP/الخزينة/المخزون/الرواتب/المصروفات/العمولات) بالقيود عبر source_type/source_id ومراجع عكسية، وتسويات رقابية | تصنيف البيانات الحساسة والاحتفاظ والحذف: رواتب، PII، بيانات بنكية؛ سياسات احتفاظ لكل فئة,AC-INH-040-1: بافتراض مستخدم يملك org.contracts.read دون payroll.*، عندما يطلب GET /contracts، فإن baseSalary لا يظهر في الاستجابة. | AC-INH-040-2: بافتراض مستخدم بلا payroll.runs.read، عندما يطلب GET /payroll/runs، فإن الاستجابة 403. | AC-INH-040-3: بافتراض بيئة جديدة من CURRENT، عندما يُشغل seed الـIAM، فإن صلاحيات payroll.* موجودة في الكتالوج.,PARTIAL,PARTIAL,P1
REQ-INH-041,نموذج بيانات الرواتب الأدنى,HR-to-Finance,—,BR-INH-36,,,,"[B] apps/organization/prisma/schema.prisma:351-496 [C] :369-514 (8 نماذج؛ PayrollEntry @@unique([payrollRunId, employeeId]) [C]:475)؛ migration 20260901220000_add_employee_payroll",,,"كما في المخطط؛ Decimal(14,2) للمبالغ.",DAR-05 | DAR-06 | DAR-09 | DAR-10 | DAR-18,ربط الدفاتر الفرعية (AR/AP/الخزينة/المخزون/الرواتب/المصروفات/العمولات) بالقيود عبر source_type/source_id ومراجع عكسية، وتسويات رقابية | قيود سلامة داخل كل مجال: CHECK للكميات والمبالغ، enums/CHECK للحالات، UNIQUE لمفاتيح الأعمال (X1–X4) | سياسة موحدة لحالات المستندات والإلغاء والعكس والإشعارات الدائنة وقفل الفترات على مستوى الترحيل | العملات والدقة والتقريب والترقيم: عملة على كل مستند مالي، دقة موحدة لأسعار الصرف، قاعدة تقريب واحدة Decimal، ترقيم تسلسلي لكل سلسلة داخل المعاملة | تصنيف البيانات الحساسة والاحتفاظ والحذف: رواتب، PII، بيانات بنكية؛ سياسات احتفاظ لكل فئة,AC-INH-041-1: بافتراض مسير وموظف، عندما يُحاول إنشاء قيد ثانٍ لنفس الموظف في نفس المسير، فإن قاعدة البيانات ترفضه.,IMPLEMENTED,IMPLEMENTED,P3
REQ-INH-042,التعويض بتواريخ سريان ومكونات راتب قابلة للتهيئة,HR-to-Finance,payroll.profiles.manage,BR-INH-31,,[B][C] apps/organization/src/modules/payroll/payroll.controller.ts:22-52,[B][C] apps/organization/src/modules/payroll/payroll.service.ts:108-157,[B][C] CompensationProfile(effectiveFrom/effectiveTo)، SalaryComponent(type),,"spec exists, not run: payroll.service.spec.ts",منع تداخل فترات السريان لنفس الموظف (exclusion constraint أو فحص).,DAR-06 | DAR-18,قيود سلامة داخل كل مجال: CHECK للكميات والمبالغ، enums/CHECK للحالات، UNIQUE لمفاتيح الأعمال (X1–X4) | تصنيف البيانات الحساسة والاحتفاظ والحذف: رواتب، PII، بيانات بنكية؛ سياسات احتفاظ لكل فئة,AC-INH-042-1: بافتراض ملف سارٍ من 2026-01-01، عندما يُضاف ملف جديد من 2026-07-01، فإن السابق effectiveTo=2026-06-30 ويبقى محفوظًا.,IMPLEMENTED,IMPLEMENTED,P2
REQ-INH-043,تشغيل الرواتب الشهري: احتساب بتفصيل واعتماد مستقل وإنهاء وصرف,HR-to-Finance,المحتسب ≠ المعتمد,BR-INH-32 | BR-INH-34,[B][C] apps/web/app/dashboard/hr/payroll/page.tsx (1034 سطرًا),[B][C] apps/organization/src/modules/payroll/payroll.controller.ts:22-130 (20 مسارًا),[B][C] apps/organization/src/modules/payroll/payroll.service.ts:225-235 (createRun)، :242-345 (calculate بـNumber/Math.round)، :311 (incentiveAmount 0)، :350-381 (decide؛ استثناء SUPER_ADMIN :356-359)، :383-399 (finalize)، :406-418 (markPaid حالة فقط),[B][C] PayrollRun/PayrollEntry/PayrollApproval,لا أحداث (ORG-04),"spec exists, not run: payroll.service.spec.ts",PayrollEntry.breakdown JSON + أعمدة مجمعة Decimal؛ calculatedBy/approvedBy/finalizedBy/paidBy؛ PayrollPeriod.isClosed يمنع أي كتابة.,DAR-05 | DAR-09 | DAR-10 | DAR-18,ربط الدفاتر الفرعية (AR/AP/الخزينة/المخزون/الرواتب/المصروفات/العمولات) بالقيود عبر source_type/source_id ومراجع عكسية، وتسويات رقابية | سياسة موحدة لحالات المستندات والإلغاء والعكس والإشعارات الدائنة وقفل الفترات على مستوى الترحيل | العملات والدقة والتقريب والترقيم: عملة على كل مستند مالي، دقة موحدة لأسعار الصرف، قاعدة تقريب واحدة Decimal، ترقيم تسلسلي لكل سلسلة داخل المعاملة | تصنيف البيانات الحساسة والاحتفاظ والحذف: رواتب، PII، بيانات بنكية؛ سياسات احتفاظ لكل فئة,"AC-INH-043-1: بافتراض موظف أساسي 10,000 وبدل خاضع 1,000 وحافز معتمد 2,000، عندما يُحتسب المسير، فإن التفصيل يعرض كل بند وnetPay = 10,000+1,000+2,000 − الاستقطاعات النظامية المحسوبة. | AC-INH-043-2: بافتراض أن المستخدم A احتسب المسير، عندما يعتمده A، فإن الطلب يُرفض 403 بلا استثناء دور. | AC-INH-043-3: بافتراض نفس المدخلات، عندما يُعاد الاحتساب في DRAFT، فإن النتائج مطابقة حتى آخر قرش.",PARTIAL,PARTIAL,P1
REQ-INH-044,نهائية الرواتب: لا تعديل بعد FINALIZED/PAID إلا بتسوية مستقلة معتمدة,HR-to-Finance,منشئ التسوية ≠ معتمدها,BR-INH-33,,,[B][C] apps/organization/src/modules/payroll/payroll.service.ts:437-458 (يُنشئ PayrollAdjustment لكن يزيد netPay للقيد نفسه حتى FINALIZED/PAID بلا اعتماد ولا تحديث إجماليات),,,,"PayrollAdjustment(entryId, amount signed, reason, type, actorId, approvedBy, settledInRunId)؛ trigger/خدمة تمنع UPDATE على payroll_entries بحالة FINALIZED/PAID.",DAR-05 | DAR-06 | DAR-08 | DAR-09 | DAR-18,ربط الدفاتر الفرعية (AR/AP/الخزينة/المخزون/الرواتب/المصروفات/العمولات) بالقيود عبر source_type/source_id ومراجع عكسية، وتسويات رقابية | قيود سلامة داخل كل مجال: CHECK للكميات والمبالغ، enums/CHECK للحالات، UNIQUE لمفاتيح الأعمال (X1–X4) | إطار تسويات رقابية عبر القواعد (الائتمان↔AR، المخزون↔GL، دفتر المورد↔AP، الخزينة↔GL، المبيعات↔الفواتير) | سياسة موحدة لحالات المستندات والإلغاء والعكس والإشعارات الدائنة وقفل الفترات على مستوى الترحيل | تصنيف البيانات الحساسة والاحتفاظ والحذف: رواتب، PII، بيانات بنكية؛ سياسات احتفاظ لكل فئة,"AC-INH-044-1: بافتراض قيد FINALIZED بصافي 8,000، عندما تُضاف تسوية +500، فإن netPay للقيد يبقى 8,000 وتظهر التسوية مستقلة معلقة للاعتماد. | AC-INH-044-2: بافتراض فترة مغلقة، عندما يُحاول الاحتساب أو التعديل، فإن الطلب يُرفض.",PARTIAL,PARTIAL,P1
REQ-INH-045,السماح بإعادة تشغيل الرواتب بعد إلغاء المسير,HR-to-Finance,—,BR-INH-35,,,[B][C] apps/organization/src/modules/payroll/payroll.service.ts:230-233 (findUnique بـperiodId يشمل الملغى),[B] apps/organization/prisma/schema.prisma:432 [C] :450 PayrollRun @@unique([periodId]),,,CREATE UNIQUE INDEX ... ON payroll_runs(period_id) WHERE status <> 'CANCELLED'.,DAR-04 | DAR-05 | DAR-06 | DAR-09 | DAR-17 | DAR-18,دفتر أستاذ عام موحد واحد داخل nile_accounting: جدولا قيود بشكل واحد، محرك ترحيل واحد، قواعد ترحيل (posting rules) وحسابات رقابية للدفاتر الفرعية | ربط الدفاتر الفرعية (AR/AP/الخزينة/المخزون/الرواتب/المصروفات/العمولات) بالقيود عبر source_type/source_id ومراجع عكسية، وتسويات رقابية | قيود سلامة داخل كل مجال: CHECK للكميات والمبالغ، enums/CHECK للحالات، UNIQUE لمفاتيح الأعمال (X1–X4) | سياسة موحدة لحالات المستندات والإلغاء والعكس والإشعارات الدائنة وقفل الفترات على مستوى الترحيل | فهارس مبنية على أنماط الاستعلام (X6–X15) مشروطة بقياسات EXPLAIN/pg_stat_statements | تصنيف البيانات الحساسة والاحتفاظ والحذف: رواتب، PII، بيانات بنكية؛ سياسات احتفاظ لكل فئة,AC-INH-045-1: بافتراض مسير CANCELLED للفترة 2026-10، عندما يُنشأ مسير جديد لها، فإن الإنشاء ينجح. | AC-INH-045-2: بافتراض مسير DRAFT نشط للفترة، عندما يُنشأ آخر، فإن الطلب يُرفض 409.,NOT_IMPLEMENTED,NOT_IMPLEMENTED,P2
REQ-INH-046,الاستقطاعات النظامية المصرية: التأمينات الاجتماعية وضريبة كسب العمل,HR-to-Finance,تعديل الجداول باعتماد المحاسب,BR-INH-37 | BR-INH-38,,,[B][C] apps/organization/src/modules/attendance/attendance.service.ts:236-243 (ثوابت 2000/12600/0.11/0.1875 في الكود)، :251-290 (إعفاء 20000 وشرائح ثابتة، Number)؛ apps/organization/src/modules/payroll/payroll.service.ts:296-302,,,"spec exists, not run: attendance.service.spec.ts، payroll.service.spec.ts","statutory_parameters(type, value, effectiveFrom, effectiveTo, approvedBy)؛ Decimal.",DAR-10,العملات والدقة والتقريب والترقيم: عملة على كل مستند مالي، دقة موحدة لأسعار الصرف، قاعدة تقريب واحدة Decimal، ترقيم تسلسلي لكل سلسلة داخل المعاملة,"AC-INH-046-1: بافتراض أجر تأميني 15,000، عندما تُحسب التأمينات، فإن حصة الموظف = 1,386 (12,600×11%) وحصة صاحب العمل = 2,362.5. | AC-INH-046-2: بافتراض أجر 1,500، عندما تُحسب التأمينات، فإن الأجر التأميني = 2,000 (الحد الأدنى). | AC-INH-046-3: بافتراض تغيير الحد الأقصى من تاريخ معين، عندما يُحدّث كجدول بتاريخ سريان، فإن المسيرات اللاحقة فقط تتأثر دون تعديل الكود.",PARTIAL,PARTIAL,P1
REQ-INH-047,قسيمة الراتب والخدمة الذاتية للموظف (payroll.entries.read.own),HR-to-Finance,—,,,[B][C] لا مسار قسيمة في apps/organization/src/modules/payroll/payroll.controller.ts:22-130,,,,,ربط عبر Employee.linkedUserId.,DAR-03 | DAR-05 | DAR-18,ملكية بيانات صريحة ونظام سجل (SoR) لكل كيان، وتحقق المراجع بين الخدمات عند الكتابة + إسقاطات مرجعية + مطابقة دورية | ربط الدفاتر الفرعية (AR/AP/الخزينة/المخزون/الرواتب/المصروفات/العمولات) بالقيود عبر source_type/source_id ومراجع عكسية، وتسويات رقابية | تصنيف البيانات الحساسة والاحتفاظ والحذف: رواتب، PII، بيانات بنكية؛ سياسات احتفاظ لكل فئة,AC-INH-047-1: بافتراض مستخدم مرتبط بالموظف E، عندما يطلب قسائمه، فإن يرى قسائم E فقط ويُرفض طلب قسيمة موظف آخر 403.,NOT_IMPLEMENTED,NOT_IMPLEMENTED,P4
REQ-INH-048,عدم اختلاق بيانات الموظفين والرواتب؛ البناء والتشغيل مشروطان ببيانات حقيقية أو قرار نمذجة,HR-to-Finance,—,BR-INH-40,,,[B][C] apps/organization/prisma/seed.ts:63-170 (موظفون وعقود برواتب تجريبية 32000/18000/15000 بلا حارس بيئة)؛ [C] scripts/production-migrate.sh:118-124 يزرع IAM فقط,,,,علم مصدر البيانات (source=seed/import/manual) على Employee/Contract.,DAR-05 | DAR-18 | DAR-20,ربط الدفاتر الفرعية (AR/AP/الخزينة/المخزون/الرواتب/المصروفات/العمولات) بالقيود عبر source_type/source_id ومراجع عكسية، وتسويات رقابية | تصنيف البيانات الحساسة والاحتفاظ والحذف: رواتب، PII، بيانات بنكية؛ سياسات احتفاظ لكل فئة | ترحيل البيانات الافتتاحية وتاريخ القطع: دفعة افتتاحية معتمدة بتوقيع وhash، قيود افتتاحية بتاريخ القطع,AC-INH-048-1: بافتراض NODE_ENV=production، عندما يُشغل seed خدمة organization، فإن لا موظفين أو عقود برواتب تجريبية تُنشأ.,PARTIAL,PARTIAL,P2
REQ-INH-049,خصم السلف والغياب في المسير والأثر المحاسبي والخزيني للرواتب,HR-to-Finance,الصارف ≠ المعتمد,BR-INH-39 | BR-INH-54,,,[B][C] apps/organization/src/modules/payroll/payroll.service.ts:406-418 (markPaid يغير الحالة فقط)، :242-345 (لا قراءة سلف ولا غياب)؛ لا نشر أحداث من organization سوى الأقسام/المناطق/العقود,,لا أحداث رواتب (ORG-04),,PayrollRun.journalEntryId/paymentVoucherId (مراجع منطقية لخدمة المحاسبة) + idempotencyKey فريد للصرف؛ EmployeeAdvance مرتبطة بالخصم.,DAR-04 | DAR-05 | DAR-06 | DAR-07 | DAR-18,دفتر أستاذ عام موحد واحد داخل nile_accounting: جدولا قيود بشكل واحد، محرك ترحيل واحد، قواعد ترحيل (posting rules) وحسابات رقابية للدفاتر الفرعية | ربط الدفاتر الفرعية (AR/AP/الخزينة/المخزون/الرواتب/المصروفات/العمولات) بالقيود عبر source_type/source_id ومراجع عكسية، وتسويات رقابية | قيود سلامة داخل كل مجال: CHECK للكميات والمبالغ، enums/CHECK للحالات، UNIQUE لمفاتيح الأعمال (X1–X4) | Outbox لكل حدث يغيّر الحالة + Inbox معاملاتي للمستهلكين + مفتاح idempotency لكل أمر كتابة | تصنيف البيانات الحساسة والاحتفاظ والحذف: رواتب، PII، بيانات بنكية؛ سياسات احتفاظ لكل فئة,"AC-INH-049-1: بافتراض مسير منتهٍ بصافي إجمالي 50,000، عندما يُصرف من خزينة رئيسية، فإن رصيد الخزينة ينقص 50,000 ويُنشأ قيد سداد مرتبط بالمسير. | AC-INH-049-2: بافتراض سلفة قائمة 1,000 لموظف، عندما يُحتسب المسير، فإن خصم سلفة 1,000 يظهر في التفصيل وتُسوى السلفة. | AC-INH-049-3: بافتراض صرف مسير، عندما يُرسل طلب الصرف مرتين، فإن سندًا واحدًا فقط يُنشأ.",NOT_IMPLEMENTED,NOT_IMPLEMENTED,P1
REQ-INH-060,مطالبات مصروفات الموظفين بدورة اعتماد مزدوجة وفئات ومنع الاعتماد الذاتي,HR-to-Finance,الطالب ≠ المدير ≠ المالية,BR-INH-50 | BR-INH-51 | BR-INH-56,[B][C] apps/web/app/dashboard/hr/expenses/page.tsx,[B][C] apps/organization/src/modules/expenses/expenses.controller.ts:26-85 (organization.employees.read/organization.departments.manage/accounting.payments.create),"[B][C] apps/organization/src/modules/expenses/expenses.service.ts:22-66 (create)، :68-86 (submit بلا تحقق ملكية)، :92-117 و:124-147 (منع الاعتماد الذاتي :99-104,:130-135؛ لا تحقق أن المعتمد هو المدير المباشر)، :197-213 (findAll غير مقيد)؛ [B] apps/iam/prisma/seed.ts:240 يزرع الصلاحيات؛ [C] غير مزروعة (SEC-02)",[B] apps/organization/prisma/schema.prisma:512-560 [C] :530-578 ExpenseClaim/Line/enums,لا أحداث,"spec exists, not run: expenses.service.spec.ts",ExpenseClaim(claimNumber unique، employeeId FK Employee، status enum، submittedBy، managerId، financeApprovedBy، paidBy)؛ بنود Decimal >0.,DAR-05 | DAR-06 | DAR-10 | DAR-15,ربط الدفاتر الفرعية (AR/AP/الخزينة/المخزون/الرواتب/المصروفات/العمولات) بالقيود عبر source_type/source_id ومراجع عكسية، وتسويات رقابية | قيود سلامة داخل كل مجال: CHECK للكميات والمبالغ، enums/CHECK للحالات، UNIQUE لمفاتيح الأعمال (X1–X4) | العملات والدقة والتقريب والترقيم: عملة على كل مستند مالي، دقة موحدة لأسعار الصرف، قاعدة تقريب واحدة Decimal، ترقيم تسلسلي لكل سلسلة داخل المعاملة | نسخ احتياطي وPITR واستعادة خارج المضيف بأهداف RPO/RTO معتمدة وتمارين استعادة دورية,AC-INH-060-1: بافتراض مطالبة DRAFT للموظف A، عندما يحاول B تقديمها، فإن الطلب يُرفض 403. | AC-INH-060-2: بافتراض مطالبة A، عندما يحاول A اعتمادها كمدير أو كمالية، فإن الطلب يُرفض 403. | AC-INH-060-3: بافتراض بيئة CURRENT جديدة، عندما يُمنح دور المالية صلاحيات المصروفات، فإن مسار finance-approve يعمل (الصلاحيات موجودة في الكتالوج).,PARTIAL,PARTIAL,P2
REQ-INH-061,رفض المطالبة قبل الصرف فقط وانتقالات حالة مشروطة (EXP-1/EXP-2),HR-to-Finance,—,BR-INH-52 | BR-INH-53,,,"[B][C] apps/organization/src/modules/expenses/expenses.service.ts:153-168 (rejectClaim بلا شرط حالة)، :92-147,173-191 (قراءة ثم تحديث غير مشروط)؛ مقارنة apps/organization/src/modules/customer-gifts/customer-gifts.service.ts:75-82,113-118 (مشروط)",,,"spec exists, not run: customer-gifts.service.spec.ts يغطي السباق للهدايا فقط",انتقال حالة مشروط (WHERE status IN (...))؛ rejectedBy/rejectedAt.,DAR-09,سياسة موحدة لحالات المستندات والإلغاء والعكس والإشعارات الدائنة وقفل الفترات على مستوى الترحيل,AC-INH-061-1: بافتراض مطالبة PAID، عندما يُطلب رفضها، فإن الطلب يُرفض 409 وتبقى PAID. | AC-INH-061-2: بافتراض طلبي اعتماد متزامنين لنفس المطالبة، عندما يُنفذان، فإن واحدًا ينجح والآخر 409.,CONTRADICTED,CONTRADICTED,P1
REQ-INH-062,صرف المطالبات (والهدايا) بسند خزينة وقيد وخفض المحفظة ومنع الصرف المكرر والنجاح الوهمي,HR-to-Finance,الصارف ≠ المعتمد,BR-INH-54 | BR-INH-55,,,[B][C] apps/organization/src/modules/expenses/expenses.service.ts:173-191 (markPaid: حالة + نص paymentMethod، تعليق «triggers journal entry» غير صحيح :171)، :22-66 (أُزيل exp-mock: إعادة محاولة ثم throw — مطبق)؛ apps/organization/src/modules/customer-gifts/customer-gifts.service.ts:84-86 (paymentMethod نص),"[B][C] ExpenseClaim (paidAt فقط، لا حساب مالي)؛ CustomerGift(paidBy, paidAt, paymentMethod)",لا أحداث (ORG-04),,ExpenseClaim/CustomerGift: financialAccountId، paymentVoucherId، journalEntryId، paidBy، idempotencyKey فريد.,DAR-04 | DAR-05 | DAR-06 | DAR-07 | DAR-08,دفتر أستاذ عام موحد واحد داخل nile_accounting: جدولا قيود بشكل واحد، محرك ترحيل واحد، قواعد ترحيل (posting rules) وحسابات رقابية للدفاتر الفرعية | ربط الدفاتر الفرعية (AR/AP/الخزينة/المخزون/الرواتب/المصروفات/العمولات) بالقيود عبر source_type/source_id ومراجع عكسية، وتسويات رقابية | قيود سلامة داخل كل مجال: CHECK للكميات والمبالغ، enums/CHECK للحالات، UNIQUE لمفاتيح الأعمال (X1–X4) | Outbox لكل حدث يغيّر الحالة + Inbox معاملاتي للمستهلكين + مفتاح idempotency لكل أمر كتابة | إطار تسويات رقابية عبر القواعد (الائتمان↔AR، المخزون↔GL، دفتر المورد↔AP، الخزينة↔GL، المبيعات↔الفواتير),"AC-INH-062-1: بافتراض مطالبة معتمدة بقيمة 100 ومحفظة رصيدها 1,000، عندما تُصرف منها، فإن الحالة PAID ورصيد المحفظة 900 وقيد مصروف مرتبط بالمطالبة. | AC-INH-062-2: بافتراض خطأ قاعدة بيانات عند الإنشاء، عندما تُحفظ المطالبة، فإن الاستجابة خطأ ولا يُعاد معرف exp-mock. | AC-INH-062-3: بافتراض طلب صرف مكرر بنفس المفتاح، عندما يُنفذ، فإن سندًا واحدًا فقط يوجد.",NOT_IMPLEMENTED,NOT_IMPLEMENTED,P1
REQ-INH-063,تصحيح توثيق markPaid ليطابق السلوك (لا قيد) دون اختراع ترحيل قبل نظام اليومية (EXP-3),HR-to-Finance,—,,,,[B][C] apps/organization/src/modules/expenses/expenses.service.ts:171 («triggers journal entry»),,,,—,DAR-04,دفتر أستاذ عام موحد واحد داخل nile_accounting: جدولا قيود بشكل واحد، محرك ترحيل واحد، قواعد ترحيل (posting rules) وحسابات رقابية للدفاتر الفرعية,AC-INH-063-1: بافتراض مراجعة الكود، عندما يُقرأ تعليق markPaid، فإنه لا يدّعي إنشاء قيد يومية.,NOT_IMPLEMENTED,NOT_IMPLEMENTED,P3
REQ-INH-064,سلف الموظفين والعهد كذمة حتى التسوية (سلفة ← مصروف معتمد ← رد الباقي),HR-to-Finance,—,BR-INH-61,,,,[B][C] لا كيان سلفة في apps/organization/prisma/schema.prisma ولا apps/accounting/prisma/schema.prisma,,,"EmployeeAdvance(employeeId, amount, status, settledAmount, refundedAmount, payrollDeductionEntryId).",DAR-05 | DAR-08 | DAR-18,ربط الدفاتر الفرعية (AR/AP/الخزينة/المخزون/الرواتب/المصروفات/العمولات) بالقيود عبر source_type/source_id ومراجع عكسية، وتسويات رقابية | إطار تسويات رقابية عبر القواعد (الائتمان↔AR، المخزون↔GL، دفتر المورد↔AP، الخزينة↔GL، المبيعات↔الفواتير) | تصنيف البيانات الحساسة والاحتفاظ والحذف: رواتب، PII، بيانات بنكية؛ سياسات احتفاظ لكل فئة,AC-INH-064-1: بافتراض سلفة 500 وتسوية بمصروف معتمد 350 ورد 150، عندما تُغلق السلفة، فإن المصروف المعترف به 350 فقط ورصيد ذمة الموظف 0.,NOT_IMPLEMENTED,NOT_IMPLEMENTED,P2
REQ-INH-065,فئات المصروفات قائمة مغلقة مطابقة لممارسة الشركة وفصل السلف والرواتب,HR-to-Finance,تعديل القائمة بقرار,BR-INH-56,,,,[B] apps/organization/prisma/schema.prisma:512-519 [C] :530-537 enum ExpenseCategory (6 قيم: TRAVEL_FUEL، CLIENT_HOSPITALITY، ACCOMMODATION، PERMIT_FEES، MEDICAL_SAMPLES_TRANSPORT، PETTY_CASH),,,enum أو جدول lookup مغلق بربط بحساب مصروف.,DAR-05 | DAR-08 | DAR-18,ربط الدفاتر الفرعية (AR/AP/الخزينة/المخزون/الرواتب/المصروفات/العمولات) بالقيود عبر source_type/source_id ومراجع عكسية، وتسويات رقابية | إطار تسويات رقابية عبر القواعد (الائتمان↔AR، المخزون↔GL، دفتر المورد↔AP، الخزينة↔GL، المبيعات↔الفواتير) | تصنيف البيانات الحساسة والاحتفاظ والحذف: رواتب، PII، بيانات بنكية؛ سياسات احتفاظ لكل فئة,AC-INH-065-1: بافتراض بند بفئة غير موجودة في القائمة، عندما يُرسل، فإن الطلب يُرفض 400.,PARTIAL,PARTIAL,P2
REQ-INH-066,تابة «مصروفاتي» في ملف كل موظف,HR-to-Finance,—,,[B][C] apps/web/components/hr/employee-expenses.tsx:19-33 (يرشح بـEmployee.id)؛ apps/web/app/dashboard/organization/page.tsx,,[B][C] apps/organization/src/modules/expenses/expenses.controller.ts:28-30 (المطالبة تُحفظ بمعرف مستخدم IAM),,,,ExpenseClaim.employeeId = Employee.id.,DAR-05,ربط الدفاتر الفرعية (AR/AP/الخزينة/المخزون/الرواتب/المصروفات/العمولات) بالقيود عبر source_type/source_id ومراجع عكسية، وتسويات رقابية,AC-INH-066-1: بافتراض موظف مرتبط بمستخدم أنشأ مطالبتين بـ100 و200، عندما يُفتح ملفه، فإن التابة تعرض المطالبتين والإجمالي 300.,PARTIAL,PARTIAL,P3
REQ-INH-067,استيراد المصروفات مقيد بسجلات مصدر معتمدة ولا يعدل الدفتر المرحّل,HR-to-Finance,—,BR-INH-62,,[B][C] لا مسار استيراد في apps/organization/src/modules/expenses/expenses.controller.ts:26-85,,,,,importBatchId على السجلات.,DAR-03 | DAR-04 | DAR-05 | DAR-20,ملكية بيانات صريحة ونظام سجل (SoR) لكل كيان، وتحقق المراجع بين الخدمات عند الكتابة + إسقاطات مرجعية + مطابقة دورية | دفتر أستاذ عام موحد واحد داخل nile_accounting: جدولا قيود بشكل واحد، محرك ترحيل واحد، قواعد ترحيل (posting rules) وحسابات رقابية للدفاتر الفرعية | ربط الدفاتر الفرعية (AR/AP/الخزينة/المخزون/الرواتب/المصروفات/العمولات) بالقيود عبر source_type/source_id ومراجع عكسية، وتسويات رقابية | ترحيل البيانات الافتتاحية وتاريخ القطع: دفعة افتتاحية معتمدة بتوقيع وhash، قيود افتتاحية بتاريخ القطع,AC-INH-067-1: بافتراض ملف مصروفات تاريخية، عندما يُستورد، فإن سجلات مصدر تُنشأ بمرجع الدفعة ولا يتغير أي قيد مرحّل.,NOT_IMPLEMENTED,NOT_IMPLEMENTED,P4
REQ-INH-070,هدايا العملاء بنفس دورة اعتماد المصروفات بصلاحيات منفصلة وغير ممنوحة افتراضيًا,HR-to-Finance,الطالب لا يعتمد هديته,BR-INH-57 | BR-INH-59 | BR-INH-60 | BR-INH-52 | BR-INH-53,[B][C] apps/web/app/dashboard/customer-gifts/page.tsx؛ apps/web/components/party-profile.tsx (هدايا العميل),[B][C] apps/organization/src/modules/customer-gifts/customer-gifts.controller.ts:23-46,[B][C] apps/organization/src/modules/customer-gifts/customer-gifts.service.ts:28-55، :57-60 (تقديم الطالب فقط)، :63-86، :106-118 (SoD وانتقال مشروط)؛ [B] apps/iam/prisma/seed.ts:241-246 (كتالوج فقط، بلا منح)؛ [C] الصلاحيات غائبة عن الكتالوج (SEC-02),[B] apps/organization/prisma/schema.prisma:578-645 [C] :596-663؛ migration 20260925120000_customer_gifts (CHECK amount>0، quantity≥1، total≥0),لا أحداث,"spec exists, not run: customer-gifts.service.spec.ts",CustomerGift(giftNumber unique، employeeId، accountId اختياري، recipientName، status، طوابع وفاعلو كل مرحلة)؛ CHECK القيود؛ لا FK مشترك مع ExpenseClaim.,DAR-04 | DAR-05 | DAR-06 | DAR-09,دفتر أستاذ عام موحد واحد داخل nile_accounting: جدولا قيود بشكل واحد، محرك ترحيل واحد، قواعد ترحيل (posting rules) وحسابات رقابية للدفاتر الفرعية | ربط الدفاتر الفرعية (AR/AP/الخزينة/المخزون/الرواتب/المصروفات/العمولات) بالقيود عبر source_type/source_id ومراجع عكسية، وتسويات رقابية | قيود سلامة داخل كل مجال: CHECK للكميات والمبالغ، enums/CHECK للحالات، UNIQUE لمفاتيح الأعمال (X1–X4) | سياسة موحدة لحالات المستندات والإلغاء والعكس والإشعارات الدائنة وقفل الفترات على مستوى الترحيل,AC-INH-070-1: بافتراض هدية SUBMITTED للطالب A، عندما يعتمدها A، فإن الطلب يُرفض 403. | AC-INH-070-2: بافتراض اعتمادين متزامنين، عندما يُنفذان، فإن واحدًا ينجح والآخر 409. | AC-INH-070-3: بافتراض بيئة جديدة، عندما يُشغل seed، فإن الصلاحيات الأربع موجودة في الكتالوج ولا يملكها أي دور.,IMPLEMENTED,PARTIAL,P2
REQ-INH-071,أنواع هدايا العملاء قائمة مقفولة,HR-to-Finance,—,BR-INH-58,,,,[B] apps/organization/prisma/schema.prisma:578-585 [C] :596-603 enum CustomerGiftCategory (6 قيم),,,enum مغلق.,DAR-07,Outbox لكل حدث يغيّر الحالة + Inbox معاملاتي للمستهلكين + مفتاح idempotency لكل أمر كتابة,AC-INH-071-1: بافتراض بند هدية بفئة «إعلانات»، عندما يُرسل، فإن الطلب يُرفض 400.,IMPLEMENTED,IMPLEMENTED,P3
REQ-SEC-001,تفويض RBAC على الخادم لكل مسار (fail-closed) وبوابة CI,IAM — تفويض الطلبات,أساس كل الضوابط,BR-SEC-01 | BR-SEC-02,apps/web/lib/permission-gating.spec.ts (مرآة الواجهة) [B][C],المسارات العامة: apps/iam/src/modules/auth/auth.controller.ts (login/refresh/session-check/extend/logout) [B][C]؛ apps/web/app/api/system-health/route.ts:23-28 (فحص وجود header فقط) [B][C],apps/iam/src/modules/auth/guards/permissions.guard.ts (fail-closed، all-of) ونسخه في apps/*/src/common/guards/permissions.guard.ts [B][C]؛ PermissionsGuard ليس APP_GUARD (apps/iam/src/app.module.ts:44-52)؛ [C] controllers بلا حارس: apps/accounting/src/modules/gl-workbench/gl-workbench.controller.ts، finance-dashboard، supplier-ledger/supplier-payments.controller.ts، audit-timeline (غير مُسجّلة في app.module),"iam: permissions, role_permissions(is_granted)",—,"spec exists, not run: permissions.guard.spec.ts، apps/iam/src/common/rbac-matrix.spec.ts؛ scripts/validate-controller-permissions.cjs:13-16,39-46 (يفحص نص الديكوريتور فقط)","كتالوج permissions(code unique, domain.module.action) وrole_permissions(is_granted, soft revoke)؛ كل مسار يرتبط بكود موجود في الكتالوج.",DAR-06 | DAR-16,قيود سلامة داخل كل مجال: CHECK للكميات والمبالغ، enums/CHECK للحالات، UNIQUE لمفاتيح الأعمال (X1–X4) | أدوار قاعدة البيانات: مالك/مرحّل منفصل، دور تطبيق DML فقط، دور قراءة للتقارير، منع الوصول بين القواعد، حماية جداول التدقيق,AC-SEC-001-1: بافتراض controller مُركّب بلا @UseGuards(PermissionsGuard)، عندما يُشغَّل فحص CI، فإن البناء يفشل. | AC-SEC-001-2: بافتراض مسار بلا @Permissions ولا @Public، عندما يستدعيه مستخدم موثّق، فإن الرد 403. | AC-SEC-001-3: بافتراض مستخدم SUPER_ADMIN ينقص رمزه كود مطلوب، عندما يستدعي المسار، فإن الرد 403 (لا تجاوز باسم الدور). | AC-SEC-001-4: بافتراض طلب مجهول إلى /api/system-health، عندما يُرسل، فإن الرد 401.,IMPLEMENTED,PARTIAL,P1
REQ-SEC-002,اكتمال كتالوج الصلاحيات وبذره والمنح الافتراضي للأكواد الجديدة,IAM — إدارة الكتالوج,SUPER_ADMIN فقط يحمل الجديد حتى يقرر المالك,BR-SEC-03 | BR-SEC-04,apps/web/app/dashboard/roles/page.tsx,GET /api/iam/permissions (iam.permissions.read),[B] apps/iam/prisma/seed.ts (upsert 204 كودًا + SUPER_ADMIN بكل الصلاحيات)؛ [C] apps/iam/prisma/seed.ts:57-62 (181 كودًا، لا SUPER_ADMIN، استعلام username غير موجود)؛ scripts/production-migrate.sh:118-127 (RUN_IAM_SEED) [B][C],iam: Permission(code)، Role(isSystemRole)، RolePermission(isGranted),iam.permission.changed,"spec exists, not run: apps/iam/src/common/permission-catalogue.spec.ts","permissions.code فريد؛ role_permissions(role_id, permission_id) فريد مع is_granted؛ SUPER_ADMIN.isSystemRole=true يملك كل الأكواد؛ سجل migration لكل إضافة.",DAR-06 | DAR-07 | DAR-14 | DAR-16,قيود سلامة داخل كل مجال: CHECK للكميات والمبالغ، enums/CHECK للحالات، UNIQUE لمفاتيح الأعمال (X1–X4) | Outbox لكل حدث يغيّر الحالة + Inbox معاملاتي للمستهلكين + مفتاح idempotency لكل أمر كتابة | حوكمة الترحيل: expand/contract، منع تعديل migration مطبقة، بوابة checksum مقابل الإنتاج، مصفوفة توافق إصدار التطبيق مع الـschema، كشف drift | أدوار قاعدة البيانات: مالك/مرحّل منفصل، دور تطبيق DML فقط، دور قراءة للتقارير، منع الوصول بين القواعد، حماية جداول التدقيق,AC-SEC-002-1: بافتراض بيئة جديدة من الكود، عندما يُشغَّل migrate + seed، فإن كل كود في @Permissions موجود في جدول permissions. | AC-SEC-002-2: بافتراض كود جديد أُضيف بmigration، عندما تكتمل، فإن SUPER_ADMIN وحده يملكه ولا يتغير أي دور آخر. | AC-SEC-002-3: بافتراض seed يُشغَّل مرتين، عندما يكتمل، فإن عدد الصفوف لا يتغير (idempotent).,IMPLEMENTED,CONTRADICTED,P1
REQ-SEC-003,عائلات صلاحيات مخصصة للمجالات (مشتريات، رواتب، تنظيم، مبيعات ميدانية، تتبع، جودة، تصنيفات الدعم),IAM — تصميم الصلاحيات,يُمكّن فصل الحاسب عن المعتمد,BR-SEC-05,,/api/org/payroll/* (payroll.*) payroll.controller.ts:85-130؛ /api/products/batches/:id/release (products.batches.release) batches.controller.ts:34؛ /api/sales/traceability/holds/:orderId/release traceability.controller.ts:25؛ أوامر الشراء على accounting.matching.* matching.controller.ts [B][C],[C] seed.ts يفتقد org.*/payroll.*/organization.customer-gifts.* (انظر REQ-SEC-002)؛ لا procurement.* في الكود,—,—,,أكواد بنمط {domain}.{module}.{action}؛ لا كود يستعير مجالًا آخر لاعتماد مالي.,DAR-05 | DAR-11 | DAR-14 | DAR-18,ربط الدفاتر الفرعية (AR/AP/الخزينة/المخزون/الرواتب/المصروفات/العمولات) بالقيود عبر source_type/source_id ومراجع عكسية، وتسويات رقابية | تتبع شامل: correlation_id ومعرّف المستند المصدر على كل حركة وقيد، وسلسلة الدفعة الدوائية من الاستلام حتى العميل | حوكمة الترحيل: expand/contract، منع تعديل migration مطبقة، بوابة checksum مقابل الإنتاج، مصفوفة توافق إصدار التطبيق مع الـschema، كشف drift | تصنيف البيانات الحساسة والاحتفاظ والحذف: رواتب، PII، بيانات بنكية؛ سياسات احتفاظ لكل فئة,AC-SEC-003-1: بافتراض مستخدم يحمل payroll.runs.calculate فقط، عندما يعتمد مسيرًا، فإن الرد 403. | AC-SEC-003-2: بافتراض مستخدم يحمل crm.field-sales.visit.complete فقط، عندما يسجل تحصيلًا مباشرًا، فإن الرد 403 (التحصيل يتطلب accounting.payments.create). | AC-SEC-003-3: بافتراض مسار الإفراج عن تشغيلة، عندما يُفحص، فإنه يتطلب products.batches.release لا products.batches.qc.,PARTIAL,PARTIAL,P2
REQ-SEC-004,منع تصعيد الصلاحيات وحماية أدوار النظام,IAM — إدارة الأدوار,SOD-005: إدارة المستخدمين ⊥ إدارة الأدوار,BR-SEC-06 | BR-SEC-07,apps/web/app/dashboard/users/page.tsx، roles/page.tsx [B][C],PATCH /api/iam/users/:id (iam.users.update) users.controller.ts:43-47 [B][C],"apps/iam/src/common/authority.ts (assertWithinAuthority)؛ users.service.ts:90-108,237 roles.service.ts (منح/منع إعادة التسمية/الحذف) [B][C]؛ الثغرة users.service.ts:160-177 تحدّث passwordHash/status بلا فحص سلطة [B][C]",iam: Role.isSystemRole,iam.role.assigned، iam.permission.changed، iam.user.status_changed,"spec exists, not run: users.service.spec.ts، roles.service.spec.ts","user_roles(user_id, role_id) فريد؛ roles.is_system_role؛ كل تغيير مدقق (RoleAssigned/PermissionChanged CRITICAL).",DAR-06,قيود سلامة داخل كل مجال: CHECK للكميات والمبالغ، enums/CHECK للحالات، UNIQUE لمفاتيح الأعمال (X1–X4),AC-SEC-004-1: بافتراض مستخدم يحمل iam.roles.create فقط، عندما ينشئ دورًا بكود لا يملكه، فإن الرد 403 ولا يُنشأ الدور. | AC-SEC-004-2: بافتراض مستخدم يحمل iam.users.create فقط، عندما ينشئ مستخدمًا بـroleNames:[SUPER_ADMIN]، فإن الطلب يُرفض. | AC-SEC-004-3: بافتراض مستخدم يحمل iam.users.update فقط، عندما يغيّر كلمة مرور حساب SUPER_ADMIN، فإن الرد 403. | AC-SEC-004-4: بافتراض طلبين متزامنين لنزع SUPER_ADMIN من آخر حاملَين، عندما يُنفذان، فإن واحدًا على الأقل يُرفض.,PARTIAL,PARTIAL,P1
REQ-SEC-005,دورة حياة المستخدم: الإيقاف/الحذف الناعم وإعادة التعيين تلغي الجلسات فورًا,IAM — إنهاء الخدمة,—,BR-SEC-08,apps/web/app/dashboard/users/page.tsx (حذف/إيقاف),PATCH/DELETE /api/iam/users/:id,apps/iam/src/modules/users/users.service.ts:160-177 (إلغاء الجلسات عند الحالة وكلمة المرور)، :194-208 (حذف ناعم)؛ auth.service.ts (refresh يرفض غير ACTIVE) [B][C],"iam: User.status، Session(isActive, revokedAt)",iam.user.status_changed (UserStatusChanged HIGH),"spec exists, not run: users.service.spec.ts، auth.service.spec.ts","users.status ∈ {ACTIVE,SUSPENDED,DELETED} بلا حذف فعلي؛ sessions(user_id, is_active, revoked_at)؛ ربط employees.linked_user_id.",DAR-02 | DAR-16,فصل قرار الاستضافة (محلي/مُدار) عن التقسيم المنطقي، بمعايير RPO/RTO والتكلفة والقدرة التشغيلية | أدوار قاعدة البيانات: مالك/مرحّل منفصل، دور تطبيق DML فقط، دور قراءة للتقارير، منع الوصول بين القواعد، حماية جداول التدقيق,AC-SEC-005-1: بافتراض مستخدم أوقف، عندما يستدعي POST /auth/refresh، فإن الرد 401. | AC-SEC-005-2: بافتراض مستخدم حُذف، عندما يُستعلم جدول sessions، فإن كل جلساته is_active=false. | AC-SEC-005-3: بافتراض إعادة تعيين كلمة مرور من المدير، عندما يستخدم المستخدم refresh القديم، فإن الرد 401.,IMPLEMENTED,IMPLEMENTED,P2
REQ-SEC-006,سياسة كلمة المرور الجديدة (8+ حرف كبير وصغير ورقم ورمز),IAM — كلمات المرور,—,BR-SEC-09 | BR-SEC-10,apps/web/lib/password-policy.ts,POST /api/iam/users، PATCH /users/:id، POST /auth/change-password,apps/iam/src/common/validation/password-policy.ts:14-20 (طول/كبير/صغير/رقم/رمز) [B][C]؛ users.service.ts SALT_ROUNDS=12؛ لا MaxLength على كلمة المرور في DTOs (grep),User.passwordHash,—,"spec exists, not run: password-policy.spec.ts (iam وweb)",users.password_hash (bcrypt 12)؛ لا تخزين نص صريح.,,,AC-SEC-006-1: بافتراض كلمة «Password1» بلا رمز، عندما تُرسل في إنشاء مستخدم، فإن الرد 400 ويذكر الرمز الناقص. | AC-SEC-006-2: بافتراض مستخدم قديم بكلمة لا تطابق السياسة، عندما يسجل الدخول، فإن الدخول ينجح. | AC-SEC-006-3: بافتراض كلمة بطول 200 حرف، عندما تُرسل، فإن الرد 400 (حد أقصى).,IMPLEMENTED,IMPLEMENTED,P3
REQ-SEC-007,رسائل كلمة المرور الدقيقة ومؤشر القوة وعرض رسائل تحقق الخادم,IAM/UX — كلمات المرور,—,BR-SEC-09,apps/web/components/ui/password-strength.tsx؛ apps/web/app/dashboard/users/page.tsx؛ settings/security [B][C],,—,,,"spec exists, not run: apps/web/lib/password-policy.spec.ts",—,,,AC-SEC-007-1: بافتراض شاشة تغيير كلمة المرور، عندما يكتب المستخدم «abc»، فإن القائمة تعرض الشروط غير المحققة مباشرة. | AC-SEC-007-2: بافتراض رد 400 من الخادم بقائمة رسائل، عندما يُعرض، فإن كل رسالة تظهر بنصها لا «طلب غير صالح».,IMPLEMENTED,IMPLEMENTED,P4
REQ-SEC-008,إلزام تغيير كلمة المرور ونظافة بيانات المدير الأول,IAM — التهيئة الأولى,—,BR-SEC-11,apps/web/app/login/page.tsx:37-42 (توجيه mustChange) [B][C],—,packages/security/src/index.ts:54-67؛ apps/iam/src/modules/auth/strategies/jwt.strategy.ts [B][C]؛ [B] apps/iam/prisma/seed.ts:295-298 (يرمي عند متغير فارغ) + docker-compose.production.yml:206 (يمرر فارغًا)؛ [C] seed.ts:57-62 (لا ينشئ المدير، username غير موجود، SEED_ADMIN_PASSWORD لا يُضبط)؛ scripts/check-production-env.sh:147-153,User.mustChangePassword default true,—,"spec exists, not run: jwt.strategy.spec.ts",users.must_change_password؛ لا صف مستخدم بكلمة افتراضية معروفة.,DAR-05 | DAR-06,ربط الدفاتر الفرعية (AR/AP/الخزينة/المخزون/الرواتب/المصروفات/العمولات) بالقيود عبر source_type/source_id ومراجع عكسية، وتسويات رقابية | قيود سلامة داخل كل مجال: CHECK للكميات والمبالغ، enums/CHECK للحالات، UNIQUE لمفاتيح الأعمال (X1–X4),AC-SEC-008-1: بافتراض مستخدم mustChangePassword=true، عندما يستدعي أي خدمة غير IAM، فإن الرد 403 PASSWORD_CHANGE_REQUIRED. | AC-SEC-008-2: بافتراض تثبيت أول بمتغير IAM_SEED_ADMIN_INITIAL_PASSWORD فارغ، عندما يُشغَّل seed، فإنه يولّد كلمة عشوائية ولا يفشل. | AC-SEC-008-3: بافتراض ملف env إنتاج يحوي بريد البذرة، عندما يُشغَّل check-production-env.sh، فإنه يفشل.,PARTIAL,CONTRADICTED,P1
REQ-SEC-009,استرداد كلمة المرور عبر المدير والتحقق الثنائي (MFA),IAM — الاسترداد,إعادة التعيين خاضعة لفحص السلطة (REQ-SEC-004),BR-SEC-12,,PATCH /api/iam/users/:id {password},apps/iam/src/modules/users/dto/update-user.dto.ts (قرار موثق)؛ users.mfa_enabled لا يُقرأ (grep) [B][C],User.mfaEnabled غير مستخدم,,,users.mfa_enabled + سر العامل الثاني مشفّر.,DAR-06,قيود سلامة داخل كل مجال: CHECK للكميات والمبالغ، enums/CHECK للحالات، UNIQUE لمفاتيح الأعمال (X1–X4),AC-SEC-009-1: بافتراض مستخدم نسي كلمة المرور، عندما يطلب المساعدة، فإن المدير وحده يعيد التعيين ويُطلب من المستخدم تغييرها عند الدخول. | AC-SEC-009-2: بافتراض قرار بتفعيل MFA لأدوار المالية، عندما يدخل محاسب، فإنه يُطالب بعامل ثانٍ.,PARTIAL,PARTIAL,P3
REQ-SEC-010,الحماية من التخمين: حدود المعدل وقفل الحساب,IAM — الدخول,—,BR-SEC-13,,POST /api/iam/auth/login @Throttle 5/60s auth.controller.ts [B][C],apps/iam/src/modules/auth/auth.service.ts:12-15 (LOCKOUT_THRESHOLD=5، 15 دقيقة)، :96-118 (عداد غير ذري) [B][C]؛ apps/iam/src/app.module.ts:31 (60/min)؛ لا trust proxy في أي main.ts (grep),"User.failedLoginAttempts, lockedUntil",audit_logs auth.login.failed/locked,,"users.failed_login_attempts, locked_until؛ sessions.ip_address = IP العميل الحقيقي.",DAR-12 | DAR-15,سجل تدقيق: الأحداث المركزية كسجل أعمال، وسجل تعديلات داخل المعاملة مع before/after، منع التعديل بالصلاحيات، إخفاء البيانات الحساسة | نسخ احتياطي وPITR واستعادة خارج المضيف بأهداف RPO/RTO معتمدة وتمارين استعادة دورية,AC-SEC-010-1: بافتراض 5 محاولات خاطئة لنفس الحساب، عندما تأتي السادسة بكلمة صحيحة خلال 15 دقيقة، فإن الرد 423. | AC-SEC-010-2: بافتراض مستخدمين خلف نفس الوكيل، عندما يحاول مستخدم واحد 6 مرات، فإن المستخدم الآخر لا يُحجب (التتبع بـIP العميل الحقيقي). | AC-SEC-010-3: بافتراض بريد غير موجود، عندما تتكرر المحاولات، فإن الرد يبقى 401 موحدًا (لا 423).,PARTIAL,PARTIAL,P2
REQ-SEC-011,دورة حياة الجلسة والرموز: خروج خادمي، تدوير refresh، إلغاء عند تغيير كلمة المرور، أسرار JWT,IAM — الجلسات,—,BR-SEC-14 | BR-SEC-15,apps/web/components/topbar.tsx (refresh كل 10 د، logout)؛ apps/web/app/login/page.tsx:14-15 (لا تعبئة في الإنتاج) [B][C],POST /auth/refresh، /auth/logout، /auth/change-password,apps/iam/src/modules/auth/auth.service.ts:12 (REFRESH_REUSE_GRACE_MS)، :222-228 (كشف إعادة الاستخدام)، :144 expiresAt=7 أيام ثابت [B][C],"Session(refreshTokenHash, previousRefreshTokenHash, refreshRotatedAt, expiresAt)",audit_logs auth.refresh.reuse,"spec exists, not run: auth.service.spec.ts، managed-session.spec.ts","sessions(id, user_id, refresh_token_hash, previous_refresh_token_hash, is_active, expires_at, ip_address)؛ لا رموز صريحة في أي جدول.",DAR-07 | DAR-09 | DAR-13 | DAR-15 | DAR-16,Outbox لكل حدث يغيّر الحالة + Inbox معاملاتي للمستهلكين + مفتاح idempotency لكل أمر كتابة | سياسة موحدة لحالات المستندات والإلغاء والعكس والإشعارات الدائنة وقفل الفترات على مستوى الترحيل | نموذج تقارير على مرحلتين: تجميعات SQL داخل الخدمة الآن، ثم read model للتقارير عند الحاجة؛ القوائم المالية من GL فقط | نسخ احتياطي وPITR واستعادة خارج المضيف بأهداف RPO/RTO معتمدة وتمارين استعادة دورية | أدوار قاعدة البيانات: مالك/مرحّل منفصل، دور تطبيق DML فقط، دور قراءة للتقارير، منع الوصول بين القواعد، حماية جداول التدقيق,AC-SEC-011-1: بافتراض خروج المستخدم، عندما يُستخدم refresh token نفسه، فإن الرد 401. | AC-SEC-011-2: بافتراض refresh قديم أعيد استخدامه بعد 60 ثانية من التدوير، عندما يُرسل، فإن الجلسة تُلغى ويُكتب auth.refresh.reuse. | AC-SEC-011-3: بافتراض تغيير كلمة المرور، عندما تستخدم جلسة أخرى refresh، فإن الرد 401. | AC-SEC-011-4: بافتراض ?next=//evil.example، عندما يكتمل الدخول، فإن التوجيه يذهب إلى /dashboard.,IMPLEMENTED,IMPLEMENTED,P2
REQ-SEC-012,سياسة خمول الجلسة الموحدة (5/10/15/20/30 دقيقة) مع تحذير وتمديد,IAM — الجلسات المُدارة,تعديل السياسة لحامل iam.security.manage فقط,BR-SEC-16,apps/web/components/session-policy.tsx؛ app/dashboard/settings/session-policy/page.tsx [B][C],GET/PUT /api/iam/workspace/session-policy (iam.security.manage),workspace.dto.ts (@IsIn 5..30)؛ workspace.service.ts (تقصير الجلسات)؛ packages/security/src/index.ts:9-38 [B][C]؛ docker-compose.production.yml SESSION_IDLE_ENFORCEMENT افتراضي false,"SecurityPolicy(timeoutMinutes, version)؛ Session(idleExpiresAt, lastActivityAt)",—,"spec exists, not run: managed-session.spec.ts، workspace.spec.ts","security_policies(timeout_minutes ∈ {5,10,15,20,30}, version, updated_by)؛ sessions.idle_expires_at.",DAR-05 | DAR-06,ربط الدفاتر الفرعية (AR/AP/الخزينة/المخزون/الرواتب/المصروفات/العمولات) بالقيود عبر source_type/source_id ومراجع عكسية، وتسويات رقابية | قيود سلامة داخل كل مجال: CHECK للكميات والمبالغ، enums/CHECK للحالات، UNIQUE لمفاتيح الأعمال (X1–X4),AC-SEC-012-1: بافتراض سياسة 10 دقائق، عندما يبقى المستخدم خاملًا 10 دقائق، فإن الطلب التالي يُرفض 401. | AC-SEC-012-2: بافتراض تقليل المدة من 30 إلى 5، عندما تُحفظ، فإن idle_expires_at للجلسات القائمة ≤ الآن+5 دقائق. | AC-SEC-012-3: بافتراض قيمة 7 دقائق، عندما تُرسل، فإن الرد 400. | AC-SEC-012-4: بافتراض SESSION_IDLE_ENFORCEMENT=true وتوقف IAM، عندما تُستدعى خدمة المبيعات، فإن الرد 503 لا 200.,PARTIAL,PARTIAL,P2
REQ-SEC-013,زمن سريان سحب الصلاحيات وتخزين الرموز في المتصفح (ADR-7),IAM — الثقة بالرموز,—,BR-SEC-17,apps/web/app/login/page.tsx:35-36 (localStorage)؛ next.config.js CSP script-src unsafe-inline [B][C],,apps/*/src/common/guards/jwt.strategy.ts (الصلاحيات من الرمز بلا رجوع لـIAM) [B][C],,iam.permission.changed تُنشر ولا تُستهلك للإبطال,,—,DAR-02 | DAR-15,فصل قرار الاستضافة (محلي/مُدار) عن التقسيم المنطقي، بمعايير RPO/RTO والتكلفة والقدرة التشغيلية | نسخ احتياطي وPITR واستعادة خارج المضيف بأهداف RPO/RTO معتمدة وتمارين استعادة دورية,AC-SEC-013-1: بافتراض سحب صلاحية sales.orders.approve من مستخدم، عندما تمر 15 دقيقة، فإن أي طلب اعتماد يُرفض 403. | AC-SEC-013-2: بافتراض قرار نقل refresh إلى cookie، عندما يُفحص localStorage بعد الدخول، فإنه لا يحوي refreshToken.,PARTIAL,PARTIAL,P2
REQ-SEC-014,تدقيق أحداث الهوية والصلاحيات وحجب الأسرار في السجل,IAM — التدقيق,المدقق قراءة فقط,BR-SEC-18 | BR-SEC-19,,GET /api/iam/audit (iam.audit.read),"apps/*/src/common/interceptors/audit.interceptor.ts:17-24 (REDACTED_KEYS)، :39-59 (after فقط) [B][C]؛ users.service.ts:181-205,251-262 roles.service.ts (نشر الأحداث)؛ notifications-events.listener.ts يستهلك الاستدعاء للإشعار فقط لا للتجميد","iam: AuditLog(before, after, reasonCode, correlationId, ipAddress)",iam.user.created/status_changed، iam.role.assigned، iam.permission.changed,"spec exists, not run: audit.interceptor.spec.ts","audit_logs(actor_id, action, entity, entity_id, before, after, reason_code, correlation_id, ip_address, created_at) append-only.",DAR-07 | DAR-08 | DAR-11 | DAR-12 | DAR-14 | DAR-15 | DAR-17 | DAR-18,Outbox لكل حدث يغيّر الحالة + Inbox معاملاتي للمستهلكين + مفتاح idempotency لكل أمر كتابة | إطار تسويات رقابية عبر القواعد (الائتمان↔AR، المخزون↔GL، دفتر المورد↔AP، الخزينة↔GL، المبيعات↔الفواتير) | تتبع شامل: correlation_id ومعرّف المستند المصدر على كل حركة وقيد، وسلسلة الدفعة الدوائية من الاستلام حتى العميل | سجل تدقيق: الأحداث المركزية كسجل أعمال، وسجل تعديلات داخل المعاملة مع before/after، منع التعديل بالصلاحيات، إخفاء البيانات الحساسة | حوكمة الترحيل: expand/contract، منع تعديل migration مطبقة، بوابة checksum مقابل الإنتاج، مصفوفة توافق إصدار التطبيق مع الـschema، كشف drift | نسخ احتياطي وPITR واستعادة خارج المضيف بأهداف RPO/RTO معتمدة وتمارين استعادة دورية | فهارس مبنية على أنماط الاستعلام (X6–X15) مشروطة بقياسات EXPLAIN/pg_stat_statements | تصنيف البيانات الحساسة والاحتفاظ والحذف: رواتب، PII، بيانات بنكية؛ سياسات احتفاظ لكل فئة,AC-SEC-014-1: بافتراض مستخدم B يحمل iam.audit.read فقط، عندما يقرأ سجل /auth/login للمستخدم A، فإن السجل لا يحوي accessToken ولا refreshToken. | AC-SEC-014-2: بافتراض إسناد دور، عندما يكتمل، فإن حدث RoleAssigned بخطورة CRITICAL يصل للمجمع. | AC-SEC-014-3: بافتراض تعديل مستخدم، عندما يُكتب السجل، فإن قيمة before تحوي الحالة السابقة.,PARTIAL,PARTIAL,P2
REQ-SEC-015,التوقيع الإلكتروني على القرارات الحساسة (إفراج QC، اعتماد الإعدام، اعتماد السحب),اعتمادات منظمة,الموقّع ≠ منشئ الطلب,BR-SEC-20,,POST /api/iam/signatures/create|verify (iam.signatures.*) signatures.controller.ts:14-27 [B][C],apps/iam/src/modules/signatures/signatures.service.ts:12-40 (الكيان خارج الـMAC، replacer مستوى أعلى) [B][C]؛ apps/products/src/modules/batches/batches.service.ts:149 (وجود signatureId فقط؛ QC_RELEASE_REQUIRES_SIGNATURE افتراضي false)؛ لا مسار إعدام ولا توقيع سحب (grep),"iam: ElectronicSignature(userId, entityType, entityId, meaning, signatureHash)",BatchReleased,,"electronic_signatures(user_id, meaning, entity_type, entity_id, signature_hash, signed_at) غير قابل للتعديل.",DAR-12 | DAR-18,سجل تدقيق: الأحداث المركزية كسجل أعمال، وسجل تعديلات داخل المعاملة مع before/after، منع التعديل بالصلاحيات، إخفاء البيانات الحساسة | تصنيف البيانات الحساسة والاحتفاظ والحذف: رواتب، PII، بيانات بنكية؛ سياسات احتفاظ لكل فئة,AC-SEC-015-1: بافتراض QC_RELEASE_REQUIRES_SIGNATURE=true، عندما يُفرج عن تشغيلة بلا توقيع، فإن الرد 400. | AC-SEC-015-2: بافتراض توقيع لتشغيلة X، عندما يُستخدم للإفراج عن تشغيلة Y، فإن التحقق يفشل. | AC-SEC-015-3: بافتراض توقيع جديد، عندما يُطلب، فإن المستخدم يعيد إدخال كلمة المرور.,PARTIAL,PARTIAL,P2
REQ-SEC-016,تقييد الوصول على مستوى الكائن (own مقابل .any) ومنع IDOR,IAM — نطاق البيانات,الفصل بين المندوب والمدير عبر .any,BR-SEC-21 | BR-SEC-22,,,apps/sales/src/modules/orders/orders.service.ts assertOrderAccess (decide :1149 [B] / :1179 [C])؛ apps/crm/src/modules/accounts/accounts.service.ts:248-260 (credit-limit.update.any) [B]؛ accounting invoices/payments/ledger (*.read.any) [B][C]؛ لا تقييد في inventory وorganization/expenses (findAll غير مقيد),"repId = IAM user id في orders/accounts/invoices؛ AccountAssignment(repId, startsAt, endsAt)",,"spec exists, not run: apps/iam/src/common/rbac-matrix.spec.ts",كل سجل تشغيلي يحمل owner/repId (IAM user id) مفهرسًا؛ صلاحيات .any منفصلة.,DAR-03 | DAR-08 | DAR-17,ملكية بيانات صريحة ونظام سجل (SoR) لكل كيان، وتحقق المراجع بين الخدمات عند الكتابة + إسقاطات مرجعية + مطابقة دورية | إطار تسويات رقابية عبر القواعد (الائتمان↔AR، المخزون↔GL، دفتر المورد↔AP، الخزينة↔GL، المبيعات↔الفواتير) | فهارس مبنية على أنماط الاستعلام (X6–X15) مشروطة بقياسات EXPLAIN/pg_stat_statements,AC-SEC-016-1: بافتراض مندوب B وأمر O1 للمندوب A، عندما يطلب B GET/approve/ship لـO1، فإن الرد 403/404. | AC-SEC-016-2: بافتراض مدير يحمل sales.orders.approve.any، عندما يعتمد O1، فإن الطلب ينجح. | AC-SEC-016-3: بافتراض مستخدم بلا .any، عندما يستدعي قائمة الأوامر بلا فلتر، فإن النتائج أوامره فقط.,PARTIAL,PARTIAL,P2
REQ-SEC-018,هوية المندوب وربط المناديب والموظفين بحسابات IAM,IAM — ربط الهويات,—,BR-SEC-24,,GET /api/iam/users/account-assignees (crm.accounts.read),Employee.linkedUserId بلا تحقق؛ expenses/gifts employeeId = IAM user id بينما leave/payroll = Employee.id [B][C],organization: Employee.linkedUserId nullable بلا FK,,,employees.linked_user_id فريد ومرتبط منطقيًا بـusers.id؛ repId دائمًا users.id.,DAR-03 | DAR-06,ملكية بيانات صريحة ونظام سجل (SoR) لكل كيان، وتحقق المراجع بين الخدمات عند الكتابة + إسقاطات مرجعية + مطابقة دورية | قيود سلامة داخل كل مجال: CHECK للكميات والمبالغ، enums/CHECK للحالات، UNIQUE لمفاتيح الأعمال (X1–X4),AC-SEC-018-1: بافتراض استيراد عملاء بمعرّف موظف لا مستخدم، عندما يُحفظ، فإن repId يُحوّل إلى linkedUserId أو يُرفض. | AC-SEC-018-2: بافتراض إضافة مشارك بمعرّف غير موجود في IAM، عندما يُحفظ، فإن الرد 400.,PARTIAL,PARTIAL,P2
REQ-SEC-019,تجربة الحساب بلا صلاحيات وبوابات الصفحات في الواجهة,UX/IAM — الدخول الأول,—,BR-SEC-25,apps/web/app/dashboard/layout.tsx؛ components/topbar.tsx؛ lib/nav-routes.ts (analytics بلا requiredPermission) [B][C],,,,,"spec exists, not run: apps/web/lib/permission-gating.spec.ts",—,,,AC-SEC-019-1: بافتراض مستخدم بلا صلاحيات، عندما يفتح /dashboard، فإن الرسالة تظهر ولا تبويب إلا أمن الحساب. | AC-SEC-019-2: بافتراض مستخدم بلا notifications.read، عندما تُحمّل الصفحة، فإنه لا يُرسل طلب عدّاد الإشعارات.,IMPLEMENTED,IMPLEMENTED,P3
REQ-SEC-020,تبسيط شاشة الأدوار (القسم يظهر/لا يظهر) دون كسر فصل المهام,IAM — إدارة الأدوار,الاعتمادات الحساسة تبقى منفصلة,BR-SEC-26,apps/web/app/dashboard/roles/page.tsx (منح كود بكود) [B][C],,,,,,تجميع الأكواد حسب القسم مع وسم «اعتماد حساس».,DAR-18,تصنيف البيانات الحساسة والاحتفاظ والحذف: رواتب، PII، بيانات بنكية؛ سياسات احتفاظ لكل فئة,AC-SEC-020-1: بافتراض تفعيل «المشتريات يظهر» لدور، عندما يُحفظ، فإن الدور لا يحصل على accounting.matching.approve إلا بخيار متقدم صريح.,NOT_IMPLEMENTED,NOT_IMPLEMENTED,P4
REQ-SEC-021,حوكمة تعديل الصلاحيات: لا تخمين لحل 403، لا إضعاف، والتعارضات تُرفع للمالك,حوكمة IAM,المنح عبر مراجعة,BR-SEC-27,,,إجراء تشغيلي؛ الحد التقني PermissionsGuard fail-closed (REQ-SEC-001),,PermissionChanged,,سجل منح: من، لمن، أي كود، السبب، المرجع.,DAR-03 | DAR-15,ملكية بيانات صريحة ونظام سجل (SoR) لكل كيان، وتحقق المراجع بين الخدمات عند الكتابة + إسقاطات مرجعية + مطابقة دورية | نسخ احتياطي وPITR واستعادة خارج المضيف بأهداف RPO/RTO معتمدة وتمارين استعادة دورية,AC-SEC-021-1: بافتراض بلاغ 403 بلا اسم مستخدم وشاشة، عندما يُستلم، فإنه لا يُغيَّر أي دور ويُطلب البيان. | AC-SEC-021-2: بافتراض منح صلاحية، عندما يكتمل، فإن سجل PermissionChanged يحمل الفاعل والسبب.,NOT_APPLICABLE,NOT_APPLICABLE,P3
REQ-SEC-022,حوكمة الاستيراد والعمليات الجماعية على الصلاحيات,استيراد البيانات,—,BR-SEC-28,apps/web/app/dashboard/price-lists/page.tsx:494 (زر الاستيراد خلف products.products.import) [B][C],[B] price-lists.controller.ts:38 = products.products.import؛ [C] :66 = products.price-lists.manage,,,,,سجل عمليات جماعية (BulkOperationCompleted) بالفاعل والعدد والملف.,DAR-20,ترحيل البيانات الافتتاحية وتاريخ القطع: دفعة افتتاحية معتمدة بتوقيع وhash، قيود افتتاحية بتاريخ القطع,AC-SEC-022-1: بافتراض مستخدم بلا products.price-lists.manage، عندما يستورد أسعار قائمة، فإن الرد 403 والزر غير ظاهر. | AC-SEC-022-2: بافتراض سكربت استيراد مباشر، عندما يُشغّل، فإن سجل تشغيل يُكتب بالفاعل والعدد.,PARTIAL,PARTIAL,P3
REQ-SEC-023,واجهة إدارة الهوية: إسناد الأدوار، تقييم SoD، التوقيع، سجل تدقيق IAM، تغيير كلمة المرور,IAM — الواجهة,تقييم SoD قبل الإسناد,,apps/web/app/dashboard/users/page.tsx (sodEvaluate، إنشاء بلا اختيار أدوار)؛ roles/page.tsx (الإسناد)؛ settings/security [B][C],POST/DELETE /api/iam/users/:id/roles؛ GET /api/iam/sod/evaluate؛ GET /api/iam/audit,,,,,—,DAR-12,سجل تدقيق: الأحداث المركزية كسجل أعمال، وسجل تعديلات داخل المعاملة مع before/after، منع التعديل بالصلاحيات، إخفاء البيانات الحساسة,AC-SEC-023-1: بافتراض مسؤول IAM، عندما يفتح ملف مستخدم، فإنه يسند/يزيل دورًا ويرى تقييم التعارض قبل الحفظ. | AC-SEC-023-2: بافتراض حامل iam.audit.read، عندما يفتح سجل تدقيق IAM، فإنه يرى أحداث المستخدمين والأدوار مفلترة.,PARTIAL,PARTIAL,P3
REQ-SEC-024,أدوار الشخصيات (personas) ومصفوفة التركيبات السامة وفرضها عند الإسناد,SoD عبر العمليات,جوهر المتطلب,BR-SEC-29 | BR-SEC-30,apps/web/app/dashboard/users/page.tsx (تقييم استشاري),GET /api/iam/sod/rules|scan|evaluate sod.controller.ts [B][C],"apps/iam/src/modules/sod/sod-matrix.ts (8 قواعد SOD-001..008، متطابق B/C)؛ sod.service.ts:44,58 (assertNoToxicConflict/assertNotSelfApproval بلا مستدعين خارج الوحدة)؛ أكواد غير موجودة في الكتالوج: accounting.payments.approve، sales.credit.override، sales.discounts.apply، organization.expenses.create|approve، iam.roles.manage، iam.users.manage؛ seed يبذر SUPER_ADMIN فقط [B] ولا دور [C]","iam: Role, UserRole",,"spec exists, not run: sod.service.spec.ts، rbac-matrix.spec.ts (أدوار اختبارية فقط)","sod_rules(id, permission_a, permission_b, mode{BLOCK,WARN}) بأكواد موجودة؛ sod_exceptions(user_id, rule_id, approved_by, reason, expires_at).",DAR-05 | DAR-06 | DAR-08 | DAR-09 | DAR-18,ربط الدفاتر الفرعية (AR/AP/الخزينة/المخزون/الرواتب/المصروفات/العمولات) بالقيود عبر source_type/source_id ومراجع عكسية، وتسويات رقابية | قيود سلامة داخل كل مجال: CHECK للكميات والمبالغ، enums/CHECK للحالات، UNIQUE لمفاتيح الأعمال (X1–X4) | إطار تسويات رقابية عبر القواعد (الائتمان↔AR، المخزون↔GL، دفتر المورد↔AP، الخزينة↔GL، المبيعات↔الفواتير) | سياسة موحدة لحالات المستندات والإلغاء والعكس والإشعارات الدائنة وقفل الفترات على مستوى الترحيل | تصنيف البيانات الحساسة والاحتفاظ والحذف: رواتب، PII، بيانات بنكية؛ سياسات احتفاظ لكل فئة,AC-SEC-024-1: بافتراض دور يحمل accounting.matching.manage وaccounting.matching.approve، عندما يُسند لمستخدم، فإن الإسناد يُمنع أو يتطلب استثناء موثقًا حسب القرار. | AC-SEC-024-2: بافتراض فحص /sod/scan، عندما يُشغّل، فإن كل كود في المصفوفة موجود في الكتالوج (لا قاعدة ميتة). | AC-SEC-024-3: بافتراض بيئة إنتاج، عندما تُستعرض الأدوار، فإن أدوار الشخصيات المعتمدة موجودة وليست SUPER_ADMIN فقط.,PARTIAL,PARTIAL,P1
REQ-SEC-025,منع الاعتماد الذاتي (maker-checker) على مستوى المعاملة ورفض المنشئ المجهول,SoD عبر العمليات,أساس maker-checker,BR-SEC-31 | BR-SEC-32,,,"accounting matching.service.ts:198-208,649-658 [B] / :232-240,689-698 [C]؛ sales orders.service.ts:1189-1197 [B] / :1219 [C] (يُعفى SUPER_ADMIN و.any)؛ returns.service.ts:310-321 [B][C]؛ organization expenses.service.ts:99-104,130-135، customer-gifts.service.ts:106-110، payroll.service.ts:356-359 (استثناء SUPER_ADMIN) [B][C]؛ crm operations.service.ts:585-586 [B][C]؛ لا فحص: attendance.service.ts:170-203، incentives ledger.service.ts:95-99، [C] general-ledger.service.ts:88-90",createdById/approvedBy/calculatedBy/requestedBy/decidedBy,,"spec exists, not run: matching/returns/payroll specs",كل كيان قابل للاعتماد يحمل created_by NOT NULL وapproved_by/decided_by وdecided_at وreason مع قيد approved_by <> created_by حيث ينطبق.,DAR-04 | DAR-05 | DAR-06 | DAR-08,دفتر أستاذ عام موحد واحد داخل nile_accounting: جدولا قيود بشكل واحد، محرك ترحيل واحد، قواعد ترحيل (posting rules) وحسابات رقابية للدفاتر الفرعية | ربط الدفاتر الفرعية (AR/AP/الخزينة/المخزون/الرواتب/المصروفات/العمولات) بالقيود عبر source_type/source_id ومراجع عكسية، وتسويات رقابية | قيود سلامة داخل كل مجال: CHECK للكميات والمبالغ، enums/CHECK للحالات، UNIQUE لمفاتيح الأعمال (X1–X4) | إطار تسويات رقابية عبر القواعد (الائتمان↔AR، المخزون↔GL، دفتر المورد↔AP، الخزينة↔GL، المبيعات↔الفواتير),AC-SEC-025-1: بافتراض أمر شراء أنشأه X، عندما يعتمده X، فإن الرد 403 ولا تتغير الحالة. | AC-SEC-025-2: بافتراض أمر شراء createdById فارغ، عندما يُعتمد، فإن الرد 403. | AC-SEC-025-3: بافتراض مسير رواتب حسبه SUPER_ADMIN، عندما يعتمده نفس المستخدم، فإن السلوك يطابق قرار DEC-SEC-09.,PARTIAL,PARTIAL,P1
REQ-SEC-028,تجاوز الحجز الائتماني وتعديل حد الائتمان قرار المدير,O2C — الائتمان,SOD-002,BR-SEC-35,,POST /api/sales/orders/:id/credit-override (sales.orders.credit-hold.override)؛ PATCH /api/crm/accounts/:id/credit-limit (crm.accounts.credit-limit.update),apps/sales/src/modules/orders/orders.service.ts:1130-1134 [B] (سبب)، :1133 [B]/:1163 [C] assertIndependentReviewer؛ apps/crm/src/modules/accounts/accounts.service.ts:248-260 (المندوب يعدّل حد عملائه بدون .any),,,,"credit_limit_changes(account_id, old, new, actor, reason)؛ credit_overrides(order_id, actor, reason).",DAR-06,قيود سلامة داخل كل مجال: CHECK للكميات والمبالغ، enums/CHECK للحالات، UNIQUE لمفاتيح الأعمال (X1–X4),AC-SEC-028-1: بافتراض مندوب أنشأ أمرًا موقوفًا ائتمانيًا، عندما يحاول تجاوزه، فإن الرد 403. | AC-SEC-028-2: بافتراض مندوب يحمل crm.accounts.credit-limit.update، عندما يعدّل حد عميله، فإن الرد 403 ما لم يكن مدير ائتمان. | AC-SEC-028-3: بافتراض تجاوز بلا سبب، عندما يُرسل، فإن الرد 400.,PARTIAL,PARTIAL,P1
REQ-SEC-033,استثناء الحد بالعلب بموافقة مسؤول في حالات محددة,O2C — حدود الكمية,الطالب ⊥ الموافق,BR-SEC-39,,,لا حد بالعلب في المبيعات (GOV-05) [B][C],,,,"box_limit_overrides(order_id, approved_by, reason).",,,AC-SEC-033-1: بافتراض أمر يتجاوز الحد بالعلب، عندما يُنشأ، فإنه ينتظر موافقة المسؤول المحدد.,NOT_IMPLEMENTED,NOT_IMPLEMENTED,P2
REQ-SEC-036,اعتماد الإعدام بصلاحية مخصصة وتوقيع إلكتروني,المخزون/الجودة — الإعدام,الطالب ⊥ المعتمد,BR-SEC-20 | BR-SEC-38,,,لا inventory.disposal.approve ولا DISPOSAL_APPROVAL (grep) [B][C]؛ disposal-candidates job يرسل إشعارًا فقط,,,,"disposals(batch_id, qty, requested_by, approvals[], signature_ids[]).",DAR-12,سجل تدقيق: الأحداث المركزية كسجل أعمال، وسجل تعديلات داخل المعاملة مع before/after، منع التعديل بالصلاحيات، إخفاء البيانات الحساسة,AC-SEC-036-1: بافتراض طلب إعدام بلا توقيع، عندما يُعتمد، فإن الرد 400 ولا تتحرك الكمية.,NOT_IMPLEMENTED,NOT_IMPLEMENTED,P1
REQ-SEC-037,التحويلات المخزنية بلا اعتماد (قرار تصميم) ونمط الاعتماد للعمليات المزيلة للقيمة,المخزون — التحويل,التسوية الكبيرة: الطالب بلا large ⊥ المعتمد بـlarge,BR-SEC-42,,POST /api/inventory/transactions/adjustment-requests/:id/approve|reject (inventory.adjustments.large.create) transactions.controller.ts:44-49,apps/inventory/src/modules/transactions/transactions.service.ts:242-247 (طلب)، :274-279 (اعتماد ذري بلا فحص الطالب≠المعتمد) [B][C],,,,"adjustment_requests(requested_by, decided_by, status) مع decided_by <> requested_by.",DAR-18,تصنيف البيانات الحساسة والاحتفاظ والحذف: رواتب، PII، بيانات بنكية؛ سياسات احتفاظ لكل فئة,AC-SEC-037-1: بافتراض تحويل بين مخزنين، عندما يُنفذ، فإنه لا ينتظر اعتمادًا. | AC-SEC-037-2: بافتراض تسوية نقص كبيرة من مستخدم بلا large.create، عندما تُرسل، فإنها تصبح طلبًا PENDING.,IMPLEMENTED,IMPLEMENTED,P2
REQ-SEC-038,المقترحات الميدانية (طلب/تحصيل) ومراجعة استثناء GPS بمراجع مستقل,الميدان — المقترحات,المقترح ⊥ المعتمد؛ المندوب/مسجّل الدخول والخروج ⊥ مراجع GPS,BR-SEC-43,,POST /api/crm/field-operations/proposals/:id/review|convert، visits/:id/gps-review (crm.field-sales.review),apps/crm/src/modules/field-operations/operations.service.ts:338-341 (GPS مستقل)، :585-597 (المقترح) [B][C],"crm: FieldProposal(kind, createdBy, status, version)",,,"field_proposals(kind, created_by, reviewed_by, confirmation_ref, status, version).",DAR-05 | DAR-12,ربط الدفاتر الفرعية (AR/AP/الخزينة/المخزون/الرواتب/المصروفات/العمولات) بالقيود عبر source_type/source_id ومراجع عكسية، وتسويات رقابية | سجل تدقيق: الأحداث المركزية كسجل أعمال، وسجل تعديلات داخل المعاملة مع before/after، منع التعديل بالصلاحيات، إخفاء البيانات الحساسة,AC-SEC-038-1: بافتراض مقترح أنشأه المندوب، عندما يراجعه بنفسه، فإن الرد 403. | AC-SEC-038-2: بافتراض اعتماد مقترح تحصيل بلا مرجع استلام المال، عندما يُرسل، فإن الرد 400. | AC-SEC-038-3: بافتراض مراجعة GPS من المندوب نفسه، عندما تُرسل، فإن الرد 403.,IMPLEMENTED,IMPLEMENTED,P3
REQ-SEC-039,اعتماد الرواتب سجل مستقل قابل للتدقيق وفصل الحاسب عن المعتمد,HR — الرواتب,الحاسب ⊥ المعتمد,BR-SEC-44,,POST /api/org/payroll/runs/:id/approve|reject (payroll.runs.approve)، finalize/mark-paid (payroll.runs.finalize) payroll.controller.ts:96-124,apps/organization/src/modules/payroll/payroll.service.ts:356-359 (استثناء SUPER_ADMIN)، :437-458 (تعديل netPay بعد الإقفال) [B][C],organization: PayrollApproval,,,"payroll_approvals(run_id, approver_id, decision, reason, decided_at)؛ payroll_adjustments بدل تعديل entries.",DAR-05 | DAR-08 | DAR-09 | DAR-12 | DAR-18,ربط الدفاتر الفرعية (AR/AP/الخزينة/المخزون/الرواتب/المصروفات/العمولات) بالقيود عبر source_type/source_id ومراجع عكسية، وتسويات رقابية | إطار تسويات رقابية عبر القواعد (الائتمان↔AR، المخزون↔GL، دفتر المورد↔AP، الخزينة↔GL، المبيعات↔الفواتير) | سياسة موحدة لحالات المستندات والإلغاء والعكس والإشعارات الدائنة وقفل الفترات على مستوى الترحيل | سجل تدقيق: الأحداث المركزية كسجل أعمال، وسجل تعديلات داخل المعاملة مع before/after، منع التعديل بالصلاحيات، إخفاء البيانات الحساسة | تصنيف البيانات الحساسة والاحتفاظ والحذف: رواتب، PII، بيانات بنكية؛ سياسات احتفاظ لكل فئة,AC-SEC-039-1: بافتراض مسير حسبه X، عندما يعتمده X، فإن الرد 403 (بما فيه SUPER_ADMIN حسب القرار). | AC-SEC-039-2: بافتراض مسير FINALIZED، عندما يُعدَّل بند، فإن netPay الأصلي لا يتغير ويُنشأ صف تسوية.,PARTIAL,PARTIAL,P1
REQ-SEC-040,فصل صلاحيات الخزينة: عرض/تحريك/عدّ,الخزينة,manage ⊥ reconcile,BR-SEC-45,,/api/accounting/financial-accounts (read/manage/reconcile) [B][C] (api-inventory.csv),لا فحص على مستوى المعاملة بين مسجل الحركات والعادّ (grep في financial-accounts) [B][C],,,,"financial_account_entries.actor_id؛ reconciliations(counted_by, reviewed_by).",DAR-05 | DAR-08,ربط الدفاتر الفرعية (AR/AP/الخزينة/المخزون/الرواتب/المصروفات/العمولات) بالقيود عبر source_type/source_id ومراجع عكسية، وتسويات رقابية | إطار تسويات رقابية عبر القواعد (الائتمان↔AR، المخزون↔GL، دفتر المورد↔AP، الخزينة↔GL، المبيعات↔الفواتير),AC-SEC-040-1: بافتراض مستخدم يحمل manage فقط، عندما يسجل مطابقة عدّ، فإن الرد 403. | AC-SEC-040-2: بافتراض مستخدم سجّل حركات اليوم، عندما يعتمد عدّ نفس الخزنة، فإن النظام يمنعه أو يطلب مراجعًا ثانيًا.,PARTIAL,PARTIAL,P2
REQ-SEC-041,فصل إصدار الفاتورة عن تسجيل التحصيل,O2C — الفوترة والتحصيل,الفوترة ⊥ التحصيل (اختياري حسب الأدوار),BR-SEC-46,,invoices.controller.ts (accounting.invoices.create)، payments.controller.ts:53 (accounting.payments.create) [B][C],,,,,—,DAR-05,ربط الدفاتر الفرعية (AR/AP/الخزينة/المخزون/الرواتب/المصروفات/العمولات) بالقيود عبر source_type/source_id ومراجع عكسية، وتسويات رقابية,AC-SEC-041-1: بافتراض مستخدم يحمل accounting.payments.create فقط، عندما يصدر فاتورة، فإن الرد 403.,IMPLEMENTED,IMPLEMENTED,P3
REQ-SEC-044,صندوق «المعلّق عليّ» للاعتمادات عبر العمليات,الاعتمادات — الواجهة,يستبعد ما أنشأه المستخدم,BR-SEC-31,apps/web/app/dashboard/tasks/page.tsx,BFF apps/web/app/api/tasks/route.ts:101-116 (طوابير متعددة) [B][C],,,,,—,DAR-05 | DAR-08,ربط الدفاتر الفرعية (AR/AP/الخزينة/المخزون/الرواتب/المصروفات/العمولات) بالقيود عبر source_type/source_id ومراجع عكسية، وتسويات رقابية | إطار تسويات رقابية عبر القواعد (الائتمان↔AR، المخزون↔GL، دفتر المورد↔AP، الخزينة↔GL، المبيعات↔الفواتير),AC-SEC-044-1: بافتراض أمر بانتظار اعتماد أنشأه المستخدم نفسه، عندما يفتح الصندوق، فإنه لا يظهر له كقابل للاعتماد. | AC-SEC-044-2: بافتراض 250 طلبًا معلقًا، عندما يُعرض العدد، فإنه 250 لا 200.,PARTIAL,PARTIAL,P3
REQ-SEC-045,تفويض الاستعادة من النسخ الاحتياطي بمعتمد مسمّى,التشغيل — الاستعادة,معتمدان لاستعادة قاعدة مالية,BR-SEC-48,,,docs/runbooks/disaster-recovery.md:74-85 (إجراء موثق؛ لا دليل تنفيذ),,,,"restore_authorizations(scenario, approvers[], reason, at).",DAR-13 | DAR-15,نموذج تقارير على مرحلتين: تجميعات SQL داخل الخدمة الآن، ثم read model للتقارير عند الحاجة؛ القوائم المالية من GL فقط | نسخ احتياطي وPITR واستعادة خارج المضيف بأهداف RPO/RTO معتمدة وتمارين استعادة دورية,AC-SEC-045-1: بافتراض طلب استعادة قاعدة المحاسبة، عندما يُنفذ، فإن سجل التفويض يحمل اسمي قائد الهندسة ومسؤول المالية.,NOT_VERIFIED,NOT_VERIFIED,P2
REQ-SEC-046,تدقيق قرارات الاعتماد: سبب إلزامي للرفض وذرية الحالة وسجل الاعتماد,الاعتمادات — التدقيق,—,BR-SEC-49,,POST /api/sales/orders/:id/reject @Body(reason?) orders.controller.ts:177-185 [B] (السبب اختياري),apps/sales/src/modules/orders/orders.service.ts:1147-1182 [B] (updateMany ثم upsert خارج معاملة؛ rejection_reason افتراضي «rejected»)؛ matching reject بسبب إلزامي؛ payroll reject بسبب,,OrderRejected، AdjustmentDecided,,"approval_decisions(entity, entity_id, decision, reason NOT NULL عند الرفض, actor, at) في نفس معاملة تغيير الحالة.",DAR-12 | DAR-14,سجل تدقيق: الأحداث المركزية كسجل أعمال، وسجل تعديلات داخل المعاملة مع before/after، منع التعديل بالصلاحيات، إخفاء البيانات الحساسة | حوكمة الترحيل: expand/contract، منع تعديل migration مطبقة، بوابة checksum مقابل الإنتاج، مصفوفة توافق إصدار التطبيق مع الـschema، كشف drift,AC-SEC-046-1: بافتراض رفض أمر بلا سبب، عندما يُرسل، فإن الرد 400. | AC-SEC-046-2: بافتراض فشل كتابة OrderApproval، عندما يحدث، فإن حالة الأمر لا تتغير.,PARTIAL,PARTIAL,P2
REQ-SEC-047,مركز إشعارات داخل النظام كقناة أولى لمستخدمي النظام,الإشعارات,—,BR-SEC-50,apps/web/app/dashboard/notifications/page.tsx، settings/notifications/page.tsx (ليست PlaceholderPage) [B][C],/api/iam/notifications* notifications.controller.ts:46-84 [B][C],apps/iam/src/modules/notifications/notifications.service.ts:43-64 (TYPE_CATALOGUE)، :70+ (resolveType) [B][C],"iam: Notification(status, retryCount, lastError, providerMessageId, sentAt)",,"spec exists, not run: notifications.service.spec.ts","notifications(recipient_id, type ∈ catalogue, category, status, read_at, created_at).",,,AC-SEC-047-1: بافتراض نوع غير موجود في TYPE_CATALOGUE، عندما يُرسل إشعار، فإن الرد 400. | AC-SEC-047-2: بافتراض إشعار جديد، عندما يفتح المستخدم أي شاشة، فإن عدّاد الجرس يزيد بواحد. | AC-SEC-047-3: بافتراض تعليم الكل كمقروء، عندما يكتمل، فإن العدّاد صفر.,IMPLEMENTED,IMPLEMENTED,P3
REQ-SEC-048,فصل الإشعار التشغيلي عن التسويقي والموافقة (opt-in) والمتطلبات التنظيمية للقنوات الخارجية,الإشعارات,—,BR-SEC-51,,,notifications.service.ts:206-217 (marketingOptIn على المستخدم) [B][C],iam: User.marketingOptIn؛ لا حقل موافقة على العميل في CRM,,,"customer_contact_consents(account_id, channel, category, granted_at, source).",DAR-16,أدوار قاعدة البيانات: مالك/مرحّل منفصل، دور تطبيق DML فقط، دور قراءة للتقارير، منع الوصول بين القواعد، حماية جداول التدقيق,AC-SEC-048-1: بافتراض مستخدم marketingOptIn=false، عندما يُرسل إعلان تسويقي، فإنه لا يصله. | AC-SEC-048-2: بافتراض إشعار حجز ائتماني (تشغيلي)، عندما يُرسل، فإنه يصل للجميع بغض النظر عن التفضيل. | AC-SEC-048-3: بافتراض عميل بلا تاريخ موافقة، عندما يُطلب له إرسال تسويقي خارجي، فإنه يُستبعد.,PARTIAL,PARTIAL,P3
REQ-SEC-049,صلاحيات الإرسال الفردي والجماعي وعزل صندوق المستخدم,الإشعارات,bulk منفصلة,BR-SEC-52,,POST /api/iam/notifications (send)، /broadcast (bulk.send) notifications.controller.ts:62-84 [B][C],,,,"spec exists, not run: notifications.service.spec.ts",—,DAR-04,دفتر أستاذ عام موحد واحد داخل nile_accounting: جدولا قيود بشكل واحد، محرك ترحيل واحد، قواعد ترحيل (posting rules) وحسابات رقابية للدفاتر الفرعية,AC-SEC-049-1: بافتراض حامل notifications.send فقط، عندما يرسل للكل، فإن الرد 403. | AC-SEC-049-2: بافتراض مستخدم يطلب إشعار غيره بمعرّفه، عندما يُرسل، فإن الرد 404.,IMPLEMENTED,IMPLEMENTED,P3
REQ-SEC-050,إشعارات العملاء عبر قنوات خارجية (واتساب/SMS/بريد) بعد قرار المزوّد ومقارنة التكلفة,الإشعارات — العملاء,—,BR-SEC-51 | BR-SEC-53,,,apps/iam/src/modules/notifications/notification-dispatcher.service.ts + channels/ (SMS HTTP، WhatsApp) معطلة افتراضيًا [B][C]؛ لا مستلمين من العملاء,,,,"notification_channels(config مشفّر)؛ notifications.recipient_type {USER,CUSTOMER}.",DAR-19,تقييم المخزون ودفتر المخزون: طبقات تكلفة تغطي كل الحركات (أو متوسط مرجح)، استهلاك مسجل، ربط بـGL,AC-SEC-050-1: بافتراض لا مزوّد معتمد، عندما يُطلب إرسال لعميل، فإن الواجهة لا تعرض القناة الخارجية. | AC-SEC-050-2: بافتراض قناة واتساب مفعّلة، عندما يُرسل قالب غير معتمد خارج نافذة 24 ساعة، فإن الإرسال يُرفض ويُسجل السبب.,PARTIAL,PARTIAL,P3
REQ-SEC-051,موثوقية موزّع الإرسال الخارجي وWebhook حالات التسليم,الإشعارات — الإرسال,—,BR-SEC-54,,,notification-dispatcher.service.ts [B][C]؛ لا مسار webhook في notifications.controller.ts,,,"spec exists, not run: notification-dispatcher.service.spec.ts",notifications(provider_message_id unique، retry_count، last_error، sent_at).,DAR-06 | DAR-07 | DAR-15,قيود سلامة داخل كل مجال: CHECK للكميات والمبالغ، enums/CHECK للحالات، UNIQUE لمفاتيح الأعمال (X1–X4) | Outbox لكل حدث يغيّر الحالة + Inbox معاملاتي للمستهلكين + مفتاح idempotency لكل أمر كتابة | نسخ احتياطي وPITR واستعادة خارج المضيف بأهداف RPO/RTO معتمدة وتمارين استعادة دورية,AC-SEC-051-1: بافتراض نسختين من الموزّع، عندما تعالجان نفس الصف، فإن الرسالة تُرسل مرة واحدة. | AC-SEC-051-2: بافتراض رد 429 ثلاث مرات، عندما تكتمل المحاولات، فإن الحالة FAILED وlastError مسجل. | AC-SEC-051-3: بافتراض Webhook بحالة delivered، عندما يصل، فإن الصف يُحدّث.,PARTIAL,PARTIAL,P3
REQ-SEC-052,إشعارات مبنية على الأحداث وتوجيه المستلمين بالصلاحية,الإشعارات — الأحداث,يوجّه الاعتماد لمن يملكه,BR-SEC-55,,,apps/iam/src/modules/notifications/notifications-events.listener.ts:47-141 (ROUTES)، :161-174 [B][C متطابق]؛ packages/scheduler/src/scheduler.service.ts؛ jobs: stale-reservations، disposal-candidates، expire-batches، near-expiry-digest، fx-rate-reminder,,يستهلك 10 أنواع,"spec exists, not run: notifications-events.listener.spec.ts","processed_events(event_id) في نفس معاملة الإدراج؛ job_runs(name, status, started_at, finished_at).",DAR-05 | DAR-07 | DAR-11,ربط الدفاتر الفرعية (AR/AP/الخزينة/المخزون/الرواتب/المصروفات/العمولات) بالقيود عبر source_type/source_id ومراجع عكسية، وتسويات رقابية | Outbox لكل حدث يغيّر الحالة + Inbox معاملاتي للمستهلكين + مفتاح idempotency لكل أمر كتابة | تتبع شامل: correlation_id ومعرّف المستند المصدر على كل حركة وقيد، وسلسلة الدفعة الدوائية من الاستلام حتى العميل,AC-SEC-052-1: بافتراض حدث مرتجع جديد، عندما يُستهلك، فإن حاملي sales.returns.approve والمندوب صاحب المرتجع يتلقون إشعارًا. | AC-SEC-052-2: بافتراض نفس الحدث مرتين، عندما يُستهلك، فإن إشعارًا واحدًا يُنشأ. | AC-SEC-052-3: بافتراض لا أحد يحمل الصلاحية، عندما يُستهلك الحدث، فإنه يُسجل تحذير «no one notified».,IMPLEMENTED,IMPLEMENTED,P2
REQ-SEC-053,تنبيهات مجدولة للمجالات (استيراد، أسعار صرف، أوراق مالية، شحنات، تراخيص، متابعون),الإشعارات — التنبيهات,—,BR-SEC-56,,,apps/accounting/src/modules/jobs/fx-jobs.ts:27 (fx-rate-reminder) [B][C]؛ لا مهام للأوراق المالية أو الشحنات أو التراخيص (grep name:)؛ متابعو التذاكر بلا إشعار,,,,"job_runs؛ مفتاح idempotency لكل تنبيه (entity, transition).",DAR-07 | DAR-09 | DAR-10 | DAR-20,Outbox لكل حدث يغيّر الحالة + Inbox معاملاتي للمستهلكين + مفتاح idempotency لكل أمر كتابة | سياسة موحدة لحالات المستندات والإلغاء والعكس والإشعارات الدائنة وقفل الفترات على مستوى الترحيل | العملات والدقة والتقريب والترقيم: عملة على كل مستند مالي، دقة موحدة لأسعار الصرف، قاعدة تقريب واحدة Decimal، ترقيم تسلسلي لكل سلسلة داخل المعاملة | ترحيل البيانات الافتتاحية وتاريخ القطع: دفعة افتتاحية معتمدة بتوقيع وhash، قيود افتتاحية بتاريخ القطع,AC-SEC-053-1: بافتراض لا سعر صرف مسجل منذ 4 أيام عمل، عندما تعمل مهمة 09:00، فإن حاملي accounting.payments.update يتلقون finance.fx_stale. | AC-SEC-053-2: بافتراض شيك يستحق بعد يومين، عندما تعمل مهمة 08:00، فإن المسؤول يتلقى تنبيهًا مرة واحدة.,PARTIAL,PARTIAL,P3
REQ-SEC-054,تفضيلات الإشعارات لكل نوع وقناة وWeb Push,الإشعارات,—,,,PATCH /api/iam/notifications/preferences (marketingOptIn فقط) [B][C],,,,,"notification_preferences(user_id, type, channel, enabled).",,,AC-SEC-054-1: بافتراض مستخدم أوقف نوعًا تسويقيًا، عندما يُرسل، فإنه لا يصله. | AC-SEC-054-2: بافتراض اعتماد معلق والمتصفح مغلق، عندما يُنشأ، فإن إشعار Push يصل.,NOT_IMPLEMENTED,NOT_IMPLEMENTED,P4
REQ-SEC-055,المساعد الذكي: قراءة وتفسير وتنقل بلا SQL ولا ترحيل في هذا المستوى,المساعد الذكي,—,BR-SEC-57,apps/web/app/dashboard/copilot [B][C],POST /api/iam/workspace/copilot (copilot.read) workspace.controller.ts:80,apps/iam/src/modules/workspace/copilot.service.ts [B][C],,,,—,DAR-04,دفتر أستاذ عام موحد واحد داخل nile_accounting: جدولا قيود بشكل واحد، محرك ترحيل واحد، قواعد ترحيل (posting rules) وحسابات رقابية للدفاتر الفرعية,AC-SEC-055-1: بافتراض سؤال «احذف الفاتورة X»، عندما يُرسل، فإن المساعد لا ينفذ ويقترح الشاشة المناسبة فقط. | AC-SEC-055-2: بافتراض مستخدم بلا accounting.invoices.read، عندما يسأل عن الفواتير، فإن الرد لا يقترح مسار الفواتير.,IMPLEMENTED,IMPLEMENTED,P3
REQ-SEC-056,المساعد الذكي: إجراءات بعد تأكيد صريح بأدوات مسودة→تأكيد→تنفيذ وفحص صلاحية لكل أداة,المساعد الذكي — الأدوات,التأكيد ليس اعتمادًا ولا يعفي SoD,BR-SEC-58 | BR-SEC-59,,POST /api/iam/workspace/copilot/tools/draft|execute (copilot.read) workspace.controller.ts:108-123,apps/iam/src/modules/workspace/copilot-tools.service.ts:19 (DRAFT_TTL 5 د)، :113 (Map في الذاكرة)؛ copilot-tools.registry.ts (8 أدوات [B] / 10 [C]؛ finance.payment.record FINANCIAL requiresConfirmation)؛ copilot-tool-handlers.service.ts:38-43 (handlers موصولة بتوكن المستخدم) [B][C],,,"spec exists, not run: copilot-tools.service.spec.ts، copilot-tool-handlers.service.spec.ts","ai_confirmations(token_hash, tool, actor, input_hash, expires_at, used_at) في مخزن مشترك.",DAR-03 | DAR-04 | DAR-05 | DAR-15,ملكية بيانات صريحة ونظام سجل (SoR) لكل كيان، وتحقق المراجع بين الخدمات عند الكتابة + إسقاطات مرجعية + مطابقة دورية | دفتر أستاذ عام موحد واحد داخل nile_accounting: جدولا قيود بشكل واحد، محرك ترحيل واحد، قواعد ترحيل (posting rules) وحسابات رقابية للدفاتر الفرعية | ربط الدفاتر الفرعية (AR/AP/الخزينة/المخزون/الرواتب/المصروفات/العمولات) بالقيود عبر source_type/source_id ومراجع عكسية، وتسويات رقابية | نسخ احتياطي وPITR واستعادة خارج المضيف بأهداف RPO/RTO معتمدة وتمارين استعادة دورية,AC-SEC-056-1: بافتراض مسودة دفعة، عندما يُرسل execute بمبلغ مختلف، فإن الرد 409. | AC-SEC-056-2: بافتراض رمز تأكيد عمره 6 دقائق، عندما يُستخدم، فإن الرد 410/409. | AC-SEC-056-3: بافتراض مستخدم بلا accounting.payments.create، عندما يطلب أداة تسجيل الدفعة، فإن الرد 403. | AC-SEC-056-4: بافتراض إعادة تشغيل الخدمة بين draft وexecute، عندما يُنفذ، فإن السلوك محدد (رفض واضح أو استمرار من مخزن مشترك).,PARTIAL,PARTIAL,P2
REQ-SEC-057,موافقة المستخدم وحدود إرسال البيانات لمزوّد AI خارجي,المساعد الذكي — الخصوصية,—,BR-SEC-60,apps/web/components/copilot/copilot-chat.tsx:45 [B] external=false / :47 [C] external=true,,apps/iam/src/modules/workspace/copilot.service.ts:134 [B] / :209 [C] (allowExternal !== false ⇒ مسموح عند الغياب)؛ نتائج الأدوات تُضاف لرسائل النموذج (copilot.service.ts) [B][C],,,,"سجل موافقة لكل طلب (actor, allowExternal, provider, at) بلا محتوى.",DAR-18,تصنيف البيانات الحساسة والاحتفاظ والحذف: رواتب، PII، بيانات بنكية؛ سياسات احتفاظ لكل فئة,AC-SEC-057-1: بافتراض طلب بلا حقل allowExternal، عندما يصل الخادم، فإنه لا يُرسل للمزوّد. | AC-SEC-057-2: بافتراض موافقة مفعّلة وأداة قرأت دفتر عميل، عندما يُبنى طلب المزوّد، فإنه لا يحوي نتائج الأداة إلا بقرار مالك صريح.,CONTRADICTED,CONTRADICTED,P1
REQ-SEC-058,إعدادات مزوّد AI ومسارات التوجيه وحماية المفاتيح,المساعد الذكي — الإعداد,إدارة المفاتيح لمسؤول الأمن فقط,BR-SEC-61,,GET/PUT /api/iam/workspace/ai-settings (iam.security.manage) [B][C],apps/iam/src/modules/ai-settings (secret-box.ts AES-256-GCM)؛ apps/iam/src/modules/workspace/ai/ai-router.service.ts [B][C],"iam: AiProviderSetting(keyCiphertext, version)",,"spec exists, not run: ai-settings.spec.ts، workspace.spec.ts","ai_provider_settings(provider, model, key_ciphertext, enabled, version, updated_by).",DAR-13,نموذج تقارير على مرحلتين: تجميعات SQL داخل الخدمة الآن، ثم read model للتقارير عند الحاجة؛ القوائم المالية من GL فقط,AC-SEC-058-1: بافتراض حامل copilot.read فقط، عندما يفتح إعدادات AI، فإن الرد 403. | AC-SEC-058-2: بافتراض مفتاح محفوظ، عندما يُقرأ من API، فإن القيمة لا تُعاد (مقنّعة).,IMPLEMENTED,IMPLEMENTED,P3
REQ-SEC-059,طبقة AI Operations على مراحل (قراءة فقط أولًا) بعقود وحالات وصلاحيات ai.* واختبارات قبول,المساعد الذكي — طبقة العمليات,تأكيد AI ليس توقيع معتمد,BR-SEC-58 | BR-SEC-62,,,docs/architecture/ai-operations/* تصميم فقط؛ copilot-tools.registry.ts يسجل finance.payment.record وأدوات WRITE مفعلة قبل المرحلة A/D [B][C]؛ لا أكواد ai.* في الكتالوج (grep),لا جداول ai_* (schema.proposed.sql غير مُرحّل),,"spec exists, not run: 11 اختبار schemas حسب الادعاء","ai_requests، ai_plans، ai_plan_steps، ai_confirmations، ai_actions، ai_execution_attempts، ai_audit_events (append-only)، ai_outbox؛ unique(owner, requestKey).",DAR-06 | DAR-07 | DAR-12 | DAR-14,قيود سلامة داخل كل مجال: CHECK للكميات والمبالغ، enums/CHECK للحالات، UNIQUE لمفاتيح الأعمال (X1–X4) | Outbox لكل حدث يغيّر الحالة + Inbox معاملاتي للمستهلكين + مفتاح idempotency لكل أمر كتابة | سجل تدقيق: الأحداث المركزية كسجل أعمال، وسجل تعديلات داخل المعاملة مع before/after، منع التعديل بالصلاحيات، إخفاء البيانات الحساسة | حوكمة الترحيل: expand/contract، منع تعديل migration مطبقة، بوابة checksum مقابل الإنتاج، مصفوفة توافق إصدار التطبيق مع الـschema، كشف drift,AC-SEC-059-1: بافتراض المرحلة A، عندما يُستعرض السجل، فإن كل أدوات الكتابة معطلة. | AC-SEC-059-2: بافتراض تأكيدين متوازيين لنفس الخطة، عندما يُنفذان، فإن أثرًا واحدًا يحدث. | AC-SEC-059-3: بافتراض اسم عميل يطابق فرعين، عندما يُطلب إجراء، فإن الحالة NEEDS_INPUT.,CONTRADICTED,CONTRADICTED,P2
REQ-SEC-060,مساعد يعرف بنية النظام (خريطة دلالية للـERP وقواعد المحادثة),المساعد الذكي — الفهم,—,BR-SEC-57,,,[B] copilot.service.ts مصنّف intent؛ [C] copilot-scenarios.registry.ts، copilot-workflows.registry.ts، copilot-workflow.engine.ts,,,,—,DAR-12 | DAR-15,سجل تدقيق: الأحداث المركزية كسجل أعمال، وسجل تعديلات داخل المعاملة مع before/after، منع التعديل بالصلاحيات، إخفاء البيانات الحساسة | نسخ احتياطي وPITR واستعادة خارج المضيف بأهداف RPO/RTO معتمدة وتمارين استعادة دورية,AC-SEC-060-1: بافتراض «رصيد صيدلية النور»، عندما يُسأل، فإن المساعد يحل العميل بالاسم دون طلب UUID أو يسأل عند الالتباس. | AC-SEC-060-2: بافتراض اسم عميل يحوي تعليمات، عندما يُقرأ، فإنه يُعامل كبيانات.,PARTIAL,PARTIAL,P4
REQ-SEC-061,تدقيق أدوار AI وحوكمة بيانات المساعد والاحتفاظ,المساعد الذكي — التدقيق,—,BR-SEC-63,,,apps/iam/src/modules/workspace/copilot.service.ts:352 [B] / :728 [C] (action AI_TURN في audit_logs)؛ لا أحداث AI في العقود ولا سياسة احتفاظ,,,,ai_audit_events append-only.,DAR-07 | DAR-12 | DAR-18,Outbox لكل حدث يغيّر الحالة + Inbox معاملاتي للمستهلكين + مفتاح idempotency لكل أمر كتابة | سجل تدقيق: الأحداث المركزية كسجل أعمال، وسجل تعديلات داخل المعاملة مع before/after، منع التعديل بالصلاحيات، إخفاء البيانات الحساسة | تصنيف البيانات الحساسة والاحتفاظ والحذف: رواتب، PII، بيانات بنكية؛ سياسات احتفاظ لكل فئة,AC-SEC-061-1: بافتراض محادثة بأداة، عندما تكتمل، فإن صف AI_TURN يُكتب بلا نص الرسالة. | AC-SEC-061-2: بافتراض سياسة احتفاظ 90 يومًا، عندما تمر، فإن الـprompts الخام تُحذف ويبقى الملخص.,PARTIAL,PARTIAL,P3
REQ-SEC-062,اصطلاحات الواجهة العربية (RTL، ar-EG، ج.م، Africa/Cairo) ورسائل خطأ عربية قابلة للتنفيذ,UX — عام,—,BR-SEC-64,apps/web/app/layout.tsx (lang/dir)؛ components/ui/status-badge.tsx؛ lib formatters [B][C],,,,,,—,DAR-17,فهارس مبنية على أنماط الاستعلام (X6–X15) مشروطة بقياسات EXPLAIN/pg_stat_statements,AC-SEC-062-1: بافتراض خطأ «فترة مقفلة» من الخادم، عندما يُعرض، فإن الرسالة عربية تذكر السبب والإجراء. | AC-SEC-062-2: بافتراض مبلغ 1234.5، عندما يُعرض، فإنه «١٬٢٣٤٫٥٠ ج.م» بتنسيق ar-EG.,IMPLEMENTED,IMPLEMENTED,P3
REQ-SEC-063,دعم المقاسات (320–1536) واختبار انحدار الموبايل لكل الشاشات,UX — الاستجابة,—,BR-SEC-65,apps/web/components/layout (drawer),,,,,"spec exists, not run: apps/web/e2e/phase-0-4.spec.ts:30,82 (8 مقاسات)، phase-5-10.spec.ts",—,DAR-09,سياسة موحدة لحالات المستندات والإلغاء والعكس والإشعارات الدائنة وقفل الفترات على مستوى الترحيل,AC-SEC-063-1: بافتراض أي route عند 320px مع API 503، عندما يُحمّل، فإن scrollWidth ≤ innerWidth+1. | AC-SEC-063-2: بافتراض زر على الموبايل، عندما يُقاس، فإن ارتفاعه ≥44px.,IMPLEMENTED,IMPLEMENTED,P3
REQ-SEC-064,تطبيق PWA قابل للتثبيت بأيقونات maskable وصفحة offline,UX — PWA,—,BR-SEC-66,apps/web/public/manifest.webmanifest:7-9؛ components/pwa-provider.tsx:19؛ public/sw.js، offline.html؛ app/dashboard/settings/app [B][C],,,,,,—,DAR-12 | DAR-15,سجل تدقيق: الأحداث المركزية كسجل أعمال، وسجل تعديلات داخل المعاملة مع before/after، منع التعديل بالصلاحيات، إخفاء البيانات الحساسة | نسخ احتياطي وPITR واستعادة خارج المضيف بأهداف RPO/RTO معتمدة وتمارين استعادة دورية,AC-SEC-064-1: بافتراض متصفح Android، عندما يفتح settings/app، فإن زر التثبيت يعمل. | AC-SEC-064-2: بافتراض انقطاع الشبكة، عندما يُفتح النظام، فإن صفحة offline العربية تظهر ولا تُعرض بيانات مخزنة.,IMPLEMENTED,IMPLEMENTED,P4
REQ-SEC-065,حفظ المسودات على الخادم (زر Save) لنماذج الأمر والفاتورة والتذكرة,UX — المسودات,—,BR-SEC-67,apps/web/components/draft-controls.tsx مركّب في orders/new، invoices/new، support [B][C],PUT /api/iam/workspace/drafts/:namespace/:key (workspace.drafts.manage) workspace.controller.ts:63,,iam: WorkspaceDraft,,"spec exists, not run: draft-namespaces.spec.ts","workspace_drafts(owner_id, namespace, key, version, payload ≤64KB) unique(owner_id, namespace).",DAR-06 | DAR-09 | DAR-15,قيود سلامة داخل كل مجال: CHECK للكميات والمبالغ، enums/CHECK للحالات، UNIQUE لمفاتيح الأعمال (X1–X4) | سياسة موحدة لحالات المستندات والإلغاء والعكس والإشعارات الدائنة وقفل الفترات على مستوى الترحيل | نسخ احتياطي وPITR واستعادة خارج المضيف بأهداف RPO/RTO معتمدة وتمارين استعادة دورية,AC-SEC-065-1: بافتراض مسودة أمر بيع بحقل غير معرّف، عندما تُحفظ، فإن الرد 400 «Unexpected draft field». | AC-SEC-065-2: بافتراض إرسال المستند بنجاح، عندما يكتمل، فإن المسودة تُحذف أو تُعلَّم مستخدمة.,PARTIAL,PARTIAL,P3
REQ-SEC-066,اختصارات «الإعداد المطلوب» ونمط «الخطوة التالية»,UX — التهيئة,—,BR-SEC-68,apps/web/components/ui/required-setup.tsx [B][C],,,,,,—,DAR-07,Outbox لكل حدث يغيّر الحالة + Inbox معاملاتي للمستهلكين + مفتاح idempotency لكل أمر كتابة,AC-SEC-066-1: بافتراض لا مخازن، عندما يفتح المستخدم نموذج الاستلام، فإن اختصار «أضف مخزنًا» يظهر ويفتح تبويبًا جديدًا. | AC-SEC-066-2: بافتراض الرابط المفتوح، عندما يُفحص، فإنه لا يحوي بيانات النموذج.,IMPLEMENTED,IMPLEMENTED,P4
REQ-SEC-067,اختصارات لوحة التحكم محكومة بالصلاحيات,UX — الرئيسية,—,BR-SEC-25,apps/web/app/dashboard/page.tsx:66 (QuickActions بأربعة إجراءات وصلاحياتها) [B]؛ components/dashboard-shortcuts.tsx,,,,,,—,DAR-05 | DAR-13,ربط الدفاتر الفرعية (AR/AP/الخزينة/المخزون/الرواتب/المصروفات/العمولات) بالقيود عبر source_type/source_id ومراجع عكسية، وتسويات رقابية | نموذج تقارير على مرحلتين: تجميعات SQL داخل الخدمة الآن، ثم read model للتقارير عند الحاجة؛ القوائم المالية من GL فقط,AC-SEC-067-1: بافتراض مستخدم بلا accounting.payments.create، عندما يفتح الرئيسية، فإن اختصار «تحصيل فاتورة» لا يظهر.,IMPLEMENTED,IMPLEMENTED,P4
REQ-SEC-068,عرض القائمة والتفاصيل معًا دون إخفاء القائمة,UX — التنقل,—,,لم يُفحص سلوك العرض في المتصفح (ادعاء ✅ في مصفوفة التتبع فقط),,,,,,—,DAR-18,تصنيف البيانات الحساسة والاحتفاظ والحذف: رواتب، PII، بيانات بنكية؛ سياسات احتفاظ لكل فئة,AC-SEC-068-1: بافتراض شاشة ذات قائمة، عندما يُفتح سجل، فإن القائمة تبقى ظاهرة على الشاشات العريضة.,NOT_VERIFIED,NOT_VERIFIED,P4
REQ-SEC-069,لا صفحات أو بيانات وهمية: حالات صادقة للفشل والاقتطاع والحفظ,UX — الصدق,—,BR-SEC-69,apps/web/app/dashboard/stock-counts|purchase-requests|settings/company/page.tsx (PlaceholderPage، خارج القائمة) [B][C]؛ lib/nav-routes.ts,,,,,"spec exists, not run: nav-routes.spec",—,DAR-10,العملات والدقة والتقريب والترقيم: عملة على كل مستند مالي، دقة موحدة لأسعار الصرف، قاعدة تقريب واحدة Decimal، ترقيم تسلسلي لكل سلسلة داخل المعاملة,AC-SEC-069-1: بافتراض PlaceholderPage، عندما تُفحص القائمة الجانبية، فإنها لا تحوي رابطها (nav-routes.spec). | AC-SEC-069-2: بافتراض خدمة المخزون متوقفة، عندما تُعرض قيمة المخزون، فإن الودجة تعرض خطأ لا صفرًا. | AC-SEC-069-3: بافتراض 250 سجلًا ومجمّع يقرأ 200، عندما يُعرض الإجمالي، فإنه يُعلَّم «جزئي».,PARTIAL,PARTIAL,P2
REQ-SEC-070,التحقق ثنائي الطبقة في النماذج (الخادم هو السلطة) ومفتاح idempotency للنموذج,UX — النماذج,—,BR-SEC-70,apps/web/components/ui/money-input.tsx، numeric-input.tsx، form-field.tsx,,"ValidationPipe(whitelist, forbidNonWhitelisted) في كل الخدمات [B][C]",,,,—,DAR-07 | DAR-09 | DAR-10,Outbox لكل حدث يغيّر الحالة + Inbox معاملاتي للمستهلكين + مفتاح idempotency لكل أمر كتابة | سياسة موحدة لحالات المستندات والإلغاء والعكس والإشعارات الدائنة وقفل الفترات على مستوى الترحيل | العملات والدقة والتقريب والترقيم: عملة على كل مستند مالي، دقة موحدة لأسعار الصرف، قاعدة تقريب واحدة Decimal، ترقيم تسلسلي لكل سلسلة داخل المعاملة,AC-SEC-070-1: بافتراض نقرتين سريعتين على «حفظ الفاتورة»، عندما تُرسلان، فإن فاتورة واحدة تُنشأ (نفس مفتاح idempotency). | AC-SEC-070-2: بافتراض فشل الحفظ، عندما يعود الخطأ، فإن الحقول تبقى بقيمها.,IMPLEMENTED,IMPLEMENTED,P3
REQ-SEC-071,معالجة الأخطاء: حدود الأخطاء، مهلات الطلب، إعادة المحاولة، معرّف الترابط، تتبع أخطاء المتصفح,UX — الأخطاء,—,BR-SEC-69,apps/web/app/error.tsx، global-error.tsx، not-found.tsx؛ app/dashboard/loading.tsx [B][C],,apps/web/lib/bff.ts (مهلة 8 ث للـBFF) [B][C],,,,—,DAR-04 | DAR-07 | DAR-11,دفتر أستاذ عام موحد واحد داخل nile_accounting: جدولا قيود بشكل واحد، محرك ترحيل واحد، قواعد ترحيل (posting rules) وحسابات رقابية للدفاتر الفرعية | Outbox لكل حدث يغيّر الحالة + Inbox معاملاتي للمستهلكين + مفتاح idempotency لكل أمر كتابة | تتبع شامل: correlation_id ومعرّف المستند المصدر على كل حركة وقيد، وسلسلة الدفعة الدوائية من الاستلام حتى العميل,AC-SEC-071-1: بافتراض خدمة لا ترد، عندما تنتظر الواجهة 10 ثوانٍ، فإن خطأ مهلة يظهر مع زر إعادة. | AC-SEC-071-2: بافتراض خطأ 500، عندما يُعرض، فإن معرّف الترابط ظاهر للنسخ.,PARTIAL,PARTIAL,P3
REQ-SEC-072,ترقيم القوائم والبحث العام وأدوات الجداول المشتركة,UX — القوائم,—,BR-SEC-69,apps/web/components/ui/load-more.tsx مستخدم في orders، invoices، stock-movements [B][C]؛ components/command-palette.tsx,,,,,,"فهارس cursor (created_at, id) على الجداول الكبيرة.",DAR-10 | DAR-12,العملات والدقة والتقريب والترقيم: عملة على كل مستند مالي، دقة موحدة لأسعار الصرف، قاعدة تقريب واحدة Decimal، ترقيم تسلسلي لكل سلسلة داخل المعاملة | سجل تدقيق: الأحداث المركزية كسجل أعمال، وسجل تعديلات داخل المعاملة مع before/after، منع التعديل بالصلاحيات، إخفاء البيانات الحساسة,AC-SEC-072-1: بافتراض 500 أمر، عندما يضغط المستخدم «تحميل الأقدم» حتى النهاية، فإن الأوامر الـ500 كلها تظهر. | AC-SEC-072-2: بافتراض بحث بحرف واحد، عندما يُكتب، فإنه لا يُرسل طلب.,PARTIAL,PARTIAL,P3
REQ-SEC-073,الإتاحة WCAG AA (التباين، لوحة المفاتيح، قارئ الشاشة),UX — الإتاحة,—,BR-SEC-71,,,,,,"spec exists, not run: apps/web/e2e/a11y.spec.ts [B][C]",—,DAR-13,نموذج تقارير على مرحلتين: تجميعات SQL داخل الخدمة الآن، ثم read model للتقارير عند الحاجة؛ القوائم المالية من GL فقط,AC-SEC-073-1: بافتراض لون نص جديد بتباين 3.8 على خلفية عادية، عندما يُشغّل e2e a11y، فإن الاختبار يفشل.,PARTIAL,PARTIAL,P4
REQ-SEC-074,دعم المتصفحات وأجهزة المناديب,UX — التوافق,—,BR-SEC-72,apps/web/package.json browserslist (حسب الادعاء),,,,,e2e متعدد المتصفحات لم يُشغّل (CDN محجوب حسب التقرير),—,DAR-15,نسخ احتياطي وPITR واستعادة خارج المضيف بأهداف RPO/RTO معتمدة وتمارين استعادة دورية,AC-SEC-074-1: بافتراض جهاز مندوب Android بـWebView 111، عندما يفتح «يومي»، فإن الألوان والأزرار تظهر صحيحة.,PARTIAL,PARTIAL,P3
REQ-SEC-075,نظام تصميم موحد وقواعد بناء الواجهة (Definition of Done),UX — نظام التصميم,—,BR-SEC-73,apps/web/components/ui/* (data-table، row-actions، modal، confirm-dialog، filter-bar، theme-toggle) [B][C]؛ components/theme-provider.tsx (dark class),,,,,,—,DAR-03 | DAR-13,ملكية بيانات صريحة ونظام سجل (SoR) لكل كيان، وتحقق المراجع بين الخدمات عند الكتابة + إسقاطات مرجعية + مطابقة دورية | نموذج تقارير على مرحلتين: تجميعات SQL داخل الخدمة الآن، ثم read model للتقارير عند الحاجة؛ القوائم المالية من GL فقط,AC-SEC-075-1: بافتراض صفحة جديدة تستخدم <table> يدويًا، عندما يُشغّل lint، فإنه يفشل. | AC-SEC-075-2: بافتراض إجراء حذف في صف، عندما يُضغط، فإن ConfirmDialog يظهر ولا يُفتح الصف.,PARTIAL,PARTIAL,P4
REQ-SEC-076,تشغيل اليوم الأول من الواجهة وتغطية الواجهة لكل مسارات الخلفية,UX — الجاهزية,—,,apps/web/lib/api.ts؛ pkg/api-inventory.csv (web_callers),,,,,,—,DAR-05 | DAR-09,ربط الدفاتر الفرعية (AR/AP/الخزينة/المخزون/الرواتب/المصروفات/العمولات) بالقيود عبر source_type/source_id ومراجع عكسية، وتسويات رقابية | سياسة موحدة لحالات المستندات والإلغاء والعكس والإشعارات الدائنة وقفل الفترات على مستوى الترحيل,AC-SEC-076-1: بافتراض مدير مخازن جديد، عندما يعمل يومه الأول، فإنه ينشئ مخزنًا ويصحح اسمه وينشئ تشغيلة ويستلمها في الحجر ويعطّل مخزنًا فارغًا من الواجهة. | AC-SEC-076-2: بافتراض قائمة مسارات الخلفية، عندما تُقارن بـlib/api.ts، فإن كل مسار مُركّب له دالة عميل.,PARTIAL,PARTIAL,P2
REQ-SEC-077,واجهة واعية بالصلاحيات: زر معطل بسبب واضح بدل الإخفاء، وأزرار الأوامر بصلاحياتها,UX — الصلاحيات,—,BR-SEC-25,apps/web/app/dashboard/orders/page.tsx (أزرار اعتماد/شحن/تسليم بلا permission) [B][C]؛ components/ui/permission-guard.tsx، row-actions.tsx,,,,,,—,DAR-08 | DAR-18,إطار تسويات رقابية عبر القواعد (الائتمان↔AR، المخزون↔GL، دفتر المورد↔AP، الخزينة↔GL، المبيعات↔الفواتير) | تصنيف البيانات الحساسة والاحتفاظ والحذف: رواتب، PII، بيانات بنكية؛ سياسات احتفاظ لكل فئة,AC-SEC-077-1: بافتراض مستخدم بلا sales.orders.approve، عندما يفتح أمرًا معلقًا، فإن زر الاعتماد معطل بنص الصلاحية. | AC-SEC-077-2: بافتراض مستخدم بلا sales.orders.ship، عندما يفتح قائمة الأوامر، فإن زر الشحن لا يعمل.,PARTIAL,PARTIAL,P3
REQ-NFR-001,الخادم هو حد الأمان: مصادقة وتفويض في الخلفية لكل طلب، والويب بلا بيانات اعتماد قاعدة ولا منطق أعمال,PLATFORM_NFR (cross-cutting),لا ينطبق (متطلب غير وظيفي),BR-NFR-01,لا middleware.ts في apps/web [B][C]؛ lib/current-user.ts فحص UX فقط,JwtAuthGuard عالمي في apps/*/src/app.module.ts [B][C]؛ PermissionsGuard لكل controller وليس APP_GUARD,[C] apps/accounting/src/modules/gl-workbench/gl-workbench.controller.ts:6-25 بلا PermissionsGuard (وحدات غير مسجلة حاليًا),,,validate-controller-permissions (spec موجود، لم يُشغَّل) يفحص نص decorator فقط,كتالوج صلاحيات واحد (domain.module.action) مرجعي لكل مسار؛ لا جداول أمان في قاعدة الويب.,DAR-03,ملكية بيانات صريحة ونظام سجل (SoR) لكل كيان، وتحقق المراجع بين الخدمات عند الكتابة + إسقاطات مرجعية + مطابقة دورية,AC-NFR-001-1: بافتراض طلب إلى أي مسار /api/<svc>/* بلا Authorization، عندما يُرسل مباشرة للخدمة، فإن الاستجابة 401 دون أي بيانات. | AC-NFR-001-2: بافتراض فحص CI لكل controller، عندما يوجد controller بلا PermissionsGuard فعلي (لا مجرد decorator)، فإن البناء يفشل. | AC-NFR-001-3: بافتراض صورة الويب المنشورة، عندما تُفحص متغيرات البيئة، فلا يوجد أي *_DATABASE_URL أو سر قاعدة بيانات.,PARTIAL,PARTIAL,P1
REQ-NFR-002,تقوية محيط HTTP: CORS بقائمة سماح، رؤوس أمان/CSP/HSTS، تحديد معدل بعنوان العميل الحقيقي، وفشل الإقلاع عند نقص الإعداد,PLATFORM_NFR (cross-cutting),لا ينطبق (متطلب غير وظيفي),BR-NFR-02 | BR-NFR-03,apps/web/next.config.js:11 script-src 'unsafe-inline'، :33 HSTS [C],ThrottlerModule 60/60s apps/sales/src/app.module.ts:32، apps/iam/src/app.module.ts:31 [B][C],apps/sales/src/main.ts:28-30 helmet(CSP off)+enableCors(env.corsOrigins) [B][C]؛ لا app.set('trust proxy') في أي apps/*/src/main.ts [B][C],,docker-compose.production.yml CORS_ORIGINS ${..:?} base:73 / cur:76,,سجل التدقيق يخزن IP العميل الحقيقي (X-Forwarded-For موثوق من البروكسي فقط).,DAR-12,سجل تدقيق: الأحداث المركزية كسجل أعمال، وسجل تعديلات داخل المعاملة مع before/after، منع التعديل بالصلاحيات، إخفاء البيانات الحساسة,"AC-NFR-002-1: بافتراض CORS_ORIGINS غير مضبوط، عندما يُشغَّل docker compose للإنتاج، فإن الإقلاع يفشل برسالة تسمي المتغير. | AC-NFR-002-2: بافتراض مستخدمين اثنين من عنواني IP مختلفين خلف البروكسي، عندما يتجاوز الأول حد تسجيل الدخول، فإن الثاني لا يُحجب (الحد لكل عميل حقيقي). | AC-NFR-002-3: بافتراض أي استجابة من /dashboard أو /api، عندما تُفحص الرؤوس، فإنها تتضمن HSTS وX-Frame-Options DENY وCache-Control private,no-store.",PARTIAL,PARTIAL,P2
REQ-NFR-003,سلامة المدخلات وعقد أخطاء نظيف: DTO لكل مدخل، وتعارض القيود الفريدة 409 لا 500,PLATFORM_NFR (cross-cutting),لا ينطبق (متطلب غير وظيفي),BR-NFR-04,,,"ValidationPipe(whitelist,forbidNonWhitelisted) apps/sales/src/main.ts:29 [B][C]؛ apps/sales/src/common/filters/http-exception.filter.ts:9-14 يحول غير-HttpException إلى 500 عام [C] (لا تعيين عام لـP2002؛ معالجة محلية في بعض الخدمات مثل accounting/matching)",,,http-exception.filter.spec.ts (spec موجود، لم يُشغَّل),قيود فريدة في القاعدة هي المرجع النهائي لمنع التكرار، وتُترجم لخطأ 409 بالخدمة.,DAR-03 | DAR-04 | DAR-06 | DAR-07,ملكية بيانات صريحة ونظام سجل (SoR) لكل كيان، وتحقق المراجع بين الخدمات عند الكتابة + إسقاطات مرجعية + مطابقة دورية | دفتر أستاذ عام موحد واحد داخل nile_accounting: جدولا قيود بشكل واحد، محرك ترحيل واحد، قواعد ترحيل (posting rules) وحسابات رقابية للدفاتر الفرعية | قيود سلامة داخل كل مجال: CHECK للكميات والمبالغ، enums/CHECK للحالات، UNIQUE لمفاتيح الأعمال (X1–X4) | Outbox لكل حدث يغيّر الحالة + Inbox معاملاتي للمستهلكين + مفتاح idempotency لكل أمر كتابة,AC-NFR-003-1: بافتراض طلب GET بمعامل days=-999999، عندما يصل للخدمة، فإن الاستجابة 400 ولا يُنفذ أي استعلام. | AC-NFR-003-2: بافتراض إنشاء سجل بقيمة فريدة مكررة (مثل sku)، عندما يُرسل الطلب، فإن الاستجابة 409 وليست 500. | AC-NFR-003-3: بافتراض أي خطأ غير متوقع، عندما يعود للمتصفح، فإنه لا يحتوي stack trace أو نص SQL.,PARTIAL,PARTIAL,P2
REQ-NFR-004,إدارة الأسرار: في متغيرات البيئة/مخزن مشفر فقط، لا في git أو الصور أو القاعدة نصًا صريحًا، وتُعرض كأسماء ناقصة لا قيم,PLATFORM_NFR (cross-cutting),لا ينطبق (متطلب غير وظيفي),BR-NFR-05,,GET /notifications/channels يعيد أسماء المتغيرات الناقصة (حسب الوثيقة؛ لم يُراجع سطرًا بسطر),"apps/iam/src/modules/ai-settings/secret-box.ts:20,37 aes-256-gcm [C]؛ .gitignore:6-12 يتجاهل .env* [B][C] لكن لا قاعدة لـ*.rar ولا لـ.env.backup.*",لا تكامل ETA مبني [B][C] → جزء بيانات اعتماد ETA غير منطبق حاليًا,,,جداول الإعدادات السرية تخزن ciphertext + iv + إصدار + updated_by فقط؛ لا عمود نص صريح.,DAR-11 | DAR-12 | DAR-15,تتبع شامل: correlation_id ومعرّف المستند المصدر على كل حركة وقيد، وسلسلة الدفعة الدوائية من الاستلام حتى العميل | سجل تدقيق: الأحداث المركزية كسجل أعمال، وسجل تعديلات داخل المعاملة مع before/after، منع التعديل بالصلاحيات، إخفاء البيانات الحساسة | نسخ احتياطي وPITR واستعادة خارج المضيف بأهداف RPO/RTO معتمدة وتمارين استعادة دورية,AC-NFR-004-1: بافتراض المستودع، عندما يُفحص بأداة كشف أسرار في CI، فلا يوجد أي سر حي وتُرفض إضافة *.rar و.env.backup* بقاعدة gitignore. | AC-NFR-004-2: بافتراض حفظ مفتاح مزود AI، عندما يُقرأ عبر API، فإن الاستجابة تحتوي hasKey فقط ولا يظهر المفتاح في audit_logs أو Sentry. | AC-NFR-004-3: بافتراض صورة Docker منشورة، عندما تُفحص طبقاتها، فلا تحتوي أي ملف .env.,PARTIAL,PARTIAL,P1
REQ-NFR-005,أقل امتياز لقواعد البيانات: دور مستقل لكل خدمة على قاعدتها فقط، وفصل بيئة التطوير عن الإنتاج,PLATFORM_NFR (cross-cutting),لا ينطبق (متطلب غير وظيفي),BR-NFR-06,,,docker-compose.production.yml:190-191 متغيرات *_DATABASE_URL منفصلة لكل خدمة [B][C] (تسمح بأدوار منفصلة ولا تفرضها)؛ تعريف PostgreSQL الإنتاجي خارج git,,,,دور لكل خدمة مالك لقاعدتها؛ لا GRANT عابر؛ دور قراءة فقط منفصل للتقارير/الدعم إن لزم.,DAR-13 | DAR-16,نموذج تقارير على مرحلتين: تجميعات SQL داخل الخدمة الآن، ثم read model للتقارير عند الحاجة؛ القوائم المالية من GL فقط | أدوار قاعدة البيانات: مالك/مرحّل منفصل، دور تطبيق DML فقط، دور قراءة للتقارير، منع الوصول بين القواعد، حماية جداول التدقيق,AC-NFR-005-1: بافتراض دور خدمة sales، عندما يحاول الاتصال بقاعدة nile_accounting، فإن الاتصال يُرفض. | AC-NFR-005-2: بافتراض بيئة تطوير، عندما تُفحص متغيراتها، فلا يشير أي DATABASE_URL إلى مضيف الإنتاج.,NOT_VERIFIED (صلاحيات الأدوار إعداد تشغيلي خارج المستودع),NOT_VERIFIED (صلاحيات الأدوار إعداد تشغيلي خارج المستودع),P1
REQ-NFR-006,سلامة وأمن ناقل الأحداث: أظرف موقعة HMAC تُرفض بدونها، وبروكر غير مكشوف مع مصادقة/ACL,PLATFORM_NFR (cross-cutting),لا ينطبق (متطلب غير وظيفي),BR-NFR-07,,/health/details يعرض signatureRejections (في الذاكرة، غير مصادَق),packages/events/src/events.module.ts:13-16 يرفض الإقلاع بلا pepper [B][C]؛ packages/events/src/consumer.ts رفض التوقيع: سجل+عداد ثم إسقاط بلا DLQ,,Redpanda PLAINTEXT داخلي بلا SASL/ACL (compose redpanda block) [B][C],,"جدول/طابور رفض توقيعات دائم (event_id, topic, group, reason, received_at).",DAR-03 | DAR-07 | DAR-12,ملكية بيانات صريحة ونظام سجل (SoR) لكل كيان، وتحقق المراجع بين الخدمات عند الكتابة + إسقاطات مرجعية + مطابقة دورية | Outbox لكل حدث يغيّر الحالة + Inbox معاملاتي للمستهلكين + مفتاح idempotency لكل أمر كتابة | سجل تدقيق: الأحداث المركزية كسجل أعمال، وسجل تعديلات داخل المعاملة مع before/after، منع التعديل بالصلاحيات، إخفاء البيانات الحساسة,AC-NFR-006-1: بافتراض خدمة إنتاج بلا EVENT_SIGNATURE_PEPPER، عندما تُقلع، فإنها ترفض الإقلاع. | AC-NFR-006-2: بافتراض حدث بتوقيع خاطئ، عندما يصل لمستهلك، فإنه لا يُعالج ويظهر في جدول/طابور دائم مع topic وgroup وevent_id. | AC-NFR-006-3: بافتراض عميل Kafka بلا بيانات اعتماد، عندما يحاول النشر على finance.payment.received، فإنه يُرفض.,PARTIAL,PARTIAL,P2
REQ-NFR-007,تقليل وحجب البيانات الحساسة في السجلات والتدقيق والأحداث وأدوات الطرف الثالث (Sentry),PLATFORM_NFR (cross-cutting),لا ينطبق (متطلب غير وظيفي),BR-NFR-08,,,"apps/sales/src/common/interceptors/audit.interceptor.ts:11,106 REDACTED_KEYS [B][C] (مستوى أعلى فقط)؛ apps/sales/src/common/observability/sentry.ts:14-22 بلا beforeSend [B][C]؛ apps/web/sentry.client.config.ts:16 وsentry.server.config.ts:14 beforeSend [C]",,publisher يسجل الظرف كاملًا عند الفقد (packages/events/src/publisher.ts:323-342),,قائمة حقول حساسة مركزية (حزمة مشتركة) تُستخدم في التدقيق والسجلات وSentry.,DAR-05 | DAR-07 | DAR-12 | DAR-18,ربط الدفاتر الفرعية (AR/AP/الخزينة/المخزون/الرواتب/المصروفات/العمولات) بالقيود عبر source_type/source_id ومراجع عكسية، وتسويات رقابية | Outbox لكل حدث يغيّر الحالة + Inbox معاملاتي للمستهلكين + مفتاح idempotency لكل أمر كتابة | سجل تدقيق: الأحداث المركزية كسجل أعمال، وسجل تعديلات داخل المعاملة مع before/after، منع التعديل بالصلاحيات، إخفاء البيانات الحساسة | تصنيف البيانات الحساسة والاحتفاظ والحذف: رواتب، PII، بيانات بنكية؛ سياسات احتفاظ لكل فئة,AC-NFR-007-1: بافتراض طلب تغيير كلمة مرور، عندما يُكتب أثر التدقيق، فإن after لا يحتوي password أو passwordHash. | AC-NFR-007-2: بافتراض استثناء في خدمة organization يحمل راتبًا أو رقمًا قوميًا، عندما يُرسل لـSentry، فإن القيم محجوبة. | AC-NFR-007-3: بافتراض فشل نشر حدث، عندما يُسجل الخطأ، فلا تظهر قيم حساسة غير لازمة للتشخيص.,PARTIAL,PARTIAL,P2
REQ-NFR-008,حدود السياقات: قاعدة لكل خدمة، لا قراءة أو FK عابرة، التكامل بالأحداث فقط، ومالك البيانات الرئيسية يتحقق من المعرفات المنطقية,PLATFORM_NFR (cross-cutting),لا ينطبق (متطلب غير وظيفي),BR-NFR-09 | BR-NFR-10,,,apps/sales/src/modules/saga/saga.orchestrator.ts يضع unknown/0 عند غياب الحقول (DB-04)؛ الاستلام لا يتحقق من productId/batchId (INV-08),9 schema.prisma مستقلة apps/*/prisma [B][C]؛ لا FK عابر (DB-04),packages/contracts/asyncapi.yaml مصدر العقود,,كل *Id عابر يحمل نوعه ومالكه؛ نموذج قراءة محلي بتاريخ تحديث؛ لا FK فعلي عبر القواعد.,DAR-01 | DAR-07,الإبقاء على قاعدة لكل خدمة داخل خادم PostgreSQL واحد (لا إعادة تقسيم الآن) | Outbox لكل حدث يغيّر الحالة + Inbox معاملاتي للمستهلكين + مفتاح idempotency لكل أمر كتابة,AC-NFR-008-1: بافتراض استلام مخزون بمعرف منتج غير موجود في Products، عندما يُرسل الطلب، فإنه يُرفض. | AC-NFR-008-2: بافتراض فحص الكود، عندما يُبحث عن اتصال خدمة بقاعدة خدمة أخرى، فلا توجد أي حالة. | AC-NFR-008-3: بافتراض حذف/أرشفة عميل في CRM، عندما تُنشأ فاتورة جديدة له، فإنها تُرفض أو تُعلَّم حسب القرار.,PARTIAL,PARTIAL,P2
REQ-NFR-009,مصدر حقيقة واحد لكل بيان وتطبيق واحد لكل قاعدة عمل (لا منطق مكرر),PLATFORM_NFR (cross-cutting),لا ينطبق (متطلب غير وظيفي),BR-NFR-11,,,apps/accounting/src/common/money.ts:23 round2 [B][C]؛ [C] وحدتا SupplierPaymentsModule متنافستان (ACC-10)؛ مخزنا تدقيق (audit_logs محلي + audit_events مركزي) SEC-13,,,,سجل ملكية بيانات (data ownership map): لكل كيان خدمة مالكة واحدة والبقية نماذج قراءة.,DAR-03 | DAR-06 | DAR-10,ملكية بيانات صريحة ونظام سجل (SoR) لكل كيان، وتحقق المراجع بين الخدمات عند الكتابة + إسقاطات مرجعية + مطابقة دورية | قيود سلامة داخل كل مجال: CHECK للكميات والمبالغ، enums/CHECK للحالات، UNIQUE لمفاتيح الأعمال (X1–X4) | العملات والدقة والتقريب والترقيم: عملة على كل مستند مالي، دقة موحدة لأسعار الصرف، قاعدة تقريب واحدة Decimal، ترقيم تسلسلي لكل سلسلة داخل المعاملة,AC-NFR-009-1: بافتراض قاعدة تقريب مالي، عندما يُبحث في الكود، فلا يوجد إلا تطبيق واحد مستخدم في كل الحسابات المالية للخدمة. | AC-NFR-009-2: بافتراض شاشتين تعرضان رصيد عميل، عندما تُفتحان في نفس اللحظة، فإن القيمتين متطابقتان ومصدرهما واحد.,PARTIAL,PARTIAL,P2
REQ-NFR-010,نظام أحادي المستأجر: لا tenantId والفروع/الأقسام هيكل داخلي,PLATFORM_NFR (cross-cutting),لا ينطبق (متطلب غير وظيفي),BR-NFR-12,,,,لا tenantId/tenant_id في أي apps/*/prisma/schema.prisma [C] (grep فارغ),,,معرفات organization/branch في الكيانات حيث يلزم، لا tenant.,DAR-04,دفتر أستاذ عام موحد واحد داخل nile_accounting: جدولا قيود بشكل واحد، محرك ترحيل واحد، قواعد ترحيل (posting rules) وحسابات رقابية للدفاتر الفرعية,AC-NFR-010-1: بافتراض schemas الخدمات، عندما تُفحص، فلا يوجد عمود tenantId وتعمل كل البيانات لشركة واحدة. | AC-NFR-010-2: بافتراض فرعين، عندما يُنشأ أمر في كل منهما، فإن الفصل بينهما بمعرف الفرع لا بمستأجر.,IMPLEMENTED,IMPLEMENTED,P4
REQ-NFR-011,سلامة المعاملات والتزامن: معاملة Serializable مع إعادة محاولة، انتقالات حالة مشروطة، وحركات مخزون موقعة,PLATFORM_NFR (cross-cutting),لا ينطبق (متطلب غير وظيفي),BR-NFR-13 | BR-NFR-14 | BR-NFR-15,,,withSerializableRetry مستخدم في 13 ملف خدمة [B][C]؛ applySignedDelta في apps/inventory/src/modules/transactions/transactions.service.ts وallocation.engine.ts وconsignment.service.ts [B][C],,,allocation.issue.integration.spec.ts، credit-race (specs موجودة، لم تُشغل؛ مشروطة بقاعدة),"عمود version/status مع قيود CHECK على الأرصدة (on_hand>=0, reserved<=on_hand) — حاليًا في التطبيق فقط (DB-05).",DAR-04 | DAR-05 | DAR-06 | DAR-09,دفتر أستاذ عام موحد واحد داخل nile_accounting: جدولا قيود بشكل واحد، محرك ترحيل واحد، قواعد ترحيل (posting rules) وحسابات رقابية للدفاتر الفرعية | ربط الدفاتر الفرعية (AR/AP/الخزينة/المخزون/الرواتب/المصروفات/العمولات) بالقيود عبر source_type/source_id ومراجع عكسية، وتسويات رقابية | قيود سلامة داخل كل مجال: CHECK للكميات والمبالغ، enums/CHECK للحالات، UNIQUE لمفاتيح الأعمال (X1–X4) | سياسة موحدة لحالات المستندات والإلغاء والعكس والإشعارات الدائنة وقفل الفترات على مستوى الترحيل,AC-NFR-011-1: بافتراض أمرين متزامنين على نفس الدفعة بكمية أكبر من المتاح مجتمعين، عندما يُنفذان 100 مرة، فإن المخصص لا يتجاوز المتاح أبدًا. | AC-NFR-011-2: بافتراض فاتورة ملغاة، عندما يصل حدث دفع لاحقًا، فإن حالة الأمر لا تتغير إلى PAID. | AC-NFR-011-3: بافتراض فشل بعد جزء من التعديلات داخل العملية، عندما تنتهي، فلا يبقى أي تعديل جزئي في القاعدة.,PARTIAL,PARTIAL,P1
REQ-NFR-012,منع التكرار عند إعادة المحاولة: مفتاح idempotency لكل أمر كتابة مالي أو مخزني أو إنشائي قابل للتكرار,PLATFORM_NFR (cross-cutting),لا ينطبق (متطلب غير وظيفي),BR-NFR-16,,apps/sales/src/modules/orders/orders.controller.ts:123 Idempotency-Key اختياري [C] (:107 [B]),لا مفتاح في إنشاء العملاء/المنتجات/المستخدمين ولا في الاستلام والتسويات (INV-09),idempotencyKey @unique في apps/accounting/prisma/schema.prisma (مدفوعات/تحويلات) [B][C],,,جدول/عمود idempotency_key فريد لكل نوع عملية مع hash الطلب والنتيجة.,DAR-04 | DAR-06 | DAR-07 | DAR-08,دفتر أستاذ عام موحد واحد داخل nile_accounting: جدولا قيود بشكل واحد، محرك ترحيل واحد، قواعد ترحيل (posting rules) وحسابات رقابية للدفاتر الفرعية | قيود سلامة داخل كل مجال: CHECK للكميات والمبالغ، enums/CHECK للحالات، UNIQUE لمفاتيح الأعمال (X1–X4) | Outbox لكل حدث يغيّر الحالة + Inbox معاملاتي للمستهلكين + مفتاح idempotency لكل أمر كتابة | إطار تسويات رقابية عبر القواعد (الائتمان↔AR، المخزون↔GL، دفتر المورد↔AP، الخزينة↔GL، المبيعات↔الفواتير),AC-NFR-012-1: بافتراض تسجيل تحصيل بمفتاح K، عندما يُعاد الطلب بنفس K، فإن النتيجة نفسها تُعاد ولا يُنشأ تحصيل ثانٍ. | AC-NFR-012-2: بافتراض إنشاء استلام مخزون مرتين بنفس المفتاح بعد timeout، عندما يُفحص الرصيد، فإنه زاد مرة واحدة.,PARTIAL,PARTIAL,P1
REQ-NFR-013,حوكمة عقود الأحداث: asyncapi أولًا، تسمية موحدة، توافق رجعي، إصدار للمخطط، ولا عقود ميتة,PLATFORM_NFR (cross-cutting),لا ينطبق (متطلب غير وظيفي),BR-NFR-17,,,,,packages/contracts/src/generated/events.ts:890-901 ظرف بلا حقل إصدار [B][C]؛ OrderCreatedPayload مُعلن :26-35 ≠ المنشور في apps/sales/src/modules/orders/orders.service.ts:782-788 [C]؛ OrderShipped/ConsignmentStockConsumed/IncentiveEvaluationRequested بلا منتج,,سجل مخطط الأحداث (asyncapi) مصدر وحيد؛ schema_version في الظرف.,DAR-07 | DAR-14,Outbox لكل حدث يغيّر الحالة + Inbox معاملاتي للمستهلكين + مفتاح idempotency لكل أمر كتابة | حوكمة الترحيل: expand/contract، منع تعديل migration مطبقة، بوابة checksum مقابل الإنتاج، مصفوفة توافق إصدار التطبيق مع الـschema، كشف drift,AC-NFR-013-1: بافتراض تغيير حقل إلزامي في حمولة حدث، عندما يُبنى المستودع، فإن البناء يفشل في المنتج والمستهلك. | AC-NFR-013-2: بافتراض كتالوج المواضيع، عندما يُفحص في CI، فلا يوجد topic معلن بلا ناشر إلا بقائمة استثناء موثقة. | AC-NFR-013-3: بافتراض حدث مالي بحمولة لا تطابق المخطط، عندما يُستهلك، فإنه يُرفض إلى DLQ.,PARTIAL,PARTIAL,P3
REQ-NFR-014,نشر موثوق للأحداث: outbox في نفس معاملة الكتابة، نشر بعد الالتزام فقط، وفشل صريح لا إسقاط صامت,PLATFORM_NFR (cross-cutting),لا ينطبق (متطلب غير وظيفي),BR-NFR-18 | BR-NFR-19 | BR-NFR-37,,,"[B][C] apps/accounting/src/modules/outbox/outbox.service.ts:13-22 (PaymentReceived/Reversed/Failed, ExchangeRateRecorded)؛ crm customer-outbox.service.ts:13-21؛ [C] فقط apps/inventory/src/modules/transactions/inventory-outbox.service.ts:12 (2 ث، بلا backoff ولا حارس تداخل ولا kill-switch)",,"بقية المنتجين DIRECT بعد الالتزام (orders.service.ts:782-788، invoices، products) [B][C]؛ packages/events/src/publisher.ts:262,289 يرمي EventPublishError",,"جدول outbox لكل خدمة منتجة: event_id PK، topic، envelope، attempts، next_attempt_at، lease_until، published_at، status؛ فهرس على (status, next_attempt_at).",DAR-03 | DAR-07 | DAR-14 | DAR-17,ملكية بيانات صريحة ونظام سجل (SoR) لكل كيان، وتحقق المراجع بين الخدمات عند الكتابة + إسقاطات مرجعية + مطابقة دورية | Outbox لكل حدث يغيّر الحالة + Inbox معاملاتي للمستهلكين + مفتاح idempotency لكل أمر كتابة | حوكمة الترحيل: expand/contract، منع تعديل migration مطبقة، بوابة checksum مقابل الإنتاج، مصفوفة توافق إصدار التطبيق مع الـschema، كشف drift | فهارس مبنية على أنماط الاستعلام (X6–X15) مشروطة بقياسات EXPLAIN/pg_stat_statements,AC-NFR-014-1: بافتراض البروكر متوقف، عندما يُسجل تحصيل، فإن التحصيل يُحفظ وصف outbox معلق، وعند عودة البروكر يُنشر الحدث مرة واحدة على الأقل بنفس event_id. | AC-NFR-014-2: بافتراض معاملة كتابة فشلت، عندما تنتهي، فلا يوجد أي حدث منشور لها. | AC-NFR-014-3: بافتراض صف outbox يفشل نشره باستمرار، عندما يتجاوز حد المحاولات، فإنه يُعلَّم متوقفًا ويظهر في التنبيهات ولا يحجب الصفوف الأحدث.,PARTIAL,PARTIAL,P1
REQ-NFR-015,استهلاك idempotent ومتين: dedup دائم في القاعدة لكل مستهلك، علامة ذرية مع الأثر، وحراسة بمفتاح العمل وشرط الحالة,PLATFORM_NFR (cross-cutting),لا ينطبق (متطلب غير وظيفي),BR-NFR-14 | BR-NFR-20,,,PrismaProcessedEventStore/setIdempotencyStore في sales saga.orchestrator.ts، accounting saga-listener.service.ts، inventory reservation.listener.ts، incentives intake.service.ts، iam notifications-events.listener.ts، audit-aggregator [B][C]؛ mark() بعد المعالج وخارج معاملته packages/events/src/consumer.ts:290-316؛ runInInboxTransaction في [C] supplier-ledger.service.ts:31 فقط,,مفتاح الرسالة event_id packages/events/src/publisher.ts:233,,"processed_events(event_id PK, consumer_group, processed_at) في كل قاعدة مستهلكة مع سياسة احتفاظ.",DAR-07 | DAR-18,Outbox لكل حدث يغيّر الحالة + Inbox معاملاتي للمستهلكين + مفتاح idempotency لكل أمر كتابة | تصنيف البيانات الحساسة والاحتفاظ والحذف: رواتب، PII، بيانات بنكية؛ سياسات احتفاظ لكل فئة,AC-NFR-015-1: بافتراض حدث PaymentReceived مُعالج، عندما يُعاد تسليمه بعد إعادة تشغيل الخدمة، فإنه يُتخطى ولا يتغير أي رصيد. | AC-NFR-015-2: بافتراض انهيار بين أثر المعالج وكتابة العلامة، عندما يُعاد التسليم، فإن الأثر لا يتكرر. | AC-NFR-015-3: بافتراض وصول PaymentReversed قبل PaymentReceived لنفس الفاتورة، عندما يُعالَجان، فإن الحالة النهائية صحيحة أو يُوجَّه أحدهما للانتظار/DLQ.,PARTIAL,PARTIAL,P2
REQ-NFR-016,إعادة المحاولة وطابور الرسائل الميتة وإعادة التشغيل الآمنة,PLATFORM_NFR (cross-cutting),لا ينطبق (متطلب غير وظيفي),BR-NFR-21 | BR-NFR-22,/dashboard/audit,GET/POST /api/audit/dlq/* بـaudit.events.manage,packages/events/src/consumer.ts (retries + .dlq برؤوس x-*) [B][C]؛ apps/audit-aggregator/src/modules/dlq/dlq.service.ts:69-107 [B][C]؛ packages/events/scripts/dlq-replay.ts dry-run افتراضي,,,,"dead_letter_messages(event_id, consumer_group) فريد، envelope، status PENDING/RESOLVED/DISCARDED، resolved_by، reason.",DAR-06 | DAR-07 | DAR-12 | DAR-14 | DAR-15,قيود سلامة داخل كل مجال: CHECK للكميات والمبالغ، enums/CHECK للحالات، UNIQUE لمفاتيح الأعمال (X1–X4) | Outbox لكل حدث يغيّر الحالة + Inbox معاملاتي للمستهلكين + مفتاح idempotency لكل أمر كتابة | سجل تدقيق: الأحداث المركزية كسجل أعمال، وسجل تعديلات داخل المعاملة مع before/after، منع التعديل بالصلاحيات، إخفاء البيانات الحساسة | حوكمة الترحيل: expand/contract، منع تعديل migration مطبقة، بوابة checksum مقابل الإنتاج، مصفوفة توافق إصدار التطبيق مع الـschema، كشف drift | نسخ احتياطي وPITR واستعادة خارج المضيف بأهداف RPO/RTO معتمدة وتمارين استعادة دورية,AC-NFR-016-1: بافتراض معالج يفشل دائمًا، عندما يصله حدث، فإنه يظهر في dead_letter_messages بعد 4 محاولات ويستمر استهلاك الرسائل التالية. | AC-NFR-016-2: بافتراض رسالة في DLQ أُصلح سببها، عندما يُعاد تشغيلها، فإن event_id نفسه يُنشر والمجموعات التي عالجته تتخطاه. | AC-NFR-016-3: بافتراض مستخدم بلا audit.events.manage، عندما يطلب replay، فإن الاستجابة 403.,PARTIAL,PARTIAL,P2
REQ-NFR-017,متانة البروكر ودورة حياته: وحدة تخزين دائمة مستقلة، إيقاف نظيف، وقابلية تبديل المزود بسلسلة اتصال,PLATFORM_NFR (cross-cutting),لا ينطبق (متطلب غير وظيفي),,,,,,docker-compose.production.yml redpanda_data:/var/lib/redpanda/data base:160 / cur:163 [B][C]؛ allowAutoTopicCreation:true packages/events/src/publisher.ts:129؛ عقدة واحدة --smp 1,,تعريف مواضيع ككود (اسم، partitions، retention، cleanup) في المستودع.,DAR-02 | DAR-07 | DAR-09 | DAR-18,فصل قرار الاستضافة (محلي/مُدار) عن التقسيم المنطقي، بمعايير RPO/RTO والتكلفة والقدرة التشغيلية | Outbox لكل حدث يغيّر الحالة + Inbox معاملاتي للمستهلكين + مفتاح idempotency لكل أمر كتابة | سياسة موحدة لحالات المستندات والإلغاء والعكس والإشعارات الدائنة وقفل الفترات على مستوى الترحيل | تصنيف البيانات الحساسة والاحتفاظ والحذف: رواتب، PII، بيانات بنكية؛ سياسات احتفاظ لكل فئة,AC-NFR-017-1: بافتراض حدث منشور غير مستهلك، عندما تُعاد إنشاء حاوية Redpanda، فإن الحدث يبقى ويُستهلك بعد العودة. | AC-NFR-017-2: بافتراض ملف إعداد مواضيع في المستودع، عندما يُقارن بـrpk topic describe على الخادم، فإن retention وpartitions مطابقة.,PARTIAL,PARTIAL,P2
REQ-NFR-018,سجل تدقيق أعمال موحد غير قابل للتعديل وكاشف للعبث لكل حركة مال أو مخزون أو ائتمان أو صلاحيات,Audit trail (cross-cutting),قراءة التدقيق بصلاحية audit.events.read؛ لا أحد (بما فيه SUPER_ADMIN) يعدل السجل.,BR-NFR-23,/dashboard/audit، /dashboard/system/logs,GET /audit-events/verify?limit≤20000,packages/audit/src/chain.ts:70 sha256(prev|content) بلا مفتاح [B][C]؛ audit_logs المحلية في 8 خدمات بلا trigger,apps/audit-aggregator/prisma/migrations/20260909130000_audit_immutable_chain/migration.sql:28-43 reject_audit_mutation على audit_events/audit_logs (قاعدة nile_audit فقط) [B][C],,aggregator.chain.spec.ts (spec موجود، لم يُشغَّل),audit_events: seq، prev_hash فريد، hash، domain، severity، aggregate_type/id، actor_id، occurred_at، before/after/change، reason، source، ip، correlation_id؛ trigger منع التعديل؛ لا retention حذف قبل قرار.,DAR-06 | DAR-07 | DAR-11 | DAR-12 | DAR-18,قيود سلامة داخل كل مجال: CHECK للكميات والمبالغ، enums/CHECK للحالات، UNIQUE لمفاتيح الأعمال (X1–X4) | Outbox لكل حدث يغيّر الحالة + Inbox معاملاتي للمستهلكين + مفتاح idempotency لكل أمر كتابة | تتبع شامل: correlation_id ومعرّف المستند المصدر على كل حركة وقيد، وسلسلة الدفعة الدوائية من الاستلام حتى العميل | سجل تدقيق: الأحداث المركزية كسجل أعمال، وسجل تعديلات داخل المعاملة مع before/after، منع التعديل بالصلاحيات، إخفاء البيانات الحساسة | تصنيف البيانات الحساسة والاحتفاظ والحذف: رواتب، PII، بيانات بنكية؛ سياسات احتفاظ لكل فئة,AC-NFR-018-1: بافتراض صف في audit_events، عندما يُنفذ UPDATE أو DELETE أو TRUNCATE عليه بدور التطبيق، فإن العملية تُرفض. | AC-NFR-018-2: بافتراض تعديل يدوي لصف بدور مالك القاعدة، عندما يُشغَّل التحقق اليومي للسلسلة، فإنه يكشف الصف ويرسل تنبيهًا خلال 24 ساعة. | AC-NFR-018-3: بافتراض تسوية مخزون أو عكس تحصيل أو تغيير صلاحية، عندما تُنفذ، فإن صفًا واحدًا على الأقل يظهر في السجل الموحد.,PARTIAL,PARTIAL,P1
REQ-NFR-019,محتوى سجل التدقيق: الفاعل، الوقت، قبل/بعد، السبب الإلزامي، المصدر، IP، الترابط؛ وactorId في كل صف مالي,PLATFORM_NFR (cross-cutting),لا ينطبق (متطلب غير وظيفي),BR-NFR-03 | BR-NFR-24 | BR-NFR-25,,x-reason-code رأس اختياري في المعترض,audit.interceptor.ts المحلي: after فقط، بلا before، ip=req.ip (البروكر) [B][C]؛ المجمّع يرفع before/after من الحمولة,SupplierLedgerEntry بلا عمود فاعل (B2-0238),,,أعمدة created_by_id/actor_id nullable على كل جدول مالي؛ لا backfill مختلق.,DAR-05 | DAR-07 | DAR-11 | DAR-12 | DAR-18,ربط الدفاتر الفرعية (AR/AP/الخزينة/المخزون/الرواتب/المصروفات/العمولات) بالقيود عبر source_type/source_id ومراجع عكسية، وتسويات رقابية | Outbox لكل حدث يغيّر الحالة + Inbox معاملاتي للمستهلكين + مفتاح idempotency لكل أمر كتابة | تتبع شامل: correlation_id ومعرّف المستند المصدر على كل حركة وقيد، وسلسلة الدفعة الدوائية من الاستلام حتى العميل | سجل تدقيق: الأحداث المركزية كسجل أعمال، وسجل تعديلات داخل المعاملة مع before/after، منع التعديل بالصلاحيات، إخفاء البيانات الحساسة | تصنيف البيانات الحساسة والاحتفاظ والحذف: رواتب، PII، بيانات بنكية؛ سياسات احتفاظ لكل فئة,AC-NFR-019-1: بافتراض إلغاء فاتورة بلا سبب، عندما يُرسل الطلب، فإن الاستجابة 400. | AC-NFR-019-2: بافتراض حدث CRITICAL (تسوية مخزون)، عندما يُخزن في السجل، فإن before وafter غير فارغين ويحمل actor_id وcorrelation_id. | AC-NFR-019-3: بافتراض صف قيد مورد ناتج عن إعادة تقييم FX، عندما يُقرأ، فإنه يحمل معرف المستخدم أو الوظيفة المنفذة.,PARTIAL,PARTIAL,P2
REQ-NFR-020,نطاق التدقيق وتصنيف الخطورة: ما يُسجل وما لا يُسجل، أربعة مستويات، وقارئ لكل حدث,PLATFORM_NFR (cross-cutting),لا ينطبق (متطلب غير وظيفي),BR-NFR-26,,,packages/audit/src/taxonomy.ts:249-262 ContractCreated/Updated ORGANIZATION/HIGH/financialImpact [C]؛ AuditInterceptor على mutations فقط,,JobCompleted system.job.completed packages/scheduler/src/job-runner.ts:92,,"جدول taxonomy مرجعي (event_type → domain, severity, impact flags) يُفرض وقت البناء.",DAR-03 | DAR-05 | DAR-07 | DAR-08 | DAR-09 | DAR-12 | DAR-14 | DAR-18 | DAR-19,ملكية بيانات صريحة ونظام سجل (SoR) لكل كيان، وتحقق المراجع بين الخدمات عند الكتابة + إسقاطات مرجعية + مطابقة دورية | ربط الدفاتر الفرعية (AR/AP/الخزينة/المخزون/الرواتب/المصروفات/العمولات) بالقيود عبر source_type/source_id ومراجع عكسية، وتسويات رقابية | Outbox لكل حدث يغيّر الحالة + Inbox معاملاتي للمستهلكين + مفتاح idempotency لكل أمر كتابة | إطار تسويات رقابية عبر القواعد (الائتمان↔AR، المخزون↔GL، دفتر المورد↔AP، الخزينة↔GL، المبيعات↔الفواتير) | سياسة موحدة لحالات المستندات والإلغاء والعكس والإشعارات الدائنة وقفل الفترات على مستوى الترحيل | سجل تدقيق: الأحداث المركزية كسجل أعمال، وسجل تعديلات داخل المعاملة مع before/after، منع التعديل بالصلاحيات، إخفاء البيانات الحساسة | حوكمة الترحيل: expand/contract، منع تعديل migration مطبقة، بوابة checksum مقابل الإنتاج، مصفوفة توافق إصدار التطبيق مع الـschema، كشف drift | تصنيف البيانات الحساسة والاحتفاظ والحذف: رواتب، PII، بيانات بنكية؛ سياسات احتفاظ لكل فئة | تقييم المخزون ودفتر المخزون: طبقات تكلفة تغطي كل الحركات (أو متوسط مرجح)، استهلاك مسجل، ربط بـGL,AC-NFR-020-1: بافتراض فتح شاشة أو بحث، عندما يُنفذ، فلا يُضاف أي صف تدقيق. | AC-NFR-020-2: بافتراض حدث ContractUpdated، عندما يُصنَّف، فإن المجال ORGANIZATION والخطورة HIGH وfinancialImpact=true. | AC-NFR-020-3: بافتراض إلغاء فاتورة أو عكس دفعة، عندما يُنفذ، فإنه يُسجل CRITICAL مع قبل/بعد.,IMPLEMENTED,IMPLEMENTED,P3
REQ-NFR-021,اكتمال التدقيق هندسيًا: نشر بعد الالتزام، كل topic له مستهلك في المجمّع، تصنيف إلزامي وقت البناء، ومصفوفة اكتمال تُفشل البناء,PLATFORM_NFR (cross-cutting),لا ينطبق (متطلب غير وظيفي),BR-NFR-18 | BR-NFR-27,,,apps/audit-aggregator/src/modules/aggregator/aggregator.service.ts:26 EVENT_TOPICS لكل TOPICS + .dlq [B][C],,منتجو DIRECT: فشل النشر يترك التغيير بلا أثر مركزي (INT-01),aggregator.coverage.spec.ts (spec موجود، لم يُشغَّل),مصفوفة اكتمال (عملية → حدث → خطورة → ناشر → spec) كملف في المستودع مع اختبار.,DAR-07 | DAR-12 | DAR-14,Outbox لكل حدث يغيّر الحالة + Inbox معاملاتي للمستهلكين + مفتاح idempotency لكل أمر كتابة | سجل تدقيق: الأحداث المركزية كسجل أعمال، وسجل تعديلات داخل المعاملة مع before/after، منع التعديل بالصلاحيات، إخفاء البيانات الحساسة | حوكمة الترحيل: expand/contract، منع تعديل migration مطبقة، بوابة checksum مقابل الإنتاج، مصفوفة توافق إصدار التطبيق مع الـschema، كشف drift,AC-NFR-021-1: بافتراض topic جديد في asyncapi بلا مستهلك في المجمّع، عندما يُشغَّل الاختبار، فإنه يفشل. | AC-NFR-021-2: بافتراض البروكر متوقف أثناء إلغاء فاتورة، عندما يعود، فإن صف التدقيق المركزي يظهر للعملية. | AC-NFR-021-3: بافتراض عملية HTTP تعديل بلا حدث، عندما تنجح، فإن أثرها يوجد في سجل غير قابل للتعديل.,PARTIAL,PARTIAL,P1
REQ-NFR-022,سجلات منظمة JSON ومعرف ترابط في كل سطر من الطلب إلى الحدث والتدقيق وSentry,PLATFORM_NFR (cross-cutting),لا ينطبق (متطلب غير وظيفي),,,,Logger نصي افتراضي؛ packages/events/src/json-logger.ts غير مستخدم في أي main.ts [B][C]؛ http-exception.filter.ts:11 يضيف cid/user لسطر الخطأ [C],,الظرف يحمل correlation_id,,correlation_id في audit_events وjob_runs وdead_letter_messages.,DAR-07 | DAR-11 | DAR-12,Outbox لكل حدث يغيّر الحالة + Inbox معاملاتي للمستهلكين + مفتاح idempotency لكل أمر كتابة | تتبع شامل: correlation_id ومعرّف المستند المصدر على كل حركة وقيد، وسلسلة الدفعة الدوائية من الاستلام حتى العميل | سجل تدقيق: الأحداث المركزية كسجل أعمال، وسجل تعديلات داخل المعاملة مع before/after، منع التعديل بالصلاحيات، إخفاء البيانات الحساسة,AC-NFR-022-1: بافتراض طلب إنشاء أمر بمعرف ترابط C، عندما تُجمع سجلات sales وinventory وaccounting، فإن كل السطور ذات الصلة تحتوي C بصيغة JSON. | AC-NFR-022-2: بافتراض خطأ 5xx، عندما يُسجل، فإنه يحمل correlationId وuserId والمسار.,PARTIAL,PARTIAL,P3
REQ-NFR-023,تتبع الأخطاء (Sentry) فعّال في الخلفية والويب ومختبر قبل الإطلاق,PLATFORM_NFR (cross-cutting),لا ينطبق (متطلب غير وظيفي),,apps/web/sentry.client.config.ts/sentry.server.config.ts موجودة، لا instrumentation.ts ولا withSentryConfig [B][C]؛ NEXT_PUBLIC_SENTRY_DSN ليس ARG في Dockerfile,,apps/sales/src/common/observability/sentry.ts:14-22 init عند وجود DSN [B][C],,,,—,DAR-11 | DAR-13 | DAR-18,تتبع شامل: correlation_id ومعرّف المستند المصدر على كل حركة وقيد، وسلسلة الدفعة الدوائية من الاستلام حتى العميل | نموذج تقارير على مرحلتين: تجميعات SQL داخل الخدمة الآن، ثم read model للتقارير عند الحاجة؛ القوائم المالية من GL فقط | تصنيف البيانات الحساسة والاحتفاظ والحذف: رواتب، PII، بيانات بنكية؛ سياسات احتفاظ لكل فئة,AC-NFR-023-1: بافتراض staging، عندما يُطلق خطأ تجريبي من الويب ومن خدمة خلفية، فإن الحدثين يظهران في Sentry خلال 5 دقائق بمعرف الترابط. | AC-NFR-023-2: بافتراض صورة الويب، عندما تُفحص، فإنها تتضمن instrumentation وDSN مُمرر في البناء/التشغيل.,PARTIAL,PARTIAL,P2
REQ-NFR-024,المقاييس والتنبيهات التشغيلية: إشارات P0 محددة بعتبات وأوامر فحص قابلة للربط بمراقب خارجي,PLATFORM_NFR (cross-cutting),لا ينطبق (متطلب غير وظيفي),,,/health/details يعرض DLQ في الذاكرة وsignatureRejections [B][C]؛ GET /api/<svc>/jobs/runs,لا prom-client/OTel/metrics في أي حزمة [B][C]؛ التنبيهات معرّفة في docs/runbooks/alerts-and-metrics.md وغير موصولة,,,,job_runs وdead_letter_messages وoutbox كمصادر إشارة قابلة للاستعلام.,DAR-04 | DAR-06 | DAR-07 | DAR-08 | DAR-15 | DAR-17,دفتر أستاذ عام موحد واحد داخل nile_accounting: جدولا قيود بشكل واحد، محرك ترحيل واحد، قواعد ترحيل (posting rules) وحسابات رقابية للدفاتر الفرعية | قيود سلامة داخل كل مجال: CHECK للكميات والمبالغ، enums/CHECK للحالات، UNIQUE لمفاتيح الأعمال (X1–X4) | Outbox لكل حدث يغيّر الحالة + Inbox معاملاتي للمستهلكين + مفتاح idempotency لكل أمر كتابة | إطار تسويات رقابية عبر القواعد (الائتمان↔AR، المخزون↔GL، دفتر المورد↔AP، الخزينة↔GL، المبيعات↔الفواتير) | نسخ احتياطي وPITR واستعادة خارج المضيف بأهداف RPO/RTO معتمدة وتمارين استعادة دورية | فهارس مبنية على أنماط الاستعلام (X6–X15) مشروطة بقياسات EXPLAIN/pg_stat_statements,AC-NFR-024-1: بافتراض رسالة في DLQ لأكثر من 5 دقائق، عندما يعمل المراقب، فإن تنبيهًا يصل لمسؤول محدد. | AC-NFR-024-2: بافتراض فشل مهمة nightly-reconciliation، عندما تُكتب job_runs بحالة FAILED، فإن تنبيهًا يُرسل خلال ساعة. | AC-NFR-024-3: بافتراض توقف Redpanda، عندما يُفحص /health لخدمات الاستهلاك، فإنها 503 ويُطلق تنبيه.,PARTIAL,PARTIAL,P2
REQ-NFR-025,فحوص الصحة الموحدة والفشل السريع عند الإقلاع,PLATFORM_NFR (cross-cutting),لا ينطبق (متطلب غير وظيفي),BR-NFR-28,,apps/web/app/api/system-health/route.ts:4-13 يغفل organization [B][C],apps/sales/src/common/health.ts:67 SELECT 1، :82-85 منطق 503/degraded [B][C],,,health.spec.ts (spec موجود، لم يُشغَّل),—,DAR-04 | DAR-07,دفتر أستاذ عام موحد واحد داخل nile_accounting: جدولا قيود بشكل واحد، محرك ترحيل واحد، قواعد ترحيل (posting rules) وحسابات رقابية للدفاتر الفرعية | Outbox لكل حدث يغيّر الحالة + Inbox معاملاتي للمستهلكين + مفتاح idempotency لكل أمر كتابة,AC-NFR-025-1: بافتراض قاعدة خدمة متوقفة، عندما يُطلب /health، فإن الاستجابة 503 خلال 4 ثوانٍ. | AC-NFR-025-2: بافتراض Kafka متوقف، عندما يُطلب /health لخدمة accounting، فإن الاستجابة 503؛ ولخدمة products 200 degraded. | AC-NFR-025-3: بافتراض شاشة /dashboard/system/health، عندما تُفتح، فإنها تعرض الخدمات التسع بما فيها organization.,PARTIAL,PARTIAL,P3
REQ-NFR-026,عزل الأعطال الجزئية في الواجهة (BFF): مهلة لكل مصدر، وفشل مصدر يفرغ قسمه فقط,PLATFORM_NFR (cross-cutting),لا ينطبق (متطلب غير وظيفي),BR-NFR-29,,apps/web/lib/bff.ts:16-22 bffGet بمهلة AbortSignal [B][C]؛ inventory-shrinkage بلا معالجة → 500؛ credit-exposure كل-أو-لا شيء؛ search يفرغ المصدر الفاشل بصمت,,,,,—,,,AC-NFR-026-1: بافتراض خدمة accounting متوقفة، عندما تُفتح /dashboard، فإن الأقسام الأخرى تظهر وقسم التحصيل يعرض رسالة عدم توفر. | AC-NFR-026-2: بافتراض فشل مصدر في البحث العام، عندما تُعرض النتائج، فإن المستخدم يرى أن مصدرًا غير متاح لا قائمة فارغة صامتة.,PARTIAL,PARTIAL,P3
REQ-NFR-027,رسائل أخطاء عربية موجهة للمستخدم حسب الحالة دون تمرير أجسام أخطاء الخلفيات للمتصفح,PLATFORM_NFR (cross-cutting),لا ينطبق (متطلب غير وظيفي),,lib/api.ts:45-65 يعرض body.message من الخدمات في المسارات المباشرة (rewrites) — ليس عبر BFF,apps/web/lib/bff.ts:16-29 رسالة حالة فقط [B][C]؛ lib/api-error.ts للتعيين العربي,,,,,—,,,AC-NFR-027-1: بافتراض خدمة تعيد 500 بنص تقني، عندما يمر عبر BFF، فإن المتصفح يتلقى رسالة عربية عامة حسب الحالة فقط. | AC-NFR-027-2: بافتراض انتهاء مهلة 8 ث، عندما تفشل الاستجابة، فإن الرسالة العربية تشير لانتهاء المهلة.,IMPLEMENTED,IMPLEMENTED,P4
REQ-NFR-028,استعلامات محدودة وترقيم حقيقي: لا جلب غير محدود ولا اقتطاع صامت,PLATFORM_NFR (cross-cutting),لا ينطبق (متطلب غير وظيفي),BR-NFR-29,,?q= server-side للأوامر/الفواتير/المنتجات,apps/sales/src/common/keyset.ts (keyset ?before=) [B][C]؛ apps/crm/src/modules/accounts/accounts.service.ts:120 take:200 [C]؛ apps/web/lib/inventory-value.ts:24-37 يستدعي /stock بلا take (حد 200),,,,"فهارس على (timestamp desc, id) للقوائم المرقمة؛ endpoints تجميع في الخدمة المالكة.",DAR-10 | DAR-17,العملات والدقة والتقريب والترقيم: عملة على كل مستند مالي، دقة موحدة لأسعار الصرف، قاعدة تقريب واحدة Decimal، ترقيم تسلسلي لكل سلسلة داخل المعاملة | فهارس مبنية على أنماط الاستعلام (X6–X15) مشروطة بقياسات EXPLAIN/pg_stat_statements,AC-NFR-028-1: بافتراض 300 ألف حركة مخزون، عندما تُطلب صفحة الحركات، فإن الاستجابة ≤ الحد ومعها مؤشر صفحة تالية، وp95 < 500ms. | AC-NFR-028-2: بافتراض 250 عميلًا نشطًا، عندما يُفتح تقرير التعرض الائتماني، فإنه يشمل كل العملاء أو يُظهر بوضوح أنه مقتطع. | AC-NFR-028-3: بافتراض أكثر من 200 رصيد مخزون، عندما تُعرض قيمة المخزون في اللوحة، فإنها محسوبة على كل الأرصدة.,PARTIAL,PARTIAL,P2
REQ-NFR-029,سلامة المخطط: ترحيلات حقيقية، قيود فريدة وFK داخل الخدمة بقرارات ON DELETE، وفهارس على الحقول المفلترة,PLATFORM_NFR (cross-cutting),لا ينطبق (متطلب غير وظيفي),,,,,"فهارس inventory_transactions(type, created_at) وproducts(name_en) مضافة (load-test remediation)؛ 23 عمود FK بلا فهرس و7 status نصية (DB-06)؛ لا CHECK على الأرصدة (DB-05) [B][C]",,,CHECK (on_hand>=0 AND reserved<=on_hand)؛ enums للحالات؛ فهارس FK.,DAR-03 | DAR-04 | DAR-05 | DAR-06 | DAR-07 | DAR-10 | DAR-14,ملكية بيانات صريحة ونظام سجل (SoR) لكل كيان، وتحقق المراجع بين الخدمات عند الكتابة + إسقاطات مرجعية + مطابقة دورية | دفتر أستاذ عام موحد واحد داخل nile_accounting: جدولا قيود بشكل واحد، محرك ترحيل واحد، قواعد ترحيل (posting rules) وحسابات رقابية للدفاتر الفرعية | ربط الدفاتر الفرعية (AR/AP/الخزينة/المخزون/الرواتب/المصروفات/العمولات) بالقيود عبر source_type/source_id ومراجع عكسية، وتسويات رقابية | قيود سلامة داخل كل مجال: CHECK للكميات والمبالغ، enums/CHECK للحالات، UNIQUE لمفاتيح الأعمال (X1–X4) | Outbox لكل حدث يغيّر الحالة + Inbox معاملاتي للمستهلكين + مفتاح idempotency لكل أمر كتابة | العملات والدقة والتقريب والترقيم: عملة على كل مستند مالي، دقة موحدة لأسعار الصرف، قاعدة تقريب واحدة Decimal، ترقيم تسلسلي لكل سلسلة داخل المعاملة | حوكمة الترحيل: expand/contract، منع تعديل migration مطبقة، بوابة checksum مقابل الإنتاج، مصفوفة توافق إصدار التطبيق مع الـschema، كشف drift,AC-NFR-029-1: بافتراض إدخالين متزامنين بنفس sku، عندما يُنفذان، فإن واحدًا فقط ينجح. | AC-NFR-029-2: بافتراض فحص المخطط في CI، عندما يوجد عمود FK بلا فهرس أو حقل status نصي حر، فإنه يُبلَّغ. | AC-NFR-029-3: بافتراض رصيد مخزون، عندما يُحاول تحديثه إلى on_hand<0، فإن القاعدة ترفض.,PARTIAL,PARTIAL,P2
REQ-NFR-030,أهداف الأداء واختبار الحمل على staging ببيانات بحجم الإنتاج قبل الإطلاق,PLATFORM_NFR (cross-cutting),لا ينطبق (متطلب غير وظيفي),,,,,,,سكربت k6 موجود حسب الوثائق (spec/سكربت موجود، لم يُشغَّل)؛ load-test-2026-09-08 على PostgreSQL محلي فقط,بيانات staging مولدة بتوزيع واقعي أو نسخة مخففة (masked) من الإنتاج.,DAR-05 | DAR-06 | DAR-13 | DAR-15 | DAR-17,ربط الدفاتر الفرعية (AR/AP/الخزينة/المخزون/الرواتب/المصروفات/العمولات) بالقيود عبر source_type/source_id ومراجع عكسية، وتسويات رقابية | قيود سلامة داخل كل مجال: CHECK للكميات والمبالغ، enums/CHECK للحالات، UNIQUE لمفاتيح الأعمال (X1–X4) | نموذج تقارير على مرحلتين: تجميعات SQL داخل الخدمة الآن، ثم read model للتقارير عند الحاجة؛ القوائم المالية من GL فقط | نسخ احتياطي وPITR واستعادة خارج المضيف بأهداف RPO/RTO معتمدة وتمارين استعادة دورية | فهارس مبنية على أنماط الاستعلام (X6–X15) مشروطة بقياسات EXPLAIN/pg_stat_statements,AC-NFR-030-1: بافتراض staging ببيانات بحجم الإنتاج، عندما يُشغَّل سيناريو k6 لـ50 مستخدمًا، فإن p95 < 500ms ونسبة الأخطاء < 1%. | AC-NFR-030-2: بافتراض اختبار سباق التخصيص 100 تكرار، عندما ينتهي، فإن المخصص لم يتجاوز المتاح في أي تكرار. | AC-NFR-030-3: بافتراض نتائج الحمل، عندما تُوثق، فإنها تُحفظ بتاريخ وcommit وبيئة.,NOT_VERIFIED (لا نتائج حمل على HTTP أو staging؛ اختبار 09-08 على طبقة القاعدة محليًا),NOT_VERIFIED (لا نتائج حمل على HTTP أو staging),P2
REQ-NFR-031,قابلية التوسع: حجم pool محدد، تحديد معدل بمخزن مشترك، خدمات عديمة الحالة، ومهام ثقيلة غير متزامنة,PLATFORM_NFR (cross-cutting),لا ينطبق (متطلب غير وظيفي),,,,لا connection_limit في أي apps/*/src [C] (grep فارغ)؛ ThrottlerModule بذاكرة العملية؛ لا ioredis/redis في الكود [B][C],,,,—,DAR-07 | DAR-15 | DAR-20,Outbox لكل حدث يغيّر الحالة + Inbox معاملاتي للمستهلكين + مفتاح idempotency لكل أمر كتابة | نسخ احتياطي وPITR واستعادة خارج المضيف بأهداف RPO/RTO معتمدة وتمارين استعادة دورية | ترحيل البيانات الافتتاحية وتاريخ القطع: دفعة افتتاحية معتمدة بتوقيع وhash، قيود افتتاحية بتاريخ القطع,AC-NFR-031-1: بافتراض نسختين من خدمة iam، عندما يحاول مهاجم 10 تسجيلات دخول في دقيقة، فإن الحد 5/د يُطبق إجماليًا لا لكل نسخة. | AC-NFR-031-2: بافتراض كل الخدمات بأقصى pool، عندما يُحسب مجموع الاتصالات، فإنه أقل من max_connections مع هامش.,NOT_IMPLEMENTED,NOT_IMPLEMENTED,P3
REQ-NFR-032,مجدول موحد بقفل موزع وسجل تشغيل لكل مهمة ومنطقة زمنية للقاهرة,PLATFORM_NFR (cross-cutting),لا ينطبق (متطلب غير وظيفي),BR-NFR-30,,GET/POST /api/<svc>/jobs*؛ apps/web/app/api/system-jobs/route.ts:11-15 يغفل sales,packages/scheduler/src/job-runner.ts:43-92 pg_try_advisory_xact_lock + job_runs + JobCompleted [B][C]؛ scheduler.module.ts:30 Africa/Cairo,,,job-runner.spec.ts (spec موجود، لم يُشغَّل),"job_runs(id, job, status, started_at, finished_at, error, triggered_by) لكل خدمة.",DAR-07 | DAR-15,Outbox لكل حدث يغيّر الحالة + Inbox معاملاتي للمستهلكين + مفتاح idempotency لكل أمر كتابة | نسخ احتياطي وPITR واستعادة خارج المضيف بأهداف RPO/RTO معتمدة وتمارين استعادة دورية,AC-NFR-032-1: بافتراض نسختين من inventory، عندما يحين موعد stale-reservations، فإن نسخة واحدة تنفذ والأخرى SKIPPED_LOCKED. | AC-NFR-032-2: بافتراض مهمة تجاوزت مهلتها، عندما تنتهي المعاملة، فإن صف job_runs يُغلق FAILED لا يبقى RUNNING. | AC-NFR-032-3: بافتراض مستخدم بلا system.jobs.run، عندما يطلب تشغيلًا يدويًا، فإن الاستجابة 403.,IMPLEMENTED,IMPLEMENTED,P3
REQ-NFR-033,سياسة احتفاظ وأرشفة للبيانات التشغيلية والتدقيقية,PLATFORM_NFR (cross-cutting),لا ينطبق (متطلب غير وظيفي),,,,لا كود حذف/احتفاظ لأي من الجداول المذكورة [B][C] (grep deleteMany/retention فارغ),,,,"عمود created_at مفهرس في كل جدول قابل للتنظيف؛ جدول سياسات احتفاظ (table, days, mode=delete|archive).",DAR-07 | DAR-12 | DAR-17 | DAR-18,Outbox لكل حدث يغيّر الحالة + Inbox معاملاتي للمستهلكين + مفتاح idempotency لكل أمر كتابة | سجل تدقيق: الأحداث المركزية كسجل أعمال، وسجل تعديلات داخل المعاملة مع before/after، منع التعديل بالصلاحيات، إخفاء البيانات الحساسة | فهارس مبنية على أنماط الاستعلام (X6–X15) مشروطة بقياسات EXPLAIN/pg_stat_statements | تصنيف البيانات الحساسة والاحتفاظ والحذف: رواتب، PII، بيانات بنكية؛ سياسات احتفاظ لكل فئة,AC-NFR-033-1: بافتراض مدة احتفاظ معتمدة لـprocessed_events (مثلًا 90 يومًا)، عندما تعمل مهمة التنظيف، فإن الصفوف الأقدم تُحذف ويُسجل JobCompleted بعددها. | AC-NFR-033-2: بافتراض صف audit_events أحدث من المدة القانونية، عندما تعمل أي مهمة أرشفة، فإنه لا يُحذف.,NOT_IMPLEMENTED,NOT_IMPLEMENTED,P3
REQ-NFR-034,تخزين المرفقات خارج القاعدة مع تحقق صارم من الحجم والصيغة ومسار محمي وتخزين دائم,PLATFORM_NFR (cross-cutting),لا ينطبق (متطلب غير وظيفي),BR-NFR-31,,,apps/sales/src/modules/shipments/storage/file-storage.service.ts:24-32 magic bytes وحدود 2/5MB، :89-91 حارس المسار [B][C],UPLOAD_DIR غير مربوط بأي volume في docker-compose.production.yml [B][C],,,جدول مرفقات: storage_key فريد، mime، size، sha256، captured_at، uploaded_by، entity_type/id.,DAR-04 | DAR-06 | DAR-12 | DAR-20,دفتر أستاذ عام موحد واحد داخل nile_accounting: جدولا قيود بشكل واحد، محرك ترحيل واحد، قواعد ترحيل (posting rules) وحسابات رقابية للدفاتر الفرعية | قيود سلامة داخل كل مجال: CHECK للكميات والمبالغ، enums/CHECK للحالات، UNIQUE لمفاتيح الأعمال (X1–X4) | سجل تدقيق: الأحداث المركزية كسجل أعمال، وسجل تعديلات داخل المعاملة مع before/after، منع التعديل بالصلاحيات، إخفاء البيانات الحساسة | ترحيل البيانات الافتتاحية وتاريخ القطع: دفعة افتتاحية معتمدة بتوقيع وhash، قيود افتتاحية بتاريخ القطع,AC-NFR-034-1: بافتراض ملف PNG بامتداد jpg أو حجم 6MB، عندما يُرفع كإثبات تسليم، فإنه يُرفض 400. | AC-NFR-034-2: بافتراض مفتاح تخزين ../../etc/passwd، عندما يُطلب، فإن الخدمة ترفضه. | AC-NFR-034-3: بافتراض إعادة إنشاء حاوية sales، عندما يُطلب إثبات تسليم سابق، فإن الملف ما زال متاحًا.,PARTIAL,PARTIAL,P1
REQ-NFR-035,سياسة PWA وعدم العمل المالي دون اتصال: كاش للأصول العامة فقط، لا تخزين API/HTML ولا طابور كتابة,PLATFORM_NFR / UX,لا ينطبق (متطلب غير وظيفي),BR-NFR-32,apps/web/public/sw.js:1-30 (متطابق B/C): لا تخزين /api، التنقل شبكة مع offline.html، cache-first لـ/_next/static فقط؛ next.config.js no-store على /api و/dashboard,,,,,,لا تخزين بيانات أعمال على الجهاز.,DAR-03 | DAR-13,ملكية بيانات صريحة ونظام سجل (SoR) لكل كيان، وتحقق المراجع بين الخدمات عند الكتابة + إسقاطات مرجعية + مطابقة دورية | نموذج تقارير على مرحلتين: تجميعات SQL داخل الخدمة الآن، ثم read model للتقارير عند الحاجة؛ القوائم المالية من GL فقط,AC-NFR-035-1: بافتراض المستخدم دون اتصال، عندما يحاول تسجيل تحصيل، فإن العملية لا تُقبل ولا تُخزن للإرسال لاحقًا. | AC-NFR-035-2: بافتراض فحص Cache Storage بعد جلسة عمل، عندما يُفحص، فلا يحتوي أي استجابة /api أو صفحة dashboard. | AC-NFR-035-3: بافتراض إصدار جديد للتطبيق أثناء ملء نموذج، عندما يُنشر، فإن النموذج لا يُعاد تحميله قسرًا.,IMPLEMENTED,IMPLEMENTED,P4
REQ-NFR-036,نفس الخدمات والـAPIs للويب والجوال (تصميم متجاوب لا تطبيق منفصل),PLATFORM_NFR / UX,لا ينطبق (متطلب غير وظيفي),,لا مسارات جوال منفصلة في apps/web/lib/api.ts؛ test:responsive (spec موجود، لم يُشغَّل),,,,,,—,,,AC-NFR-036-1: بافتراض شاشة أمر على عرض 375px، عندما تُرسل، فإنها تستدعي نفس endpoint المستخدم على سطح المكتب. | AC-NFR-036-2: بافتراض المستخدم يغير الوحدة في قائمة الهاتف، عندما يختارها، فإن القائمة تبقى مفتوحة حتى اختيار صفحة.,IMPLEMENTED,IMPLEMENTED,P4
REQ-NFR-037,أدلة التحقق: تغطية اختبارات، اختبارات على PostgreSQL حقيقي، اختبارات تزامن وسيناريوهات دخان مالية تُشغَّل في CI,PLATFORM_NFR (cross-cutting),لا ينطبق (متطلب غير وظيفي),BR-NFR-36,,,,,,specs تكامل موجودة (credit-race، allocation-issue، ledger-dedup، intake-dedup، pricing-persistence، saga-processed-events) — موجودة ولم تُشغَّل في هذا التدقيق؛ تُتخطى بلا قاعدة (describeIfDb)؛ عتبات تغطية في 14 ملف jest (حسب وثيقة QA، لم يُتحقق من تفعيلها في CI),قاعدة اختبار مؤقتة بالترحيلات الكاملة في CI؛ بيانات fixtures لا إنتاجية.,DAR-04 | DAR-05 | DAR-07 | DAR-09 | DAR-12,دفتر أستاذ عام موحد واحد داخل nile_accounting: جدولا قيود بشكل واحد، محرك ترحيل واحد، قواعد ترحيل (posting rules) وحسابات رقابية للدفاتر الفرعية | ربط الدفاتر الفرعية (AR/AP/الخزينة/المخزون/الرواتب/المصروفات/العمولات) بالقيود عبر source_type/source_id ومراجع عكسية، وتسويات رقابية | Outbox لكل حدث يغيّر الحالة + Inbox معاملاتي للمستهلكين + مفتاح idempotency لكل أمر كتابة | سياسة موحدة لحالات المستندات والإلغاء والعكس والإشعارات الدائنة وقفل الفترات على مستوى الترحيل | سجل تدقيق: الأحداث المركزية كسجل أعمال، وسجل تعديلات داخل المعاملة مع before/after، منع التعديل بالصلاحيات، إخفاء البيانات الحساسة,AC-NFR-037-1: بافتراض CI على فرع الإصدار، عندما يكتمل، فإن عدد مجموعات التكامل المتخطاة = 0 وكلها نُفذت على PostgreSQL. | AC-NFR-037-2: بافتراض سيناريو الشيك المرتد، عندما يُشغَّل في CI، فإنه ينجح ويتحقق من أثر الخزينة والعمولة والتدقيق. | AC-NFR-037-3: بافتراض انخفاض التغطية عن العتبة في أي حزمة، عندما يُشغل CI، فإنه يفشل.,PARTIAL,PARTIAL,P1
REQ-NFR-038,حوكمة التنفيذ: الاستكشاف والتدقيق قبل أي تغيير، ولا تنفيذ لبند قبل الإجابة على قراراته التجارية,PLATFORM_NFR (cross-cutting),المنفذ لا يعتمد قراراته؛ القرار يُسجل باسم معتمِد.,BR-NFR-33,,,,,,,سجل قرارات (id، نص، معتمِد بالاسم، تاريخ، بنود متأثرة).,DAR-12,سجل تدقيق: الأحداث المركزية كسجل أعمال، وسجل تعديلات داخل المعاملة مع before/after، منع التعديل بالصلاحيات، إخفاء البيانات الحساسة,AC-NFR-038-1: بافتراض بند مرتبط بقرار مفتوح، عندما يُفتح PR لتنفيذه، فإنه يُرفض في المراجعة ما لم يشر لقرار مسجل باسم معتمِد. | AC-NFR-038-2: بافتراض بدء مرحلة جديدة، عندما تُراجع مخرجاتها الأولى، فإنها تقرير استكشاف بلا تعديل كود.,NOT_APPLICABLE (ضابط عملية لا كود),NOT_APPLICABLE (ضابط عملية لا كود),P2
REQ-NFR-039,مصدر حالة واحد قابل للتحقق وإغلاق البنود بدليل فحص آلي لا بجملة في وثيقة,PLATFORM_NFR (cross-cutting),لا ينطبق (متطلب غير وظيفي),BR-NFR-34,,,لا ملف حالة مولد من CI؛ RTM يدعي 100% VERIFIED بأرقام متناقضة (60 مقابل 62 مقابل 56),,,,ملف status.yaml: id، الحالة، فحص CI، آخر نتيجة، commit.,DAR-08 | DAR-15,إطار تسويات رقابية عبر القواعد (الائتمان↔AR، المخزون↔GL، دفتر المورد↔AP، الخزينة↔GL، المبيعات↔الفواتير) | نسخ احتياطي وPITR واستعادة خارج المضيف بأهداف RPO/RTO معتمدة وتمارين استعادة دورية,AC-NFR-039-1: بافتراض بند مُعلَّم مغلقًا في ملف الحالة، عندما يُفحص، فإنه يشير إلى فحص CI محدد ونتيجته الناجحة. | AC-NFR-039-2: بافتراض وثيقتين بحالتين مختلفتين لنفس البند، عندما يُشغل مولد الحالة، فإن المصدر الوحيد يتغلب وتُعلَّم الأخرى قديمة.,NOT_IMPLEMENTED,NOT_IMPLEMENTED,P2
REQ-NFR-040,تعريف الاكتمال والقبول للإطلاق: الشركة تعمل يوميًا على النظام دون جداول موازية، بتحقق شخص غير المنفذ,PLATFORM_NFR (cross-cutting),التحقق من شخص غير المنفذ.,BR-NFR-35,,,,,,,ورقة قطع (cut-over) موقعة كمرجع للأرصدة الافتتاحية.,DAR-03 | DAR-04 | DAR-05 | DAR-07 | DAR-08 | DAR-09 | DAR-11 | DAR-13 | DAR-14 | DAR-15 | DAR-18 | DAR-19 | DAR-20,ملكية بيانات صريحة ونظام سجل (SoR) لكل كيان، وتحقق المراجع بين الخدمات عند الكتابة + إسقاطات مرجعية + مطابقة دورية | دفتر أستاذ عام موحد واحد داخل nile_accounting: جدولا قيود بشكل واحد، محرك ترحيل واحد، قواعد ترحيل (posting rules) وحسابات رقابية للدفاتر الفرعية | ربط الدفاتر الفرعية (AR/AP/الخزينة/المخزون/الرواتب/المصروفات/العمولات) بالقيود عبر source_type/source_id ومراجع عكسية، وتسويات رقابية | Outbox لكل حدث يغيّر الحالة + Inbox معاملاتي للمستهلكين + مفتاح idempotency لكل أمر كتابة | إطار تسويات رقابية عبر القواعد (الائتمان↔AR، المخزون↔GL، دفتر المورد↔AP، الخزينة↔GL، المبيعات↔الفواتير) | سياسة موحدة لحالات المستندات والإلغاء والعكس والإشعارات الدائنة وقفل الفترات على مستوى الترحيل | تتبع شامل: correlation_id ومعرّف المستند المصدر على كل حركة وقيد، وسلسلة الدفعة الدوائية من الاستلام حتى العميل | نموذج تقارير على مرحلتين: تجميعات SQL داخل الخدمة الآن، ثم read model للتقارير عند الحاجة؛ القوائم المالية من GL فقط | حوكمة الترحيل: expand/contract، منع تعديل migration مطبقة، بوابة checksum مقابل الإنتاج، مصفوفة توافق إصدار التطبيق مع الـschema، كشف drift | نسخ احتياطي وPITR واستعادة خارج المضيف بأهداف RPO/RTO معتمدة وتمارين استعادة دورية | تصنيف البيانات الحساسة والاحتفاظ والحذف: رواتب، PII، بيانات بنكية؛ سياسات احتفاظ لكل فئة | تقييم المخزون ودفتر المخزون: طبقات تكلفة تغطي كل الحركات (أو متوسط مرجح)، استهلاك مسجل، ربط بـGL | ترحيل البيانات الافتتاحية وتاريخ القطع: دفعة افتتاحية معتمدة بتوقيع وhash، قيود افتتاحية بتاريخ القطع,AC-NFR-040-1: بافتراض قائمة شروط الاكتمال، عندما تُراجع قبل الإطلاق، فإن كل شرط له دليل موقع من شخص غير المنفذ. | AC-NFR-040-2: بافتراض وجود بند حرج RED مفتوح (مثل غياب نسخ احتياطي آلي)، عندما يُطلب الإطلاق، فإن البوابة ترفض. | AC-NFR-040-3: بافتراض شهر تشغيل، عندما يُقفل، فإن ميزان المراجعة متوازن ولا يوجد جدول Excel موازٍ لأي دفتر.,NOT_VERIFIED (معيار قبول إنتاجي؛ لا دليل إنتاج متاح),NOT_VERIFIED (معيار قبول إنتاجي؛ لا دليل إنتاج متاح),P1
REQ-NFR-041,نقل الثوابت التجارية من الكود إلى إعدادات قابلة للتعديل ومدققة,PLATFORM_NFR (cross-cutting),لا ينطبق (متطلب غير وظيفي),,,,"عتبة 100,000 مكتوبة في الكود وتشمل الشحن (SAL-17) [B][C]",,,,جدول إعدادات (key، value، type، updated_by، updated_at، version) مع تدقيق.,DAR-12,سجل تدقيق: الأحداث المركزية كسجل أعمال، وسجل تعديلات داخل المعاملة مع before/after، منع التعديل بالصلاحيات، إخفاء البيانات الحساسة,AC-NFR-041-1: بافتراض تغيير حد اعتماد الأمر إلى 150000 بواسطة مخول، عندما يُنشأ أمر بقيمة 120000، فإنه لا يذهب للاعتماد ويُسجل تغيير الإعداد في التدقيق. | AC-NFR-041-2: بافتراض مستخدم بلا صلاحية الإعدادات، عندما يحاول تعديل الحد، فإن الاستجابة 403.,NOT_IMPLEMENTED,NOT_IMPLEMENTED,P3
REQ-NFR-042,ملف الشركة (إعدادات عامة): صف واحد للاسم القانوني والرقم الضريبي والسجل والعنوان والعملة وبداية السنة المالية,PLATFORM_NFR (cross-cutting),لا ينطبق (متطلب غير وظيفي),,apps/web/app/dashboard/settings/company/page.tsx:5 PlaceholderPage [B][C],,رقم التسجيل الضريبي مكتوب في الكود (ACC-15),,,,company_settings صف واحد (قيد singleton)، تدقيق التغييرات.,DAR-04 | DAR-10 | DAR-12,دفتر أستاذ عام موحد واحد داخل nile_accounting: جدولا قيود بشكل واحد، محرك ترحيل واحد، قواعد ترحيل (posting rules) وحسابات رقابية للدفاتر الفرعية | العملات والدقة والتقريب والترقيم: عملة على كل مستند مالي، دقة موحدة لأسعار الصرف، قاعدة تقريب واحدة Decimal، ترقيم تسلسلي لكل سلسلة داخل المعاملة | سجل تدقيق: الأحداث المركزية كسجل أعمال، وسجل تعديلات داخل المعاملة مع before/after، منع التعديل بالصلاحيات، إخفاء البيانات الحساسة,AC-NFR-042-1: بافتراض تعديل الرقم الضريبي في إعدادات الشركة، عندما تُطبع فاتورة جديدة، فإنها تحمل الرقم الجديد دون نشر كود. | AC-NFR-042-2: بافتراض محاولة إنشاء صف ثانٍ لإعدادات الشركة، عندما تُرسل، فإنها تُرفض.,NOT_IMPLEMENTED,NOT_IMPLEMENTED,P3
REQ-NFR-043,شاشات تشغيل للإدارة: السجلات (تدقيق، مهام مجدولة، DLQ) والتكاملات (قرائية من حالة القنوات والصحة),PLATFORM_NFR (cross-cutting),لا ينطبق (متطلب غير وظيفي),,"apps/web/app/dashboard/system/logs/page.tsx:333,506 (auditApi.recent/verify، system-jobs) [B][C] — لا PlaceholderPage؛ settings/integrations/page.tsx يستخدم notificationsApi.channels وauditApi.dlqStats وsystem-health [B][C]",,,,,,—,DAR-07 | DAR-12 | DAR-13,Outbox لكل حدث يغيّر الحالة + Inbox معاملاتي للمستهلكين + مفتاح idempotency لكل أمر كتابة | سجل تدقيق: الأحداث المركزية كسجل أعمال، وسجل تعديلات داخل المعاملة مع before/after، منع التعديل بالصلاحيات، إخفاء البيانات الحساسة | نموذج تقارير على مرحلتين: تجميعات SQL داخل الخدمة الآن، ثم read model للتقارير عند الحاجة؛ القوائم المالية من GL فقط,AC-NFR-043-1: بافتراض مستخدم بـaudit.events.read، عندما يفتح شاشة السجلات، فإنه يرى أحداث التدقيق والمهام وDLQ ويستطيع تشغيل التحقق من السلسلة. | AC-NFR-043-2: بافتراض قناة SMS بلا متغيرات، عندما تُفتح شاشة التكاملات، فإنها تظهر غير مفعلة مع أسماء المتغيرات الناقصة دون قيم.,IMPLEMENTED,IMPLEMENTED,P4
REQ-NFR-044,توثيق API (OpenAPI) وإصدار للمسارات التي قد يتغير شكلها,PLATFORM_NFR (cross-cutting),لا ينطبق (متطلب غير وظيفي),,,لا @nestjs/swagger في أي خدمة (حسب QA 08),,,,,—,,,AC-NFR-044-1: بافتراض خدمة products، عندما يُطلب /api/docs-json، فإنه يعيد مواصفة OpenAPI صالحة تغطي كل المسارات. | AC-NFR-044-2: بافتراض تغيير كاسر في استجابة مسار مُصدَّر، عندما يُنشر، فإن الإصدار السابق يبقى متاحًا.,NOT_IMPLEMENTED,NOT_IMPLEMENTED,P4
REQ-NFR-045,معيار موحد للاستيراد والتصدير: عقد بيانات typed لكل نطاق وإعادة استخدام نفس الدلالات,PLATFORM_NFR (cross-cutting),لا ينطبق (متطلب غير وظيفي),,,,packages/import-kit [B][C]؛ packages/export-kit [C] فقط,,,import-templates.spec / export-kit index.test.ts (specs موجودة، لم تُشغَّل),—,DAR-12 | DAR-13 | DAR-18 | DAR-20,سجل تدقيق: الأحداث المركزية كسجل أعمال، وسجل تعديلات داخل المعاملة مع before/after، منع التعديل بالصلاحيات، إخفاء البيانات الحساسة | نموذج تقارير على مرحلتين: تجميعات SQL داخل الخدمة الآن، ثم read model للتقارير عند الحاجة؛ القوائم المالية من GL فقط | تصنيف البيانات الحساسة والاحتفاظ والحذف: رواتب، PII، بيانات بنكية؛ سياسات احتفاظ لكل فئة | ترحيل البيانات الافتتاحية وتاريخ القطع: دفعة افتتاحية معتمدة بتوقيع وhash، قيود افتتاحية بتاريخ القطع,AC-NFR-045-1: بافتراض تصدير أي جدول إلى CSV، عندما تحتوي خلية على =HYPERLINK، فإنها تُهرَّب. | AC-NFR-045-2: بافتراض شاشة استيراد جديدة، عندما تُراجع، فإنها تستخدم import-kit لا محللًا خاصًا.,PARTIAL,PARTIAL,P3
REQ-NFR-046,صمود الخدمات أمام تعطل الوسيط أو القاعدة: التقاط فشل الإقلاع، إعادة اتصال المستهلك بتراجع أُسّي دون إعادة تشغيل، ومعالجات أخطاء العملية,PLATFORM_NFR (cross-cutting),لا ينطبق (متطلب غير وظيفي),BR-NFR-38,,,"bootstrap().catch + process.exit(1) في main.ts للخدمات التسع، مثال apps/sales/src/main.ts:41-44 [B][C]؛ uncaughtException/unhandledRejection في main.ts للتسع، مثال apps/sales/src/main.ts:11-17 [B][C]؛ حلقة runSupervised بتراجع أُسّي حتى MAX_RECONNECT_BACKOFF_MS=30000 packages/events/src/consumer.ts:74,245-260 [B][C]",,,"packages/events/src/consumer.spec.ts:101 (describe ... reconnect) و:293 [B][C] (spec exists, not run)؛ لا اختبار chaos آلي معروف",لا كيانات جديدة؛ حالة المستهلك (connected/lastError) تُكشف في /health.,DAR-15,نسخ احتياطي وPITR واستعادة خارج المضيف بأهداف RPO/RTO معتمدة وتمارين استعادة دورية,AC-NFR-046-1: بافتراض بدء خدمة مستهلكة والوسيط متوقف، عندما يبدأ الوسيط بعد دقيقتين، فإن المستهلك ينتقل إلى الاستهلاك ويعالج الرسائل المعلقة خلال ≤ 60 ثانية دون إعادة تشغيل الحاوية. | AC-NFR-046-2: بافتراض أي خدمة من التسع، عندما يُرمى خطأ غير ملتقط أو رفض غير معالج، فإن السجل يحتوي سطرًا موسومًا باسم الخدمة وتخرج العملية بكود 1. | AC-NFR-046-3: بافتراض فشل bootstrap (متغير ناقص أو قاعدة غير متاحة)، عندما تبدأ الخدمة، فإنها تسجل خطأً واحدًا موسومًا وتخرج بكود غير صفري خلال ≤ 30 ثانية. | AC-NFR-046-4: بافتراض اختبار chaos يقتل الوسيط أثناء النشر، عندما يعود، فإن عدد الأحداث المستهلكة في المجمّع يساوي عدد المنشورة (لا فقد).,IMPLEMENTED,IMPLEMENTED,P2
REQ-OPS-001,ترحيل الأرصدة الافتتاحية لذمم العملاء بتاريخ قطع معتمد,Data cut-over & opening balances,من يُعد الورقة ≠ من يوقعها (المحاسب) ≠ من يشغل الترحيل؛ اعتماد مدير المالية لتاريخ القطع.,BR-OPS-25 | BR-OPS-26 | BR-OPS-27 | BR-OPS-28 | BR-OPS-46,لا شاشة لترحيل/اعتماد الأرصدة الافتتاحية (لا يوجد مسار HTTP؛ CSV العملاء لا يقبل عمود رصيد: [C] apps/crm/src/modules/accounts/accounts.service.ts:442),لا endpoint. المسار الوحيد حدث AccountCreated,"[B] apps/accounting/src/modules/saga-listener/saga-listener.service.ts:45,211-232 / [C] :51,218-239 ينشئ OPENING عند وجود opening_balance (idempotent). لكن المنشئ يرسل opening_balance: undefined ([B] apps/crm/src/modules/accounts/accounts.service.ts:238 / [C] :261) ومسار التأسيس لا يرسل الحقل ([B] customer-onboarding.service.ts:280 / [C] :284-290)؛ وسكربت الاستيراد [B][C] apps/crm/scripts/import-customers.ts:165-187 (متطابق) يكتب Account.openingBalance في CRM فقط دون أي حدث → لا قيد OPENING في Accounting.","[B][C] accounting LedgerEntry: occurredAt @default(now()) (cur schema.prisma:462) — لا يُمرر تاريخ القطع؛ @@unique([refType, refId]) (:469) يضمن قيدًا واحدًا؛ CRM Account.openingBalance Decimal(14,2) (cur crm schema.prisma:170)",crm.account.created (AccountCreated) — payload بلا قيمة رصيد فعلية,"saga-listener.service.spec.ts (spec exists, not run)؛ packages/import-kit/test/reconciliation.spec.ts لدالة reconcileMigrationData (SHA-256) غير مستدعاة من أي سكربت استيراد (grep) — ادعاء RTM «VERIFIED» (B5a-0061) غير مدعوم كاستخدام فعلي",كيان «دفعة ترحيل افتتاحي» (cutover_batch: id، تاريخ القطع، العملة، hash الملف، الموقِّع، المعتمِد، الحالة DRAFT/SIGNED/POSTED) وسطر لكل عميل؛ قيد OPENING واحد لكل حساب (unique refType+refId قائم) بتاريخ occurredAt = تاريخ القطع ومرجع للدفعة؛ لا تعديل للقيد بعد الترحيل إلا بقيد تسوية؛ مصدر الحقيقة للرصيد = الأستاذ لا حقل CRM.openingBalance.,DAR-03 | DAR-04 | DAR-05 | DAR-06 | DAR-08 | DAR-10 | DAR-15 | DAR-20,ملكية بيانات صريحة ونظام سجل (SoR) لكل كيان، وتحقق المراجع بين الخدمات عند الكتابة + إسقاطات مرجعية + مطابقة دورية | دفتر أستاذ عام موحد واحد داخل nile_accounting: جدولا قيود بشكل واحد، محرك ترحيل واحد، قواعد ترحيل (posting rules) وحسابات رقابية للدفاتر الفرعية | ربط الدفاتر الفرعية (AR/AP/الخزينة/المخزون/الرواتب/المصروفات/العمولات) بالقيود عبر source_type/source_id ومراجع عكسية، وتسويات رقابية | قيود سلامة داخل كل مجال: CHECK للكميات والمبالغ، enums/CHECK للحالات، UNIQUE لمفاتيح الأعمال (X1–X4) | إطار تسويات رقابية عبر القواعد (الائتمان↔AR، المخزون↔GL، دفتر المورد↔AP، الخزينة↔GL، المبيعات↔الفواتير) | العملات والدقة والتقريب والترقيم: عملة على كل مستند مالي، دقة موحدة لأسعار الصرف، قاعدة تقريب واحدة Decimal، ترقيم تسلسلي لكل سلسلة داخل المعاملة | نسخ احتياطي وPITR واستعادة خارج المضيف بأهداف RPO/RTO معتمدة وتمارين استعادة دورية | ترحيل البيانات الافتتاحية وتاريخ القطع: دفعة افتتاحية معتمدة بتوقيع وhash، قيود افتتاحية بتاريخ القطع,AC-OPS-001-1: Given ورقة أرصدة موقعة لـN عميل مطابق برصيد غير صفري، When يُنفذ الترحيل، Then يوجد بالضبط N قيد OPENING ومجموع (مدين−دائن) يساوي إجمالي الورقة حتى القرش، وhash الورقة مسجل في تقرير التشغيل. | AC-OPS-001-2: Given تاريخ قطع معتمد D، When يُرحل أي قيد OPENING، Then تكون قيمة occurred_at = D وليس تاريخ التشغيل. | AC-OPS-001-3: Given تشغيل ثانٍ لنفس الورقة، When يكتمل، Then يكون عدد قيود OPENING الجديدة = 0. | AC-OPS-001-4: Given رصيد أكبر عميل غير معتمد في الورقة، When يُشغل الترحيل، Then لا يُنشأ له قيد ويظهر في تقرير الاستثناءات.,PARTIAL,PARTIAL,P1
REQ-OPS-002,ملف «حسابات العملاء» هو المرجع الرئيسي لبيانات العملاء وأرصدتهم,Data cut-over & opening balances,لا يوجد.,BR-OPS-47,—,—,[B][C] apps/crm/scripts/import-customers.ts:1-9 يوثق المصدر؛ لا تسجيل hash لملف المصدر في التقرير,—,—,لا اختبار. ملاحظة: الملف المستخرج (بيانات عملاء وأرصدة) محفوظ داخل git: [B][C] apps/crm/scripts/data/customers-extracted.json (أسماء ملفات فقط، لم يُفتح),سجل مصدر الاستيراد: اسم الملف، hash، تاريخ النسخة، من سلمه؛ يرتبط بكل تشغيل استيراد.,DAR-03 | DAR-15 | DAR-17 | DAR-20,ملكية بيانات صريحة ونظام سجل (SoR) لكل كيان، وتحقق المراجع بين الخدمات عند الكتابة + إسقاطات مرجعية + مطابقة دورية | نسخ احتياطي وPITR واستعادة خارج المضيف بأهداف RPO/RTO معتمدة وتمارين استعادة دورية | فهارس مبنية على أنماط الاستعلام (X6–X15) مشروطة بقياسات EXPLAIN/pg_stat_statements | ترحيل البيانات الافتتاحية وتاريخ القطع: دفعة افتتاحية معتمدة بتوقيع وhash، قيود افتتاحية بتاريخ القطع,AC-OPS-002-1: Given تشغيل استيراد العملاء، When يُفحص تقرير التشغيل، Then يذكر مسار ملف المصدر وhash له ويطابق hash الملف المعتمد من المالك.,PARTIAL,PARTIAL,P2
REQ-OPS-003,قواعد استيراد بيانات العملاء الأساسية (مطابقة تامة، لا تخمين، idempotent),Data cut-over & opening balances,التشغيل الحي بموافقة المالك (approved limited execution).,BR-OPS-29 | BR-OPS-30 | BR-OPS-31 | BR-OPS-32 | BR-OPS-33,CSV منفصل في الواجهة (انظر REQ-OPS-009),— (سكربت CLI),"[B][C] apps/crm/scripts/import-customers.ts (متطابق): dry-run افتراضي :96؛ مطابقة تامة :140؛ unresolved عند نوع null في create :165-170؛ تعبئة null فقط :183-186؛ الكود من موضع السجل في المصفوفة generateCode :91,115 (IMPORT-5)؛ update يكتب openingBalance فوق القيمة القائمة دائمًا :180-187 (يخالف تعليق الملف «فقط إن كانت قيمة البذرة»)؛ لا قفل/تتبع تشغيل. packages/import-kit/src/runner.ts:72-151",CRM Account: code unique، nameAr unique (التحقق SQL في الوثائق),لا أحداث AccountCreated من السكربت (لا تبليغ للخدمات الأخرى),"packages/import-kit/test/csv.test.cjs وreconciliation.spec.ts فقط — لا spec للـrunner ولا للسكربت (spec exists for csv only, not run)",Account: code فريد ثابت من المصدر (لا من ترتيب الصفوف)، nameAr فريد، type NOT NULL بلا UNKNOWN؛ جدول import_runs (id، نوع، hash المصدر، الحالة، العدادات، المشغل) مع قفل استشاري لكل نوع استيراد.,DAR-03 | DAR-06 | DAR-07 | DAR-08 | DAR-10 | DAR-13 | DAR-15 | DAR-20,ملكية بيانات صريحة ونظام سجل (SoR) لكل كيان، وتحقق المراجع بين الخدمات عند الكتابة + إسقاطات مرجعية + مطابقة دورية | قيود سلامة داخل كل مجال: CHECK للكميات والمبالغ، enums/CHECK للحالات، UNIQUE لمفاتيح الأعمال (X1–X4) | Outbox لكل حدث يغيّر الحالة + Inbox معاملاتي للمستهلكين + مفتاح idempotency لكل أمر كتابة | إطار تسويات رقابية عبر القواعد (الائتمان↔AR، المخزون↔GL، دفتر المورد↔AP، الخزينة↔GL، المبيعات↔الفواتير) | العملات والدقة والتقريب والترقيم: عملة على كل مستند مالي، دقة موحدة لأسعار الصرف، قاعدة تقريب واحدة Decimal، ترقيم تسلسلي لكل سلسلة داخل المعاملة | نموذج تقارير على مرحلتين: تجميعات SQL داخل الخدمة الآن، ثم read model للتقارير عند الحاجة؛ القوائم المالية من GL فقط | نسخ احتياطي وPITR واستعادة خارج المضيف بأهداف RPO/RTO معتمدة وتمارين استعادة دورية | ترحيل البيانات الافتتاحية وتاريخ القطع: دفعة افتتاحية معتمدة بتوقيع وhash، قيود افتتاحية بتاريخ القطع,AC-OPS-003-1: Given تشغيلين متتاليين بنفس المصدر، When يكتمل الثاني، Then created = 0 ولا يوجد اسم أو كود عميل مكرر (GROUP BY = 0 صف). | AC-OPS-003-2: Given سجل بلا نوع ولا يطابق حسابًا قائمًا، When يُشغل الاستيراد، Then لا يُنشأ حساب ويُعد ضمن unresolved. | AC-OPS-003-3: Given حساب قائم repId غير فارغ، When يأتي المصدر بقيمة مختلفة، Then تبقى القيمة القائمة دون تغيير. | AC-OPS-003-4: Given تشغيلين متزامنين لنفس المصدر، When يكتملان، Then لا يوجد حساب مكرر ويُرفض أو يُقفل التشغيل الثاني.,PARTIAL,PARTIAL,P2
REQ-OPS-004,إدراج هويات العملاء (816 اسمًا) إدراجًا فقط مع حجز البدائل,Data cut-over & opening balances,—,BR-OPS-30 | BR-OPS-34 | BR-OPS-18,—,—,"[B][C] apps/crm/scripts/import-identities.cjs:51-53 (lock_timeout 5s، LOCK SHARE ROW EXCLUSIVE)، :80 تقرير 0600 بعلم wx؛ [B][C] scripts/deploy-customer-identities.sh:4,16-19 (حاوية واحدة وإلا exit 1)",CRM Account.type nullable حسب الوثيقة (لم يُتحقق من enum هنا),لا AccountCreated عمدًا,"[B][C] scripts/import-identities.test.cjs (spec exists, not run)",Account.type nullable حتى التصنيف مع حالة «بانتظار التصنيف» تمنع البيع؛ تقرير تشغيل محفوظ خارج المستودع مرتبط بـhash الحزمة.,DAR-08 | DAR-13 | DAR-14,إطار تسويات رقابية عبر القواعد (الائتمان↔AR، المخزون↔GL، دفتر المورد↔AP، الخزينة↔GL، المبيعات↔الفواتير) | نموذج تقارير على مرحلتين: تجميعات SQL داخل الخدمة الآن، ثم read model للتقارير عند الحاجة؛ القوائم المالية من GL فقط | حوكمة الترحيل: expand/contract، منع تعديل migration مطبقة، بوابة checksum مقابل الإنتاج، مصفوفة توافق إصدار التطبيق مع الـschema، كشف drift,AC-OPS-004-1: Given حزمة سبق إدراجها، When يُعاد التشغيل، Then عدد المدرج = 0. | AC-OPS-004-2: Given أكثر من حاوية crm، When يُشغل deploy-customer-identities.sh، Then يتوقف بخطأ دون كتابة. | AC-OPS-004-3: Given اسم بديل محتمل لعميل قائم، When يُشغل، Then يُحجز في التقرير ولا يُنشأ حساب.,IMPLEMENTED,IMPLEMENTED,P3
REQ-OPS-005,تصنيف العملاء غير المحسومين وقرارات الأسماء البديلة وحسابات البذرة بواسطة الأعمال,Data cut-over & opening balances,المصنِّف (مدير المبيعات) ≠ مشغل الاستيراد.,BR-OPS-30,لا شاشة تصنيف جماعي,—,الاستيراد يرفض الإنشاء بلا نوع ([B][C] import-customers.ts:165-170),—,—,—,جدول قرارات alias (اسم مصدر → حساب معتمد، المقرر، التاريخ)؛ دمج الحسابات بسجل تدقيق دون حذف المعاملات.,DAR-05 | DAR-12 | DAR-14 | DAR-20,ربط الدفاتر الفرعية (AR/AP/الخزينة/المخزون/الرواتب/المصروفات/العمولات) بالقيود عبر source_type/source_id ومراجع عكسية، وتسويات رقابية | سجل تدقيق: الأحداث المركزية كسجل أعمال، وسجل تعديلات داخل المعاملة مع before/after، منع التعديل بالصلاحيات، إخفاء البيانات الحساسة | حوكمة الترحيل: expand/contract، منع تعديل migration مطبقة، بوابة checksum مقابل الإنتاج، مصفوفة توافق إصدار التطبيق مع الـschema، كشف drift | ترحيل البيانات الافتتاحية وتاريخ القطع: دفعة افتتاحية معتمدة بتوقيع وhash، قيود افتتاحية بتاريخ القطع,AC-OPS-005-1: Given ورقة تصنيف معتمدة، When يُعاد الاستيراد، Then عدد unresolved = عدد الصفوف الفارغة في الورقة فقط. | AC-OPS-005-2: Given قرار دمج حساب بذرة، When يُنفذ، Then لا يبقى حسابان لنفس العميل وتبقى معاملات الحساب المدموج قابلة للتتبع.,NOT_IMPLEMENTED,NOT_IMPLEMENTED,P1
REQ-OPS-006,فحص مسبق للبيانات الأساسية وبوابة ما قبل أي إضافة على الإنتاج,Data cut-over & opening balances,موافقة المالك على التنفيذ المحدود.,BR-OPS-35 | BR-OPS-41 | BR-OPS-18,—,واجهات الإثراء (الأصناف البديلة/المستندات/ملف الشركة) غير منفذة حسب B3-0068,"[B][C] scripts/master-data-preflight.cjs:43,54,67 (حالات المطابقة، writeFileSync flag wx mode 0o600)",—,—,"[B][C] scripts/master-data-preflight.test.cjs (spec exists, not run)؛ ملاحظة: بيانات عملاء مستخرجة داخل git ([B][C] apps/crm/scripts/data/*.json، و Data/ — SEC-03) تخالف «خارج Git»",لا بيانات أعمال حقيقية في المستودع؛ تقارير المطابقة خارج git بصلاحيات مقيدة.,DAR-04 | DAR-06 | DAR-08 | DAR-13 | DAR-15,دفتر أستاذ عام موحد واحد داخل nile_accounting: جدولا قيود بشكل واحد، محرك ترحيل واحد، قواعد ترحيل (posting rules) وحسابات رقابية للدفاتر الفرعية | قيود سلامة داخل كل مجال: CHECK للكميات والمبالغ، enums/CHECK للحالات، UNIQUE لمفاتيح الأعمال (X1–X4) | إطار تسويات رقابية عبر القواعد (الائتمان↔AR، المخزون↔GL، دفتر المورد↔AP، الخزينة↔GL، المبيعات↔الفواتير) | نموذج تقارير على مرحلتين: تجميعات SQL داخل الخدمة الآن، ثم read model للتقارير عند الحاجة؛ القوائم المالية من GL فقط | نسخ احتياطي وPITR واستعادة خارج المضيف بأهداف RPO/RTO معتمدة وتمارين استعادة دورية,AC-OPS-006-1: Given تصدير بدون الحسابات غير النشطة، When تُشغل الأداة، Then ترفض بخطأ ولا تنتج تقريرًا. | AC-OPS-006-2: Given سجل بلا مطابقة، When يُراجع التقرير، Then حالته HOLD_NO_EXACT_MATCH ولا يُنشأ أي حساب. | AC-OPS-006-3: Given ملف تقرير موجود، When تُعاد الكتابة، Then تفشل الأداة ولا تستبدل الملف.,PARTIAL,PARTIAL,P2
REQ-OPS-007,سلامة استيراد المنتجات (ذرية المكونات، عزل الصفوف، تحقق، كود خروج),Data cut-over & opening balances,—,BR-OPS-40,—,—,[B][C] apps/products/scripts/import-products.ts (متطابق): replaceIngredients في معاملة :81-91؛ إنشاء المنتج+المكونات في $transaction ~:208؛ try/catch لكل صف ~:166-225؛ process.exitCode=1 :235؛ لا يستخدم runImport من import-kit,—,—,لا spec للسكربت,ProductIngredient مرتبطة بالمنتج؛ استبدالها ذري؛ SKU فريد.,DAR-05 | DAR-06 | DAR-13 | DAR-15 | DAR-20,ربط الدفاتر الفرعية (AR/AP/الخزينة/المخزون/الرواتب/المصروفات/العمولات) بالقيود عبر source_type/source_id ومراجع عكسية، وتسويات رقابية | قيود سلامة داخل كل مجال: CHECK للكميات والمبالغ، enums/CHECK للحالات، UNIQUE لمفاتيح الأعمال (X1–X4) | نموذج تقارير على مرحلتين: تجميعات SQL داخل الخدمة الآن، ثم read model للتقارير عند الحاجة؛ القوائم المالية من GL فقط | نسخ احتياطي وPITR واستعادة خارج المضيف بأهداف RPO/RTO معتمدة وتمارين استعادة دورية | ترحيل البيانات الافتتاحية وتاريخ القطع: دفعة افتتاحية معتمدة بتوقيع وhash، قيود افتتاحية بتاريخ القطع,AC-OPS-007-1: Given خطأ في صف واحد من 10، When يكتمل التشغيل، Then تُكتب 9 صفوف ويُطبع الخطأ للصف الفاشل ويخرج الأمر بكود 1. | AC-OPS-007-2: Given انقطاع أثناء استبدال مكونات منتج، When يُفحص المنتج، Then مكوناته إما القديمة كاملة أو الجديدة كاملة.,PARTIAL,PARTIAL,P3
REQ-OPS-008,حزمة القطع التشغيلي: الجرد الافتتاحي بالتشغيلات وأسعار 2026 والأدوار,Data cut-over & opening balances,من يعد الجرد ≠ من يدخل الاستلام ≠ من يفرج QC.,BR-OPS-48,شاشات الاستلام وQC موجودة (لم تُفحص هنا بالتفصيل),"[B][C] POST /api/inventory/transactions/goods-receipt (transactions.controller.ts:23)؛ POST /api/products/batches/:id/qc و/release (batches.controller.ts:26,34)؛ POST /api/products/products/bulk-import و/import-prices (products.controller.ts:80,86) — كلها mounted وin_baseline حسب api-inventory.csv",لا نوع حركة/مرجع «مخزون افتتاحي» ولا ربط بتاريخ القطع (لم يُعثر على مرجع OPENING في inventory),—,—,—,حركة مخزون بمرجع OPENING_STOCK مرتبطة بدفعة القطع، بالتشغيلة والصلاحية والتكلفة؛ حالة QC قبل الإتاحة.,DAR-02 | DAR-03 | DAR-05 | DAR-14 | DAR-15 | DAR-19 | DAR-20,فصل قرار الاستضافة (محلي/مُدار) عن التقسيم المنطقي، بمعايير RPO/RTO والتكلفة والقدرة التشغيلية | ملكية بيانات صريحة ونظام سجل (SoR) لكل كيان، وتحقق المراجع بين الخدمات عند الكتابة + إسقاطات مرجعية + مطابقة دورية | ربط الدفاتر الفرعية (AR/AP/الخزينة/المخزون/الرواتب/المصروفات/العمولات) بالقيود عبر source_type/source_id ومراجع عكسية، وتسويات رقابية | حوكمة الترحيل: expand/contract، منع تعديل migration مطبقة، بوابة checksum مقابل الإنتاج، مصفوفة توافق إصدار التطبيق مع الـschema، كشف drift | نسخ احتياطي وPITR واستعادة خارج المضيف بأهداف RPO/RTO معتمدة وتمارين استعادة دورية | تقييم المخزون ودفتر المخزون: طبقات تكلفة تغطي كل الحركات (أو متوسط مرجح)، استهلاك مسجل، ربط بـGL | ترحيل البيانات الافتتاحية وتاريخ القطع: دفعة افتتاحية معتمدة بتوقيع وhash، قيود افتتاحية بتاريخ القطع,AC-OPS-008-1: Given ورقة جرد موقعة، When تُدخل الاستلامات الافتتاحية، Then مجموع الكميات لكل منتج/تشغيلة = الورقة، وكل حركة موسومة كمخزون افتتاحي بتاريخ القطع. | AC-OPS-008-2: Given تشغيلة لم تُفرج QC، When يحاول المستخدم حجزها، Then يُرفض.,PARTIAL,PARTIAL,P1
REQ-OPS-009,معيار الاستيراد التشغيلي عبر CSV وقوالب الإدخال الرسمية,,صلاحية استيراد منفصلة لكل نطاق.,BR-OPS-45,[C] apps/web/lib/import-templates.ts وimport-parsers (spec),[B] POST /api/crm/accounts/import (JSON) وprice-lists/:id/items/import وproducts/bulk-import وimport-prices وsales/orders/import؛ [C] إضافة accounts/import/file (dryRun)، price-lists/:id/items/import/file، uom/conversions/import/file (in_baseline=False),[C] apps/crm/src/modules/accounts/accounts.service.ts:426-535 (حد 1000 :441، أعمدة مسموحة :442، تكرار داخل الملف ومع القائم، dryRun)؛ [B] accounts.service.ts:403 importRows بلا dryRun؛ packages/import-kit/src/csv.ts (BOM، اقتباس، رؤوس مكررة :45). حماية formula-injection في الاستيراد: لم يُعثر عليها (grep وجد معالجة في التصدير فقط مثل price-lists.controller.ts),—,تدقيق التشغيل: لم يُتحقق,"[B][C] package.json lint يشمل generate-import-templates.cjs --check؛ apps/web/lib/import-templates.spec.ts، import-parsers.spec.ts (spec exists, not run)",import_runs مع نتيجة كل صف؛ حدث تدقيق لكل تشغيل؛ مفاتيح عمل فريدة لكل كيان مستورد.,DAR-05 | DAR-06 | DAR-07 | DAR-08 | DAR-12 | DAR-13 | DAR-15 | DAR-20,ربط الدفاتر الفرعية (AR/AP/الخزينة/المخزون/الرواتب/المصروفات/العمولات) بالقيود عبر source_type/source_id ومراجع عكسية، وتسويات رقابية | قيود سلامة داخل كل مجال: CHECK للكميات والمبالغ، enums/CHECK للحالات، UNIQUE لمفاتيح الأعمال (X1–X4) | Outbox لكل حدث يغيّر الحالة + Inbox معاملاتي للمستهلكين + مفتاح idempotency لكل أمر كتابة | إطار تسويات رقابية عبر القواعد (الائتمان↔AR، المخزون↔GL، دفتر المورد↔AP، الخزينة↔GL، المبيعات↔الفواتير) | سجل تدقيق: الأحداث المركزية كسجل أعمال، وسجل تعديلات داخل المعاملة مع before/after، منع التعديل بالصلاحيات، إخفاء البيانات الحساسة | نموذج تقارير على مرحلتين: تجميعات SQL داخل الخدمة الآن، ثم read model للتقارير عند الحاجة؛ القوائم المالية من GL فقط | نسخ احتياطي وPITR واستعادة خارج المضيف بأهداف RPO/RTO معتمدة وتمارين استعادة دورية | ترحيل البيانات الافتتاحية وتاريخ القطع: دفعة افتتاحية معتمدة بتوقيع وhash، قيود افتتاحية بتاريخ القطع,AC-OPS-009-1: Given ملف به صف صيغة تبدأ بـ=، When يُستورد، Then يُرفض الصف أو تُعقم القيمة. | AC-OPS-009-2: Given 1001 عميل في ملف، When يُرفع، Then يُرفض الملف برسالة الحد. | AC-OPS-009-3: Given dry-run، When يكتمل، Then لا تتغير أي صفوف ويُعرض لكل صف قرار وسبب.,PARTIAL,PARTIAL,P3
REQ-OPS-010,نطاق الاستيراد: لا استيراد للحقائق المالية والمخزنية والتدقيقية,Data cut-over & opening balances,—,BR-OPS-36,—,api-inventory.csv: لا endpoint استيراد للفواتير/المدفوعات/الأستاذ/المخزون؛ استثناء: [B][C] POST /api/sales/orders/import (مسودات) و[C] bank-reconciliation/statements/import (mounted=False),"[C] accounts.service.ts:442 الأعمدة المسموحة بلا openingBalance؛ لكن سكربت CLI import-customers.ts:172,183 يكتب openingBalance (حقل مالي) خارج المصفوفة",—,—,—,لا عمود رصيد مالي في كيانات البيانات الأساسية يُعامل كمصدر حقيقة؛ الأرصدة في الأستاذ فقط.,DAR-04 | DAR-05 | DAR-08 | DAR-10 | DAR-12 | DAR-15 | DAR-18 | DAR-20,دفتر أستاذ عام موحد واحد داخل nile_accounting: جدولا قيود بشكل واحد، محرك ترحيل واحد، قواعد ترحيل (posting rules) وحسابات رقابية للدفاتر الفرعية | ربط الدفاتر الفرعية (AR/AP/الخزينة/المخزون/الرواتب/المصروفات/العمولات) بالقيود عبر source_type/source_id ومراجع عكسية، وتسويات رقابية | إطار تسويات رقابية عبر القواعد (الائتمان↔AR، المخزون↔GL، دفتر المورد↔AP، الخزينة↔GL، المبيعات↔الفواتير) | العملات والدقة والتقريب والترقيم: عملة على كل مستند مالي، دقة موحدة لأسعار الصرف، قاعدة تقريب واحدة Decimal، ترقيم تسلسلي لكل سلسلة داخل المعاملة | سجل تدقيق: الأحداث المركزية كسجل أعمال، وسجل تعديلات داخل المعاملة مع before/after، منع التعديل بالصلاحيات، إخفاء البيانات الحساسة | نسخ احتياطي وPITR واستعادة خارج المضيف بأهداف RPO/RTO معتمدة وتمارين استعادة دورية | تصنيف البيانات الحساسة والاحتفاظ والحذف: رواتب، PII، بيانات بنكية؛ سياسات احتفاظ لكل فئة | ترحيل البيانات الافتتاحية وتاريخ القطع: دفعة افتتاحية معتمدة بتوقيع وhash، قيود افتتاحية بتاريخ القطع,AC-OPS-010-1: Given محاولة رفع CSV يحوي عمود رصيد أو فاتورة، When يُعالج، Then يُرفض العمود/الملف. | AC-OPS-010-2: Given قائمة endpoints الاستيراد، When تُراجع، Then لا يوجد endpoint يكتب ledger_entries أو invoices أو payments أو stock مباشرة.,PARTIAL,PARTIAL,P2
REQ-OPS-011,دقة dry-run: تمييز «سينشئ» من «سيفشل لنقص النوع»,Data cut-over & opening balances,موافقة على تغيير عقد import-kit.,,—,—,[B][C] packages/import-kit/src/runner.ts:134-145 (dryRun يتخطى create/update),—,—,—,—,DAR-15 | DAR-20,نسخ احتياطي وPITR واستعادة خارج المضيف بأهداف RPO/RTO معتمدة وتمارين استعادة دورية | ترحيل البيانات الافتتاحية وتاريخ القطع: دفعة افتتاحية معتمدة بتوقيع وhash، قيود افتتاحية بتاريخ القطع,AC-OPS-011-1: Given سجل بلا نوع ولا مطابقة، When dry-run، Then يُعد في «سيفشل/unresolved» لا في «سينشئ».,NOT_IMPLEMENTED,NOT_IMPLEMENTED,P4
REQ-OPS-012,لا بيانات مختلقة ولا backfill تخميني ولا افتراض قاعدة فارغة,Data cut-over & opening balances,—,BR-OPS-37,—,—,[B][C] scripts/check-production-env.sh:147-153 (يرفض هوية البذرة ENV-03)؛ سكربتات الاستيراد لا تخمن النوع,financial_account_id nullable (لم يُتحقق هنا من السطر),—,—,حقول تاريخية غير معروفة تبقى NULL مع سبب؛ لا قيم افتراضية مخترعة.,DAR-04 | DAR-05 | DAR-06 | DAR-10 | DAR-18 | DAR-20,دفتر أستاذ عام موحد واحد داخل nile_accounting: جدولا قيود بشكل واحد، محرك ترحيل واحد، قواعد ترحيل (posting rules) وحسابات رقابية للدفاتر الفرعية | ربط الدفاتر الفرعية (AR/AP/الخزينة/المخزون/الرواتب/المصروفات/العمولات) بالقيود عبر source_type/source_id ومراجع عكسية، وتسويات رقابية | قيود سلامة داخل كل مجال: CHECK للكميات والمبالغ، enums/CHECK للحالات، UNIQUE لمفاتيح الأعمال (X1–X4) | العملات والدقة والتقريب والترقيم: عملة على كل مستند مالي، دقة موحدة لأسعار الصرف، قاعدة تقريب واحدة Decimal، ترقيم تسلسلي لكل سلسلة داخل المعاملة | تصنيف البيانات الحساسة والاحتفاظ والحذف: رواتب، PII، بيانات بنكية؛ سياسات احتفاظ لكل فئة | ترحيل البيانات الافتتاحية وتاريخ القطع: دفعة افتتاحية معتمدة بتوقيع وhash، قيود افتتاحية بتاريخ القطع,AC-OPS-012-1: Given ملف .env إنتاجي يحوي هوية البذرة، When يُشغل check-production-env.sh، Then يفشل. | AC-OPS-012-2: Given migration جديدة، When تُراجع، Then لا تحتوي UPDATE يملأ حقولًا تاريخية بقيم مخمنة دون قرار موثق.,PARTIAL,PARTIAL,P2
REQ-OPS-013,جداول التسعير القديمة: لا ترحيل/حذف/reset قبل مراجعة الأعداد والقرار,Data cut-over & opening balances,قرار المالك.,BR-OPS-38,—,—,—,[B][C] لا DROP TABLE/TRUNCATE في apps/sales/prisma/migrations (grep),—,—,الجداول القديمة تبقى قابلة للقراءة حتى القرار.,DAR-04 | DAR-14 | DAR-17,دفتر أستاذ عام موحد واحد داخل nile_accounting: جدولا قيود بشكل واحد، محرك ترحيل واحد، قواعد ترحيل (posting rules) وحسابات رقابية للدفاتر الفرعية | حوكمة الترحيل: expand/contract، منع تعديل migration مطبقة، بوابة checksum مقابل الإنتاج، مصفوفة توافق إصدار التطبيق مع الـschema، كشف drift | فهارس مبنية على أنماط الاستعلام (X6–X15) مشروطة بقياسات EXPLAIN/pg_stat_statements,AC-OPS-013-1: Given أي migration جديدة لخدمة sales، When تُراجع، Then لا تحتوي DROP/TRUNCATE/DELETE على الجداول الأربعة.,IMPLEMENTED,IMPLEMENTED,P3
REQ-OPS-014,قواعد الترحيلات الحاملة للبيانات (backfill، مطابقة، عكس لا حذف),Data cut-over & opening balances,موافقة مالية على أي عكس.,BR-OPS-39,—,—,—,[B][C] apps/audit-aggregator/prisma/migrations/20260909120000_add_business_audit_matrix/migration.sql:30 (UPDATE result=BACKFILLED)؛ [C] apps/accounting/prisma/migrations/20260927210000_financial_instruments/migration.sql: إنشاء InstrumentStatus بلا INSERT للشيكات القائمة (ترحيل الشيكات غير منفذ)؛ لا سكربت فحص تكرارات قبل قيود الفرادة (حسب B6b-0028),—,"[B][C] scripts/phase-5-10-sql.test.cjs، customer-gifts-migration.test.cjs (spec exists, not run)",كل backfill مسجل (migration_runs: عدد قبل/بعد، مجموع قبل/بعد)؛ قيود الأستاذ لا تُحذف أبدًا.,DAR-04 | DAR-05 | DAR-06 | DAR-07 | DAR-08 | DAR-09 | DAR-10 | DAR-12 | DAR-13 | DAR-14 | DAR-20,دفتر أستاذ عام موحد واحد داخل nile_accounting: جدولا قيود بشكل واحد، محرك ترحيل واحد، قواعد ترحيل (posting rules) وحسابات رقابية للدفاتر الفرعية | ربط الدفاتر الفرعية (AR/AP/الخزينة/المخزون/الرواتب/المصروفات/العمولات) بالقيود عبر source_type/source_id ومراجع عكسية، وتسويات رقابية | قيود سلامة داخل كل مجال: CHECK للكميات والمبالغ، enums/CHECK للحالات، UNIQUE لمفاتيح الأعمال (X1–X4) | Outbox لكل حدث يغيّر الحالة + Inbox معاملاتي للمستهلكين + مفتاح idempotency لكل أمر كتابة | إطار تسويات رقابية عبر القواعد (الائتمان↔AR، المخزون↔GL، دفتر المورد↔AP، الخزينة↔GL، المبيعات↔الفواتير) | سياسة موحدة لحالات المستندات والإلغاء والعكس والإشعارات الدائنة وقفل الفترات على مستوى الترحيل | العملات والدقة والتقريب والترقيم: عملة على كل مستند مالي، دقة موحدة لأسعار الصرف، قاعدة تقريب واحدة Decimal، ترقيم تسلسلي لكل سلسلة داخل المعاملة | سجل تدقيق: الأحداث المركزية كسجل أعمال، وسجل تعديلات داخل المعاملة مع before/after، منع التعديل بالصلاحيات، إخفاء البيانات الحساسة | نموذج تقارير على مرحلتين: تجميعات SQL داخل الخدمة الآن، ثم read model للتقارير عند الحاجة؛ القوائم المالية من GL فقط | حوكمة الترحيل: expand/contract، منع تعديل migration مطبقة، بوابة checksum مقابل الإنتاج، مصفوفة توافق إصدار التطبيق مع الـschema، كشف drift | ترحيل البيانات الافتتاحية وتاريخ القطع: دفعة افتتاحية معتمدة بتوقيع وhash، قيود افتتاحية بتاريخ القطع,AC-OPS-014-1: Given migration تضيف قيد فرادة، When تُجهز للنشر، Then يوجد استعلام فحص تكرار منفذ على نسخة الإنتاج ونتيجته صفر أو خطة عكس موقعة. | AC-OPS-014-2: Given migration backfill، When تُطبق، Then عدد الصفوف وإجمالي المبالغ قبل/بعد متطابقان ومسجلان.,PARTIAL,PARTIAL,P1
REQ-OPS-015,حوكمة الترحيلات: إذن صريح من المالك، إضافية فقط، أمامية فقط,,المالك يأذن؛ المطور ينفذ؛ المراجع ≠ الكاتب.,BR-OPS-02 | BR-OPS-03 | BR-OPS-04 | BR-OPS-05,—,—,"[B][C] scripts/production-migrate.sh يستخدم migrate deploy فقط؛ [C] scripts/validate-migration-compatibility.cjs (regex لـDROP/TRUNCATE/RENAME/SET NOT NULL في الملفات المتغيرة، تجاوز بعلامة :12,59) — غير موجود في B؛ لا فحص لتعديل migration مطبقة (OPS-09)",مخالفة فعلية: 20260927120000_general_ledger عُدلت في 6 commits وسُجلت مطبقة بـ0 خطوات (DB-01),—,"[B][C] scripts/customer-gifts-migration.test.cjs وغيرها (spec exists, not run)",سجل اعتماد migrations (اسم، checksum، من أذن، تاريخ) يُقارن بـ_prisma_migrations؛ checksums المطبقة ثابتة.,DAR-04 | DAR-05 | DAR-06 | DAR-08 | DAR-14 | DAR-15,دفتر أستاذ عام موحد واحد داخل nile_accounting: جدولا قيود بشكل واحد، محرك ترحيل واحد، قواعد ترحيل (posting rules) وحسابات رقابية للدفاتر الفرعية | ربط الدفاتر الفرعية (AR/AP/الخزينة/المخزون/الرواتب/المصروفات/العمولات) بالقيود عبر source_type/source_id ومراجع عكسية، وتسويات رقابية | قيود سلامة داخل كل مجال: CHECK للكميات والمبالغ، enums/CHECK للحالات، UNIQUE لمفاتيح الأعمال (X1–X4) | إطار تسويات رقابية عبر القواعد (الائتمان↔AR، المخزون↔GL، دفتر المورد↔AP، الخزينة↔GL، المبيعات↔الفواتير) | حوكمة الترحيل: expand/contract، منع تعديل migration مطبقة، بوابة checksum مقابل الإنتاج، مصفوفة توافق إصدار التطبيق مع الـschema، كشف drift | نسخ احتياطي وPITR واستعادة خارج المضيف بأهداف RPO/RTO معتمدة وتمارين استعادة دورية,AC-OPS-015-1: Given migration في PR تحتوي DROP COLUMN، When يعمل CI، Then يفشل ما لم تحمل علامة مراجعة مرتبطة بموافقة مسجلة. | AC-OPS-015-2: Given migration مطبقة على الإنتاج، When يُعدل ملفها، Then يفشل CI. | AC-OPS-015-3: Given migration جديدة، When تُطبق على نسخة ببيانات، Then md5 للجداول القديمة متطابق قبل/بعد.,PARTIAL,PARTIAL,P1
REQ-OPS-016,بوابة تطابق schema ↔ migrations ترفض النشر عند الانحراف,,—,BR-OPS-06,—,—,[B][C] scripts/production-migrate.sh:90-100 (exit 3)؛ scripts/validate-schema-migrations.cjs؛ package.json db:migrate:check,نتيجة منفذة: B تمر لكل الخدمات؛ C تفشل للمحاسبة (22 اختلافًا) → db-migrate يخرج 3 (DB-02، DEPLOY-05),—,CI يشغل البوابة (ci.yml) — لم يُشغل CI هنا,schema.prisma = migrations = قاعدة الإنتاج لكل خدمة؛ فحص دوري للانحراف الحي.,DAR-04 | DAR-05 | DAR-06 | DAR-08 | DAR-10 | DAR-14,دفتر أستاذ عام موحد واحد داخل nile_accounting: جدولا قيود بشكل واحد، محرك ترحيل واحد، قواعد ترحيل (posting rules) وحسابات رقابية للدفاتر الفرعية | ربط الدفاتر الفرعية (AR/AP/الخزينة/المخزون/الرواتب/المصروفات/العمولات) بالقيود عبر source_type/source_id ومراجع عكسية، وتسويات رقابية | قيود سلامة داخل كل مجال: CHECK للكميات والمبالغ، enums/CHECK للحالات، UNIQUE لمفاتيح الأعمال (X1–X4) | إطار تسويات رقابية عبر القواعد (الائتمان↔AR، المخزون↔GL، دفتر المورد↔AP، الخزينة↔GL، المبيعات↔الفواتير) | العملات والدقة والتقريب والترقيم: عملة على كل مستند مالي، دقة موحدة لأسعار الصرف، قاعدة تقريب واحدة Decimal، ترقيم تسلسلي لكل سلسلة داخل المعاملة | حوكمة الترحيل: expand/contract، منع تعديل migration مطبقة، بوابة checksum مقابل الإنتاج، مصفوفة توافق إصدار التطبيق مع الـschema، كشف drift,AC-OPS-016-1: Given عمود في schema بلا migration، When يُشغل production-migrate.sh، Then يخرج بـ3 قبل تطبيق أي migration. | AC-OPS-016-2: Given قاعدة الإنتاج، When يُشغل prisma migrate diff مقابل الـschema، Then الفرق فارغ أو موثق.,IMPLEMENTED,IMPLEMENTED,P1
REQ-OPS-017,تنفيذ الترحيلات الإنتاجي عبر حاوية db-migrate لمرة واحدة,,—,BR-OPS-07 | BR-OPS-08 | BR-OPS-09,—,—,[B][C] scripts/production-migrate.sh:63-68 (رفض pooler exit 2)، :90-100، :118-126 (RUN_IAM_SEED)؛ docker-compose.production.yml depends_on service_completed_successfully (base:111-115 / cur:114-118) وcommand node dist/main.js,—,—,"[B][C] scripts/merge-launcher.test.js (spec exists, not run)؛ ثغرة: Dockerfile CMD الافتراضي «npx prisma migrate deploy && node» في كل الخدمات (مثال [C] apps/accounting/Dockerfile:29) و runbook SERVER-STEPS يستخدم --no-deps الذي يتجاوز depends_on",_prisma_migrations لكل قاعدة متطابق مع المستودع؛ كتالوج الصلاحيات مبذور idempotent.,DAR-04 | DAR-05 | DAR-06 | DAR-07 | DAR-12 | DAR-14,دفتر أستاذ عام موحد واحد داخل nile_accounting: جدولا قيود بشكل واحد، محرك ترحيل واحد، قواعد ترحيل (posting rules) وحسابات رقابية للدفاتر الفرعية | ربط الدفاتر الفرعية (AR/AP/الخزينة/المخزون/الرواتب/المصروفات/العمولات) بالقيود عبر source_type/source_id ومراجع عكسية، وتسويات رقابية | قيود سلامة داخل كل مجال: CHECK للكميات والمبالغ، enums/CHECK للحالات، UNIQUE لمفاتيح الأعمال (X1–X4) | Outbox لكل حدث يغيّر الحالة + Inbox معاملاتي للمستهلكين + مفتاح idempotency لكل أمر كتابة | سجل تدقيق: الأحداث المركزية كسجل أعمال، وسجل تعديلات داخل المعاملة مع before/after، منع التعديل بالصلاحيات، إخفاء البيانات الحساسة | حوكمة الترحيل: expand/contract، منع تعديل migration مطبقة، بوابة checksum مقابل الإنتاج، مصفوفة توافق إصدار التطبيق مع الـschema، كشف drift,AC-OPS-017-1: Given فشل migration المحاسبة، When يكتمل db-migrate، Then exit≠0 ولا تبدأ أي خدمة (مع up عادي)، ولا تُطبق migrations incentives/audit. | AC-OPS-017-2: Given تشغيل حاوية خدمة خارج compose، When تبدأ، Then لا تشغل prisma migrate.,PARTIAL,PARTIAL,P1
REQ-OPS-018,تحقق على staging ببيانات مستعادة قبل الإنتاج,,من ينفذ ≠ من يعتمد النتيجة.,BR-OPS-49,—,—,لا بيئة staging في المستودع؛ [C] ci.yml production-topology-artifacts + docker-compose.ci-production.yml (postgres:16 مؤقت، بيانات تركيبية) — ليس بيانات مستعادة ولا نفس الإصدار (الإنتاج PG18 حسب الأدلة),—,—,[B][C] scripts/verify-migrations-pg.cjs (PGlite 18.3 — 82 migration بلا فرق حسب B6c-0134، غير مشغل هنا),—,DAR-04 | DAR-05 | DAR-08 | DAR-13 | DAR-14 | DAR-15,دفتر أستاذ عام موحد واحد داخل nile_accounting: جدولا قيود بشكل واحد، محرك ترحيل واحد، قواعد ترحيل (posting rules) وحسابات رقابية للدفاتر الفرعية | ربط الدفاتر الفرعية (AR/AP/الخزينة/المخزون/الرواتب/المصروفات/العمولات) بالقيود عبر source_type/source_id ومراجع عكسية، وتسويات رقابية | إطار تسويات رقابية عبر القواعد (الائتمان↔AR، المخزون↔GL، دفتر المورد↔AP، الخزينة↔GL، المبيعات↔الفواتير) | نموذج تقارير على مرحلتين: تجميعات SQL داخل الخدمة الآن، ثم read model للتقارير عند الحاجة؛ القوائم المالية من GL فقط | حوكمة الترحيل: expand/contract، منع تعديل migration مطبقة، بوابة checksum مقابل الإنتاج، مصفوفة توافق إصدار التطبيق مع الـschema، كشف drift | نسخ احتياطي وPITR واستعادة خارج المضيف بأهداف RPO/RTO معتمدة وتمارين استعادة دورية,AC-OPS-018-1: Given إصدار مرشح، When يُطلب نشره، Then يوجد تقرير staging لنفس الـcommit بتاريخ ≤ 7 أيام يغطي السيناريوهات المالية الست وكلها ناجحة. | AC-OPS-018-2: Given staging، When يُفحص، Then major version لـPostgreSQL = الإنتاج.,NOT_IMPLEMENTED,PARTIAL,P1
REQ-OPS-019,نسخة احتياطية إلزامية قبل أي ترحيل: Backup ← migrate ← verify,Data cut-over & opening balances,المالك يأذن؛ المشغل ينفذ.,BR-OPS-01 | BR-OPS-10 | BR-OPS-11,—,—,[B] لا أتمتة: إجراء يدوي في docs/PRODUCTION-DEPLOY-COMBINED-2026-09-24-ar.md §1 وSERVER-STEPS؛ production-migrate.sh لا يأخذ نسخة. [C] scripts/deploy-production.sh:91-110 «Mandatory Neon snapshot» عبر Neon API (expires_at = +7 أيام :100) — يستهدف Neon بينما الأدلة تشير إلى nile-postgres محلي (OPS-01),—,—,—؛ ادعاء B6c-0302: نسخة ما قبل نشر 2026-09-22 (12 MB) محفوظة في /tmp على الـVPS — يخالف شرط النسخة الخارجية المشفرة,سجل نسخ (backup_runs: وقت، قواعد، أحجام، checksums، موقع خارجي، نتيجة الاستعادة) مرتبط بكل نشر.,DAR-04 | DAR-05 | DAR-06 | DAR-08 | DAR-13 | DAR-14 | DAR-15 | DAR-20,دفتر أستاذ عام موحد واحد داخل nile_accounting: جدولا قيود بشكل واحد، محرك ترحيل واحد، قواعد ترحيل (posting rules) وحسابات رقابية للدفاتر الفرعية | ربط الدفاتر الفرعية (AR/AP/الخزينة/المخزون/الرواتب/المصروفات/العمولات) بالقيود عبر source_type/source_id ومراجع عكسية، وتسويات رقابية | قيود سلامة داخل كل مجال: CHECK للكميات والمبالغ، enums/CHECK للحالات، UNIQUE لمفاتيح الأعمال (X1–X4) | إطار تسويات رقابية عبر القواعد (الائتمان↔AR، المخزون↔GL، دفتر المورد↔AP، الخزينة↔GL، المبيعات↔الفواتير) | نموذج تقارير على مرحلتين: تجميعات SQL داخل الخدمة الآن، ثم read model للتقارير عند الحاجة؛ القوائم المالية من GL فقط | حوكمة الترحيل: expand/contract، منع تعديل migration مطبقة، بوابة checksum مقابل الإنتاج، مصفوفة توافق إصدار التطبيق مع الـschema، كشف drift | نسخ احتياطي وPITR واستعادة خارج المضيف بأهداف RPO/RTO معتمدة وتمارين استعادة دورية | ترحيل البيانات الافتتاحية وتاريخ القطع: دفعة افتتاحية معتمدة بتوقيع وhash، قيود افتتاحية بتاريخ القطع,AC-OPS-019-1: Given نشر يتضمن migration، When يبدأ db-migrate، Then يوجد 9 أرشيفات بتاريخ اليوم و`sha256sum -c` ناجح ونسخة خارج المضيف. | AC-OPS-019-2: Given فشل dump قاعدة واحدة، When يستمر الإجراء، Then يتوقف النشر. | AC-OPS-019-3: Given أرشيفات النسخة، When تُستعاد على بيئة معزولة، Then أعداد الصفوف لكل جدول تطابق المصدر.,PARTIAL,PARTIAL,P1
REQ-OPS-020,نسخ احتياطي مجدول تلقائي مع احتفاظ ونسخة خارجية وتنبيه,,—,BR-OPS-12,—,—,[B][C] scripts/backup-nightly.sh (متطابق): :12 مسار cron /opt/nile-pharma-erp ≠ مسار التطبيق الفعلي /opt/codeandcanvas/apps/nile-pharma-erp؛ :28 BACKUP_DIR /var/backups/nile؛ :29-31 KEEP 14/8/6؛ :47 يتطلب pg_dump على المضيف (غير موجود حسب PRODUCTION-UPDATE-2026-09-20)؛ :72 pg_dump بـURL داخلي لشبكة Docker؛ :83-90 النسخة الخارجية اختيارية (تحذير فقط)؛ :38 ping اختياري,—,—,لا اختبار؛ التثبيت على المضيف Unknown (E6),—,DAR-02 | DAR-09 | DAR-13 | DAR-15 | DAR-18,فصل قرار الاستضافة (محلي/مُدار) عن التقسيم المنطقي، بمعايير RPO/RTO والتكلفة والقدرة التشغيلية | سياسة موحدة لحالات المستندات والإلغاء والعكس والإشعارات الدائنة وقفل الفترات على مستوى الترحيل | نموذج تقارير على مرحلتين: تجميعات SQL داخل الخدمة الآن، ثم read model للتقارير عند الحاجة؛ القوائم المالية من GL فقط | نسخ احتياطي وPITR واستعادة خارج المضيف بأهداف RPO/RTO معتمدة وتمارين استعادة دورية | تصنيف البيانات الحساسة والاحتفاظ والحذف: رواتب، PII، بيانات بنكية؛ سياسات احتفاظ لكل فئة,AC-OPS-020-1: Given يوم تشغيل عادي، When تمر 03:30، Then يوجد dump لكل قاعدة من القواعد التسع بتاريخ اليوم ونسخته خارج المضيف وping نجاح مستلم. | AC-OPS-020-2: Given غياب ping حتى 03:30، When يُفحص نظام التنبيه، Then أُرسل تنبيه لمالك النسخ. | AC-OPS-020-3: Given يوم 15، When يُطبق prune، Then تبقى 14 نسخة يومية و8 أسبوعية و6 شهرية بالضبط (بعد اكتمال الدورة).,PARTIAL,PARTIAL,P1
REQ-OPS-021,أهداف RPO/RTO ومالك النسخ الاحتياطي (معلقة الاعتماد),,اعتماد المالك.,BR-OPS-13,—,—,—,—,—,docs/dr-evidence.json: قياسات تركيبية فقط (accounting RTO 0.52 ث، audit 0.09 ث، RPO 0),—,DAR-02 | DAR-09 | DAR-13 | DAR-14 | DAR-15 | DAR-18,فصل قرار الاستضافة (محلي/مُدار) عن التقسيم المنطقي، بمعايير RPO/RTO والتكلفة والقدرة التشغيلية | سياسة موحدة لحالات المستندات والإلغاء والعكس والإشعارات الدائنة وقفل الفترات على مستوى الترحيل | نموذج تقارير على مرحلتين: تجميعات SQL داخل الخدمة الآن، ثم read model للتقارير عند الحاجة؛ القوائم المالية من GL فقط | حوكمة الترحيل: expand/contract، منع تعديل migration مطبقة، بوابة checksum مقابل الإنتاج، مصفوفة توافق إصدار التطبيق مع الـschema، كشف drift | نسخ احتياطي وPITR واستعادة خارج المضيف بأهداف RPO/RTO معتمدة وتمارين استعادة دورية | تصنيف البيانات الحساسة والاحتفاظ والحذف: رواتب، PII، بيانات بنكية؛ سياسات احتفاظ لكل فئة,AC-OPS-021-1: Given وثيقة أهداف DR، When تُراجع، Then تحمل RPO وRTO رقميين لكل من (قاعدة واحدة، كامل النظام) واسم المالك وتاريخ وتوقيع الاعتماد. | AC-OPS-021-2: Given تدريب استعادة كامل، When يكتمل، Then RTO المقاس ≤ الهدف المعتمد وإلا يُفتح بند معالجة.,NOT_IMPLEMENTED,NOT_IMPLEMENTED,P1
REQ-OPS-022,تدريبات الاستعادة الحقيقية وسلامة أدلتها,,شاهد غير المنفذ (مقترح).,BR-OPS-14 | BR-OPS-15,—,—,[B][C] scripts/dr-backup-restore-drill.cjs؛ scripts/dr-restore-drill-vps.sh:93 (--network none)، :189 (RPO من عمر nile_iam.dump)، :195 RESULT؛ scripts/go-live-acceptance-gate.cjs:113-125 (≤92 يومًا)؛ CI: [B] .github/workflows/ci.yml:130-138 تدريب على قاعدة accounting تركيبية (5 صفوف),—,—,docs/dr-evidence.json: تدريبان 2026-09-23 تركيبيان محليان (accounting 33 جدولًا/647 صفًا RTO 0.52 ث؛ audit 4/40 RTO 0.09 ث؛ RPO 0)؛ لا دليل على قاعدة إنتاج؛ البوابة لا تتحقق أن البيئة غير تركيبية,سجل تدريبات append-only (تاريخ، بيئة، قواعد، صفوف، checksums، RTO، RPO، المنفذ، الشاهد).,DAR-05 | DAR-06 | DAR-12 | DAR-13 | DAR-14 | DAR-15,ربط الدفاتر الفرعية (AR/AP/الخزينة/المخزون/الرواتب/المصروفات/العمولات) بالقيود عبر source_type/source_id ومراجع عكسية، وتسويات رقابية | قيود سلامة داخل كل مجال: CHECK للكميات والمبالغ، enums/CHECK للحالات، UNIQUE لمفاتيح الأعمال (X1–X4) | سجل تدقيق: الأحداث المركزية كسجل أعمال، وسجل تعديلات داخل المعاملة مع before/after، منع التعديل بالصلاحيات، إخفاء البيانات الحساسة | نموذج تقارير على مرحلتين: تجميعات SQL داخل الخدمة الآن، ثم read model للتقارير عند الحاجة؛ القوائم المالية من GL فقط | حوكمة الترحيل: expand/contract، منع تعديل migration مطبقة، بوابة checksum مقابل الإنتاج، مصفوفة توافق إصدار التطبيق مع الـschema، كشف drift | نسخ احتياطي وPITR واستعادة خارج المضيف بأهداف RPO/RTO معتمدة وتمارين استعادة دورية,AC-OPS-022-1: Given آخر دليل DR، When تُشغل بوابة go-live، Then تفشل إن كان عمره > 92 يومًا أو بيئته synthetic. | AC-OPS-022-2: Given تدريب كامل على نسخة إنتاج، When يكتمل، Then تُسجل لكل قاعدة من التسع أعداد الصفوف والـchecksum وRTO وRPO وPASS.,PARTIAL,PARTIAL,P1
REQ-OPS-023,دليل الاستعادة والكوارث وصلاحية تنفيذه,,المنفذ ≠ المالك المعتمد للترقية.,BR-OPS-16 | BR-OPS-17,—,/api/audit/events/verify (قائم حسب الدليل؛ لم يُتحقق هنا),docs/runbooks/disaster-recovery.md و docs/OPERATIONS-RUNBOOK.md:45-50 (متطابقان B/C) — مبنيان على Neon PITR وأسماء قواعد Neon,—,—,—,—,DAR-06 | DAR-07 | DAR-08 | DAR-10 | DAR-12 | DAR-14 | DAR-15,قيود سلامة داخل كل مجال: CHECK للكميات والمبالغ، enums/CHECK للحالات، UNIQUE لمفاتيح الأعمال (X1–X4) | Outbox لكل حدث يغيّر الحالة + Inbox معاملاتي للمستهلكين + مفتاح idempotency لكل أمر كتابة | إطار تسويات رقابية عبر القواعد (الائتمان↔AR، المخزون↔GL، دفتر المورد↔AP، الخزينة↔GL، المبيعات↔الفواتير) | العملات والدقة والتقريب والترقيم: عملة على كل مستند مالي، دقة موحدة لأسعار الصرف، قاعدة تقريب واحدة Decimal، ترقيم تسلسلي لكل سلسلة داخل المعاملة | سجل تدقيق: الأحداث المركزية كسجل أعمال، وسجل تعديلات داخل المعاملة مع before/after، منع التعديل بالصلاحيات، إخفاء البيانات الحساسة | حوكمة الترحيل: expand/contract، منع تعديل migration مطبقة، بوابة checksum مقابل الإنتاج، مصفوفة توافق إصدار التطبيق مع الـschema، كشف drift | نسخ احتياطي وPITR واستعادة خارج المضيف بأهداف RPO/RTO معتمدة وتمارين استعادة دورية,AC-OPS-023-1: Given قاعدة مستعادة، When يُطلب ترقيتها، Then لا تتم قبل تسجيل المالك لنقطة ووقت الاستعادة ونجاح فحوص السلامة الخمسة. | AC-OPS-023-2: Given دليل DR، When يُراجع، Then يذكر أسماء المخولين بالاستعادة ويستهدف منصة القاعدة الفعلية.,PARTIAL,PARTIAL,P2
REQ-OPS-024,سياسة الرجوع: الكود للخلف والمخطط للأمام,,قرار تعافٍ منسق.,BR-OPS-22,—,—,[B] يدوي: previous IMAGE_TAG (SERVER-STEPS)؛ [C] scripts/rollback-production.sh (manifest سابق، صور فقط) لكن :20 up --remove-orphans؛ لا دليل migrate resolve في المستودع رغم تنفيذه فعليًا (DB-01),—,—,—,سجل الإصدارات (manifest لكل نشر) والاحتفاظ بالصور السابقة.,DAR-03 | DAR-04 | DAR-07 | DAR-13 | DAR-14 | DAR-15 | DAR-18,ملكية بيانات صريحة ونظام سجل (SoR) لكل كيان، وتحقق المراجع بين الخدمات عند الكتابة + إسقاطات مرجعية + مطابقة دورية | دفتر أستاذ عام موحد واحد داخل nile_accounting: جدولا قيود بشكل واحد، محرك ترحيل واحد، قواعد ترحيل (posting rules) وحسابات رقابية للدفاتر الفرعية | Outbox لكل حدث يغيّر الحالة + Inbox معاملاتي للمستهلكين + مفتاح idempotency لكل أمر كتابة | نموذج تقارير على مرحلتين: تجميعات SQL داخل الخدمة الآن، ثم read model للتقارير عند الحاجة؛ القوائم المالية من GL فقط | حوكمة الترحيل: expand/contract، منع تعديل migration مطبقة، بوابة checksum مقابل الإنتاج، مصفوفة توافق إصدار التطبيق مع الـschema، كشف drift | نسخ احتياطي وPITR واستعادة خارج المضيف بأهداف RPO/RTO معتمدة وتمارين استعادة دورية | تصنيف البيانات الحساسة والاحتفاظ والحذف: رواتب، PII، بيانات بنكية؛ سياسات احتفاظ لكل فئة,AC-OPS-024-1: Given نشر فاشل بعد ترحيل إضافي، When يُنفذ الرجوع، Then تعود الصور للإصدار السابق ولا يُنفذ أي DDL على القاعدة. | AC-OPS-024-2: Given فواتير بحالة جديدة غير معروفة للكود القديم، When يُطلب الرجوع، Then يُمنع أو يُوثق مسار إصلاح للأمام.,PARTIAL,PARTIAL,P2
REQ-OPS-025,تحديد منصة قاعدة الإنتاج والهدف بشكل قاطع قبل أي كتابة,,تأكيد صريح من المالك.,BR-OPS-18 | BR-OPS-07,—,—,[B][C] docker-compose.production.yml بلا خدمة postgres وتعليقات «Neon direct connection string»؛ لا docker-compose.postgres.yml في أي snapshot (ARC-03/DEPLOY-01)؛ [C] scripts/deploy-production.sh:72-80 (nc إلى «Neon TCP 5432») و:91-110 (Neon API) بينما الأدلة التشغيلية DATABASE_URL=…@nile-postgres:5432 (runtime.txt)؛ [B][C] scripts/deploy-customer-identities.sh:16-19 يتوقف إن لم يجد حاوية واحدة (تطبيق جزئي للقاعدة),—,—,[C] scripts/merge-launcher.test.js:109-110 يؤكد «production talks to Neon» (حسب الملاحظات),تعريف القاعدة (الصورة، الإصدار، الـvolume، الشبكة، أسماء القواعد التسع) في git؛ أسماء موحدة (nile_organization).,DAR-02 | DAR-09 | DAR-14 | DAR-15,فصل قرار الاستضافة (محلي/مُدار) عن التقسيم المنطقي، بمعايير RPO/RTO والتكلفة والقدرة التشغيلية | سياسة موحدة لحالات المستندات والإلغاء والعكس والإشعارات الدائنة وقفل الفترات على مستوى الترحيل | حوكمة الترحيل: expand/contract، منع تعديل migration مطبقة، بوابة checksum مقابل الإنتاج، مصفوفة توافق إصدار التطبيق مع الـschema، كشف drift | نسخ احتياطي وPITR واستعادة خارج المضيف بأهداف RPO/RTO معتمدة وتمارين استعادة دورية,AC-OPS-025-1: Given سكربت نشر/نسخ/استيراد، When يبدأ، Then يطبع ويتحقق من هوية الهدف (مضيف، اسم القاعدة، system identifier) ويتوقف إن لم تطابق القيمة المعتمدة. | AC-OPS-025-2: Given المستودع، When يُفحص، Then يوجد تعريف خدمة PostgreSQL الإنتاجية (أو توثيق Neon) متسق مع compose والدليل.,PARTIAL,CONTRADICTED,P1
REQ-OPS-026,طوبولوجيا الاستضافة: VPS واحد، مضيف عام واحد، منافذ الخلفية محلية,,—,BR-OPS-50,—,—,[B] docker-compose.production.yml:236 (${BACKEND_BIND_IP:-127.0.0.1}:…)؛ [B] apps/web/Dockerfile:59-66 (رفض localhost في routes-manifest)؛ [C] نفس البنية بصور digest,—,—,"[B][C] scripts/merge-launcher.test.js (spec exists, not run)؛ apps/web/vercel.json ما زال موجودًا (هل Vercel حي؟ Unknown)",—,DAR-02 | DAR-07 | DAR-13,فصل قرار الاستضافة (محلي/مُدار) عن التقسيم المنطقي، بمعايير RPO/RTO والتكلفة والقدرة التشغيلية | Outbox لكل حدث يغيّر الحالة + Inbox معاملاتي للمستهلكين + مفتاح idempotency لكل أمر كتابة | نموذج تقارير على مرحلتين: تجميعات SQL داخل الخدمة الآن، ثم read model للتقارير عند الحاجة؛ القوائم المالية من GL فقط,AC-OPS-026-1: Given المضيف، When يُفحص المنافذ المنشورة، Then منافذ 3001-3009 مربوطة على 127.0.0.1 فقط. | AC-OPS-026-2: Given بناء web بـ*_URL تشير لـlocalhost، When يُبنى، Then يفشل.,IMPLEMENTED,IMPLEMENTED,P3
REQ-OPS-027,التعايش مع بروكسي HLOS المشترك وأوامر Compose الممنوعة,,تنسيق الفريقين.,BR-OPS-19 | BR-OPS-20,—,—,[B][C] scripts/merge-launcher.test.js:180-272 (منع hlos، network_mode host، 80/443 في ملف compose)؛ [C] scripts/deploy-production.sh:140 و scripts/rollback-production.sh:20 «up -d --no-build --remove-orphans» (يخالف القاعدة؛ قد يحذف nile-postgres إن حمل label المشروع — OPS-02)؛ [C] production-deploy.yml يفحص /login فقط لا HLOS,—,—,"merge-launcher.test.js (spec exists, not run)",—,DAR-07 | DAR-13,Outbox لكل حدث يغيّر الحالة + Inbox معاملاتي للمستهلكين + مفتاح idempotency لكل أمر كتابة | نموذج تقارير على مرحلتين: تجميعات SQL داخل الخدمة الآن، ثم read model للتقارير عند الحاجة؛ القوائم المالية من GL فقط,AC-OPS-027-1: Given سكربت نشر/رجوع، When يُفحص، Then لا يحتوي --remove-orphans أو down أو -p. | AC-OPS-027-2: Given أي تغيير بروكسي، When يكتمل، Then ينجح curl للنطاقين (exit 0).,IMPLEMENTED,CONTRADICTED,P1
REQ-OPS-028,إعداد بيئة الإنتاج والأسرار,,—,BR-OPS-21,—,—,[B][C] scripts/check-production-env.sh:75-79 (≥43)، :122-123 (WARN sslmode — يفترض Neon)، :147-153 (البذرة FAIL)، :159-160 (صلاحية ≠600 → WARN فقط، يخالف الوثيقة)؛ make-production-env.sh,—,—,—,—,DAR-05 | DAR-06 | DAR-07 | DAR-12 | DAR-14,ربط الدفاتر الفرعية (AR/AP/الخزينة/المخزون/الرواتب/المصروفات/العمولات) بالقيود عبر source_type/source_id ومراجع عكسية، وتسويات رقابية | قيود سلامة داخل كل مجال: CHECK للكميات والمبالغ، enums/CHECK للحالات، UNIQUE لمفاتيح الأعمال (X1–X4) | Outbox لكل حدث يغيّر الحالة + Inbox معاملاتي للمستهلكين + مفتاح idempotency لكل أمر كتابة | سجل تدقيق: الأحداث المركزية كسجل أعمال، وسجل تعديلات داخل المعاملة مع before/after، منع التعديل بالصلاحيات، إخفاء البيانات الحساسة | حوكمة الترحيل: expand/contract، منع تعديل migration مطبقة، بوابة checksum مقابل الإنتاج، مصفوفة توافق إصدار التطبيق مع الـschema، كشف drift,AC-OPS-028-1: Given .env بصلاحية 644، When يُشغل check-production-env.sh، Then يفشل (لا مجرد تحذير). | AC-OPS-028-2: Given سر بطول 42، When يُفحص، Then FAIL ولا تُطبع قيمته.,PARTIAL,PARTIAL,P2
REQ-OPS-029,بوابة الإصدار واعتماد النشر (CI أخضر، موافقة بشرية، لا دفع مباشر لـmain),,المطور ≠ المعتمد للنشر.,BR-OPS-23 | BR-OPS-24,—,—,"[B] .github/workflows/ci.yml بلا مرحلة نشر (نشر يدوي، لا ربط تقني بين CI والنشر)؛ [C] .github/workflows/production-deploy.yml:10,26 (workflow_run عند نجاح CI على main) و:28 environment (مراجعون غير مرئيين — OPS-07)، :113 «…; rm -f» يخفي فشل النشر (OPS-05)؛ CI في C لا يكتمل (production-topology.test.cjs:26 SyntaxError — OPS-03)",—,—,ci.yml (لم يُشغل)؛ لا سجل تشغيل CI متاح,سجل نشر: commit، نتيجة CI، المعتمد، الوقت، النتيجة.,DAR-04 | DAR-05 | DAR-06 | DAR-07 | DAR-12 | DAR-14 | DAR-15,دفتر أستاذ عام موحد واحد داخل nile_accounting: جدولا قيود بشكل واحد، محرك ترحيل واحد، قواعد ترحيل (posting rules) وحسابات رقابية للدفاتر الفرعية | ربط الدفاتر الفرعية (AR/AP/الخزينة/المخزون/الرواتب/المصروفات/العمولات) بالقيود عبر source_type/source_id ومراجع عكسية، وتسويات رقابية | قيود سلامة داخل كل مجال: CHECK للكميات والمبالغ، enums/CHECK للحالات، UNIQUE لمفاتيح الأعمال (X1–X4) | Outbox لكل حدث يغيّر الحالة + Inbox معاملاتي للمستهلكين + مفتاح idempotency لكل أمر كتابة | سجل تدقيق: الأحداث المركزية كسجل أعمال، وسجل تعديلات داخل المعاملة مع before/after، منع التعديل بالصلاحيات، إخفاء البيانات الحساسة | حوكمة الترحيل: expand/contract، منع تعديل migration مطبقة، بوابة checksum مقابل الإنتاج، مصفوفة توافق إصدار التطبيق مع الـschema، كشف drift | نسخ احتياطي وPITR واستعادة خارج المضيف بأهداف RPO/RTO معتمدة وتمارين استعادة دورية,AC-OPS-029-1: Given commit على main بـCI فاشل، When يُطلب النشر، Then لا يبدأ. | AC-OPS-029-2: Given نجاح CI، When يبدأ workflow النشر، Then يتوقف بانتظار موافقة مراجع مسمى ويُسجل اسمه في سجل النشر. | AC-OPS-029-3: Given فشل النشر البعيد، When ينتهي workflow، Then يظهر فاشلًا.,PARTIAL,PARTIAL,P1
REQ-OPS-030,بناء غير قابل للتغيير في CI ونشر بالـdigest مع سجل إصدارات,,—,BR-OPS-51,—,—,"[B] بناء على المضيف بوسم قابل للتغيير nile-pharma-erp/<svc>:${IMAGE_TAG:-prod}؛ [C] docker-compose.production.yml بصور ${<SVC>_IMAGE:?} وscripts/deploy-production.sh:8-9,84-110,138-142 وimmutable-docker-release.yml؛ لكن pipeline لا يكتمل (OPS-03) والـsmoke بلا env (OPS-06)",—,—,—؛ الحاويات الحالية بوسم release-89c2c31 محلي وملف env /tmp/nile-recovery-release.env (DEPLOY-06),manifest لكل إصدار (sha، digests، وقت، منفذ، نتيجة) محفوظ append-only.,DAR-02 | DAR-04 | DAR-12 | DAR-14 | DAR-15,فصل قرار الاستضافة (محلي/مُدار) عن التقسيم المنطقي، بمعايير RPO/RTO والتكلفة والقدرة التشغيلية | دفتر أستاذ عام موحد واحد داخل nile_accounting: جدولا قيود بشكل واحد، محرك ترحيل واحد، قواعد ترحيل (posting rules) وحسابات رقابية للدفاتر الفرعية | سجل تدقيق: الأحداث المركزية كسجل أعمال، وسجل تعديلات داخل المعاملة مع before/after، منع التعديل بالصلاحيات، إخفاء البيانات الحساسة | حوكمة الترحيل: expand/contract، منع تعديل migration مطبقة، بوابة checksum مقابل الإنتاج، مصفوفة توافق إصدار التطبيق مع الـschema، كشف drift | نسخ احتياطي وPITR واستعادة خارج المضيف بأهداف RPO/RTO معتمدة وتمارين استعادة دورية,AC-OPS-030-1: Given نشر ناجح، When يُفحص المضيف، Then active-release.json يحوي digest كل صورة ويطابق الحاويات العاملة. | AC-OPS-030-2: Given المضيف، When يُفحص سجل الأوامر، Then لا docker build في مسار النشر.,NOT_IMPLEMENTED,PARTIAL,P1
REQ-OPS-031,نشر وسيط الأحداث: تثبيت الصورة، وحدة تخزين دائمة، لا downgrade,,—,BR-OPS-43,—,—,"[B] docker-compose.production.yml:133 (افتراضي v26.1.14)، :160,438 volume redpanda_data؛ [C] REDPANDA_IMAGE مطلوب (cur:136)؛ apps/redpanda/Dockerfile FROM latest غير مستخدم",—,—,—؛ الحاوية الحية كانت من latest حتى 2026-09-25 (SERVER-STEPS §5) — الحالة الحالية Unknown,—,DAR-02 | DAR-07 | DAR-14 | DAR-15,فصل قرار الاستضافة (محلي/مُدار) عن التقسيم المنطقي، بمعايير RPO/RTO والتكلفة والقدرة التشغيلية | Outbox لكل حدث يغيّر الحالة + Inbox معاملاتي للمستهلكين + مفتاح idempotency لكل أمر كتابة | حوكمة الترحيل: expand/contract، منع تعديل migration مطبقة، بوابة checksum مقابل الإنتاج، مصفوفة توافق إصدار التطبيق مع الـschema، كشف drift | نسخ احتياطي وPITR واستعادة خارج المضيف بأهداف RPO/RTO معتمدة وتمارين استعادة دورية,AC-OPS-031-1: Given استبدال حاوية redpanda، When تعود، Then الرسائل/المواضيع السابقة موجودة. | AC-OPS-031-2: Given ملف .env الإنتاج، When يُفحص REDPANDA_IMAGE، Then يحوي @sha256 ولا يساوي latest.,IMPLEMENTED,IMPLEMENTED,P2
REQ-OPS-032,تحقق ما بعد النشر (صحة، دخول، سيناريوهات أعمال، HLOS),,موافقة مالية لأي معاملة اختبار على الإنتاج.,BR-OPS-44 | BR-OPS-20,—,—,[B] يدوي (runbooks)؛ [C] scripts/production-http-smoke.sh:17 (compose بلا env → فشل interpolation محتمل OPS-06)، يفحص /login و127.0.0.1:3001-3009/health فقط,—,—,—,—,DAR-04 | DAR-05 | DAR-07 | DAR-08 | DAR-13 | DAR-14,دفتر أستاذ عام موحد واحد داخل nile_accounting: جدولا قيود بشكل واحد، محرك ترحيل واحد، قواعد ترحيل (posting rules) وحسابات رقابية للدفاتر الفرعية | ربط الدفاتر الفرعية (AR/AP/الخزينة/المخزون/الرواتب/المصروفات/العمولات) بالقيود عبر source_type/source_id ومراجع عكسية، وتسويات رقابية | Outbox لكل حدث يغيّر الحالة + Inbox معاملاتي للمستهلكين + مفتاح idempotency لكل أمر كتابة | إطار تسويات رقابية عبر القواعد (الائتمان↔AR، المخزون↔GL، دفتر المورد↔AP، الخزينة↔GL، المبيعات↔الفواتير) | نموذج تقارير على مرحلتين: تجميعات SQL داخل الخدمة الآن، ثم read model للتقارير عند الحاجة؛ القوائم المالية من GL فقط | حوكمة الترحيل: expand/contract، منع تعديل migration مطبقة، بوابة checksum مقابل الإنتاج، مصفوفة توافق إصدار التطبيق مع الـschema، كشف drift,AC-OPS-032-1: Given نشر مكتمل، When يُشغل التحقق، Then 9/9 health = 200 و/login العلني 200 وHLOS ready 200. | AC-OPS-032-2: Given الحاجة لمعاملة اختبار على الإنتاج، When تُنشأ، Then توجد موافقة مالية مسجلة مسبقًا.,PARTIAL,PARTIAL,P2
REQ-OPS-033,اكتشاف حالة الإنتاج للقراءة فقط وجمع الأدلة قبل أي تغيير,,المنفذ موثوق ومسمى.,BR-OPS-52,—,—,إجراءات موثقة في docs/PRODUCTION-UPDATE-2026-09-20-ar.md §0 و docs/audit/2026-09-18-branches-deploy-review-ar.md؛ لا سكربت اكتشاف,—,—,—,—,DAR-05 | DAR-06 | DAR-08 | DAR-13 | DAR-14 | DAR-15 | DAR-17,ربط الدفاتر الفرعية (AR/AP/الخزينة/المخزون/الرواتب/المصروفات/العمولات) بالقيود عبر source_type/source_id ومراجع عكسية، وتسويات رقابية | قيود سلامة داخل كل مجال: CHECK للكميات والمبالغ، enums/CHECK للحالات، UNIQUE لمفاتيح الأعمال (X1–X4) | إطار تسويات رقابية عبر القواعد (الائتمان↔AR، المخزون↔GL، دفتر المورد↔AP، الخزينة↔GL، المبيعات↔الفواتير) | نموذج تقارير على مرحلتين: تجميعات SQL داخل الخدمة الآن، ثم read model للتقارير عند الحاجة؛ القوائم المالية من GL فقط | حوكمة الترحيل: expand/contract، منع تعديل migration مطبقة، بوابة checksum مقابل الإنتاج، مصفوفة توافق إصدار التطبيق مع الـschema، كشف drift | نسخ احتياطي وPITR واستعادة خارج المضيف بأهداف RPO/RTO معتمدة وتمارين استعادة دورية | فهارس مبنية على أنماط الاستعلام (X6–X15) مشروطة بقياسات EXPLAIN/pg_stat_statements,AC-OPS-033-1: Given طلب نشر أو ترحيل، When يُراجع، Then مرفق به مخرجات _prisma_migrations لكل قاعدة بتاريخ ≤ 24 ساعة دون أسرار.,NOT_VERIFIED (إجراء تشغيلي على السيرفر؛ لا أداة في المستودع ولا أدلة تشغيل),NOT_VERIFIED (إجراء تشغيلي على السيرفر؛ لا أداة في المستودع ولا أدلة تشغيل),P1
REQ-OPS-034,تثبيت المهام المجدولة على الخادم (تفريغ طابور الإشعارات) ومراقبتها,,—,,—,[B][C] POST /api/iam/notifications/dispatch (notifications.controller.ts:84، صلاحية notifications.send),لا تعريف جدولة في المستودع,—,—,—,—,DAR-06 | DAR-08,قيود سلامة داخل كل مجال: CHECK للكميات والمبالغ، enums/CHECK للحالات، UNIQUE لمفاتيح الأعمال (X1–X4) | إطار تسويات رقابية عبر القواعد (الائتمان↔AR، المخزون↔GL، دفتر المورد↔AP، الخزينة↔GL، المبيعات↔الفواتير),AC-OPS-034-1: Given الخادم، When يُفحص crontab/systemd timers، Then يوجد نداء dispatch كل دقيقة بهوية خدمة لا مستخدم بشري. | AC-OPS-034-2: Given توقف النداء 10 دقائق، When تُفحص queue-stats، Then يُطلق تنبيه.,PARTIAL,PARTIAL,P3
REQ-OPS-035,دقة توثيق النشر والطوبولوجيا,,—,,—,—,PRODUCTION-HOSTINGER.md وREADME وlocal-development.md متعارضة (Neon/لا Postgres/بناء على المضيف),—,—,—,—,DAR-03 | DAR-09 | DAR-12 | DAR-13 | DAR-14,ملكية بيانات صريحة ونظام سجل (SoR) لكل كيان، وتحقق المراجع بين الخدمات عند الكتابة + إسقاطات مرجعية + مطابقة دورية | سياسة موحدة لحالات المستندات والإلغاء والعكس والإشعارات الدائنة وقفل الفترات على مستوى الترحيل | سجل تدقيق: الأحداث المركزية كسجل أعمال، وسجل تعديلات داخل المعاملة مع before/after، منع التعديل بالصلاحيات، إخفاء البيانات الحساسة | نموذج تقارير على مرحلتين: تجميعات SQL داخل الخدمة الآن، ثم read model للتقارير عند الحاجة؛ القوائم المالية من GL فقط | حوكمة الترحيل: expand/contract، منع تعديل migration مطبقة، بوابة checksum مقابل الإنتاج، مصفوفة توافق إصدار التطبيق مع الـschema، كشف drift,AC-OPS-035-1: Given كل وثيقة نشر، When تُقارن بملف compose الإنتاجي، Then لا تذكر منصة أو قاعدة أو أمر يخالفه.,PARTIAL,PARTIAL,P3
REQ-OPS-036,لا تعديل يدوي مباشر لصفوف قاعدة الإنتاج في التشغيل,,—,BR-OPS-42,—,نقاط إلغاء/إعادة محاولة موجودة (لم تُفحص هنا),لا فصل أدوار قاعدة بيانات في compose (DATABASE_URL واحد لكل خدمة بصلاحيات كاملة)؛ حدث فعلًا تعديل يدوي لـ_prisma_migrations (DB-01),—,—,—,دور قاعدة بيانات للقراءة فقط للدعم؛ دور التطبيق منفصل عن دور الترحيل.,DAR-04 | DAR-09 | DAR-16,دفتر أستاذ عام موحد واحد داخل nile_accounting: جدولا قيود بشكل واحد، محرك ترحيل واحد، قواعد ترحيل (posting rules) وحسابات رقابية للدفاتر الفرعية | سياسة موحدة لحالات المستندات والإلغاء والعكس والإشعارات الدائنة وقفل الفترات على مستوى الترحيل | أدوار قاعدة البيانات: مالك/مرحّل منفصل، دور تطبيق DML فقط، دور قراءة للتقارير، منع الوصول بين القواعد، حماية جداول التدقيق,AC-OPS-036-1: Given مستخدم قاعدة الإنتاج المستخدم للدعم، When يُفحص، Then لا يملك UPDATE/DELETE على جداول الطلبات والحجوزات والأستاذ.,NOT_IMPLEMENTED,NOT_IMPLEMENTED,P2
REQ-OPS-037,تشغيل حاويات الإنتاج بمستخدم غير root,OPS_DEPLOY,لا ينطبق,,,,"لا توجد تعليمة USER في أي apps/*/Dockerfile (22 ملفًا في B وC)؛ apps/sales/Dockerfile:18,25 [C] (node:20-slim runner بلا USER)؛ docs/PRODUCTION-HOSTINGER.md:670-673 [C] يقر بالتأجيل",,,لا يوجد,—,DAR-14,حوكمة الترحيل: expand/contract، منع تعديل migration مطبقة، بوابة checksum مقابل الإنتاج، مصفوفة توافق إصدار التطبيق مع الـschema، كشف drift,AC-OPS-037-1: بافتراض أي صورة إنتاج مبنية في CI، عندما يُفحص Config.User، فإنه ليس فارغًا ولا root ولا 0. | AC-OPS-037-2: بافتراض نشر على staging بالصور الجديدة، عندما تُشغَّل فحوص الصحة وسيناريو رفع إثبات تسليم، فإن الكل ينجح دون أخطاء صلاحيات ملفات.,NOT_IMPLEMENTED,NOT_IMPLEMENTED,P2
